Measured Depth m,Average Rotary Speed rpm,Corrected Total Hookload kkgf,MWD Turbine RPM rpm,Corrected Hookload kkgf,Mud Density Out g/cm3,Average Hookload kkgf,Total Hookload kkgf,ROPIH s/m,Lag Depth (TVD) m,Total Vertical Depth m,Mud Density In g/cm3,Mud Density In g/cm3.1,Averaged WOB kkgf,Hole Depth (TVD) m
273.101,,,,,,,,,,,,,,
273.253,,,,,,,,,,,,,,
273.406,,,,,,,,,,,,,,
273.558,,,,,,,,,,,,,,
273.71,,,,,,,,,,,,,,
273.863,,,,,,,,,,,,,,
274.015,,,,,,,,,,,,,,
274.168,,,,,,,,,,,,,,
274.32,,,,,,,,,,,,,,
274.472,,,,,,,,,,,,,,
274.625,,,,,,,,,,,,,,
274.777,,,,,,,,,,,,,,
274.93,,,,,,,,,,,,,,
275.082,,,,,,,,,,,,,,
275.23400000000004,,,,,,,,,,,,,,
275.387,,,,,,,,,,,,,,
275.539,,,,,,,,,,,,,,
275.692,,,,,,,,,,,,,,
275.844,,,,,,,,,,,,,,
275.996,,,,,,,,,,,,,,
276.149,,,,,,,,,,,,,,
276.301,,,,,,,,,,,,,,
276.454,,,,,,,,,,,,,,
276.606,,,,,,,,,,,,,,
276.758,,,,,,,,,,,,,,
276.911,,,,,,,,,,,,,,
277.063,,,,,,,,,,,,,,
277.216,,,,,,,,,,,,,,
277.368,,,,,,,,,,,,,,
277.52,,,,,,,,,,,,,,
277.673,,,,,,,,,,,,,,
277.825,,,,,,,,,,,,,,
277.978,,,,,,,,,,,,,,
278.13,,,,,,,,,,,,,,
278.282,,,,,,,,,,,,,,
278.435,,,,,,,,,,,,,,
278.587,,,,,,,,,,,,,,
278.74,,,,,,,,,,,,,,
278.892,,,,,,,,,,,,,,
279.04400000000004,,,,,,,,,,,,,,
279.197,,,,,,,,,,,,,,
279.349,,,,,,,,,,,,,,
279.502,,,,,,,,,,,,,,
279.654,,,,,,,,,,,,,,
279.806,,,,,,,,,,,,,,
279.959,,,,,,,,,,,,,,
280.111,,,,,,,,,,,,,,
280.264,,,,,,,,,,,,,,
280.416,,,,,,,,,,,,,,
280.568,,,,,,,,,,,,,,
280.721,,,,,,,,,,,,,,
280.873,,,,,,,,,,,,,,
281.026,,,,,,,,,,,,,,
281.178,,,,,,,,,,,,,,
281.33,,,,,,,,,,,,,,
281.483,,,,,,,,,,,,,,
281.635,,,,,,,,,,,,,,
281.788,,,,,,,,,,,,,,
281.94,,,,,,,,,,,,,,
282.092,,,,,,,,,,,,,,
282.245,,,,,,,,,,,,,,
282.397,,,,,,,,,,,,,,
282.55,,,,,,,,,,,,,,
282.702,,,,,,,,,,,,,,
282.85400000000004,,,,,,,,,,,,,,
283.007,,,,,,,,,,,,,,
283.159,,,,,,,,,,,,,,
283.312,,,,,,,,,,,,,,
283.464,,,,,,,,,,,,,,
283.616,,,,,,,,,,,,,,
283.769,,,,,,,,,,,,,,
283.921,,,,,,,,,,,,,,
284.074,,,,,,,,,,,,,,
284.226,,,,,,,,,,,,,,
284.378,,,,,,,,,,,,,,
284.531,,,,,,,,,,,,,,
284.683,,,,,,,,,,,,,,
284.836,,,,,,,,,,,,,,
284.988,,,,,,,,,,,,,,
285.14,,,,,,,,,,,,,,
285.293,,,,,,,,,,,,,,
285.445,,,,,,,,,,,,,,
285.598,,,,,,,,,,,,,,
285.75,,,,,,,,,,,,,,
285.902,,,,,,,,,,,,,,
286.055,,,,,,,,,,,,,,
286.207,,,,,,,,,,,,,,
286.36,,,,,,,,,,,,,,
286.512,,,,,,,,,,,,,,
286.664,,,,,,,,,,,,,,
286.817,,,,,,,,,,,,,,
286.969,,,,,,,,,,,,,,
287.122,,,,,,,,,,,,,,
287.274,,,,,,,,,,,,,,
287.426,,,,,,,,,,,,,,
287.579,,,,,,,,,,,,,,
287.731,,,,,,,,,,,,,,
287.884,,,,,,,,,,,,,,
288.036,,,,,,,,,,,,,,
288.188,,,,,,,,,,,,,,
288.341,,,,,,,,,,,,,,
288.493,,,,,,,,,,,,,,
288.646,,,,,,,,,,,,,,
288.798,,,,,,,,,,,,,,
288.95,,,,,,,,,,,,,,
289.103,,,,,,,,,,,,,,
289.255,,,,,,,,,,,,,,
289.408,,,,,,,,,,,,,,
289.56,,,,,,,,,,,,,,
289.712,,,,,,,,,,,,,,
289.865,,,,,,,,,,,,,,
290.017,,,,,,,,,,,,,,
290.17,,,,,,,,,,,,,,
290.322,,,,,,,,,,,,,,
290.474,,,,,,,,,,,,,,
290.627,,,,,,,,,,,,,,
290.779,,,,,,,,,,,,,,
290.932,,,,,,,,,,,,,,
291.084,,,,,,,,,,,,,,
291.236,,,,,,,,,,,,,,
291.389,,,,,,,,,,,,,,
291.541,,,,,,,,,,,,,,
291.694,,,,,,,,,,,,,,
291.846,,,,,,,,,,,,,,
291.998,,,,,,,,,,,,,,
292.151,,,,,,,,,,,,,,
292.303,,,,,,,,,,,,,,
292.456,,,,,,,,,,,,,,
292.608,,,,,,,,,,,,,,
292.76,,,,,,,,,,,,,,
292.913,,,,,,,,,,,,,,
293.065,,,,,,,,,,,,,,
293.218,,,,,,,,,,,,,,
293.37,,,,,,,,,,,,,,
293.522,,,,,,,,,,,,,,
293.675,,,,,,,,,,,,,,
293.827,,,,,,,,,,,,,,
293.98,,,,,,,,,,,,,,
294.132,,,,,,,,,,,,,,
294.284,,,,,,,,,,,,,,
294.437,,,,,,,,,,,,,,
294.589,,,,,,,,,,,,,,
294.742,,,,,,,,,,,,,,
294.894,,,,,,,,,,,,,,
295.046,,,,,,,,,,,,,,
295.199,,,,,,,,,,,,,,
295.351,,,,,,,,,,,,,,
295.504,,,,,,,,,,,,,,
295.656,,,,,,,,,,,,,,
295.808,,,,,,,,,,,,,,
295.961,,,,,,,,,,,,,,
296.113,,,,,,,,,,,,,,
296.266,,,,,,,,,,,,,,
296.418,,,,,,,,,,,,,,
296.57,,,,,,,,,,,,,,
296.723,,,,,,,,,,,,,,
296.875,,,,,,,,,,,,,,
297.028,,,,,,,,,,,,,,
297.18,,,,,,,,,,,,,,
297.332,,,,,,,,,,,,,,
297.485,,,,,,,,,,,,,,
297.637,,,,,,,,,,,,,,
297.79,,,,,,,,,,,,,,
297.942,,,,,,,,,,,,,,
298.094,,,,,,,,,,,,,,
298.247,,,,,,,,,,,,,,
298.399,,,,,,,,,,,,,,
298.552,,,,,,,,,,,,,,
298.704,,,,,,,,,,,,,,
298.856,,,,,,,,,,,,,,
299.009,,,,,,,,,,,,,,
299.161,,,,,,,,,,,,,,
299.314,,,,,,,,,,,,,,
299.466,,,,,,,,,,,,,,
299.618,,,,,,,,,,,,,,
299.771,,,,,,,,,,,,,,
299.923,,,,,,,,,,,,,,
300.076,0.0,79.1790841072,,91.3217518521,,91.3217518521,37.149215103,,,,,1.19826420479462,,300.0756
300.228,0.0,79.2380511153,,91.0450605064,,91.0450605064,37.149215103,,,,,1.19826420479462,,300.228
300.38,0.0,79.2380511153,,91.0450605064,,91.0450605064,37.149215103,,,,,1.19826420479462,,300.3804
300.533,0.0,79.2743385049,,91.2083537596,,91.2083537596,37.149215103,,,,,1.19826420479462,,300.5328
300.685,0.0,79.31062589449999,,91.2763926151,,91.2763926151,37.149215103,,,,,1.19826420479462,,300.6852
300.838,0.0,79.3469132841,,91.1766022937,,91.1766022937,37.149215103,,,,,1.19826420479462,,300.8376
300.99,0.0,79.3469132841,,91.1766022937,,91.1766022937,37.149215103,,,,,1.19826420479462,,300.99
301.142,0.0,79.3832006737,,91.2128896833,,91.2128896833,37.149215103,,,,,1.19826420479462,,301.1424
301.295,0.0,79.4194880633,,91.4306140209,,91.4306140209,37.149215103,,,,,1.19826420479462,,301.2948
301.447,0.0,79.4557754529,,91.6982335192,,91.6982335192,37.149215103,,,,,1.19826420479462,,301.4472
301.6,0.0,79.4920628425,,91.3943266313,,91.3943266313,37.149215103,,,,,1.19826420479462,,301.5996
301.752,0.0,79.4920628425,,91.3943266313,,91.3943266313,37.149215103,,,,,1.19826420479462,,301.752
301.904,0.0,79.5283502321,,91.1357789804,,91.1357789804,37.149215103,,,,,1.19826420479462,,301.9044
302.057,0.0,79.5646376217,,91.2673207677,,91.2673207677,37.149215103,,,,,1.19826420479462,,302.0568
302.209,0.0,79.6009250113,,91.4170062498,,91.4170062498,37.149215103,,,,,1.19826420479462,,302.2092
302.362,0.0,79.6009250113,,91.4170062498,,91.4170062498,37.149215103,,,,,1.19826420479462,,302.3616
302.514,0.0,79.6372124009,,91.3580392417,,91.3580392417,37.149215103,,,,,1.19826420479462,,302.514
302.666,0.0,79.6734997905,,91.1675304463,,91.1675304463,37.149215103,,,,,1.19826420479462,,302.6664
302.819,0.0,79.70978718010001,,91.3489673943,,91.3489673943,37.149215103,,,,,1.19826420479462,,302.8188
302.971,0.0,79.7460745697,,91.2355693018,,91.2355693018,37.149215103,,,,,1.19826420479462,,302.9712
303.124,0.0,79.7460745697,,91.2355693018,,91.2355693018,37.149215103,,,,,1.19826420479462,,303.1236
303.276,0.0,79.7778260356,,91.1130993619,,91.1130993619,37.149215103,,,,,1.19826420479462,,303.276
303.428,0.0,79.8141134252,,91.1675304463,,91.1675304463,37.149215103,,,,,1.19826420479462,,303.4284
303.581,0.0,79.8504008148,,91.1947459885,,91.1947459885,37.149215103,,,,,1.19826420479462,,303.5808
303.733,0.0,79.8821522807,,91.3625751654,,91.3625751654,37.149215103,,,,,1.19826420479462,,303.7332
303.886,0.0,79.9184396703,,91.1448508278,,91.1448508278,37.149215103,,,,,1.19826420479462,,303.8856
304.038,0.0,79.9184396703,,91.1448508278,,91.1448508278,37.149215103,,,,,1.19826420479462,,304.038
304.19,0.0,79.9547270599,,91.3716470128,,91.3716470128,37.149215103,,,,,1.19826420479462,,304.1904
304.343,0.0,79.9864785258,,91.4260780972,,91.4260780972,37.149215103,,,,,1.19826420479462,,304.3428
304.495,0.0,80.0227659154,,91.126707133,,91.126707133,37.149215103,,,,,1.19826420479462,,304.4952
304.648,0.0,80.059053305,,90.7320817711,,90.7320817711,37.149215103,,,,,1.19826420479462,,304.6476
304.8,0.0,80.059053305,,90.7320817711,,90.7320817711,37.149215103,,,,,1.19826420479462,,304.8
304.952,0.0,80.09080477090001,,90.7683691607,,90.7683691607,37.149215103,,,,,1.19826420479462,,304.9524
305.105,0.0,80.1270921605,,91.1221712093,,91.1221712093,37.149215103,,,,,1.19826420479462,,305.1048
305.257,0.0,80.1633795501,,91.5485480371,,91.5485480371,37.149215103,,,,,1.19826420479462,,305.2572
305.41,0.0,80.19966693970001,,91.7345209088,,91.7345209088,37.149215103,,,,,1.19826420479462,,305.4096
305.562,0.0,80.23141840560001,,91.4669014105,,91.4669014105,37.149215103,,,,,1.19826420479462,,305.562
305.714,0.0,80.23141840560001,,91.4669014105,,91.4669014105,37.149215103,,,,,1.19826420479462,,305.7144
305.867,0.0,80.2677057952,,91.6891616718,,91.6891616718,37.149215103,,,,,1.19826420479462,,305.8668
306.019,0.0,80.30399318479999,,91.5304043423,,91.5304043423,37.149215103,,,,,1.19826420479462,,306.0192
306.172,0.0,80.3357446507,,91.1992819122,,91.1992819122,37.149215103,,,,,1.19826420479462,,306.1716
306.324,0.0,80.3720320403,,91.5031888001,,91.5031888001,37.149215103,,,,,1.19826420479462,,306.324
306.476,0.0,80.3720320403,,91.5031888001,,91.5031888001,37.149215103,,,,,1.19826420479462,,306.4764
306.629,0.0,80.4083194299,,91.4306140209,,91.4306140209,37.149215103,,,,,1.19826420479462,,306.6288
306.781,0.0,80.4400708958,,90.8908391006,,90.8908391006,37.149215103,,,,,1.19826420479462,,306.7812
306.934,0.0,80.4763582854,,91.2537129966,,91.2537129966,37.149215103,,,,,1.19826420479462,,306.9336
307.086,0.0,80.512645675,,91.5485480371,,91.5485480371,37.149215103,,,,,1.19826420479462,,307.086
307.238,0.0,80.512645675,,91.5485480371,,91.5485480371,37.149215103,,,,,1.19826420479462,,307.2384
307.391,0.0,80.5443971409,,91.7345209088,,91.7345209088,37.149215103,,,,,1.19826420479462,,307.3908
307.543,0.0,80.58068453050001,,92.0701792626,,92.0701792626,37.149215103,,,,,1.19826420479462,,307.5432
307.696,0.0,80.6169719201,,92.6462415725,,92.6462415725,37.149215103,,,,,1.19826420479462,,307.6956
307.848,0.0,80.6532593097,,93.0045795448,,93.0045795448,37.149215103,,,,,1.19826420479462,,307.848
308.0,0.0,80.6850107756,,92.7097445043,,92.7097445043,37.149215103,,,,,1.19826420479462,,308.0004
308.153,0.0,80.6850107756,,92.7097445043,,92.7097445043,37.149215103,,,,,1.19826420479462,,308.1528
308.305,0.0,80.72129816520001,,92.5419153274,,92.5419153274,37.149215103,,,,,1.19826420479462,,308.3052
308.458,0.0,80.7575855548,,92.4285172349,,92.4285172349,37.149215103,,,,,1.19826420479462,,308.4576
308.61,0.0,80.7893370207,,92.4285172349,,92.4285172349,37.149215103,,,,,1.19826420479462,,308.61
308.762,0.0,80.8256244103,,92.0928588811,,92.0928588811,37.149215103,,,,,1.19826420479462,,308.7624
308.915,0.0,80.8256244103,,92.0928588811,,92.0928588811,37.149215103,,,,,1.19826420479462,,308.9148
309.067,0.0,80.8619117999,,91.7980238406,,91.7980238406,37.149215103,,,,,1.19826420479462,,309.0672
309.22,0.0,80.8936632658,,91.6619461296,,91.6619461296,37.149215103,,,,,1.19826420479462,,309.2196
309.372,0.0,80.920878808,,91.7572005273,,91.7572005273,37.149215103,,,,,1.19826420479462,,309.372
309.524,0.0,80.94355842649999,,91.3943266313,,91.3943266313,37.149215103,,,,,1.19826420479462,,309.5244
309.677,0.0,80.97530989239999,,89.5255260669,,89.5255260669,37.149215103,,,,,1.19826420479462,,309.6768
309.829,0.0,81.00706135829999,,91.9794607886,,91.9794607886,37.149215103,,,,,1.19826420479462,,309.8292
309.982,0.0,81.0297409768,,92.1608977366,,92.1608977366,37.149215103,,,,,1.19826420479462,,309.9816
310.134,0.0,81.0614924427,,91.9250297042,,91.9250297042,37.149215103,,,,,1.19826420479462,,310.134
310.286,0.0,81.0932439086,,91.6800898244,,91.6800898244,37.149215103,,,,,1.19826420479462,,310.2864
310.439,0.0,81.1113876034,,91.8388471539,,91.8388471539,37.149215103,,,,,1.19826420479462,,310.4388
310.591,0.0,81.1431390693,,91.6301946637,,91.6301946637,37.149215103,,,,,1.19826420479462,,310.5912
310.744,0.0,81.1703546115,,91.5848354267,,91.5848354267,37.149215103,,,,,1.19826420479462,,310.7436
310.896,0.0,81.1884983063,,90.79558470290002,,90.79558470290002,37.149215103,,,,,1.19826420479462,,310.896
311.048,0.0,81.2202497722,,68.3246186931,,68.3246186931,37.1582869504,,,,,1.19826420479462,,311.0484
311.201,0.0,81.2429293907,,96.1570465163,,96.1570465163,38.0745435378,,,,,1.19826420479462,,311.2008
311.353,0.0,81.2792167803,,91.2809285388,,91.2809285388,38.0745435378,,,,,1.19826420479462,,311.3532
311.506,0.0,81.3109682462,,90.9225905665,,90.9225905665,38.0745435378,,,,,1.19826420479462,,311.5056
311.658,0.0,81.3336478647,,91.0904197434,,91.0904197434,38.0745435378,,,,,1.19826420479462,,311.658
311.81,0.0,81.3699352543,,90.446318578,,90.446318578,38.0745435378,,,,,1.19826420479462,,311.8104
311.963,0.0,81.4152944913,,90.00179805540002,,90.00179805540002,38.0745435378,,,,,1.19826420479462,,311.9628
312.115,0.0,81.4425100335,,91.3217518521,,91.3217518521,38.0745435378,,,,,1.19826420479462,,312.1152
312.268,0.0,81.4742614994,,91.5031888001,,91.5031888001,38.0745435378,,,,,1.19826420479462,,312.2676
312.42,0.0,81.5014770416,,90.6141477549,,90.6141477549,38.0745435378,,,,,1.19826420479462,,312.42
312.572,0.0,81.5332285075,,90.8772313295,,90.8772313295,38.0745435378,,,,,1.19826420479462,,312.5724
312.725,0.0,81.5332285075,,90.8772313295,,90.8772313295,38.0745435378,,,,,1.19826420479462,,312.7248
312.877,0.0,81.5604440497,,91.5304043423,,91.5304043423,38.0745435378,,,,,1.19826420479462,,312.8772
313.03,0.0,81.59219551560001,,91.5666917319,,91.5666917319,38.0745435378,,,,,1.19826420479462,,313.0296
313.182,0.0,81.6239469815,,91.0133090405,,91.0133090405,38.0745435378,,,,,1.19826420479462,,313.182
313.334,0.0,81.6511625237,,91.1811382174,,91.1811382174,38.0745435378,,,,,1.19826420479462,,313.3344
313.487,0.0,81.6829139896,,91.3716470128,,91.3716470128,38.0745435378,,,,,1.19826420479462,,313.4868
313.639,0.0,81.7146654555,,91.3444314706,,91.3444314706,38.0745435378,,,,,1.19826420479462,,313.6392
313.79200000000003,0.0,81.7464169214,,90.446318578,,90.446318578,38.0745435378,,,,,1.19826420479462,,313.7916
313.944,0.0,81.7781683873,,89.9519028947,,89.9519028947,38.0745435378,,,,,1.19826420479462,,313.944
314.096,0.0,81.8099198532,,90.4100311884,,90.4100311884,38.0745435378,,,,,1.19826420479462,,314.0964
314.249,0.0,81.8371353954,,90.9407342613,,90.9407342613,38.0745435378,,,,,1.19826420479462,,314.2488
314.401,0.0,81.8688868613,,90.3193127144,,90.3193127144,38.0745435378,,,,,1.19826420479462,,314.4012
314.55400000000003,0.0,81.9006383272,,90.9271264902,,90.9271264902,38.0745435378,,,,,1.19826420479462,,314.5536
314.706,0.0,81.9323897931,,91.3398955469,,91.3398955469,38.0745435378,,,,,1.19826420479462,,314.706
314.858,0.0,81.9323897931,,91.3398955469,,91.3398955469,38.0745435378,,,,,1.19826420479462,,314.8584
315.011,0.0,81.964141259,,91.6755539007,,91.6755539007,38.0745435378,,,,,1.19826420479462,,315.0108
315.163,0.0,81.9958927249,,91.7662723747,,91.7662723747,38.0745435378,,,,,1.19826420479462,,315.1632
315.316,0.0,82.0276441908,,90.8273361688,,90.8273361688,38.0745435378,,,,,1.19826420479462,,315.3156
315.468,0.0,82.0593956567,,90.6912584578,,90.6912584578,38.0745435378,,,,,1.19826420479462,,315.468
315.62,0.0,82.0866111989,,91.0858838197,,91.0858838197,38.0745435378,,,,,1.19826420479462,,315.6204
315.773,0.0,82.1047548937,,90.9089827954,,90.9089827954,38.0745435378,,,,,1.19826420479462,,315.7728
315.925,0.0,82.1274345122,,90.3646719514,,90.3646719514,38.0745435378,,,,,1.19826420479462,,315.9252
316.078,0.0,82.1546500544,,91.0087731168,,91.0087731168,38.0745435378,,,,,1.19826420479462,,316.0776
316.23,0.0,82.1864015203,,91.0087731168,,91.0087731168,38.0745435378,,,,,1.19826420479462,,316.23
316.382,0.0,82.2181529862,,91.1629945226,,91.1629945226,38.0745435378,,,,,1.19826420479462,,316.3824
316.535,0.0,82.2499044521,,90.945270185,,90.945270185,38.0745435378,,,,,1.19826420479462,,316.5348
316.687,0.0,82.2725840706,,91.0269168116,,91.0269168116,38.0745435378,,,,,1.19826420479462,,316.6872
316.84,0.0,82.2952636891,,90.9543420324,,90.9543420324,38.0745435378,,,,,1.19826420479462,,316.8396
316.992,0.0,82.327015155,,91.5621558082,,91.5621558082,38.0745435378,,,,,1.19826420479462,,316.992
317.144,0.0,82.3587666209,,91.5893713504,,91.5893713504,38.0745435378,,,,,1.19826420479462,,317.1444
317.297,0.0,82.3905180868,,91.4623654868,,91.4623654868,38.0745435378,,,,,1.19826420479462,,317.2968
317.449,0.0,82.417733629,,91.3489673943,,91.3489673943,38.0745435378,,,,,1.19826420479462,,317.4492
317.60200000000003,0.0,82.4404132475,,90.9407342613,,90.9407342613,38.0745435378,,,,,1.19826420479462,,317.6016
317.754,0.0,82.4721647134,,91.2854644625,,91.2854644625,38.0745435378,,,,,1.19826420479462,,317.754
317.906,0.0,82.5039161793,,92.0656433389,,92.0656433389,38.0745435378,,,,,1.19826420479462,,317.9064
318.059,0.0,82.5265957978,,92.124610347,,92.124610347,38.0745435378,,,,,1.19826420479462,,318.0588
318.211,0.0,82.5492754163,,91.9295656279,,91.9295656279,38.0745435378,,,,,1.19826420479462,,318.2112
318.36400000000003,0.0,82.5810268822,,91.7345209088,,91.7345209088,38.0745435378,,,,,1.19826420479462,,318.3636
318.516,0.0,82.6173142718,,92.4557327771,,92.4557327771,38.0745435378,,,,,1.19826420479462,,318.516
318.668,0.0,82.6490657377,,92.8458222153,,92.8458222153,38.0745435378,,,,,1.19826420479462,,318.6684
318.821,0.0,82.67174535619999,,92.0112122545,,92.0112122545,38.0745435378,,,,,1.19826420479462,,318.8208
318.973,0.0,82.6944249747,,91.7753442221,,91.7753442221,38.0745435378,,,,,1.19826420479462,,318.9732
319.126,0.0,82.7261764406,,91.9976044834,,91.9976044834,38.0745435378,,,,,1.19826420479462,,319.1256
319.278,0.0,82.7579279065,,92.3922298453,,92.3922298453,38.0745435378,,,,,1.19826420479462,,319.278
319.43,0.0,82.780607525,,92.0474996441,,92.0474996441,38.0745435378,,,,,1.19826420479462,,319.4304
319.583,0.0,82.8078230672,,91.7481286799,,91.7481286799,38.0745435378,,,,,1.19826420479462,,319.5828
319.735,0.0,82.8395745331,,91.5712276556,,91.5712276556,38.0745435378,,,,,1.19826420479462,,319.7352
319.888,0.0,82.87132599899999,,91.1493867515,,91.1493867515,38.0745435378,,,,,1.19826420479462,,319.8876
320.04,0.0,82.9030774649,,91.3217518521,,91.3217518521,38.0745435378,,,,,1.19826420479462,,320.04
320.192,0.0,82.9257570834,,90.3329204855,,90.3329204855,38.0745435378,,,,,1.19826420479462,,320.1924
320.345,0.0,82.9484367019,,91.5712276556,,91.5712276556,38.0745435378,,,,,1.19826420479462,,320.3448
320.497,0.0,82.9847240915,,92.1382181181,,92.1382181181,38.0745435378,,,,,1.19826420479462,,320.4972
320.65,0.0,83.0164755574,,92.1472899655,,92.1472899655,38.0745435378,,,,,1.19826420479462,,320.6496
320.802,0.0,83.0391551759,,92.9773640026,,92.9773640026,38.0745435378,,,,,1.19826420479462,,320.802
320.954,0.0,83.0618347944,,93.2994145853,,93.2994145853,38.0745435378,,,,,1.19826420479462,,320.9544
321.107,0.0,83.0935862603,,92.8095348257,,92.8095348257,38.0745435378,,,,,1.19826420479462,,321.1068
321.259,0.0,83.1253377262,,92.1608977366,,92.1608977366,38.0745435378,,,,,1.19826420479462,,321.2592
321.41200000000003,0.0,83.1570891921,,92.2833676765,,92.2833676765,38.0745435378,,,,,1.19826420479462,,321.4116
321.564,0.0,83.1843047343,,91.9204937805,,91.9204937805,38.0745435378,,,,,1.19826420479462,,321.564
321.716,0.0,83.20698435279999,,91.6120509689,,91.6120509689,38.0745435378,,,,,1.19826420479462,,321.7164
321.869,0.0,83.2387358187,,91.353503318,,91.353503318,38.0745435378,,,,,1.19826420479462,,321.8688
322.021,0.0,83.2704872846,,90.9997012694,,90.9997012694,38.0745435378,,,,,1.19826420479462,,322.0212
322.17400000000004,0.0,83.2931669031,,91.1130993619,,91.1130993619,38.0745435378,,,,,1.19826420479462,,322.1736
322.326,0.0,83.3203824453,,91.0087731168,,91.0087731168,38.0745435378,,,,,1.19826420479462,,322.326
322.478,0.0,83.3521339112,,91.3807188602,,91.3807188602,38.0745435378,,,,,1.19826420479462,,322.4784
322.631,0.0,83.3838853771,,91.1811382174,,91.1811382174,38.0745435378,,,,,1.19826420479462,,322.6308
322.783,0.0,83.415636843,,91.0269168116,,91.0269168116,38.0745435378,,,,,1.19826420479462,,322.7832
322.936,0.0,83.4383164615,,91.035988659,,91.035988659,38.0745435378,,,,,1.19826420479462,,322.9356
323.088,0.0,83.46099608,,91.6029791215,,91.6029791215,38.0745435378,,,,,1.19826420479462,,323.088
323.24,0.0,83.4927475459,,91.2537129966,,91.2537129966,38.0745435378,,,,,1.19826420479462,,323.2404
323.393,0.0,83.5244990118,,91.0133090405,,91.0133090405,38.0745435378,,,,,1.19826420479462,,323.3928
323.545,0.0,83.551714554,,90.763833237,,90.763833237,38.0745435378,,,,,1.19826420479462,,323.5452
323.698,0.0,83.5743941725,,90.5052855861,,90.5052855861,38.0745435378,,,,,1.19826420479462,,323.6976
323.85,0.0,83.60614563840001,,91.3671110891,,91.3671110891,38.0745435378,,,,,1.19826420479462,,323.85
324.002,0.0,83.63789710430001,,90.5098215098,,90.5098215098,38.0745435378,,,,,1.19826420479462,,324.0024
324.155,0.0,83.66964857020001,,90.9634138798,,90.9634138798,38.0745435378,,,,,1.19826420479462,,324.1548
324.307,0.0,83.6923281887,,91.081347896,,91.081347896,38.0745435378,,,,,1.19826420479462,,324.3072
324.46,0.0,83.7195437309,,90.6957943815,,90.6957943815,38.0745435378,,,,,1.19826420479462,,324.4596
324.612,0.0,83.7512951968,,91.7798801458,,91.7798801458,38.0745435378,,,,,1.19826420479462,,324.612
324.764,0.0,83.7830466627,,90.9951653457,,90.9951653457,38.0745435378,,,,,1.19826420479462,,324.7644
324.91700000000003,0.0,83.8057262812,,91.0178449642,,91.0178449642,38.0745435378,,,,,1.19826420479462,,324.9168
325.069,0.0,83.8284058997,,91.2446411492,,91.2446411492,38.0745435378,,,,,1.19826420479462,,325.0692
325.222,0.0,83.8601573656,,91.2355693018,,91.2355693018,38.0745435378,,,,,1.19826420479462,,325.2216
325.374,0.0,83.89190883149999,,91.1130993619,,91.1130993619,38.0745435378,,,,,1.19826420479462,,325.374
325.526,0.0,83.92366029739999,,90.718474,,90.718474,38.0745435378,,,,,1.19826420479462,,325.5264
325.67900000000003,0.0,83.9508758396,,90.6640429156,,90.6640429156,38.0745435378,,,,,1.19826420479462,,325.6788
325.831,0.0,83.97355545810001,,91.1448508278,,91.1448508278,38.0745435378,,,,,1.19826420479462,,325.8312
325.98400000000004,0.0,84.005306924,,91.2900003862,,91.2900003862,38.0745435378,,,,,1.19826420479462,,325.9836
326.136,0.0,84.0370583899,,90.7865128555,,90.7865128555,38.0745435378,,,,,1.19826420479462,,326.136
326.288,0.0,84.0597380084,,91.6347305874,,91.6347305874,38.0745435378,,,,,1.19826420479462,,326.2884
326.441,0.0,84.0869535506,,91.2582489203,,91.2582489203,38.0745435378,,,,,1.19826420479462,,326.4408
326.593,0.0,84.1187050165,,91.2446411492,,91.2446411492,38.0745435378,,,,,1.19826420479462,,326.5932
326.746,0.0,84.1504564824,,91.4805091816,,91.4805091816,38.0745435378,,,,,1.19826420479462,,326.7456
326.898,0.0,84.1822079483,,90.7366176948,,90.7366176948,38.0745435378,,,,,1.19826420479462,,326.898
327.05,0.0,84.2048875668,,91.4215421735,,91.4215421735,38.0745435378,,,,,1.19826420479462,,327.0504
327.203,0.0,84.2275671853,,91.8796704672,,91.8796704672,38.0745435378,,,,,1.19826420479462,,327.2028
327.355,0.0,84.2593186512,,91.6982335192,,91.6982335192,38.0745435378,,,,,1.19826420479462,,327.3552
327.508,0.0,84.2910701171,,91.5757635793,,91.5757635793,38.0745435378,,,,,1.19826420479462,,327.5076
327.66,0.0,84.3182856593,,91.2083537596,,91.2083537596,38.0745435378,,,,,1.19826420479462,,327.66
327.81199999999995,0.0,84.3409652778,,91.4215421735,,91.4215421735,38.0745435378,,,,,1.19826420479462,,327.8124
327.965,0.0,84.3727167437,,91.1675304463,,91.1675304463,38.0745435378,,,,,1.19826420479462,,327.9648
328.117,0.0,84.4044682096,,91.62565874,,91.62565874,38.0745435378,,,,,1.19826420479462,,328.1172
328.27,0.0,84.4362196755,,91.7980238406,,91.7980238406,38.0745435378,,,,,1.19826420479462,,328.2696
328.422,0.0,84.45889929399999,,91.5621558082,,91.5621558082,38.0745435378,,,,,1.19826420479462,,328.422
328.574,0.0,84.4861148362,,91.5984431978,,91.5984431978,38.0745435378,,,,,1.19826420479462,,328.5744
328.727,0.0,84.5224022258,,91.8297753065,,91.8297753065,38.0745435378,,,,,1.19826420479462,,328.7268
328.879,0.0,84.549617768,,92.1608977366,,92.1608977366,38.0745435378,,,,,1.19826420479462,,328.8792
329.032,0.0,84.5768333102,,91.9295656279,,91.9295656279,38.0745435378,,,,,1.19826420479462,,329.0316
329.184,0.0,84.5995129287,,91.5213324949,,91.5213324949,38.0745435378,,,,,1.19826420479462,,329.184
329.336,0.0,84.6267284709,,91.5485480371,,91.5485480371,38.0745435378,,,,,1.19826420479462,,329.3364
329.48900000000003,0.0,84.6630158605,,91.2763926151,,91.2763926151,38.0745435378,,,,,1.19826420479462,,329.4888
329.641,0.0,84.69023140270001,,92.2924395239,,92.2924395239,38.0745435378,,,,,1.19826420479462,,329.6412
329.79400000000004,0.0,84.7174469449,,91.6211228163,,91.6211228163,38.0745435378,,,,,1.19826420479462,,329.7936
329.946,0.0,84.7401265634,,91.4623654868,,91.4623654868,38.0745435378,,,,,1.19826420479462,,329.946
330.098,0.0,84.76734210560001,,90.6368273734,,90.6368273734,38.0745435378,,,,,1.19826420479462,,330.0984
330.251,0.0,84.8036294952,,91.5712276556,,91.5712276556,38.0745435378,,,,,1.19826420479462,,330.2508
330.403,0.0,84.8308450374,,92.0611074152,,92.0611074152,38.0745435378,,,,,1.19826420479462,,330.4032
330.556,0.0,84.85806057960001,,91.2990722336,,91.2990722336,38.0745435378,,,,,1.19826420479462,,330.5556
330.708,0.0,84.8852761218,,91.2582489203,,91.2582489203,38.0745435378,,,,,1.19826420479462,,330.708
330.86,0.0,84.9079557403,,91.7662723747,,91.7662723747,38.0745435378,,,,,1.19826420479462,,330.8604
331.01300000000003,0.0,84.9442431299,,91.4714373342,,91.4714373342,38.0745435378,,,,,1.19826420479462,,331.0128
331.165,0.0,84.9714586721,,91.6755539007,,91.6755539007,38.0745435378,,,,,1.19826420479462,,331.1652
331.31800000000004,0.0,84.99867421430001,,91.7889519932,,91.7889519932,38.0745435378,,,,,1.19826420479462,,331.3176
331.47,0.0,85.0349616039,,90.899910948,,90.899910948,38.0745435378,,,,,1.19826420479462,,331.47
331.622,0.0,85.0576412224,,91.1493867515,,91.1493867515,38.0745435378,,,,,1.19826420479462,,331.6224
331.775,0.0,85.0848567646,,90.7502254659,,90.7502254659,38.0745435378,,,,,1.19826420479462,,331.7748
331.927,0.0,85.1120723068,,91.4578295631,,91.4578295631,38.0745435378,,,,,1.19826420479462,,331.9272
332.08,0.0,85.139287849,,91.1085634382,,91.1085634382,38.0745435378,,,,,1.19826420479462,,332.0796
332.232,0.0,85.17557523859999,,91.0904197434,,91.0904197434,38.0745435378,,,,,1.19826420479462,,332.232
332.384,0.0,85.2027907808,,91.534940266,,91.534940266,38.0745435378,,,,,1.19826420479462,,332.3844
332.537,0.0,85.22547039930001,,91.2355693018,,91.2355693018,38.0745435378,,,,,1.19826420479462,,332.5368
332.689,0.0,85.25268594149999,,90.7865128555,,90.7865128555,38.0745435378,,,,,1.19826420479462,,332.6892
332.842,0.0,85.2799014837,,90.8182643214,,90.8182643214,38.0745435378,,,,,1.19826420479462,,332.8416
332.994,0.0,85.31618887329999,,90.8953750243,,90.8953750243,38.0745435378,,,,,1.19826420479462,,332.994
333.146,0.0,85.3434044155,,91.1584585989,,91.1584585989,38.0745435378,,,,,1.19826420479462,,333.1464
333.29900000000004,0.0,85.3706199577,,91.126707133,,91.126707133,38.0745435378,,,,,1.19826420479462,,333.2988
333.451,0.0,85.3932995762,,90.9543420324,,90.9543420324,38.0745435378,,,,,1.19826420479462,,333.4512
333.60400000000004,0.0,85.4205151184,,90.7275458474,,90.7275458474,38.0745435378,,,,,1.19826420479462,,333.6036
333.756,0.0,85.456802508,,90.6005399838,,90.6005399838,38.0745435378,,,,,1.19826420479462,,333.756
333.908,0.0,85.4840180502,,90.4780700439,,90.4780700439,38.0745435378,,,,,1.19826420479462,,333.9084
334.061,0.0,85.5112335924,,90.537037052,,90.537037052,38.0745435378,,,,,1.19826420479462,,334.0608
334.213,0.0,85.5339132109,,90.945270185,,90.945270185,38.0745435378,,,,,1.19826420479462,,334.2132
334.366,0.0,85.56112875310001,,90.8500157873,,90.8500157873,38.0745435378,,,,,1.19826420479462,,334.3656
334.51800000000003,0.0,85.5974161427,,90.7230099237,,90.7230099237,38.0745435378,,,,,1.19826420479462,,334.51800000000003
334.67,0.0,85.6246316849,,90.4372467306,,90.4372467306,38.0745435378,,,,,1.19826420479462,,334.6704
334.82300000000004,0.0,85.6518472271,,90.763833237,,90.763833237,38.0745435378,,,,,1.19826420479462,,334.8228
334.975,0.0,85.6881346167,,90.7729050844,,90.7729050844,38.0745435378,,,,,1.19826420479462,,334.9752
335.12800000000004,0.0,85.71535015890001,,89.9972621317,,89.9972621317,38.0745435378,,,,,1.19826420479462,,335.1276
335.28,0.0,85.74256570109999,,90.04262136870001,,90.04262136870001,38.0745435378,,,,,1.19826420479462,,335.28
335.432,0.0,85.7697812433,,91.3262877758,,91.3262877758,38.0745435378,,,,,1.19826420479462,,335.4324
335.585,0.0,85.7969967855,,91.2083537596,,91.2083537596,38.0745435378,,,,,1.19826420479462,,335.5848
335.737,0.0,85.82421232770001,,89.8022174126,,89.8022174126,38.0745435378,,,,,1.19826420479462,,335.7372
335.89,0.0,85.8514278699,,89.8838640392,,89.8838640392,38.0745435378,,,,,1.19826420479462,,335.8896
336.042,0.0,85.8786434121,,91.0904197434,,91.0904197434,38.0745435378,,,,,1.19826420479462,,336.042
336.194,0.0,85.9058589543,,90.5007496624,,90.5007496624,38.0745435378,,,,,1.19826420479462,,336.1944
336.347,0.0,85.9330744965,,90.1469476138,,90.1469476138,38.0745435378,,,,,1.19826420479462,,336.3468
336.499,0.0,85.96029003870001,,90.9634138798,,90.9634138798,38.0745435378,,,,,1.19826420479462,,336.4992
336.652,0.0,85.9920415046,,90.6595069919,,90.6595069919,38.0745435378,,,,,1.19826420479462,,336.6516
336.80400000000003,0.0,86.0192570468,,89.96097474209999,,89.96097474209999,38.0745435378,,,,,1.19826420479462,,336.80400000000003
336.956,0.0,86.0555444364,,91.0677401249,,91.0677401249,38.0745435378,,,,,1.19826420479462,,336.9564
337.10900000000004,0.0,86.08275997860001,,90.3646719514,,90.3646719514,38.0745435378,,,,,1.19826420479462,,337.1088
337.261,0.0,86.1099755208,,90.06530098719999,,90.06530098719999,38.0745435378,,,,,1.19826420479462,,337.2612
337.414,0.0,86.13719106299999,,89.6071726935,,89.6071726935,38.0745435378,,,,,1.19826420479462,,337.4136
337.566,0.0,86.1644066052,,90.8046565503,,90.8046565503,38.0745435378,,,,,1.19826420479462,,337.566
337.718,0.0,86.1916221474,,90.2875612485,,90.2875612485,38.0745435378,,,,,1.19826420479462,,337.7184
337.871,0.0,86.2233736133,,90.1877709271,,90.1877709271,38.0745435378,,,,,1.19826420479462,,337.8708
338.023,0.0,86.2505891555,,90.4599263491,,90.4599263491,38.0745435378,,,,,1.19826420479462,,338.0232
338.176,0.0,86.2778046977,,90.718474,,90.718474,38.0745435378,,,,,1.19826420479462,,338.1756
338.32800000000003,0.0,86.3050202399,,90.5551807468,,90.5551807468,38.0745435378,,,,,1.19826420479462,,338.32800000000003
338.48,0.0,86.33223578209999,,90.8046565503,,90.8046565503,38.0745435378,,,,,1.19826420479462,,338.4804
338.63300000000004,0.0,86.3594513243,,90.8273361688,,90.8273361688,38.0745435378,,,,,1.19826420479462,,338.6328
338.785,0.0,86.3866668665,,90.7320817711,,90.7320817711,38.0745435378,,,,,1.19826420479462,,338.7852
338.93800000000005,0.0,86.42295425610001,,90.6096118312,,90.6096118312,38.0745435378,,,,,1.19826420479462,,338.9376
339.09,0.0,86.4501697983,,90.5597166705,,90.5597166705,38.0745435378,,,,,1.19826420479462,,339.09
339.242,0.0,86.4819212642,,90.9271264902,,90.9271264902,38.0745435378,,,,,1.19826420479462,,339.2424
339.395,0.0,86.5091368064,,91.2900003862,,91.2900003862,38.0745435378,,,,,1.19826420479462,,339.3948
339.547,0.0,86.5363523486,,90.5188933572,,90.5188933572,38.0745435378,,,,,1.19826420479462,,339.5472
339.7,0.0,86.5635678908,,90.38281564620002,,90.38281564620002,38.0745435378,,,,,1.19826420479462,,339.6996
339.852,0.0,86.590783433,,91.1675304463,,91.1675304463,38.0745435378,,,,,1.19826420479462,,339.852
340.004,0.0,86.61799897520001,,91.7254490614,,91.7254490614,38.0745435378,,,,,1.19826420479462,,340.0044
340.157,0.0,86.64521451739999,,91.6438024348,,91.6438024348,38.0745435378,,,,,1.19826420479462,,340.1568
340.309,0.0,86.67243005959999,,91.0541323538,,91.0541323538,38.0745435378,,,,,1.19826420479462,,340.3092
340.462,0.0,86.6996456018,,91.5031888001,,91.5031888001,38.0745435378,,,,,1.19826420479462,,340.4616
340.61400000000003,0.0,86.726861144,,91.9658530175,,91.9658530175,38.0745435378,,,,,1.19826420479462,,340.61400000000003
340.766,0.0,86.7586126099,,91.6528742822,,91.6528742822,38.0745435378,,,,,1.19826420479462,,340.7664
340.91900000000004,0.0,86.7948999995,,92.1291462707,,92.1291462707,38.0745435378,,,,,1.19826420479462,,340.9188
341.071,0.0,86.8221155417,,90.9770216509,,90.9770216509,38.0745435378,,,,,1.19826420479462,,341.0712
341.224,0.0,86.8493310839,,90.5960040601,,90.5960040601,38.0745435378,,,,,1.19826420479462,,341.2236
341.376,0.0,86.87654662610001,,91.5939072741,,91.5939072741,38.0745435378,,,,,1.19826420479462,,341.376
341.528,0.0,86.9037621683,,91.580299503,,91.580299503,38.0745435378,,,,,1.19826420479462,,341.5284
341.681,0.0,86.93097771049999,,90.1514835375,,90.1514835375,38.0745435378,,,,,1.19826420479462,,341.6808
341.833,0.0,86.9581932527,,91.0677401249,,91.0677401249,38.0745435378,,,,,1.19826420479462,,341.8332
341.986,0.0,86.9854087949,,91.1947459885,,91.1947459885,38.0745435378,,,,,1.19826420479462,,341.9856
342.13800000000003,0.0,87.0171602608,,90.8726954058,,90.8726954058,38.0745435378,,,,,1.19826420479462,,342.13800000000003
342.29,0.0,87.044375803,,91.0042371931,,91.0042371931,38.0745435378,,,,,1.19826420479462,,342.2904
342.44300000000004,0.0,87.0715913452,,91.4306140209,,91.4306140209,38.0745435378,,,,,1.19826420479462,,342.4428
342.595,0.0,87.0988068874,,91.2264974544,,91.2264974544,38.0745435378,,,,,1.19826420479462,,342.5952
342.74800000000005,0.0,87.12602242959998,,91.0405245827,,91.0405245827,38.0745435378,,,,,1.19826420479462,,342.7476
342.9,0.0,87.1623098192,,91.6619461296,,91.6619461296,38.0745435378,,,,,1.19826420479462,,342.9
343.052,0.0,87.18952536139999,,91.6800898244,,91.6800898244,38.0745435378,,,,,1.19826420479462,,343.0524
343.205,0.0,87.21674090360001,,91.852454925,,91.852454925,38.0745435378,,,,,1.19826420479462,,343.2048
343.357,0.0,87.2439564458,,91.3807188602,,91.3807188602,38.0745435378,,,,,1.19826420479462,,343.3572
343.51,0.0,87.27117198799999,,90.9225905665,,90.9225905665,38.0745435378,,,,,1.19826420479462,,343.5096
343.662,0.0,87.2983875302,,90.8863031769,,90.8863031769,38.0745435378,,,,,1.19826420479462,,343.662
343.814,0.0,87.3256030724,,90.9044468717,,90.9044468717,38.0745435378,,,,,1.19826420479462,,343.8144
343.967,0.0,87.3528186146,,91.1176352856,,91.1176352856,38.0745435378,,,,,1.19826420479462,,343.9668
344.119,0.0,87.38003415680001,,90.6368273734,,90.6368273734,38.0745435378,,,,,1.19826420479462,,344.1192
344.272,0.0,87.4163215464,,90.9679498035,,90.9679498035,38.0745435378,,,,,1.19826420479462,,344.2716
344.42400000000004,0.0,87.44353708860001,,90.6776506867,,90.6776506867,38.0745435378,,,,,1.19826420479462,,344.42400000000004
344.576,0.0,87.46621670709999,,91.4759732579,,91.4759732579,38.0745435378,,,,,1.19826420479462,,344.5764
344.72900000000004,0.0,87.5025040967,,91.4487577157,,91.4487577157,38.0745435378,,,,,1.19826420479462,,344.7288
344.881,0.0,87.52971963889999,,91.8479190013,,91.8479190013,38.0745435378,,,,,1.19826420479462,,344.8812
345.034,0.0,87.5569351811,,91.671017977,,91.671017977,38.0745435378,,,,,1.19826420479462,,345.0336
345.186,0.0,87.5841507233,,91.7299849851,,91.7299849851,38.0745435378,,,,,1.19826420479462,,345.186
345.338,0.0,87.6113662655,,91.6891616718,,91.6891616718,38.0745435378,,,,,1.19826420479462,,345.3384
345.491,0.0,87.6431177314,,91.444221792,,91.444221792,38.0745435378,,,,,1.19826420479462,,345.4908
345.64300000000003,0.0,87.67033327360001,,91.0495964301,,91.0495964301,38.0745435378,,,,,1.19826420479462,,345.6432
345.796,0.0,87.6975488158,,91.217425607,,91.217425607,38.0745435378,,,,,1.19826420479462,,345.7956
345.94800000000004,0.0,87.72476435799999,,91.4941169527,,91.4941169527,38.0745435378,,,,,1.19826420479462,,345.94800000000004
346.1,0.0,87.7519799002,,91.0949556671,,91.0949556671,38.0745435378,,,,,1.19826420479462,,346.1004
346.25300000000004,0.0,87.78826728979999,,90.9225905665,,90.9225905665,38.0745435378,,,,,1.19826420479462,,346.2528
346.405,0.0,87.815482832,,90.7683691607,,90.7683691607,38.0745435378,,,,,1.19826420479462,,346.4052
346.55800000000005,0.0,87.8381624505,,91.6982335192,,91.6982335192,38.0745435378,,,,,1.19826420479462,,346.5576
346.71,0.0,87.8653779927,,92.1019307285,,92.1019307285,38.0745435378,,,,,1.19826420479462,,346.71
346.862,0.0,87.8925935349,,91.4532936394,,91.4532936394,38.0745435378,,,,,1.19826420479462,,346.8624
347.015,0.0,87.9288809245,,91.8842063909,,91.8842063909,38.0745435378,,,,,1.19826420479462,,347.0148
347.167,0.0,87.9560964667,,90.990629422,,90.990629422,38.0745435378,,,,,1.19826420479462,,347.1672
347.32,0.0,87.9833120089,,90.8953750243,,90.8953750243,38.0745435378,,,,,1.19826420479462,,347.3196
347.472,0.0,88.0059916274,,91.8161675354,,91.8161675354,38.0745435378,,,,,1.19826420479462,,347.472
347.624,0.0,88.03320716959999,,91.5757635793,,91.5757635793,38.0745435378,,,,,1.19826420479462,,347.6244
347.777,0.0,88.0694945592,,90.6776506867,,90.6776506867,38.0745435378,,,,,1.19826420479462,,347.7768
347.92900000000003,0.0,88.09671010139999,,90.945270185,,90.945270185,38.0745435378,,,,,1.19826420479462,,347.9292
348.082,0.0,88.1239256436,,90.8681594821,,90.8681594821,38.0745435378,,,,,1.19826420479462,,348.0816
348.23400000000004,0.0,88.1511411858,,90.8001206266,,90.8001206266,38.0745435378,,,,,1.19826420479462,,348.23400000000004
348.386,0.0,88.178356728,,91.4532936394,,91.4532936394,38.0745435378,,,,,1.19826420479462,,348.3864
348.539,0.0,88.2101081939,,90.6776506867,,90.6776506867,38.0745435378,,,,,1.19826420479462,,348.5388
348.691,0.0,88.23732373610001,,90.8137283977,,90.8137283977,38.0745435378,,,,,1.19826420479462,,348.6912
348.844,0.0,88.2645392783,,91.0904197434,,91.0904197434,38.0745435378,,,,,1.19826420479462,,348.8436
348.996,0.0,88.29175482049999,,91.2945363099,,91.2945363099,38.0745435378,,,,,1.19826420479462,,348.996
349.148,0.0,88.3189703627,,91.0087731168,,91.0087731168,38.0745435378,,,,,1.19826420479462,,349.1484
349.301,0.0,88.35525775229999,,90.5506448231,,90.5506448231,38.0745435378,,,,,1.19826420479462,,349.3008
349.45300000000003,0.0,88.3824732945,,91.5530839608,,91.5530839608,38.0745435378,,,,,1.19826420479462,,349.4532
349.606,0.0,88.405152913,,91.0677401249,,91.0677401249,38.0745435378,,,,,1.19826420479462,,349.6056
349.75800000000004,0.0,88.4323684552,,91.5848354267,,91.5848354267,38.0745435378,,,,,1.19826420479462,,349.75800000000004
349.91,0.0,88.4595839974,,92.0611074152,,92.0611074152,38.0745435378,,,,,1.19826420479462,,349.9104
350.06300000000005,0.0,88.49587138700001,,90.9316624139,,90.9316624139,38.0745435378,,,,,1.19826420479462,,350.0628
350.215,0.0,88.5230869292,,91.5576198845,,91.5576198845,38.0745435378,,,,,1.19826420479462,,350.2152
350.36800000000005,0.0,88.55030247139999,,91.7980238406,,91.7980238406,38.0745435378,,,,,1.19826420479462,,350.3676
350.52,0.0,88.57751801360001,,91.6029791215,,91.6029791215,38.0745435378,,,,,1.19826420479462,,350.52
350.672,0.0,88.60019763209999,,91.2038178359,,91.2038178359,38.0745435378,,,,,1.19826420479462,,350.6724
350.825,0.0,88.6364850217,,91.3897907076,,91.3897907076,38.0745435378,,,,,1.19826420479462,,350.8248
350.977,0.0,88.6637005639,,90.6776506867,,90.6776506867,38.0745435378,,,,,1.19826420479462,,350.9772
351.13,0.0,88.6909161061,,91.716377214,,91.716377214,38.0745435378,,,,,1.19826420479462,,351.1296
351.282,0.0,88.7181316483,,92.0837870337,,92.0837870337,38.0745435378,,,,,1.19826420479462,,351.282
351.434,0.0,88.7453471905,,91.2446411492,,91.2446411492,38.0745435378,,,,,1.19826420479462,,351.4344
351.587,0.0,88.7770986564,,91.3671110891,,91.3671110891,38.0745435378,,,,,1.19826420479462,,351.5868
351.73900000000003,0.0,88.79977827489999,,91.6075150452,,91.6075150452,38.0745435378,,,,,1.19826420479462,,351.7392
351.892,0.0,88.8224578934,,77.6504778203,,77.6504778203,38.3603067309,,,,,1.19826420479462,,351.8916
352.04400000000004,0.0,88.8496734356,,92.0883229574,,92.0883229574,38.999871972600005,,,,,1.19826420479462,,352.04400000000004
352.196,0.0,88.8814249015,,92.2198647447,,92.2198647447,38.999871972600005,,,,,1.19826420479462,,352.1964
352.349,0.0,88.9131763674,,91.7980238406,,91.7980238406,38.999871972600005,,,,,1.19826420479462,,352.3488
352.501,0.0,88.9403919096,,92.0248200256,,92.0248200256,38.999871972600005,,,,,1.19826420479462,,352.5012
352.654,0.0,88.96307152809999,,92.4103735401,,92.4103735401,38.999871972600005,,,,,1.19826420479462,,352.6536
352.806,0.0,88.99482299399999,,92.215328821,,92.215328821,38.999871972600005,,,,,1.19826420479462,,352.806
352.958,0.0,89.0265744599,,92.2062569736,,92.2062569736,38.999871972600005,,,,,1.19826420479462,,352.9584
353.111,0.0,89.0492540784,,92.7505678176,,92.7505678176,38.999871972600005,,,,,1.19826420479462,,353.1108
353.26300000000003,0.0,89.0810055443,,92.5555230985,,92.5555230985,38.999871972600005,,,,,1.19826420479462,,353.2632
353.416,0.0,89.1127570102,,92.2425443632,,92.2425443632,38.999871972600005,,,,,1.19826420479462,,353.4156
353.56800000000004,0.0,89.1399725524,,92.1518258892,,92.1518258892,38.999871972600005,,,,,1.19826420479462,,353.56800000000004
353.72,0.0,89.1626521709,,92.2697599054,,92.2697599054,38.999871972600005,,,,,1.19826420479462,,353.7204
353.87300000000005,0.0,89.1989395605,,92.0474996441,,92.0474996441,38.999871972600005,,,,,1.19826420479462,,353.8728
354.025,0.0,89.2306910264,,92.0021404071,,92.0021404071,38.999871972600005,,,,,1.19826420479462,,354.0252
354.17800000000005,0.0,89.2579065686,,91.7798801458,,91.7798801458,38.999871972600005,,,,,1.19826420479462,,354.1776
354.33,0.0,89.28965803450001,,91.5893713504,,91.5893713504,38.999871972600005,,,,,1.19826420479462,,354.33
354.482,0.0,89.3168735767,,91.1176352856,,91.1176352856,38.999871972600005,,,,,1.19826420479462,,354.4824
354.635,0.0,89.3486250426,,91.7708082984,,91.7708082984,38.999871972600005,,,,,1.19826420479462,,354.6348
354.787,0.0,89.37130466110001,,91.2990722336,,91.2990722336,38.999871972600005,,,,,1.19826420479462,,354.7872
354.94,0.0,89.3985202033,,92.2879036002,,92.2879036002,38.999871972600005,,,,,1.19826420479462,,354.9396
355.092,0.0,89.4302716692,,92.5645949459,,92.5645949459,38.999871972600005,,,,,1.19826420479462,,355.092
355.244,0.0,89.4620231351,,93.0045795448,,93.0045795448,38.999871972600005,,,,,1.19826420479462,,355.2444
355.397,0.0,89.4847027536,,93.2948786616,,93.2948786616,38.999871972600005,,,,,1.19826420479462,,355.3968
355.54900000000004,0.0,89.5073823721,,93.0000436211,,93.0000436211,38.999871972600005,,,,,1.19826420479462,,355.5492
355.702,0.0,89.5436697617,,92.2198647447,,92.2198647447,38.999871972600005,,,,,1.19826420479462,,355.7016
355.85400000000004,0.0,89.5754212276,,92.4920201667,,92.4920201667,38.999871972600005,,,,,1.19826420479462,,355.85400000000004
356.006,0.0,89.59810084610001,,91.1221712093,,91.1221712093,38.999871972600005,,,,,1.19826420479462,,356.0064
356.159,0.0,89.62078046459999,,91.6438024348,,91.6438024348,38.999871972600005,,,,,1.19826420479462,,356.1588
356.311,0.0,89.6570678542,,92.0202841019,,92.0202841019,38.999871972600005,,,,,1.19826420479462,,356.3112
356.464,0.0,89.68881932010001,,91.5984431978,,91.5984431978,38.999871972600005,,,,,1.19826420479462,,356.4636
356.616,0.0,89.7114989386,,92.4648046245,,92.4648046245,38.999871972600005,,,,,1.19826420479462,,356.616
356.76800000000003,0.0,89.7341785571,,91.6029791215,,91.6029791215,38.999871972600005,,,,,1.19826420479462,,356.7684
356.921,0.0,89.7704659467,,91.4850451053,,91.4850451053,38.999871972600005,,,,,1.19826420479462,,356.9208
357.07300000000004,0.0,89.8022174126,,91.9295656279,,91.9295656279,38.999871972600005,,,,,1.19826420479462,,357.0732
357.226,0.0,89.82489703110001,,92.0883229574,,92.0883229574,38.999871972600005,,,,,1.19826420479462,,357.2256
357.37800000000004,0.0,89.84757664959999,,91.4986528764,,91.4986528764,38.999871972600005,,,,,1.19826420479462,,357.37800000000004
357.53,0.0,89.87932811549999,,92.2833676765,,92.2833676765,38.999871972600005,,,,,1.19826420479462,,357.5304
357.68300000000005,0.0,89.9156155051,,92.1745055077,,92.1745055077,38.999871972600005,,,,,1.19826420479462,,357.6828
357.835,0.0,89.9382951236,,91.580299503,,91.580299503,38.999871972600005,,,,,1.19826420479462,,357.8352
357.98800000000006,0.0,89.96097474209999,,92.2062569736,,92.2062569736,38.999871972600005,,,,,1.19826420479462,,357.9876
358.14,0.0,89.992726208,,91.9522452464,,91.9522452464,38.999871972600005,,,,,1.19826420479462,,358.14
358.292,0.0,90.0290135976,,91.9839967123,,91.9839967123,38.999871972600005,,,,,1.19826420479462,,358.2924
358.445,0.0,90.0516932161,,92.6008823355,,92.6008823355,38.999871972600005,,,,,1.19826420479462,,358.4448
358.597,0.0,90.07437283459998,,91.7708082984,,91.7708082984,38.999871972600005,,,,,1.19826420479462,,358.5972
358.75,0.0,90.1061243005,,91.6438024348,,91.6438024348,38.999871972600005,,,,,1.19826420479462,,358.7496
358.902,0.0,90.1378757664,,92.22893659209998,,92.22893659209998,38.999871972600005,,,,,1.19826420479462,,358.902
359.05400000000003,0.0,90.1650913086,,92.15636181290002,,92.15636181290002,38.999871972600005,,,,,1.19826420479462,,359.0544
359.207,0.0,90.1877709271,,91.4033984787,,91.4033984787,38.999871972600005,,,,,1.19826420479462,,359.2068
359.35900000000004,0.0,90.219522393,,91.7299849851,,91.7299849851,38.999871972600005,,,,,1.19826420479462,,359.3592
359.51199999999994,0.0,90.2512738589,,92.4149094638,,92.4149094638,38.999871972600005,,,,,1.19826420479462,,359.5116
359.664,0.0,90.2784894011,,91.1856741411,,91.1856741411,38.999871972600005,,,,,1.19826420479462,,359.664
359.816,0.0,90.3011690196,,91.6120509689,,91.6120509689,38.999871972600005,,,,,1.19826420479462,,359.8164
359.969,0.0,90.3329204855,,91.5939072741,,91.5939072741,38.999871972600005,,,,,1.19826420479462,,359.9688
360.121,0.0,90.3646719514,,91.6800898244,,91.6800898244,38.999871972600005,,,,,1.19826420479462,,360.1212
360.274,0.0,90.3964234173,,92.2969754476,,92.2969754476,38.999871972600005,,,,,1.19826420479462,,360.2736
360.426,0.0,90.4236389595,,92.0520355678,,92.0520355678,38.999871972600005,,,,,1.19826420479462,,360.426
360.578,0.0,90.446318578,,91.4306140209,,91.4306140209,38.999871972600005,,,,,1.19826420479462,,360.5784
360.731,0.0,90.4780700439,,91.6483383585,,91.6483383585,38.999871972600005,,,,,1.19826420479462,,360.7308
360.883,0.0,90.5098215098,,91.5485480371,,91.5485480371,38.999871972600005,,,,,1.19826420479462,,360.8832
361.036,0.0,90.537037052,,91.3716470128,,91.3716470128,38.999871972600005,,,,,1.19826420479462,,361.0356
361.1880000000001,0.0,90.5597166705,,91.7708082984,,91.7708082984,38.999871972600005,,,,,1.19826420479462,,361.1880000000001
361.34,0.0,90.5914681364,,91.6619461296,,91.6619461296,38.999871972600005,,,,,1.19826420479462,,361.3404
361.49300000000005,0.0,90.6141477549,,91.3353596232,,91.3353596232,38.999871972600005,,,,,1.19826420479462,,361.4928
361.645,0.0,90.6368273734,,89.94736697100001,,89.94736697100001,38.999871972600005,,,,,1.19826420479462,,361.6452
361.798,0.0,90.6685788393,,90.4689981965,,90.4689981965,38.999871972600005,,,,,1.19826420479462,,361.7976
361.95,0.0,90.6957943815,,90.8318720925,,90.8318720925,38.999871972600005,,,,,1.19826420479462,,361.95
362.102,0.0,90.7275458474,,91.0632042012,,91.0632042012,38.999871972600005,,,,,1.19826420479462,,362.1024
362.255,0.0,90.7592973133,,91.2310333781,,91.2310333781,38.999871972600005,,,,,1.19826420479462,,362.2548
362.407,0.0,90.7865128555,,91.3852547839,,91.3852547839,38.999871972600005,,,,,1.19826420479462,,362.4072
362.56,0.0,90.809192474,,91.4215421735,,91.4215421735,38.999871972600005,,,,,1.19826420479462,,362.5596
362.712,0.0,90.8364080162,,91.6211228163,,91.6211228163,38.999871972600005,,,,,1.19826420479462,,362.712
362.864,0.0,90.8681594821,,91.7980238406,,91.7980238406,38.999871972600005,,,,,1.19826420479462,,362.8644
363.017,0.0,90.8953750243,,92.1427540418,,92.1427540418,38.999871972600005,,,,,1.19826420479462,,363.0168
363.169,0.0,90.9225905665,,92.260688058,,92.260688058,38.999871972600005,,,,,1.19826420479462,,363.1692
363.322,0.0,90.9588779561,,92.215328821,,92.215328821,38.999871972600005,,,,,1.19826420479462,,363.3216
363.474,0.0,90.9860934983,,92.9002532997,,92.9002532997,38.999871972600005,,,,,1.19826420479462,,363.474
363.626,0.0,91.0133090405,,91.9749248649,,91.9749248649,38.999871972600005,,,,,1.19826420479462,,363.6264
363.779,0.0,91.0450605064,,91.0269168116,,91.0269168116,38.999871972600005,,,,,1.19826420479462,,363.7788
363.931,0.0,91.0722760486,,91.9386374753,,91.9386374753,38.999871972600005,,,,,1.19826420479462,,363.9312
364.084,0.0,91.0994915908,,91.2854644625,,91.2854644625,38.999871972600005,,,,,1.19826420479462,,364.0836
364.236,0.0,91.126707133,,91.444221792,,91.444221792,38.999871972600005,,,,,1.19826420479462,,364.236
364.388,0.0,91.1584585989,,91.7435927562,,91.7435927562,38.999871972600005,,,,,1.19826420479462,,364.3884
364.541,0.0,91.1811382174,,91.8433830776,,91.8433830776,38.999871972600005,,,,,1.19826420479462,,364.5408
364.693,0.0,91.2083537596,,92.306047295,,92.306047295,38.999871972600005,,,,,1.19826420479462,,364.6932
364.846,0.0,91.2355693018,,91.988532636,,91.988532636,38.999871972600005,,,,,1.19826420479462,,364.8456
364.9980000000001,0.0,91.2673207677,,91.5757635793,,91.5757635793,38.999871972600005,,,,,1.19826420479462,,364.9980000000001
365.15,0.0,91.2945363099,,91.9794607886,,91.9794607886,38.999871972600005,,,,,1.19826420479462,,365.1504
365.30300000000005,0.0,91.3262877758,,91.7254490614,,91.7254490614,38.999871972600005,,,,,1.19826420479462,,365.3028
365.455,0.0,91.353503318,,91.4396858683,,91.4396858683,38.999871972600005,,,,,1.19826420479462,,365.4552
365.608,0.0,91.3761829365,,91.4532936394,,91.4532936394,38.999871972600005,,,,,1.19826420479462,,365.6076
365.76,0.0,91.4079344024,,91.5530839608,,91.5530839608,38.999871972600005,,,,,1.19826420479462,,365.76
365.912,0.0,91.4396858683,,91.4759732579,,91.4759732579,38.999871972600005,,,,,1.19826420479462,,365.9124
366.065,0.0,91.4669014105,,91.0269168116,,91.0269168116,38.999871972600005,,,,,1.19826420479462,,366.0648
366.217,0.0,91.4941169527,,91.7481286799,,91.7481286799,38.999871972600005,,,,,1.19826420479462,,366.2172
366.37,0.0,91.5258684186,,91.8343112302,,91.8343112302,38.999871972600005,,,,,1.19826420479462,,366.3696
366.522,0.0,91.5530839608,,91.9295656279,,91.9295656279,38.999871972600005,,,,,1.19826420479462,,366.522
366.674,0.0,91.580299503,,91.6891616718,,91.6891616718,38.999871972600005,,,,,1.19826420479462,,366.6744
366.827,0.0,91.6120509689,,91.9567811701,,91.9567811701,38.999871972600005,,,,,1.19826420479462,,366.8268
366.979,0.0,91.6438024348,,91.9295656279,,91.9295656279,38.999871972600005,,,,,1.19826420479462,,366.9792
367.132,0.0,91.6664820533,,91.1493867515,,91.1493867515,38.999871972600005,,,,,1.19826420479462,,367.1316
367.284,0.0,91.6982335192,,91.6075150452,,91.6075150452,38.999871972600005,,,,,1.19826420479462,,367.284
367.436,0.0,91.7254490614,,91.2854644625,,91.2854644625,38.999871972600005,,,,,1.19826420479462,,367.4364
367.589,0.0,91.7526646036,,91.0722760486,,91.0722760486,38.999871972600005,,,,,1.19826420479462,,367.5888
367.741,0.0,91.7753442221,,91.6846257481,,91.6846257481,38.999871972600005,,,,,1.19826420479462,,367.7412
367.894,0.0,91.807095688,,91.8252393828,,91.8252393828,38.999871972600005,,,,,1.19826420479462,,367.8936
368.046,0.0,91.8343112302,,91.6800898244,,91.6800898244,38.999871972600005,,,,,1.19826420479462,,368.046
368.198,0.0,91.8615267724,,91.6120509689,,91.6120509689,38.999871972600005,,,,,1.19826420479462,,368.1984
368.351,0.0,91.8932782383,,91.6800898244,,91.6800898244,38.999871972600005,,,,,1.19826420479462,,368.3508
368.503,0.0,91.9204937805,,91.6619461296,,91.6619461296,38.999871972600005,,,,,1.19826420479462,,368.5032
368.656,0.0,91.9477093227,,91.7572005273,,91.7572005273,38.999871972600005,,,,,1.19826420479462,,368.6556
368.8080000000001,0.0,91.9749248649,,91.8161675354,,91.8161675354,38.999871972600005,,,,,1.19826420479462,,368.8080000000001
368.96,0.0,92.0066763308,,91.8479190013,,91.8479190013,38.999871972600005,,,,,1.19826420479462,,368.9604
369.11300000000006,0.0,92.0293559493,,91.9114219331,,91.9114219331,38.999871972600005,,,,,1.19826420479462,,369.1128
369.265,0.0,92.0611074152,,91.7798801458,,91.7798801458,38.999871972600005,,,,,1.19826420479462,,369.2652
369.418,0.0,92.0928588811,,91.807095688,,91.807095688,38.999871972600005,,,,,1.19826420479462,,369.4176
369.57,0.0,92.1155384996,,91.6982335192,,91.6982335192,38.999871972600005,,,,,1.19826420479462,,369.57
369.722,0.0,92.1472899655,,91.3126800047,,91.3126800047,38.999871972600005,,,,,1.19826420479462,,369.7224
369.875,0.0,92.1790414314,,91.0677401249,,91.0677401249,38.999871972600005,,,,,1.19826420479462,,369.8748
370.027,0.0,92.2017210499,,91.2310333781,,91.2310333781,38.999871972600005,,,,,1.19826420479462,,370.0272
370.18,0.0,92.2334725158,,91.5031888001,,91.5031888001,38.999871972600005,,,,,1.19826420479462,,370.1796
370.332,0.0,92.260688058,,91.2537129966,,91.2537129966,38.999871972600005,,,,,1.19826420479462,,370.332
370.484,0.0,92.2879036002,,91.43514994459998,,91.43514994459998,38.999871972600005,,,,,1.19826420479462,,370.4844
370.637,0.0,92.3196550661,,91.2854644625,,91.2854644625,38.999871972600005,,,,,1.19826420479462,,370.6368
370.789,0.0,92.3468706083,,91.3172159284,,91.3172159284,38.999871972600005,,,,,1.19826420479462,,370.7892
370.942,0.0,92.3740861505,,91.0677401249,,91.0677401249,38.999871972600005,,,,,1.19826420479462,,370.9416
371.094,0.0,92.4013016927,,92.0656433389,,92.0656433389,38.999871972600005,,,,,1.19826420479462,,371.094
371.246,0.0,92.4330531586,,91.4079344024,,91.4079344024,38.999871972600005,,,,,1.19826420479462,,371.2464
371.399,0.0,92.4557327771,,91.6075150452,,91.6075150452,38.999871972600005,,,,,1.19826420479462,,371.3988
371.551,0.0,92.487484243,,91.7345209088,,91.7345209088,38.999871972600005,,,,,1.19826420479462,,371.5512
371.704,0.0,92.5192357089,,92.4058376164,,92.4058376164,38.999871972600005,,,,,1.19826420479462,,371.7036
371.856,0.0,92.5419153274,,91.5394761897,,91.5394761897,38.999871972600005,,,,,1.19826420479462,,371.856
372.008,0.0,92.5736667933,,91.6574102059,,91.6574102059,38.999871972600005,,,,,1.19826420479462,,372.0084
372.161,0.0,92.6054182592,,91.4215421735,,91.4215421735,38.999871972600005,,,,,1.19826420479462,,372.1608
372.3130000000001,0.0,92.6280978777,,91.1811382174,,91.1811382174,38.999871972600005,,,,,1.19826420479462,,372.3132
372.466,0.0,92.6553134199,,91.7481286799,,91.7481286799,38.999871972600005,,,,,1.19826420479462,,372.4656
372.61800000000005,0.0,92.6870648858,,91.9159578568,,91.9159578568,38.999871972600005,,,,,1.19826420479462,,372.61800000000005
372.77,0.0,92.7188163517,,91.5394761897,,91.5394761897,38.999871972600005,,,,,1.19826420479462,,372.7704
372.923,0.0,92.7460318939,,91.8025597643,,91.8025597643,38.999871972600005,,,,,1.19826420479462,,372.9228
373.075,0.0,92.7687115124,,91.3126800047,,91.3126800047,38.999871972600005,,,,,1.19826420479462,,373.0752
373.228,0.0,92.8004629783,,92.169969584,,92.169969584,38.999871972600005,,,,,1.19826420479462,,373.2276
373.38,0.0,92.8276785205,,91.7980238406,,91.7980238406,38.999871972600005,,,,,1.19826420479462,,373.38
373.532,0.0,92.8594299864,,91.9477093227,,91.9477093227,38.999871972600005,,,,,1.19826420479462,,373.5324
373.685,0.0,92.8866455286,,92.0202841019,,92.0202841019,38.999871972600005,,,,,1.19826420479462,,373.6848
373.837,0.0,92.9183969945,,92.5056279378,,92.5056279378,38.999871972600005,,,,,1.19826420479462,,373.8372
373.99,0.0,92.9456125367,,92.6779930384,,92.6779930384,38.999871972600005,,,,,1.19826420479462,,373.9896
374.142,0.0,92.9682921552,,92.351406532,,92.351406532,38.999871972600005,,,,,1.19826420479462,,374.142
374.294,0.0,93.0000436211,,92.6553134199,,92.6553134199,38.999871972600005,,,,,1.19826420479462,,374.2944
374.447,0.0,93.0272591633,,92.487484243,,92.487484243,38.999871972600005,,,,,1.19826420479462,,374.4468
374.599,0.0,93.0590106292,,92.5645949459,,92.5645949459,38.999871972600005,,,,,1.19826420479462,,374.5992
374.752,0.0,93.0862261714,,92.804998902,,92.804998902,38.999871972600005,,,,,1.19826420479462,,374.7516
374.904,0.0,93.1134417136,,91.9204937805,,91.9204937805,38.999871972600005,,,,,1.19826420479462,,374.904
375.056,0.0,93.1451931795,,91.8569908487,,91.8569908487,38.999871972600005,,,,,1.19826420479462,,375.0564
375.209,0.0,93.167872798,,92.2470802869,,92.2470802869,38.999871972600005,,,,,1.19826420479462,,375.2088
375.361,0.0,93.1996242639,,91.62565874,,91.62565874,38.999871972600005,,,,,1.19826420479462,,375.3612
375.514,0.0,93.2268398061,,91.1856741411,,91.1856741411,38.999871972600005,,,,,1.19826420479462,,375.5136
375.666,0.0,93.2540553483,,91.6846257481,,91.6846257481,38.999871972600005,,,,,1.19826420479462,,375.666
375.818,0.0,93.2858068142,,92.3786220742,,92.3786220742,38.999871972600005,,,,,1.19826420479462,,375.8184
375.971,0.0,93.3084864327,,91.7572005273,,91.7572005273,38.999871972600005,,,,,1.19826420479462,,375.9708
376.1230000000001,0.0,93.3402378986,,91.7708082984,,91.7708082984,38.999871972600005,,,,,1.19826420479462,,376.1232
376.276,0.0,93.3719893645,,91.4850451053,,91.4850451053,38.999871972600005,,,,,1.19826420479462,,376.2756
376.42800000000005,0.0,93.394668983,,91.8161675354,,91.8161675354,38.999871972600005,,,,,1.19826420479462,,376.42800000000005
376.58,0.0,93.4264204489,,91.5394761897,,91.5394761897,38.999871972600005,,,,,1.19826420479462,,376.5804
376.733,0.0,93.4581719148,,91.5077247238,,91.5077247238,38.999871972600005,,,,,1.19826420479462,,376.7328
376.885,0.0,93.4808515333,,91.6483383585,,91.6483383585,38.999871972600005,,,,,1.19826420479462,,376.8852
377.038,0.0,93.5126029992,,91.5893713504,,91.5893713504,38.999871972600005,,,,,1.19826420479462,,377.0376
377.19,0.0,93.5443544651,,92.351406532,,92.351406532,38.999871972600005,,,,,1.19826420479462,,377.19
377.342,0.0,93.5670340836,,91.807095688,,91.807095688,38.999871972600005,,,,,1.19826420479462,,377.3424
377.495,0.0,93.5987855495,,91.8297753065,,91.8297753065,38.999871972600005,,,,,1.19826420479462,,377.4948
377.647,0.0,93.6305370154,,91.9159578568,,91.9159578568,38.999871972600005,,,,,1.19826420479462,,377.6472
377.8,0.0,93.6532166339,,91.8796704672,,91.8796704672,38.999871972600005,,,,,1.19826420479462,,377.7996
377.952,0.0,93.6758962524,,91.8796704672,,91.8796704672,38.999871972600005,,,,,1.19826420479462,,377.952
378.104,0.0,93.7076477183,,91.6528742822,,91.6528742822,38.999871972600005,,,,,1.19826420479462,,378.1044
378.257,0.0,93.7393991842,,91.4941169527,,91.4941169527,38.999871972600005,,,,,1.19826420479462,,378.2568
378.409,0.0,93.7666147264,,91.3671110891,,91.3671110891,38.999871972600005,,,,,1.19826420479462,,378.4092
378.562,0.0,93.7983661923,,91.3036081573,,91.3036081573,38.999871972600005,,,,,1.19826420479462,,378.5616
378.714,0.0,93.8210458108,,91.4260780972,,91.4260780972,38.999871972600005,,,,,1.19826420479462,,378.714
378.866,0.0,93.8527972767,,91.4669014105,,91.4669014105,38.999871972600005,,,,,1.19826420479462,,378.8664
379.019,0.0,93.8800128189,,91.5939072741,,91.5939072741,38.999871972600005,,,,,1.19826420479462,,379.0188
379.171,0.0,93.9072283611,,91.9794607886,,91.9794607886,38.999871972600005,,,,,1.19826420479462,,379.1712
379.324,0.0,93.938979827,,91.8615267724,,91.8615267724,38.999871972600005,,,,,1.19826420479462,,379.3236
379.476,0.0,93.9707312929,,91.807095688,,91.807095688,38.999871972600005,,,,,1.19826420479462,,379.476
379.628,0.0,93.9934109114,,91.5712276556,,91.5712276556,38.999871972600005,,,,,1.19826420479462,,379.6284
379.781,0.0,94.0206264536,,91.9976044834,,91.9976044834,38.999871972600005,,,,,1.19826420479462,,379.7808
379.9330000000001,0.0,94.0523779195,,91.7934879169,,91.7934879169,38.999871972600005,,,,,1.19826420479462,,379.9332
380.086,0.0,94.0841293854,,91.8705986198,,91.8705986198,38.999871972600005,,,,,1.19826420479462,,380.0856
380.23800000000006,0.0,94.1068090039,,91.3761829365,,91.3761829365,38.999871972600005,,,,,1.19826420479462,,380.23800000000006
380.39,0.0,94.1340245461,,92.0474996441,,92.0474996441,38.999871972600005,,,,,1.19826420479462,,380.3904
380.543,0.0,94.165776012,,91.5077247238,,91.5077247238,38.999871972600005,,,,,1.19826420479462,,380.5428
380.695,0.0,94.1929915542,,91.1357789804,,91.1357789804,38.999871972600005,,,,,1.19826420479462,,380.6952
380.848,0.0,94.2202070964,,91.1130993619,,91.1130993619,38.999871972600005,,,,,1.19826420479462,,380.8476
381.0,0.0,94.2474226386,,91.2491770729,,91.2491770729,38.999871972600005,,,,,1.19826420479462,,381.0
381.152,0.0,94.2791741045,,91.8433830776,,91.8433830776,38.999871972600005,,,,,1.19826420479462,,381.1524
381.305,0.0,94.3063896467,,91.3444314706,,91.3444314706,38.999871972600005,,,,,1.19826420479462,,381.3048
381.457,0.0,94.3336051889,,91.3126800047,,91.3126800047,38.999871972600005,,,,,1.19826420479462,,381.4572
381.61,0.0,94.3608207311,,91.2900003862,,91.2900003862,38.999871972600005,,,,,1.19826420479462,,381.6096
381.762,0.0,94.392572197,,91.081347896,,91.081347896,38.999871972600005,,,,,1.19826420479462,,381.762
381.914,0.0,94.4197877392,,91.353503318,,91.353503318,38.999871972600005,,,,,1.19826420479462,,381.9144
382.067,0.0,94.4470032814,,91.5031888001,,91.5031888001,38.999871972600005,,,,,1.19826420479462,,382.0668
382.219,0.0,94.4742188236,,91.4306140209,,91.4306140209,38.999871972600005,,,,,1.19826420479462,,382.2192
382.372,0.0,94.5014343658,,91.4850451053,,91.4850451053,38.999871972600005,,,,,1.19826420479462,,382.3716
382.524,0.0,94.5331858317,,91.8615267724,,91.8615267724,38.999871972600005,,,,,1.19826420479462,,382.524
382.676,0.0,94.5604013739,,91.3897907076,,91.3897907076,38.999871972600005,,,,,1.19826420479462,,382.6764
382.829,0.0,94.5876169161,,91.6165868926,,91.6165868926,38.999871972600005,,,,,1.19826420479462,,382.8288
382.981,0.0,94.6148324583,,92.1291462707,,92.1291462707,38.999871972600005,,,,,1.19826420479462,,382.9812
383.134,0.0,94.6465839242,,91.0223808879,,91.0223808879,38.999871972600005,,,,,1.19826420479462,,383.1336
383.286,0.0,94.6737994664,,91.2491770729,,91.2491770729,38.999871972600005,,,,,1.19826420479462,,383.286
383.4380000000001,0.0,94.7010150086,,91.9794607886,,91.9794607886,38.999871972600005,,,,,1.19826420479462,,383.4384
383.591,0.0,94.7282305508,,90.8182643214,,90.8182643214,38.999871972600005,,,,,1.19826420479462,,383.5908
383.74300000000005,0.0,94.755446093,,91.0677401249,,91.0677401249,38.999871972600005,,,,,1.19826420479462,,383.7432
383.896,0.0,94.7871975589,,91.7889519932,,91.7889519932,38.999871972600005,,,,,1.19826420479462,,383.8956
384.048,0.0,94.8144131011,,91.2264974544,,91.2264974544,38.999871972600005,,,,,1.19826420479462,,384.048
384.2,0.0,94.8416286433,,91.1856741411,,91.1856741411,38.999871972600005,,,,,1.19826420479462,,384.2004
384.353,0.0,94.8688441855,,91.1085634382,,91.1085634382,38.999871972600005,,,,,1.19826420479462,,384.3528
384.505,0.0,94.9051315751,,91.9613170938,,91.9613170938,38.999871972600005,,,,,1.19826420479462,,384.5052
384.658,0.0,94.936883041,,91.2083537596,,91.2083537596,38.999871972600005,,,,,1.19826420479462,,384.6576
384.81,0.0,94.9640985832,,92.2561521343,,92.2561521343,38.999871972600005,,,,,1.19826420479462,,384.81
384.962,0.0,94.9913141254,,92.5101638615,,92.5101638615,38.999871972600005,,,,,1.19826420479462,,384.9624
385.115,0.0,95.0185296676,,92.1926492025,,92.1926492025,38.999871972600005,,,,,1.19826420479462,,385.1148
385.267,0.0,95.0457452098,,92.1110025759,,92.1110025759,38.999871972600005,,,,,1.19826420479462,,385.2672
385.42,0.0,95.072960752,,91.9613170938,,91.9613170938,38.999871972600005,,,,,1.19826420479462,,385.4196
385.572,0.0,95.1001762942,,91.6800898244,,91.6800898244,38.999871972600005,,,,,1.19826420479462,,385.572
385.724,0.0,95.1273918364,,91.4759732579,,91.4759732579,38.999871972600005,,,,,1.19826420479462,,385.7244
385.877,0.0,95.1546073786,,91.3807188602,,91.3807188602,38.999871972600005,,,,,1.19826420479462,,385.8768
386.029,0.0,95.1818229208,,91.4396858683,,91.4396858683,38.999871972600005,,,,,1.19826420479462,,386.0292
386.182,0.0,95.2181103104,,91.1766022937,,91.1766022937,38.999871972600005,,,,,1.19826420479462,,386.1816
386.334,0.0,95.2498617763,,91.9839967123,,91.9839967123,38.999871972600005,,,,,1.19826420479462,,386.334
386.486,0.0,95.2770773185,,92.0837870337,,92.0837870337,38.999871972600005,,,,,1.19826420479462,,386.4864
386.639,0.0,95.3042928607,,92.3015113713,,92.3015113713,38.999871972600005,,,,,1.19826420479462,,386.6388
386.791,0.0,95.3315084029,,92.7460318939,,92.7460318939,38.999871972600005,,,,,1.19826420479462,,386.7912
386.944,0.0,95.3587239451,,92.6870648858,,92.6870648858,38.999871972600005,,,,,1.19826420479462,,386.9436
387.096,0.0,95.3859394873,,92.4375890823,,92.4375890823,38.999871972600005,,,,,1.19826420479462,,387.096
387.2480000000001,0.0,95.4131550295,,92.3287269135,,92.3287269135,38.999871972600005,,,,,1.19826420479462,,387.2484
387.401,0.0,95.4403705717,,91.9976044834,,91.9976044834,38.999871972600005,,,,,1.19826420479462,,387.4008
387.55300000000005,0.0,95.4675861139,,92.1382181181,,92.1382181181,38.999871972600005,,,,,1.19826420479462,,387.5532
387.706,0.0,95.4993375798,,91.8660626961,,91.8660626961,38.999871972600005,,,,,1.19826420479462,,387.7056
387.858,0.0,95.5356249694,,92.2470802869,,92.2470802869,38.999871972600005,,,,,1.19826420479462,,387.858
388.01,0.0,95.5628405116,,93.4672437622,,93.4672437622,38.999871972600005,,,,,1.19826420479462,,388.0104
388.163,0.0,95.5900560538,,91.9522452464,,91.9522452464,38.999871972600005,,,,,1.19826420479462,,388.1628
388.315,0.0,95.617271596,,92.8140707494,,92.8140707494,38.999871972600005,,,,,1.19826420479462,,388.3152
388.468,0.0,95.6444871382,,92.7687115124,,92.7687115124,38.999871972600005,,,,,1.19826420479462,,388.4676
388.62,0.0,95.6717026804,,92.6008823355,,92.6008823355,38.999871972600005,,,,,1.19826420479462,,388.62
388.772,0.0,95.6989182226,,92.9909717737,,92.9909717737,38.999871972600005,,,,,1.19826420479462,,388.7724
388.925,0.0,95.7261337648,,92.759639665,,92.759639665,38.999871972600005,,,,,1.19826420479462,,388.9248
389.077,0.0,95.753349307,,92.6553134199,,92.6553134199,38.999871972600005,,,,,1.19826420479462,,389.0772
389.23,0.0,95.7805648492,,92.7278881991,,92.7278881991,38.999871972600005,,,,,1.19826420479462,,389.2296
389.382,0.0,95.8077803914,,93.2721990431,,93.2721990431,38.999871972600005,,,,,1.19826420479462,,389.382
389.534,0.0,95.8395318573,,93.4536359911,,93.4536359911,38.999871972600005,,,,,1.19826420479462,,389.5344
389.687,0.0,95.8758192469,,92.9183969945,,92.9183969945,38.999871972600005,,,,,1.19826420479462,,389.6868
389.839,0.0,95.9030347891,,92.9637562315,,92.9637562315,38.999871972600005,,,,,1.19826420479462,,389.8392
389.992,0.0,95.9302503313,,92.2833676765,,92.2833676765,38.999871972600005,,,,,1.19826420479462,,389.9916
390.144,0.0,95.9574658735,,92.941076613,,92.941076613,38.999871972600005,,,,,1.19826420479462,,390.144
390.296,0.0,95.9846814157,,92.850358139,,92.850358139,38.999871972600005,,,,,1.19826420479462,,390.2964
390.449,0.0,96.0118969579,,92.9818999263,,92.9818999263,38.999871972600005,,,,,1.19826420479462,,390.4488
390.601,0.0,96.0391125001,,92.3650143031,,92.3650143031,38.999871972600005,,,,,1.19826420479462,,390.6012
390.754,0.0,96.0663280423,,92.6870648858,,92.6870648858,38.999871972600005,,,,,1.19826420479462,,390.7536
390.906,0.0,96.0935435845,,92.9138610708,,92.9138610708,38.999871972600005,,,,,1.19826420479462,,390.906
391.0580000000001,0.0,96.1207591267,,92.5464512511,,92.5464512511,38.999871972600005,,,,,1.19826420479462,,391.0584
391.211,0.0,96.1525105926,,92.5736667933,,92.5736667933,38.999871972600005,,,,,1.19826420479462,,391.2108
391.36300000000006,0.0,96.1887979822,,92.8730377575,,92.8730377575,38.999871972600005,,,,,1.19826420479462,,391.3632
391.516,0.0,96.2114776007,,93.2540553483,,93.2540553483,38.999871972600005,,,,,1.19826420479462,,391.5156
391.668,0.0,96.2386931429,,93.2858068142,,93.2858068142,38.999871972600005,,,,,1.19826420479462,,391.668
391.82,0.0,96.2659086851,,92.804998902,,92.804998902,38.999871972600005,,,,,1.19826420479462,,391.8204
391.973,0.0,96.2931242273,,92.6280978777,,92.6280978777,38.999871972600005,,,,,1.19826420479462,,391.9728
392.125,0.0,96.3203397695,,91.7526646036,,91.7526646036,38.999871972600005,,,,,1.19826420479462,,392.1252
392.278,0.0,96.343019388,,92.15636181290002,,92.15636181290002,38.999871972600005,,,,,1.19826420479462,,392.2776
392.43,0.0,96.3747708539,,91.8252393828,,91.8252393828,38.999871972600005,,,,,1.19826420479462,,392.43
392.582,0.0,96.4019863961,,92.1926492025,,92.1926492025,38.999871972600005,,,,,1.19826420479462,,392.5824
392.735,5.0,96.4292019383,,68.6965644365,,68.6965644365,39.0180156674,,,,,1.19826420479462,,392.7348
392.887,0.0,96.4609534042,,92.4829483193,,92.4829483193,39.8934489415,,,,,1.19826420479462,,392.8872
393.04,0.0,96.4881689464,,92.5056279378,,92.5056279378,39.8934489415,,,,,1.19826420479462,,393.0396
393.192,0.0,96.5199204123,,92.4285172349,,92.4285172349,39.8934489415,,,,,1.19826420479462,,393.192
393.344,0.0,96.5471359545,,92.396765769,,92.396765769,39.8934489415,,,,,1.19826420479462,,393.3444
393.497,0.0,96.5743514967,,92.396765769,,92.396765769,39.8934489415,,,,,1.19826420479462,,393.4968
393.649,0.0,96.6015670389,,92.1926492025,,92.1926492025,39.8934489415,,,,,1.19826420479462,,393.6492
393.802,0.0,96.6287825811,,92.1472899655,,92.1472899655,39.8934489415,,,,,1.19826420479462,,393.8016
393.954,0.0,96.660534047,,92.4466609297,,92.4466609297,39.8934489415,,,,,1.19826420479462,,393.954
394.106,0.0,96.6922855129,,92.2652239817,,92.2652239817,39.8934489415,,,,,1.19826420479462,,394.1064
394.259,0.0,96.7195010551,,92.4330531586,,92.4330531586,39.8934489415,,,,,1.19826420479462,,394.2588
394.411,9.66,96.7331088262,,92.0520355678,,92.0520355678,39.8934489415,,,,,1.19826420479462,,394.4112
394.564,0.0,96.7693962158,,94.4152518155,,94.4152518155,39.8934489415,,,,,1.19826420479462,,394.5636
394.716,0.0,96.796611758,,94.2383507912,,94.2383507912,39.8934489415,,,,,1.19826420479462,,394.716
394.86800000000005,0.0,96.8238273002,,94.4243236629,,94.4243236629,39.8934489415,,,,,1.19826420479462,,394.8684
395.021,0.0,96.8510428424,,94.3063896467,,94.3063896467,39.8934489415,,,,,1.19826420479462,,395.0208
395.173,0.0,96.8827943083,,94.1385604698,,94.1385604698,39.8934489415,,,,,1.19826420479462,,395.1732
395.326,0.0,96.9100098505,,94.7191587034,,94.7191587034,39.8934489415,,,,,1.19826420479462,,395.3256
395.478,0.0,96.9372253927,,94.528649908,,94.528649908,39.8934489415,,,,,1.19826420479462,,395.478
395.63,0.0,96.9644409349,,93.6804321761,,93.6804321761,39.8934489415,,,,,1.19826420479462,,395.6304
395.783,0.0,96.9961924008,,93.6305370154,,93.6305370154,39.8934489415,,,,,1.19826420479462,,395.7828
395.935,0.0,97.023407943,,93.6985758709,,93.6985758709,39.8934489415,,,,,1.19826420479462,,395.9352
396.088,0.0,97.0506234852,,93.3719893645,,93.3719893645,39.8934489415,,,,,1.19826420479462,,396.0876
396.24,0.0,97.0778390274,,93.5806418547,,93.5806418547,39.8934489415,,,,,1.19826420479462,,396.24
396.392,0.0,97.1095904933,,93.5080670755,,93.5080670755,39.8934489415,,,,,1.19826420479462,,396.3924
396.545,0.0,97.1368060355,,93.1633368743,,93.1633368743,39.8934489415,,,,,1.19826420479462,,396.5448
396.697,0.0,97.1640215777,,93.4264204489,,93.4264204489,39.8934489415,,,,,1.19826420479462,,396.6972
396.85,0.0,97.1912371199,,93.8119739634,,93.8119739634,39.8934489415,,,,,1.19826420479462,,396.8496
397.002,0.0,97.2229885858,,93.9616594455,,93.9616594455,39.8934489415,,,,,1.19826420479462,,397.002
397.154,0.0,97.250204128,,93.6486807102,,93.6486807102,39.8934489415,,,,,1.19826420479462,,397.1544
397.307,0.0,97.2774196702,,93.4627078385,,93.4627078385,39.8934489415,,,,,1.19826420479462,,397.3068
397.459,0.0,97.3046352124,,94.2247430201,,94.2247430201,39.8934489415,,,,,1.19826420479462,,397.4592
397.612,0.0,97.3318507546,,94.2610304097,,94.2610304097,39.8934489415,,,,,1.19826420479462,,397.6116
397.764,0.0,97.3590662968,,93.2495194246,,93.2495194246,39.8934489415,,,,,1.19826420479462,,397.764
397.916,0.0,97.3908177627,,93.2858068142,,93.2858068142,39.8934489415,,,,,1.19826420479462,,397.9164
398.069,0.0,97.4225692286,,93.1905524165,,93.1905524165,39.8934489415,,,,,1.19826420479462,,398.0688
398.221,0.0,97.4497847708,,93.4264204489,,93.4264204489,39.8934489415,,,,,1.19826420479462,,398.2212
398.374,0.0,97.4815362367,,93.576105931,,93.576105931,39.8934489415,,,,,1.19826420479462,,398.3736
398.526,0.0,97.5087517789,,94.1340245461,,94.1340245461,39.8934489415,,,,,1.19826420479462,,398.526
398.67800000000005,0.0,97.5359673211,,94.0206264536,,94.0206264536,39.8934489415,,,,,1.19826420479462,,398.6784
398.831,0.0,97.5631828633,,94.0977371565,,94.0977371565,39.8934489415,,,,,1.19826420479462,,398.8308
398.983,0.0,97.5903984055,,94.1929915542,,94.1929915542,39.8934489415,,,,,1.19826420479462,,398.9832
399.136,0.0,97.6221498714,,95.2680054711,,95.2680054711,39.8934489415,,,,,1.19826420479462,,399.1356
399.288,0.0,97.6493654136,,94.1430963935,,94.1430963935,39.8934489415,,,,,1.19826420479462,,399.288
399.44,0.0,97.6765809558,,93.8255817345,,93.8255817345,39.8934489415,,,,,1.19826420479462,,399.4404
399.593,0.0,97.703796498,,94.1385604698,,94.1385604698,39.8934489415,,,,,1.19826420479462,,399.5928
399.745,0.0,97.7355479639,,94.5604013739,,94.5604013739,39.8934489415,,,,,1.19826420479462,,399.7452
399.898,0.0,97.7627635061,,94.4243236629,,94.4243236629,39.8934489415,,,,,1.19826420479462,,399.8976
400.05,0.0,97.7899790483,,94.7146227797,,94.7146227797,39.8934489415,,,,,1.19826420479462,,400.05
400.202,0.0,97.8217305142,,94.5649372976,,94.5649372976,39.8934489415,,,,,1.19826420479462,,400.2024
400.355,0.0,97.8489460564,,95.1364636838,,95.1364636838,39.8934489415,,,,,1.19826420479462,,400.3548
400.507,0.0,97.8761615986,,95.1409996075,,95.1409996075,39.8934489415,,,,,1.19826420479462,,400.5072
400.66,0.0,97.9033771408,,95.4675861139,,95.4675861139,39.8934489415,,,,,1.19826420479462,,400.6596
400.812,0.0,97.9351286067,,95.2861491659,,95.2861491659,39.8934489415,,,,,1.19826420479462,,400.812
400.964,0.0,97.9623441489,,95.8168522388,,95.8168522388,39.8934489415,,,,,1.19826420479462,,400.9644
401.117,0.0,97.9940956148,,95.526553122,,95.526553122,39.8934489415,,,,,1.19826420479462,,401.1168
401.269,0.0,98.021311157,,95.6490230619,,95.6490230619,39.8934489415,,,,,1.19826420479462,,401.2692
401.422,0.0,98.0485266992,,95.6444871382,,95.6444871382,39.8934489415,,,,,1.19826420479462,,401.4216
401.574,0.0,98.0802781651,,95.7352056122,,95.7352056122,39.8934489415,,,,,1.19826420479462,,401.574
401.726,0.0,98.1074937073,,95.4040831821,,95.4040831821,39.8934489415,,,,,1.19826420479462,,401.7264
401.879,0.0,98.1301733258,,95.2952210133,,95.2952210133,39.8934489415,,,,,1.19826420479462,,401.8788
402.031,0.0,98.1619247917,,95.2045025393,,95.2045025393,39.8934489415,,,,,1.19826420479462,,402.0312
402.184,0.0,98.1936762576,,95.3088287844,,95.3088287844,39.8934489415,,,,,1.19826420479462,,402.1836
402.336,0.0,98.2163558761,,95.2498617763,,95.2498617763,39.8934489415,,,,,1.19826420479462,,402.336
402.48800000000006,0.0,98.2435714183,,95.0638889046,,95.0638889046,39.8934489415,,,,,1.19826420479462,,402.4884
402.641,0.0,98.2753228842,,95.163679226,,95.163679226,39.8934489415,,,,,1.19826420479462,,402.6408
402.793,0.0,98.3070743501,,95.4902657324,,95.4902657324,39.8934489415,,,,,1.19826420479462,,402.7932
402.946,0.0,98.3297539686,,95.3723317162,,95.3723317162,39.8934489415,,,,,1.19826420479462,,402.9456
403.098,0.0,98.3615054345,,95.3587239451,,95.3587239451,39.8934489415,,,,,1.19826420479462,,403.098
403.25,0.0,98.3932569004,,95.5129453509,,95.5129453509,39.8934489415,,,,,1.19826420479462,,403.2504
403.403,0.0,98.4159365189,,95.5220171983,,95.5220171983,39.8934489415,,,,,1.19826420479462,,403.4028
403.555,0.0,98.4431520611,,95.3587239451,,95.3587239451,39.8934489415,,,,,1.19826420479462,,403.5552
403.708,0.0,98.474903527,,95.5583045879,,95.5583045879,39.8934489415,,,,,1.19826420479462,,403.7076
403.86,0.0,98.5021190692,,95.2453258526,,95.2453258526,39.8934489415,,,,,1.19826420479462,,403.86
404.012,0.0,98.5293346114,,95.2725413948,,95.2725413948,39.8934489415,,,,,1.19826420479462,,404.0124
404.165,0.0,98.5565501536,,95.0865685231,,95.0865685231,39.8934489415,,,,,1.19826420479462,,404.1648
404.317,0.0,98.5883016195,,95.4675861139,,95.4675861139,39.8934489415,,,,,1.19826420479462,,404.3172
404.47,0.0,98.6155171617,,95.2589336237,,95.2589336237,39.8934489415,,,,,1.19826420479462,,404.4696
404.622,0.0,98.6427327039,,95.4086191058,,95.4086191058,39.8934489415,,,,,1.19826420479462,,404.622
404.774,0.0,98.6744841698,,95.0321374387,,95.0321374387,39.8934489415,,,,,1.19826420479462,,404.7744
404.927,0.0,98.701699712,,94.9459548884,,94.9459548884,39.8934489415,,,,,1.19826420479462,,404.9268
405.079,0.0,98.7289152542,,94.9867782017,,94.9867782017,39.8934489415,,,,,1.19826420479462,,405.0792
405.232,0.0,98.7561307964,,95.2135743867,,95.2135743867,39.8934489415,,,,,1.19826420479462,,405.2316
405.384,0.0,98.7878822623,,95.118319989,,95.118319989,39.8934489415,,,,,1.19826420479462,,405.384
405.536,0.0,98.8150978045,,95.6354152908,,95.6354152908,39.8934489415,,,,,1.19826420479462,,405.5364
405.689,0.0,98.8423133467,,95.4857298087,,95.4857298087,39.8934489415,,,,,1.19826420479462,,405.6888
405.841,0.0,98.8695288889,,95.0774966757,,95.0774966757,39.8934489415,,,,,1.19826420479462,,405.8412
405.994,0.0,98.9012803548,,95.0457452098,,95.0457452098,39.8934489415,,,,,1.19826420479462,,405.9936
406.146,0.0,98.928495897,,94.8688441855,,94.8688441855,39.8934489415,,,,,1.19826420479462,,406.146
406.298,0.0,98.9557114392,,95.1273918364,,95.1273918364,39.8934489415,,,,,1.19826420479462,,406.2984
406.451,0.0,98.9874629051,,94.9731704306,,94.9731704306,39.8934489415,,,,,1.19826420479462,,406.4508
406.603,0.0,99.0146784473,,95.118319989,,95.118319989,39.8934489415,,,,,1.19826420479462,,406.6032
406.756,0.0,99.0418939895,,95.3269724792,,95.3269724792,39.8934489415,,,,,1.19826420479462,,406.7556
406.908,0.0,99.0736454554,,95.4403705717,,95.4403705717,39.8934489415,,,,,1.19826420479462,,406.908
407.06,0.0,99.1008609976,,95.10471221790002,,95.10471221790002,39.8934489415,,,,,1.19826420479462,,407.0604
407.213,0.0,99.1280765398,,94.8416286433,,94.8416286433,39.8934489415,,,,,1.19826420479462,,407.2128
407.365,0.0,99.155292082,,95.1500714549,,95.1500714549,39.8934489415,,,,,1.19826420479462,,407.3652
407.518,0.0,99.1870435479,,95.163679226,,95.163679226,39.8934489415,,,,,1.19826420479462,,407.5176
407.67,0.0,99.2142590901,,95.0820325994,,95.0820325994,39.8934489415,,,,,1.19826420479462,,407.67
407.822,0.0,99.2414746323,,94.7599820167,,94.7599820167,39.8934489415,,,,,1.19826420479462,,407.8224
407.975,0.0,99.2686901745,,95.2634695474,,95.2634695474,39.8934489415,,,,,1.19826420479462,,407.9748
408.127,0.0,99.3004416404,,95.0548170572,,95.0548170572,39.8934489415,,,,,1.19826420479462,,408.1272
408.28,0.0,99.3276571826,,95.0548170572,,95.0548170572,39.8934489415,,,,,1.19826420479462,,408.2796
408.432,0.0,99.3548727248,,94.8370927196,,94.8370927196,39.8934489415,,,,,1.19826420479462,,408.432
408.584,0.0,99.3866241907,,95.0003859728,,95.0003859728,39.8934489415,,,,,1.19826420479462,,408.5844
408.737,0.0,99.41383973290002,,95.345116174,,95.345116174,39.8934489415,,,,,1.19826420479462,,408.7368
408.889,0.0,99.4410552751,,95.209038463,,95.209038463,39.8934489415,,,,,1.19826420479462,,408.8892
409.042,0.0,99.4682708173,,95.1273918364,,95.1273918364,39.8934489415,,,,,1.19826420479462,,409.0416
409.194,0.0,99.5000222832,,95.4176909532,,95.4176909532,39.8934489415,,,,,1.19826420479462,,409.194
409.346,0.0,99.5272378254,,95.6308793671,,95.6308793671,39.8934489415,,,,,1.19826420479462,,409.3464
409.499,0.0,99.5544533676,,95.481193885,,95.481193885,39.8934489415,,,,,1.19826420479462,,409.4988
409.651,0.0,99.5816689098,,95.10471221790002,,95.10471221790002,39.8934489415,,,,,1.19826420479462,,409.6512
409.804,0.0,99.608884452,,95.5628405116,,95.5628405116,39.8934489415,,,,,1.19826420479462,,409.8036
409.956,0.0,99.6406359179,,95.7669570781,,95.7669570781,39.8934489415,,,,,1.19826420479462,,409.956
410.108,0.0,99.6723873838,,95.4857298087,,95.4857298087,39.8934489415,,,,,1.19826420479462,,410.1084
410.261,0.0,99.6950670023,,95.6218075197,,95.6218075197,39.8934489415,,,,,1.19826420479462,,410.2608
410.413,0.0,99.7222825445,,96.2477649903,,96.2477649903,39.8934489415,,,,,1.19826420479462,,410.4132
410.566,0.0,99.7540340104,,96.3158038458,,96.3158038458,39.8934489415,,,,,1.19826420479462,,410.5656
410.718,0.0,99.7812495526,,95.8077803914,,95.8077803914,39.8934489415,,,,,1.19826420479462,,410.718
410.87,0.0,99.8084650948,,95.844067781,,95.844067781,39.8934489415,,,,,1.19826420479462,,410.8704
411.023,0.0,99.8402165607,,95.3360443266,,95.3360443266,39.8934489415,,,,,1.19826420479462,,411.0228
411.175,0.0,99.8674321029,,97.9986315385,,97.9986315385,39.8934489415,,,,,1.19826420479462,,411.1752
411.328,0.0,99.8946476451,,99.41383973290002,,99.41383973290002,39.8934489415,,,,,1.19826420479462,,411.3276
411.48,0.0,99.9218631873,,99.2414746323,,99.2414746323,39.8934489415,,,,,1.19826420479462,,411.48
411.632,0.0,99.9536146532,,99.1915794716,,99.1915794716,39.8934489415,,,,,1.19826420479462,,411.6324
411.785,0.0,99.9808301954,,99.1507561583,,99.1507561583,39.8934489415,,,,,1.19826420479462,,411.7848
411.937,0.0,100.0125816613,,99.4682708173,,99.4682708173,39.8934489415,,,,,1.19826420479462,,411.9372
412.09,0.0,100.0352612798,,99.971758348,,99.971758348,39.8934489415,,,,,1.19826420479462,,412.0896
412.242,0.0,100.062476822,,100.0579408983,,100.0579408983,39.8934489415,,,,,1.19826420479462,,412.242
412.394,0.0,100.0942282879,,100.0534049746,,100.0534049746,39.8934489415,,,,,1.19826420479462,,412.3944
412.547,0.0,100.1259797538,,99.9445428058,,99.9445428058,39.8934489415,,,,,1.19826420479462,,412.5468
412.699,0.0,100.1486593723,,99.9581505769,,99.9581505769,39.8934489415,,,,,1.19826420479462,,412.6992
412.852,0.0,100.1758749145,,100.0216535087,,100.0216535087,39.8934489415,,,,,1.19826420479462,,412.8516
413.004,0.0,100.2076263804,,100.0261894324,,100.0261894324,39.8934489415,,,,,1.19826420479462,,413.004
413.156,0.0,100.2393778463,,100.0352612798,,100.0352612798,39.8934489415,,,,,1.19826420479462,,413.1564
413.309,0.0,100.2620574648,,100.0216535087,,100.0216535087,39.8934489415,,,,,1.19826420479462,,413.3088
413.461,0.0,100.289273007,,99.9944379665,,99.9944379665,39.8934489415,,,,,1.19826420479462,,413.4612
413.614,0.0,100.3210244729,,100.0806205168,,100.0806205168,39.8934489415,,,,,1.19826420479462,,413.6136
413.766,0.0,100.3527759388,,100.0851564405,,100.0851564405,39.8934489415,,,,,1.19826420479462,,413.766
413.918,0.0,100.379991481,,99.9853661191,,99.9853661191,39.8934489415,,,,,1.19826420479462,,413.9184
414.071,0.0,100.4026710995,,100.0397972035,,100.0397972035,39.8934489415,,,,,1.19826420479462,,414.0708
414.223,0.0,100.4344225654,,100.0125816613,,100.0125816613,39.8934489415,,,,,1.19826420479462,,414.2232
414.376,0.0,100.4661740313,,99.9808301954,,99.9808301954,39.8934489415,,,,,1.19826420479462,,414.3756
414.528,0.0,100.4933895735,,99.9989738902,,99.9989738902,39.8934489415,,,,,1.19826420479462,,414.528
414.68,0.0,100.5206051157,,99.9581505769,,99.9581505769,39.8934489415,,,,,1.19826420479462,,414.6804
414.833,0.0,100.5478206579,,100.0216535087,,100.0216535087,39.8934489415,,,,,1.19826420479462,,414.8328
414.985,0.0,100.5795721238,,100.0806205168,,100.0806205168,39.8934489415,,,,,1.19826420479462,,414.9852
415.138,0.0,100.606787666,,100.017117585,,100.017117585,39.8934489415,,,,,1.19826420479462,,415.1376
415.29,0.0,100.6340032082,,100.0806205168,,100.0806205168,39.8934489415,,,,,1.19826420479462,,415.29
415.442,0.0,100.6612187504,,100.0896923642,,100.0896923642,39.8934489415,,,,,1.19826420479462,,415.4424
415.595,0.0,100.6884342926,,100.0125816613,,100.0125816613,39.8934489415,,,,,1.19826420479462,,415.5948
415.747,0.0,100.7156498348,,99.9853661191,,99.9853661191,39.8934489415,,,,,1.19826420479462,,415.7472
415.9,0.0,100.7474013007,,100.0443331272,,100.0443331272,39.8934489415,,,,,1.19826420479462,,415.8996
416.052,0.0,100.7791527666,,100.0579408983,,100.0579408983,39.8934489415,,,,,1.19826420479462,,416.052
416.204,0.0,100.8063683088,,100.0397972035,,100.0397972035,39.8934489415,,,,,1.19826420479462,,416.2044
416.357,0.0,100.833583851,,100.062476822,,100.062476822,39.8934489415,,,,,1.19826420479462,,416.3568
416.509,0.0,100.8607993932,,100.0443331272,,100.0443331272,39.8934489415,,,,,1.19826420479462,,416.5092
416.662,0.0,100.8880149354,,100.0352612798,,100.0352612798,39.8934489415,,,,,1.19826420479462,,416.6616
416.814,0.0,100.9152304776,,100.0534049746,,100.0534049746,39.8934489415,,,,,1.19826420479462,,416.814
416.966,0.0,100.9424460198,,100.0670127457,,100.0670127457,39.8934489415,,,,,1.19826420479462,,416.9664
417.119,0.0,100.9741974857,,100.0307253561,,100.0307253561,39.8934489415,,,,,1.19826420479462,,417.1188
417.271,0.0,101.0014130279,,100.1350516012,,100.1350516012,39.8934489415,,,,,1.19826420479462,,417.2712
417.424,0.0,101.0331644938,,100.0942282879,,100.0942282879,39.8934489415,,,,,1.19826420479462,,417.4236
417.576,0.0,101.0649159597,,100.153195296,,100.153195296,39.8934489415,,,,,1.19826420479462,,417.576
417.728,0.0,101.0921315019,,100.0987642116,,100.0987642116,39.8934489415,,,,,1.19826420479462,,417.7284
417.881,0.0,101.1193470441,,100.0488690509,,100.0488690509,39.8934489415,,,,,1.19826420479462,,417.8808
418.033,0.0,101.1465625863,,100.0851564405,,100.0851564405,39.8934489415,,,,,1.19826420479462,,418.0332
418.186,0.0,101.1737781285,,100.0534049746,,100.0534049746,39.8934489415,,,,,1.19826420479462,,418.1856
418.338,0.0,101.2009936707,,100.0261894324,,100.0261894324,39.8934489415,,,,,1.19826420479462,,418.338
418.49,0.0,101.2282092129,,100.0760845931,,100.0760845931,39.8934489415,,,,,1.19826420479462,,418.4904
418.643,0.0,101.2554247551,,100.0715486694,,100.0715486694,39.8934489415,,,,,1.19826420479462,,418.6428
418.795,0.0,101.2826402973,,100.0307253561,,100.0307253561,39.8934489415,,,,,1.19826420479462,,418.7952
418.948,0.0,101.3143917632,,100.0579408983,,100.0579408983,39.8934489415,,,,,1.19826420479462,,418.9476
419.1,0.0,101.3461432291,,100.0579408983,,100.0579408983,39.8934489415,,,,,1.19826420479462,,419.1
419.252,0.0,101.377894695,,100.1305156775,,100.1305156775,39.8934489415,,,,,1.19826420479462,,419.2524
419.405,0.0,101.4051102372,,100.0488690509,,100.0488690509,39.8934489415,,,,,1.19826420479462,,419.4048
419.557,0.0,101.4323257794,,100.0715486694,,100.0715486694,39.8934489415,,,,,1.19826420479462,,419.5572
419.71,0.0,101.4595413216,,100.1214438301,,100.1214438301,39.8934489415,,,,,1.19826420479462,,419.7096
419.862,0.0,101.4867568638,,100.0534049746,,100.0534049746,39.8934489415,,,,,1.19826420479462,,419.862
420.014,0.0,101.513972406,,100.0715486694,,100.0715486694,39.8934489415,,,,,1.19826420479462,,420.0144
420.167,0.0,101.5411879482,,100.0488690509,,100.0488690509,39.8934489415,,,,,1.19826420479462,,420.1668
420.319,0.0,101.56840349040002,,100.0942282879,,100.0942282879,39.8934489415,,,,,1.19826420479462,,420.3192
420.472,0.0,101.6001549563,,99.8266087896,,99.8266087896,39.8934489415,,,,,1.19826420479462,,420.4716
420.624,0.0,101.6319064222,,92.8322144442,,92.8322144442,39.8934489415,,,,,1.19826420479462,,420.624
420.776,0.0,101.650050117,,92.5509871748,,92.5509871748,39.8934489415,,,,,1.19826420479462,,420.7764
420.929,0.0,101.6818015829,,99.9173272636,,99.9173272636,39.8934489415,,,,,1.19826420479462,,420.9288
421.081,0.0,101.7090171251,,99.9944379665,,99.9944379665,39.8934489415,,,,,1.19826420479462,,421.0812
421.234,0.0,101.7362326673,,99.9808301954,,99.9808301954,39.8934489415,,,,,1.19826420479462,,421.2336
421.386,0.0,101.7634482095,,99.9944379665,,99.9944379665,39.8934489415,,,,,1.19826420479462,,421.386
421.538,0.0,101.786127828,,99.5998126046,,99.5998126046,39.8934489415,,,,,1.19826420479462,,421.5384
421.691,0.0,101.8224152176,,100.0534049746,,100.0534049746,39.8934489415,,,,,1.19826420479462,,421.6908
421.843,0.0,101.8496307598,,92.98643585,,92.98643585,39.8934489415,,,,,1.19826420479462,,421.8432
421.996,0.0,101.876846302,,99.7404262393,,99.7404262393,39.8934489415,,,,,1.19826420479462,,421.9956
422.148,0.0,101.9085977679,,99.7903214,,99.7903214,39.8934489415,,,,,1.19826420479462,,422.148
422.3,0.0,101.9358133101,,99.8402165607,,99.8402165607,39.8934489415,,,,,1.19826420479462,,422.3004
422.453,0.0,101.9630288523,,99.8447524844,,99.8447524844,39.8934489415,,,,,1.19826420479462,,422.4528
422.605,0.0,101.9902443945,,99.8447524844,,99.8447524844,39.8934489415,,,,,1.19826420479462,,422.6052
422.758,0.0,102.0219958604,,99.8855757977,,99.8855757977,39.8934489415,,,,,1.19826420479462,,422.7576
422.91,0.0,102.0492114026,,99.7268184682,,99.7268184682,39.8934489415,,,,,1.19826420479462,,422.91
423.062,0.0,102.0764269448,,99.7222825445,,99.7222825445,39.8934489415,,,,,1.19826420479462,,423.0624
423.215,0.0,102.103642487,,99.8583602555,,99.8583602555,39.8934489415,,,,,1.19826420479462,,423.2148
423.367,0.0,102.1308580292,,99.8674321029,,99.8674321029,39.8934489415,,,,,1.19826420479462,,423.3672
423.52,0.0,102.1626094951,,99.926399111,,99.926399111,39.8934489415,,,,,1.19826420479462,,423.5196
423.672,0.0,102.1898250373,,99.926399111,,99.926399111,39.8934489415,,,,,1.19826420479462,,423.67169519999993
423.824,0.0,102.2170405795,,99.8946476451,,99.8946476451,39.8934489415,,,,,1.19826420479462,,423.82409519999993
423.977,0.0,102.2487920454,,99.6633155364,,99.6633155364,39.8934489415,,,,,1.19826420479462,,423.97649519999993
424.129,0.0,102.2760075876,,96.070863966,,96.070863966,39.8934489415,,,,,1.19826420479462,,424.12889519999993
424.282,0.0,102.2941512824,,92.9138610708,,92.9138610708,39.8934489415,,,,,1.19826420479462,,424.28129519999993
424.434,0.0,102.3349745957,,100.0670127457,,100.0670127457,39.8934489415,,,,,1.19826420479462,,424.43369519999993
424.586,0.0,102.3621901379,,100.0760845931,,100.0760845931,39.8934489415,,,,,1.19826420479462,,424.58609519999993
424.739,0.0,102.3939416038,,100.0307253561,,100.0307253561,39.8934489415,,,,,1.19826420479462,,424.73849519999993
424.891,0.0,102.421157146,,100.1033001353,,100.1033001353,39.8934489415,,,,,1.19826420479462,,424.89089519999993
425.044,0.0,102.4483726882,,100.0352612798,,100.0352612798,39.8934489415,,,,,1.19826420479462,,425.04329519999993
425.196,0.0,102.4755882304,,100.0261894324,,100.0261894324,39.8934489415,,,,,1.19826420479462,,425.19569519999993
425.348,0.0,102.5073396963,,100.0397972035,,100.0397972035,39.8934489415,,,,,1.19826420479462,,425.34809519999993
425.431,,,,,,,,,,,,,,425.4303912
425.501,0.0,102.5345552385,,100.0534049746,,100.0534049746,39.8934489415,,,,,1.19826420479462,,425.50049519999993
425.653,0.0,102.5617707807,,100.0987642116,,100.0987642116,39.8934489415,,,,,1.19826420479462,,425.65289519999993
425.806,0.0,102.5889863229,,100.0397972035,,100.0397972035,39.8934489415,,,,,1.19826420479462,,425.80529519999993
425.958,0.0,102.6162018651,,100.107836059,,100.107836059,39.8934489415,,,,,1.19826420479462,,425.95769519999993
426.11,0.0,102.6434174073,,100.1486593723,,100.1486593723,39.8934489415,,,,,1.19826420479462,,426.11009519999993
426.263,0.0,102.6706329495,,100.0760845931,,100.0760845931,39.8934489415,,,,,1.19826420479462,,426.2621904
426.415,0.0,102.7023844154,,100.1350516012,,100.1350516012,39.8934489415,,,,,1.19826420479462,,426.4145904
426.568,0.0,102.7341358813,,100.1441234486,,100.1441234486,39.8934489415,,,,,1.19826420479462,,426.5669904
426.72,0.0,102.7613514235,,100.0851564405,,100.0851564405,39.8934489415,,,,,1.19826420479462,,426.7193904
426.872,0.0,102.7885669657,,100.0851564405,,100.0851564405,39.8934489415,,,,,1.19826420479462,,426.8717904
427.025,0.0,102.8157825079,,100.0760845931,,100.0760845931,39.8934489415,,,,,1.19826420479462,,427.0241904
427.177,0.0,102.8429980501,,100.0806205168,,100.0806205168,39.8934489415,,,,,1.19826420479462,,427.1765904
427.33,0.0,102.8702135923,,99.9944379665,,99.9944379665,39.8934489415,,,,,1.19826420479462,,427.3289904
427.482,0.0,102.9019650582,,100.1259797538,,100.1259797538,39.8934489415,,,,,1.19826420479462,,427.4813904
427.634,0.0,102.9291806004,,100.1033001353,,100.1033001353,39.8934489415,,,,,1.19826420479462,,427.6337904
427.787,0.0,102.9609320663,,100.1441234486,,100.1441234486,39.8934489415,,,,,1.19826420479462,,427.7858856000001
427.939,0.0,102.9881476085,,100.1713389908,,100.1713389908,39.8934489415,,,,,1.19826420479462,,427.9382856000001
428.092,0.0,103.0153631507,,100.1441234486,,100.1441234486,39.8934489415,,,,,1.19826420479462,,428.0906856000001
428.244,0.0,103.0425786929,,100.1259797538,,100.1259797538,39.8934489415,,,,,1.19826420479462,,428.2430856000001
428.396,0.0,103.0743301588,,100.1894826856,,100.1894826856,39.8934489415,,,,,1.19826420479462,,428.3954856000001
428.549,0.0,103.1060816247,,100.1305156775,,100.1305156775,39.8934489415,,,,,1.19826420479462,,428.5478856000001
428.701,0.0,103.1332971669,,100.0942282879,,100.0942282879,39.8934489415,,,,,1.19826420479462,,428.7002856000001
428.854,0.0,103.1605127091,,100.1441234486,,100.1441234486,39.8934489415,,,,,1.19826420479462,,428.8526856000001
429.006,0.0,103.1877282513,,100.0670127457,,100.0670127457,39.8934489415,,,,,1.19826420479462,,429.0047808
429.158,0.0,103.2149437935,,100.062476822,,100.062476822,39.8934489415,,,,,1.19826420479462,,429.1571808
429.311,0.0,103.2421593357,,100.062476822,,100.062476822,39.8934489415,,,,,1.19826420479462,,429.3095808
429.463,0.0,103.2739108016,,100.107836059,,100.107836059,39.8934489415,,,,,1.19826420479462,,429.4619808
429.616,0.0,103.3011263438,,100.0352612798,,100.0352612798,39.8934489415,,,,,1.19826420479462,,429.6143808
429.768,0.0,103.3238059623,,99.8674321029,,99.8674321029,39.8934489415,,,,,1.19826420479462,,429.7667808
429.92,0.0,103.3555574282,,100.4162788706,,100.4162788706,39.8934489415,,,,,1.19826420479462,,429.9191808
430.073,0.0,103.3827729704,,99.9989738902,,99.9989738902,39.8934489415,,,,,1.19826420479462,,430.071276
430.225,0.0,103.4099885126,,100.2938089307,,100.2938089307,39.8934489415,,,,,1.19826420479462,,430.223676
430.378,0.0,103.4417399785,,100.2257700752,,100.2257700752,39.8934489415,,,,,1.19826420479462,,430.376076
430.53,0.0,103.4689555207,,100.24391377,,100.24391377,39.8934489415,,,,,1.19826420479462,,430.528476
430.682,0.0,103.4961710629,,100.2575215411,,100.2575215411,39.8934489415,,,,,1.19826420479462,,430.680876
430.835,40.52,103.5324584525,2046.88,99.9536146532,,99.9536146532,39.8934489415,,,,,1.19826420479462,,430.8329712
430.987,49.36,103.5415302999,1879.11,90.3374564092,,90.3374564092,40.551157878000005,,,,,1.19826420479462,,430.9853712
431.14,35.57,103.5732817658,1556.92,100.2983448544,,100.2983448544,40.8187773763,,,,,1.19826420479462,,431.1377712
431.292,63.0,103.6050332317,1601.56,100.9379100961,,100.9379100961,40.8187773763,,,,,1.19826420479462,,431.2901712
431.444,63.0,103.6367846976,,100.9923411805,,100.9923411805,40.8187773763,,,,,1.19826420479462,,431.4425712
431.597,63.0,103.6640002398,,100.9197664013,,100.9197664013,40.8187773763,,,,,1.19826420479462,,431.5946664
431.749,63.0,103.691215782,,100.969661562,,100.969661562,40.8187773763,,,,,1.19826420479462,,431.7470664
431.902,63.0,103.72296724790002,,100.9106945539,,100.9106945539,40.8187773763,,,,,1.19826420479462,,431.8994664
432.054,63.0,103.7501827901,,100.9560537909,,100.9560537909,40.8187773763,,,,,1.19826420479462,,432.0518664
432.206,63.0,103.7773983323,,100.924302325,,100.924302325,40.8187773763,,,,,1.19826420479462,,432.2042664
432.359,63.0,103.8046138745,,100.9152304776,,100.9152304776,40.8187773763,,,,,1.19826420479462,,432.3563616
432.511,63.0,103.8363653404,1328.13,100.9333741724,,100.9333741724,40.8187773763,,,,,1.19826420479462,,432.5087616
432.664,63.0,103.8635808826,,100.8290479273,,100.8290479273,40.8187773763,,,,,1.19826420479462,,432.6611616
432.816,63.0,103.8907964248,,100.8607993932,,100.8607993932,40.8187773763,,,,,1.19826420479462,,432.8135616
432.968,68.21,103.9225478907,,100.8607993932,,100.8607993932,40.8187773763,,,,,1.19826420479462,,432.9656568
433.121,81.91,103.9497634329,,100.8698712406,,100.8698712406,40.8187773763,,,,,1.19826420479462,,433.1180568
433.273,83.0,103.9815148988,2343.75,100.153195296,,100.153195296,40.8187773763,,,,,1.19826420479462,,433.2704568
433.426,83.0,104.0132663647,2304.69,99.4954863595,,99.4954863595,40.8187773763,,,,,1.19826420479462,,433.4228568
433.578,83.6,104.0314100595,2304.69,98.9965347525,,98.9965347525,40.8187773763,,,,,1.19826420479462,,433.574952
433.73,84.0,104.0631615254,,100.8199760799,,100.8199760799,40.8187773763,,,,,1.19826420479462,,433.727352
433.883,84.0,104.0903770676,2343.75,100.1940186093,,100.1940186093,40.8187773763,,,,,1.19826420479462,,433.879752
434.035,84.0,104.1130566861,,100.1894826856,,100.1894826856,40.8187773763,,,,,1.19826420479462,,434.032152
434.1880000000001,84.0,104.144808152,,99.9581505769,,99.9581505769,40.8187773763,,,,,1.19826420479462,,434.1842472
434.34,84.0,104.1765596179,,99.8130010185,,99.8130010185,40.8187773763,,,,,1.19826420479462,,434.3366472
434.492,84.0,104.2037751601,2343.75,99.4864145121,,99.4864145121,40.8187773763,,,,,1.19826420479462,,434.4890472
434.645,84.0,104.2309907023,,99.3321931063,,99.3321931063,40.8187773763,,,,,1.19826420479462,,434.6411424
434.797,84.0,104.2582062445,,99.4591989699,,99.4591989699,40.8187773763,,,,,1.19826420479462,,434.7935424
434.95,84.0,104.2899577104,,99.4455911988,,99.4455911988,40.8187773763,,,,,1.19826420479462,,434.9459424
435.102,84.0,104.3171732526,2382.81,99.8039291711,,99.8039291711,40.8187773763,,,,,1.19826420479462,,435.0980376
435.254,84.0,104.3489247185,,99.3594086485,,99.3594086485,40.8187773763,,,,,1.19826420479462,,435.2504376
435.407,84.0,104.371604337,,99.3458008774,,99.3458008774,40.8187773763,,,,,1.19826420479462,,435.4028376
435.559,84.0,104.4033558029,2382.81,99.1734357768,,99.1734357768,40.8187773763,,,,,1.19826420479462,,435.5549328
435.712,84.0,104.4305713451,,98.8559211178,,98.8559211178,40.8187773763,,,,,1.19826420479462,,435.7073328
435.864,84.0,104.4577868873,,98.8150978045,,98.8150978045,40.8187773763,,,,,1.19826420479462,,435.8597328
436.016,84.0,104.4895383532,2343.75,98.4567598322,,98.4567598322,40.8187773763,,,,,1.19826420479462,,436.011828
436.169,84.0,104.5122179717,2382.81,96.8827943083,,96.8827943083,40.8187773763,,,,,1.19826420479462,,436.164228
436.321,84.0,104.5439694376,,97.2864915176,,97.2864915176,40.8187773763,,,,,1.19826420479462,,436.316628
436.474,84.0,104.5711849798,,99.0963250739,,99.0963250739,40.8187773763,,,,,1.19826420479462,,436.4687232
436.626,84.0,104.6029364457,2343.75,98.9647832866,,98.9647832866,40.8187773763,,,,,1.19826420479462,,436.6211232
436.778,84.0,104.6301519879,,98.2798588079,,98.2798588079,40.8187773763,,,,,1.19826420479462,,436.7732184
436.931,84.0,104.6573675301,,98.0802781651,,98.0802781651,40.8187773763,,,,,1.19826420479462,,436.9256184
437.083,84.0,104.6845830723,,97.8308023616,,97.8308023616,40.8187773763,,,,,1.19826420479462,,437.0780184
437.236,84.0,104.7163345382,2343.75,97.0551594089,,97.0551594089,40.8187773763,,,,,1.19826420479462,,437.2301136
437.388,84.0,104.7435500804,,97.3046352124,,97.3046352124,40.8187773763,,,,,1.19826420479462,,437.3825136
437.54,84.0,104.7707656226,,96.433737862,,96.433737862,40.8187773763,,,,,1.19826420479462,,437.53460880000006
437.693,84.0,104.7979811648,,96.3158038458,,96.3158038458,40.8187773763,,,,,1.19826420479462,,437.68700880000006
437.845,84.0,104.8297326307,,96.1207591267,,96.1207591267,40.8187773763,,,,,1.19826420479462,,437.839104
437.9980000000001,84.0,104.8569481729,2304.69,96.1661183637,,96.1661183637,40.8187773763,,,,,1.19826420479462,,437.991504
438.15,84.0,104.8841637151,,96.1570465163,,96.1570465163,40.8187773763,,,,,1.19826420479462,,438.143904
438.302,84.0,104.915915181,,96.0481843475,,96.0481843475,40.8187773763,,,,,1.19826420479462,,438.2959992
438.455,84.0,104.9431307232,,95.7306696885,,95.7306696885,40.8187773763,,,,,1.19826420479462,,438.4483992
438.607,84.0,104.9703462654,,95.9302503313,,95.9302503313,40.8187773763,,,,,1.19826420479462,,438.6004944
438.76,84.0,104.9975618076,2304.69,96.0617921186,,96.0617921186,40.8187773763,,,,,1.19826420479462,,438.7528944
438.912,84.0,105.0293132735,,95.526553122,,95.526553122,40.8187773763,,,,,1.19826420479462,,438.9049896000001
439.064,84.0,105.0565288157,,95.4312987243,,95.4312987243,40.8187773763,,,,,1.19826420479462,,439.0573896000001
439.217,84.0,105.0837443579,,95.481193885,,95.481193885,40.8187773763,,,,,1.19826420479462,,439.2094848
439.369,84.0,105.1109599001,2304.69,95.8077803914,,95.8077803914,40.8187773763,,,,,1.19826420479462,,439.3618848
439.522,84.0,105.142711366,,95.9574658735,,95.9574658735,40.8187773763,,,,,1.19826420479462,,439.51398
439.674,84.0,105.1699269082,,95.9756095683,,95.9756095683,40.8187773763,,,,,1.19826420479462,,439.66638
439.826,84.0,105.1971424504,,95.3768676399,,95.3768676399,40.8187773763,,,,,1.19826420479462,,439.8184752
439.979,84.0,105.2243579926,,95.3133647081,,95.3133647081,40.8187773763,,,,,1.19826420479462,,439.9708752
440.131,84.0,105.2561094585,2421.88,95.5310890457,,95.5310890457,40.8187773763,,,,,1.19826420479462,,440.1229704
440.284,84.0,105.2833250007,,95.9121066365,,95.9121066365,40.8187773763,,,,,1.19826420479462,,440.2753704
440.436,84.0,105.3105405429,,95.3088287844,,95.3088287844,40.8187773763,,,,,1.19826420479462,,440.42746560000006
440.588,84.0,105.3377560851,,94.8507004907,,94.8507004907,40.8187773763,,,,,1.19826420479462,,440.57986560000006
440.741,84.0,105.369507551,2421.88,94.9051315751,,94.9051315751,40.8187773763,,,,,1.19826420479462,,440.7319608
440.847,,,,,,,,,,,,,,
440.893,84.0,105.3967230932,,94.9958500491,,94.9958500491,40.8187773763,,,,,1.19826420479462,,440.884056
440.921,,,,,,,,,,,,,,
441.046,84.0,105.4239386354,,95.1364636838,,95.1364636838,40.8187773763,,,,,1.19826420479462,,441.036456
441.064,,,,,,,,,,,,,,
441.137,,,,,,,,,,,,,,
441.198,84.0,105.4511541776,,95.0638889046,,95.0638889046,40.8187773763,,,,,1.19826420479462,,441.1885512
441.207,,,,,,,,,,,,,,
441.28,,,,,,,,,,,,,,
441.35,84.0,105.4829056435,,95.6399512145,,95.6399512145,40.8187773763,,,,,1.19826420479462,,441.3409512
441.503,84.0,105.5101211857,2421.88,95.5174812746,,95.5174812746,40.8187773763,,,,,1.19826420479462,,441.4930464
441.57,,,,,,,,,,,,,,
441.64,,,,,,,,,,,,,,
441.655,84.0,105.5373367279,,95.5764482827,,95.5764482827,40.8187773763,,,,,1.19826420479462,,441.6451416
441.722,,,,,,,,,,,,,,
441.786,,,,,,,,,,,,,,
441.8080000000001,84.0,105.5645522701,,95.4449064954,,95.4449064954,40.8187773763,,,,,1.19826420479462,,441.7975416000001
441.862,,,,,,,,,,,,,,
441.936,,,,,,,,,,,,,,
441.96,84.0,105.596303736,,94.9686345069,,94.9686345069,40.8187773763,,,,,1.19826420479462,,441.9496368
442.009,,,,,,,,,,,,,,
442.112,84.0,105.6235192782,2304.69,94.9459548884,,94.9459548884,40.8187773763,,,,,1.19826420479462,,442.1020368
442.152,,,,,,,,,,,,,,
442.265,84.0,105.6507348204,,94.8189490248,,94.8189490248,40.8187773763,,,,,1.19826420479462,,442.254132
442.295,,,,,,,,,,,,,,
442.36800000000005,,,,,,,,,,,,,,
442.417,84.0,105.6779503626,,95.0094578202,,95.0094578202,40.8187773763,,,,,1.19826420479462,,442.4062272
442.442,,,,,,,,,,,,,,
442.512,,,,,,,,,,,,,,
442.57,84.0,105.7097018285,,95.0956403705,,95.0956403705,40.8187773763,,,,,1.19826420479462,,442.5586272
442.585,,,,,,,,,,,,,,
442.658,,,,,,,,,,,,,,
442.722,84.0,105.7369173707,,94.9504908121,,94.9504908121,40.8187773763,,,,,1.19826420479462,,442.7107224
442.728,,,,,,,,,,,,,,
442.874,84.0,105.7641329129,2343.75,94.7010150086,,94.7010150086,40.8187773763,,,,,1.19826420479462,,442.8628176
442.945,,,,,,,,,,,,,,
443.018,,,,,,,,,,,,,,
443.027,84.0,105.7958843788,,94.6420480005,,94.6420480005,40.8187773763,,,,,1.19826420479462,,443.0152176
443.088,,,,,,,,,,,,,,
443.164,,,,,,,,,,,,,,
443.179,84.0,105.823099921,,94.5785450687,,94.5785450687,40.8187773763,,,,,1.19826420479462,,443.1673128000001
443.231,,,,,,,,,,,,,,
443.298,,,,,,,,,,,,,,
443.332,84.0,105.8503154632,,94.7463742456,,94.7463742456,40.8187773763,,,,,1.19826420479462,,443.319408
443.365,,,,,,,,,,,,,,
443.484,84.0,105.87753100540002,2382.81,94.9459548884,,94.9459548884,40.8187773763,,,,,1.19826420479462,,443.4715032
443.496,,,,,,,,,,,,,,
443.627,,,,,,,,,,,,,,
443.636,84.0,105.9092824713,,94.619368382,,94.619368382,40.8187773763,,,,,1.19826420479462,,443.6239032
443.694,,,,,,,,,,,,,,
443.758,,,,,,,,,,,,,,
443.789,84.0,105.9364980135,,94.7191587034,,94.7191587034,40.8187773763,,,,,1.19826420479462,,443.7759984
443.822,,,,,,,,,,,,,,
443.889,,,,,,,,,,,,,,
443.941,84.0,105.9637135557,,94.7690538641,,94.7690538641,40.8187773763,,,,,1.19826420479462,,443.92809360000007
443.953,,,,,,,,,,,,,,
444.014,,,,,,,,,,,,,,
444.094,84.0,105.9909290979,2304.69,94.7781257115,,94.7781257115,40.8187773763,,,,,1.19826420479462,,444.08049360000007
444.142,,,,,,,,,,,,,,
444.246,84.0,106.0181446401,,94.7690538641,,94.7690538641,40.8187773763,,,,,1.19826420479462,,444.2325888
444.27,,,,,,,,,,,,,,
444.337,,,,,,,,,,,,,,
444.398,84.0,106.049896106,,94.8234849485,,94.8234849485,40.8187773763,,,,,1.19826420479462,,444.384684
444.401,,,,,,,,,,,,,,
444.465,,,,,,,,,,,,,,
444.529,,,,,,,,,,,,,,
444.551,84.0,106.0771116482,,94.8144131011,,94.8144131011,40.8187773763,,,,,1.19826420479462,,444.5367792
444.597,,,,,,,,,,,,,,
444.703,84.0,106.1043271904,2421.88,94.6737994664,,94.6737994664,40.8187773763,,,,,1.19826420479462,,444.6891792
444.718,,,,,,,,,,,,,,
444.853,,,,,,,,,,,,,,
444.856,84.0,106.1360786563,,94.8733801092,,94.8733801092,40.8187773763,,,,,1.19826420479462,,444.8412744
444.917,,,,,,,,,,,,,,
445.008,84.0,106.1632941985,,94.755446093,,94.755446093,40.8187773763,,,,,1.19826420479462,,444.9933696000001
445.16,84.0,106.1905097407,,94.2973177993,,94.2973177993,40.8187773763,,,,,1.19826420479462,,445.1454648
445.3130000000001,84.0,106.2177252829,2304.69,94.4107158918,,94.4107158918,40.8187773763,,,,,1.19826420479462,,445.29756
445.465,84.0,106.2494767488,,94.7690538641,,94.7690538641,40.8187773763,,,,,1.19826420479462,,445.44996
445.61800000000005,84.0,106.276692291,,94.8280208722,,94.8280208722,40.8187773763,,,,,1.19826420479462,,445.6020552
445.77,84.0,106.3039078332,,94.619368382,,94.619368382,40.8187773763,,,,,1.19826420479462,,445.7541504
445.922,84.0,106.3311233754,2421.88,94.6465839242,,94.6465839242,40.8187773763,,,,,1.19826420479462,,445.9062456
446.075,84.0,106.3628748413,,94.3336051889,,94.3336051889,40.8187773763,,,,,1.19826420479462,,446.0583408
446.227,84.0,106.3900903835,,94.4288595866,,94.4288595866,40.8187773763,,,,,1.19826420479462,,446.210436
446.38,84.0,106.4173059257,,94.7282305508,,94.7282305508,40.8187773763,,,,,1.19826420479462,,446.3625312
446.532,84.0,106.4445214679,2304.69,94.9051315751,,94.9051315751,40.8187773763,,,,,1.19826420479462,,446.5149312
446.684,84.0,106.4762729338,,95.0049218965,,95.0049218965,40.8187773763,,,,,1.19826420479462,,446.6670264
446.837,84.0,106.503488476,,95.6263434434,,95.6263434434,40.8187773763,,,,,1.19826420479462,,446.8191216
446.989,84.0,106.5307040182,,94.9278111936,,94.9278111936,40.8187773763,,,,,1.19826420479462,,446.9712168
447.142,84.0,106.5579195604,2343.75,94.891523804,,94.891523804,40.8187773763,,,,,1.19826420479462,,447.123312
447.294,84.0,106.5896710263,,95.1546073786,,95.1546073786,40.8187773763,,,,,1.19826420479462,,447.2754072
447.446,84.0,106.6168865685,,94.9459548884,,94.9459548884,40.8187773763,,,,,1.19826420479462,,447.4275024
447.599,84.0,106.6441021107,,94.8234849485,,94.8234849485,40.8187773763,,,,,1.19826420479462,,447.5795976
447.751,84.0,106.6758535766,,94.0387701484,,94.0387701484,40.8187773763,,,,,1.19826420479462,,447.7316928
447.904,84.0,106.7030691188,2343.75,94.528649908,,94.528649908,40.8187773763,,,,,1.19826420479462,,447.883788
448.056,84.0,106.730284661,,93.9888749877,,93.9888749877,40.8187773763,,,,,1.19826420479462,,448.0358832
448.208,84.0,106.7575002032,,94.3517488837,,94.3517488837,40.8187773763,,,,,1.19826420479462,,448.1879784
448.361,84.0,106.7892516691,,94.1294886224,,94.1294886224,40.8187773763,,,,,1.19826420479462,,448.3400736
448.513,84.0,106.8164672113,,93.9752672166,,93.9752672166,40.8187773763,,,,,1.19826420479462,,448.4921688
448.666,84.0,106.8436827535,2304.69,93.9435157507,,93.9435157507,40.8187773763,,,,,1.19826420479462,,448.644264
448.818,84.0,106.8708982957,,94.1839197068,,94.1839197068,40.8187773763,,,,,1.19826420479462,,448.7963592
448.964,,,,,,,,,,,,,,
448.97,84.0,106.9026497616,,93.7711506501,,93.7711506501,40.8187773763,,,,,1.19826420479462,,448.9484544
449.056,,,,,,,,,,,,,,
449.1230000000001,84.0,106.9298653038,,93.5126029992,,93.5126029992,40.8187773763,,,,,1.19826420479462,,449.1005496
449.239,,,,,,,,,,,,,,
449.275,84.0,106.957080846,,93.3719893645,,93.3719893645,40.8187773763,,,,,1.19826420479462,,449.2526448
449.42800000000005,84.0,106.9842963882,2421.88,92.9546843841,,92.9546843841,40.8187773763,,,,,1.19826420479462,,449.40474000000006
449.51,,,,,,,,,,,,,,
449.58,84.0,107.0160478541,,93.0590106292,,93.0590106292,40.8187773763,,,,,1.19826420479462,,449.5568352
449.732,84.0,107.0432633963,,93.2041601876,,93.2041601876,40.8187773763,,,,,1.19826420479462,,449.70893039999993
449.879,,,,,,,,,,,,,,
449.885,84.0,107.0704789385,,93.5443544651,,93.5443544651,40.8187773763,,,,,1.19826420479462,,449.8610256
449.97,,,,,,,,,,,,,,
450.037,84.0,107.0976944807,,93.848261353,,93.848261353,40.8187773763,,,,,1.19826420479462,,450.0131208000001
450.141,,,,,,,,,,,,,,
450.19,84.0,107.1294459466,,93.58971370209998,,93.58971370209998,40.8187773763,,,,,1.19826420479462,,450.165216
450.342,84.0,107.1566614888,2382.81,93.6985758709,,93.6985758709,40.8187773763,,,,,1.19826420479462,,450.3173112
450.427,,,,,,,,,,,,,,
450.494,84.0,107.183877031,,93.7393991842,,93.7393991842,40.8187773763,,,,,1.19826420479462,,450.4691016
450.647,84.0,107.2110925732,,93.3992049067,,93.3992049067,40.8187773763,,,,,1.19826420479462,,450.6211968
450.689,,,,,,,,,,,,,,
450.787,,,,,,,,,,,,,,
450.799,84.0,107.2428440391,,93.1451931795,,93.1451931795,40.8187773763,,,,,1.19826420479462,,450.773292
450.952,84.0,107.2700595813,,92.98643585,,92.98643585,40.8187773763,,,,,1.19826420479462,,450.92538719999993
450.961,,,,,,,,,,,,,,
451.104,84.0,107.2972751235,,93.1950883402,,93.1950883402,40.8187773763,,,,,1.19826420479462,,451.0774824
451.23800000000006,,,,,,,,,,,,,,
451.256,84.0,107.3290265894,2382.81,93.4218845252,,93.4218845252,40.8187773763,,,,,1.19826420479462,,451.2295776
451.409,84.0,107.3562421316,,93.2177679587,,93.2177679587,40.8187773763,,,,,1.19826420479462,,451.381368
451.561,84.0,107.3834576738,,93.1814805691,,93.1814805691,40.8187773763,,,,,1.19826420479462,,451.5334632
451.598,,,,,,,,,,,,,,
451.677,,,,,,,,,,,,,,
451.714,84.0,107.410673216,,93.2676631194,,93.2676631194,40.8187773763,,,,,1.19826420479462,,451.6855584
451.866,84.0,107.4424246819,,93.3583815934,,93.3583815934,40.8187773763,,,,,1.19826420479462,,451.8376536
451.869,,,,,,,,,,,,,,
452.018,84.0,107.4696402241,2343.75,93.3855971356,,93.3855971356,40.8187773763,,,,,1.19826420479462,,451.9897488
452.134,,,,,,,,,,,,,,
452.171,84.0,107.4968557663,,93.2858068142,,93.2858068142,40.8187773763,,,,,1.19826420479462,,452.1415392
452.323,84.0,107.5240713085,,93.2086961113,,93.2086961113,40.8187773763,,,,,1.19826420479462,,452.2936344
452.476,84.0,107.5558227744,,93.2903427379,,93.2903427379,40.8187773763,,,,,1.19826420479462,,452.4457296
452.506,,,,,,,,,,,,,,
452.628,84.0,107.5830383166,,93.4627078385,,93.4627078385,40.8187773763,,,,,1.19826420479462,,452.59752
452.78,84.0,107.6102538588,,93.0998339425,,93.0998339425,40.8187773763,,,,,1.19826420479462,,452.7496152
452.9330000000001,84.0,107.637469401,2343.75,93.2495194246,,93.2495194246,40.8187773763,,,,,1.19826420479462,,452.9017104
453.085,84.0,107.6692208669,,93.2721990431,,93.2721990431,40.8187773763,,,,,1.19826420479462,,453.0538056
453.23800000000006,84.0,107.6964364091,,93.1361213321,,93.1361213321,40.8187773763,,,,,1.19826420479462,,453.205596
453.39,84.0,107.72365195129998,,92.8866455286,,92.8866455286,40.8187773763,,,,,1.19826420479462,,453.3576912
453.481,,,,,,,,,,,,,,
453.542,84.0,107.7508674935,,93.2404475772,,93.2404475772,40.8187773763,,,,,1.19826420479462,,453.5097864
453.616,,,,,,,,,,,,,,
453.695,84.0,107.7826189594,,92.9138610708,,92.9138610708,40.8187773763,,,,,1.19826420479462,,453.6615768
453.801,,,,,,,,,,,,,,
453.847,84.0,107.8098345016,2343.75,92.53737940370002,,92.53737940370002,40.8187773763,,,,,1.19826420479462,,453.813672
454.0,84.0,107.8370500438,,92.7097445043,,92.7097445043,40.8187773763,,,,,1.19826420479462,,453.9654624
454.152,84.0,107.864265586,,92.7233522754,,92.7233522754,40.8187773763,,,,,1.19826420479462,,454.11755760000005
454.173,,,,,,,,,,,,,,
454.259,,,,,,,,,,,,,,
454.304,84.0,107.8960170519,,92.0066763308,,92.0066763308,40.8187773763,,,,,1.19826420479462,,454.2696528
454.442,,,,,,,,,,,,,,
454.457,84.0,107.9232325941,,92.8004629783,,92.8004629783,40.8187773763,,,,,1.19826420479462,,454.4214432
454.609,84.0,107.9504481363,2343.75,92.8548940627,,92.8548940627,40.8187773763,,,,,1.19826420479462,,454.5735384
454.722,,,,,,,,,,,,,,
454.762,84.0,107.9821996022,,93.848261353,,93.848261353,40.8187773763,,,,,1.19826420479462,,454.7253288
454.914,84.0,108.0094151444,,95.3405802503,,95.3405802503,40.8187773763,,,,,1.19826420479462,,454.877424
455.066,84.0,108.0366306866,,95.4857298087,,95.4857298087,40.8187773763,,,,,1.19826420479462,,455.0292144
455.14,,,,,,,,,,,,,,
455.219,84.0,108.0638462288,,95.5900560538,,95.5900560538,40.8187773763,,,,,1.19826420479462,,455.1813096
455.246,,,,,,,,,,,,,,
455.371,84.0,108.0955976947,,94.8416286433,,94.8416286433,40.8187773763,,,,,1.19826420479462,,455.3334048
455.45,,,,,,,,,,,,,,
455.524,84.0,108.1228132369,,94.9005956514,,94.9005956514,40.8187773763,,,,,1.19826420479462,,455.4851952
455.676,84.0,108.1500287791,2382.81,94.5694732213,,94.5694732213,40.8187773763,,,,,1.19826420479462,,455.6372904
455.828,84.0,108.1772443213,,94.029698301,,94.029698301,40.8187773763,,,,,1.19826420479462,,455.7890808
455.841,,,,,,,,,,,,,,
455.981,84.0,108.2089957872,,93.9934109114,,93.9934109114,40.8187773763,,,,,1.19826420479462,,455.9408712
456.133,84.0,108.2362113294,,94.5422576791,,94.5422576791,40.8187773763,,,,,1.19826420479462,,456.0929664
456.151,,,,,,,,,,,,,,
456.286,84.0,108.2634268716,,93.9026924374,,93.9026924374,40.8187773763,,,,,1.19826420479462,,456.2447568
456.386,,,,,,,,,,,,,,
456.4380000000001,84.0,108.2951783375,,93.1905524165,,93.1905524165,40.8187773763,,,,,1.19826420479462,,456.396852
456.59,84.0,108.3223938797,,93.1361213321,,93.1361213321,40.8187773763,,,,,1.19826420479462,,456.5486424
456.74,,,,,,,,,,,,,,
456.74300000000005,84.0,108.3496094219,2304.69,93.8346535819,,93.8346535819,40.8187773763,,,,,1.19826420479462,,456.7007376
456.895,84.0,108.3768249641,,93.6577525576,,93.6577525576,40.8187773763,,,,,1.19826420479462,,456.852528
457.048,84.0,108.40857643,,93.7666147264,,93.7666147264,40.8187773763,,,,,1.19826420479462,,457.00431839999993
457.2,84.0,108.4357919722,,93.1134417136,,93.1134417136,40.8187773763,,,,,1.19826420479462,,457.1564136
457.212,,,,,,,,,,,,,,
457.328,,,,,,,,,,,,,,
457.352,84.0,108.4630075144,,93.3765252882,,93.3765252882,40.8187773763,,,,,1.19826420479462,,457.308204
457.505,84.0,108.4947589803,,92.8685018338,,92.8685018338,40.8187773763,,,,,1.19826420479462,,457.4599944
457.5630000000001,,,,,,,,,,,,,,
457.657,84.0,108.5219745225,,93.0907620951,,93.0907620951,40.8187773763,,,,,1.19826420479462,,457.6120896000001
457.791,,,,,,,,,,,,,,
457.81,84.0,108.5491900647,2421.88,93.1905524165,,93.1905524165,40.8187773763,,,,,1.19826420479462,,457.76388
457.962,84.0,108.5764056069,,93.1814805691,,93.1814805691,40.8187773763,,,,,1.19826420479462,,457.9156704
458.114,84.0,108.6036211491,,93.122513561,,93.122513561,40.8187773763,,,,,1.19826420479462,,458.0677656
458.267,84.0,108.635372615,,93.8119739634,,93.8119739634,40.8187773763,,,,,1.19826420479462,,458.219556
458.367,,,,,,,,,,,,,,
458.419,84.0,108.6625881572,,93.7439351079,,93.7439351079,40.8187773763,,,,,1.19826420479462,,458.3713464
458.483,,,,,,,,,,,,,,
458.572,84.0,108.6898036994,,93.7983661923,,93.7983661923,40.8187773763,,,,,1.19826420479462,,458.5234416
458.712,,,,,,,,,,,,,,
458.724,84.0,108.7170192416,,93.6033214732,,93.6033214732,40.8187773763,,,,,1.19826420479462,,458.6752320000001
458.876,84.0,108.7487707075,2304.69,93.5488903888,,93.5488903888,40.8187773763,,,,,1.19826420479462,,458.8270223999999
459.029,84.0,108.7759862497,,93.394668983,,93.394668983,40.8187773763,,,,,1.19826420479462,,458.97881280000007
459.047,,,,,,,,,,,,,,
459.181,84.0,108.8032017919,,93.2948786616,,93.2948786616,40.8187773763,,,,,1.19826420479462,,459.1306032
459.334,84.0,108.8304173341,,93.0272591633,,93.0272591633,40.8187773763,,,,,1.19826420479462,,459.2826984
459.379,,,,,,,,,,,,,,
459.48,,,,,,,,,,,,,,
459.486,84.0,108.8621688,,93.3810612119,,93.3810612119,40.8187773763,,,,,1.19826420479462,,459.43448880000005
459.638,84.0,108.8893843422,,93.0544747055,,93.0544747055,40.8187773763,,,,,1.19826420479462,,459.5862791999999
459.705,,,,,,,,,,,,,,
459.791,84.0,108.9165998844,,93.9798031403,,93.9798031403,40.8187773763,,,,,1.19826420479462,,459.7380696000001
459.943,84.0,108.9483513503,2304.69,93.1724087217,,93.1724087217,40.8187773763,,,,,1.19826420479462,,459.88986
460.096,84.0,108.9755668925,,93.6033214732,,93.6033214732,40.8187773763,,,,,1.19826420479462,,460.0416504
460.166,,,,,,,,,,,,,,
460.2480000000001,84.0,109.0027824347,,93.0635465529,,93.0635465529,40.8187773763,,,,,1.19826420479462,,460.1937456
460.4,84.0,109.0299979769,,93.167872798,,93.167872798,40.8187773763,,,,,1.19826420479462,,460.345536
460.504,,,,,,,,,,,,,,
460.55300000000005,84.0,109.0617494428,,93.1179776373,,93.1179776373,40.8187773763,,,,,1.19826420479462,,460.4973264
460.6230000000001,,,,,,,,,,,,,,
460.705,84.0,109.088964985,,92.5691308696,,92.5691308696,40.8187773763,,,,,1.19826420479462,,460.64911680000006
460.858,84.0,109.1161805272,,92.396765769,,92.396765769,40.8187773763,,,,,1.19826420479462,,460.8009072
460.885,,,,,,,,,,,,,,
461.01,84.0,109.1479319931,,92.3695502268,,92.3695502268,40.8187773763,,,,,1.19826420479462,,460.9526976
461.162,84.0,109.1751475353,2343.75,91.9976044834,,91.9976044834,40.8187773763,,,,,1.19826420479462,,461.104488
461.251,,,,,,,,,,,,,,
461.315,84.0,109.2023630775,,92.5146997852,,92.5146997852,40.8187773763,,,,,1.19826420479462,,461.2562784
461.467,84.0,109.2295786197,,92.3332628372,,92.3332628372,40.8187773763,,,,,1.19826420479462,,461.4080688
461.62,84.0,109.2567941619,,92.487484243,,92.487484243,40.8187773763,,,,,1.19826420479462,,461.5598592
461.742,,,,,,,,,,,,,,
461.772,84.0,109.2885456278,,92.2561521343,,92.2561521343,40.8187773763,,,,,1.19826420479462,,461.7116496
461.924,84.0,109.31576117,,92.8775736812,,92.8775736812,40.8187773763,,,,,1.19826420479462,,461.86344
462.077,84.0,109.3429767122,,92.3423346846,,92.3423346846,40.8187773763,,,,,1.19826420479462,,462.0152304
462.11300000000006,,,,,,,,,,,,,,
462.229,84.0,109.3701922544,,92.5146997852,,92.5146997852,40.8187773763,,,,,1.19826420479462,,462.1670208000001
462.382,84.0,109.3974077966,2343.75,92.3332628372,,92.3332628372,40.8187773763,,,,,1.19826420479462,,462.3188112
462.485,,,,,,,,,,,,,,
462.534,84.0,109.4291592625,,93.0862261714,,93.0862261714,40.8187773763,,,,,1.19826420479462,,462.4706016
462.686,84.0,109.4563748047,,93.3855971356,,93.3855971356,40.8187773763,,,,,1.19826420479462,,462.622392
462.802,,,,,,,,,,,,,,
462.839,84.0,109.4835903469,,93.7711506501,,93.7711506501,40.8187773763,,,,,1.19826420479462,,462.7738776000001
462.9,,,,,,,,,,,,,,
462.991,84.0,109.5108058891,,93.6532166339,,93.6532166339,40.8187773763,,,,,1.19826420479462,,462.925668
463.08,,,,,,,,,,,,,,
463.144,84.0,109.542557355,,93.7620788027,,93.7620788027,40.8187773763,,,,,1.19826420479462,,463.0774584
463.296,84.0,109.5697728972,2421.88,93.6305370154,,93.6305370154,40.8187773763,,,,,1.19826420479462,,463.2292488
463.448,84.0,109.5969884394,,94.0160905299,,94.0160905299,40.8187773763,,,,,1.19826420479462,,463.3810392
463.467,,,,,,,,,,,,,,
463.601,84.0,109.6242039816,,93.9435157507,,93.9435157507,40.8187773763,,,,,1.19826420479462,,463.5328296
463.72,,,,,,,,,,,,,,
463.753,84.0,109.6559554475,,94.1340245461,,94.1340245461,40.8187773763,,,,,1.19826420479462,,463.6843152
463.8080000000001,,,,,,,,,,,,,,
463.906,84.0,109.6831709897,,94.1929915542,,94.1929915542,40.8187773763,,,,,1.19826420479462,,463.8361056
463.979,,,,,,,,,,,,,,
464.0580000000001,84.0,109.7103865319,,93.5579622362,,93.5579622362,40.8187773763,,,,,1.19826420479462,,463.987896
464.21,84.0,109.7421379978,2421.88,94.2882459519,,94.2882459519,40.8187773763,,,,,1.19826420479462,,464.1396864
464.323,,,,,,,,,,,,,,
464.36300000000006,84.0,109.76935354,,93.7348632605,,93.7348632605,40.8187773763,,,,,1.19826420479462,,464.291172
464.494,,,,,,,,,,,,,,
464.515,84.0,109.7965690822,,93.8119739634,,93.8119739634,40.8187773763,,,,,1.19826420479462,,464.4429624
464.576,,,,,,,,,,,,,,
464.668,84.0,109.8237846244,,93.8618691241,,93.8618691241,40.8187773763,,,,,1.19826420479462,,464.5947528
464.744,,,,,,,,,,,,,,
464.82,84.0,109.8555360903,,93.6713603287,,93.6713603287,40.8187773763,,,,,1.19826420479462,,464.7465432
464.972,84.0,109.8827516325,2382.81,93.9661953692,,93.9661953692,40.8187773763,,,,,1.19826420479462,,464.8980288
465.082,,,,,,,,,,,,,,
465.125,84.0,109.9099671747,,93.9435157507,,93.9435157507,40.8187773763,,,,,1.19826420479462,,465.0498192
465.277,84.0,109.9371827169,,93.9299079796,,93.9299079796,40.8187773763,,,,,1.19826420479462,,465.2016096
465.341,,,,,,,,,,,,,,
465.424,,,,,,,,,,,,,,
465.43,84.0,109.9689341828,,93.8255817345,,93.8255817345,40.8187773763,,,,,1.19826420479462,,465.3530952
465.582,84.0,109.996149725,,94.3789644259,,94.3789644259,40.8187773763,,,,,1.19826420479462,,465.5048856000001
465.594,,,,,,,,,,,,,,
465.734,84.0,110.0233652672,2343.75,94.6828713138,,94.6828713138,40.8187773763,,,,,1.19826420479462,,465.6563712
465.862,,,,,,,,,,,,,,
465.887,84.0,110.0551167331,,94.1567041646,,94.1567041646,40.8187773763,,,,,1.19826420479462,,465.80816160000006
466.039,84.0,110.0823322753,,93.6622884813,,93.6622884813,40.8187773763,,,,,1.19826420479462,,465.95995199999993
466.192,84.0,110.1095478175,,94.1249526987,,94.1249526987,40.8187773763,,,,,1.19826420479462,,466.1114376
466.198,,,,,,,,,,,,,,
466.344,84.0,110.1367633597,,93.802902116,,93.802902116,40.8187773763,,,,,1.19826420479462,,466.263228
466.435,,,,,,,,,,,,,,
466.496,84.0,110.1685148256,,93.6441447865,,93.6441447865,40.8187773763,,,,,1.19826420479462,,466.4147136
466.649,84.0,110.1957303678,2343.75,94.7690538641,,94.7690538641,40.8187773763,,,,,1.19826420479462,,466.566504
466.786,,,,,,,,,,,,,,
466.801,84.0,110.22294591,,94.3562848074,,94.3562848074,40.8187773763,,,,,1.19826420479462,,466.71798960000007
466.944,,,,,,,,,,,,,,
466.954,84.0,110.2501614522,,93.8890846663,,93.8890846663,40.8187773763,,,,,1.19826420479462,,466.86978
467.039,,,,,,,,,,,,,,
467.106,84.0,110.2819129181,,94.1884556305,,94.1884556305,40.8187773763,,,,,1.19826420479462,,467.0212656000001
467.207,,,,,,,,,,,,,,
467.258,84.0,110.3091284603,,93.984339064,,93.984339064,40.8187773763,,,,,1.19826420479462,,467.173056
467.411,84.0,110.3363440025,2382.81,93.8165098871,,93.8165098871,40.8187773763,,,,,1.19826420479462,,467.3245416
467.545,,,,,,,,,,,,,,
467.5630000000001,84.0,110.3635595447,,93.8346535819,,93.8346535819,40.8187773763,,,,,1.19826420479462,,467.476332
467.716,84.0,110.3907750869,,93.6350729391,,93.6350729391,40.8187773763,,,,,1.19826420479462,,467.6278176
467.786,,,,,,,,,,,,,,
467.853,,,,,,,,,,,,,,
467.86800000000005,84.0,110.4225265528,,93.7620788027,,93.7620788027,40.8187773763,,,,,1.19826420479462,,467.7793032
468.02,84.0,110.449742095,,93.7257914131,,93.7257914131,40.8187773763,,,,,1.19826420479462,,467.93109360000005
468.036,,,,,,,,,,,,,,
468.173,84.0,110.4769576372,2343.75,93.4717796859,,93.4717796859,40.8187773763,,,,,1.19826420479462,,468.0825792
468.289,,,,,,,,,,,,,,
468.325,84.0,110.5087091031,,93.9435157507,,93.9435157507,40.8187773763,,,,,1.19826420479462,,468.2340648
468.478,84.0,110.5359246453,,93.7938302686,,93.7938302686,40.8187773763,,,,,1.19826420479462,,468.3858552
468.542,,,,,,,,,,,,,,
468.621,,,,,,,,,,,,,,
468.63,84.0,110.5631401875,,93.7303273368,,93.7303273368,40.8187773763,,,,,1.19826420479462,,468.5373408
468.782,84.0,110.5903557297,,93.3674534408,,93.3674534408,40.8187773763,,,,,1.19826420479462,,468.6888263999999
468.785,,,,,,,,,,,,,,
468.935,84.0,110.6221071956,2421.88,93.4899233807,,93.4899233807,40.8187773763,,,,,1.19826420479462,,468.8406168000001
469.023,,,,,,,,,,,,,,
469.087,84.0,110.6493227378,,93.9163002085,,93.9163002085,40.8187773763,,,,,1.19826420479462,,468.9921024
469.24,84.0,110.67653828,,93.9525875981,,93.9525875981,40.8187773763,,,,,1.19826420479462,,469.143588
469.365,,,,,,,,,,,,,,
469.392,84.0,110.7037538222,,93.5715700073,,93.5715700073,40.8187773763,,,,,1.19826420479462,,469.2950736
469.447,,,,,,,,,,,,,,
469.544,84.0,110.7355052881,,93.4717796859,,93.4717796859,40.8187773763,,,,,1.19826420479462,,469.446864
469.611,,,,,,,,,,,,,,
469.697,84.0,110.7627208303,,93.4627078385,,93.4627078385,40.8187773763,,,,,1.19826420479462,,469.5983496
469.849,84.0,110.7899363725,2421.88,93.5216748466,,93.5216748466,40.8187773763,,,,,1.19826420479462,,469.7498352
469.935,,,,,,,,,,,,,,
470.002,84.0,110.8171519147,,93.5670340836,,93.5670340836,40.8187773763,,,,,1.19826420479462,,469.90132080000006
470.154,84.0,110.8489033806,,93.2812708905,,93.2812708905,40.8187773763,,,,,1.19826420479462,,470.0528064
470.17800000000005,,,,,,,,,,,,,,
470.306,84.0,110.8761189228,,93.1633368743,,93.1633368743,40.8187773763,,,,,1.19826420479462,,470.2045968000001
470.407,,,,,,,,,,,,,,
470.459,84.0,110.903334465,,93.0272591633,,93.0272591633,40.8187773763,,,,,1.19826420479462,,470.3560824
470.611,84.0,110.9305500072,2343.75,93.8845487426,,93.8845487426,40.8187773763,,,,,1.19826420479462,,470.507568
470.712,,,,,,,,,,,,,,
470.764,84.0,110.9623014731,,94.1884556305,,94.1884556305,40.8187773763,,,,,1.19826420479462,,470.6590536000001
470.886,,,,,,,,,,,,,,
470.916,84.0,110.9895170153,,94.3290692652,,94.3290692652,40.8187773763,,,,,1.19826420479462,,470.8105392
470.959,,,,,,,,,,,,,,
471.068,84.0,111.0167325575,,93.3719893645,,93.3719893645,40.8187773763,,,,,1.19826420479462,,470.9620248
471.114,,,,,,,,,,,,,,
471.221,84.0,111.0484840234,,93.7348632605,,93.7348632605,40.8187773763,,,,,1.19826420479462,,471.1135104
471.3730000000001,84.0,111.0756995656,2343.75,93.5670340836,,93.5670340836,40.8187773763,,,,,1.19826420479462,,471.264996
471.489,,,,,,,,,,,,,,
471.526,84.0,111.1029151078,,93.8527972767,,93.8527972767,40.8187773763,,,,,1.19826420479462,,471.41648160000005
471.644,,,,,,,,,,,,,,
471.67800000000005,84.0,111.13013065,,93.8210458108,,93.8210458108,40.8187773763,,,,,1.19826420479462,,471.5679672
471.718,,,,,,,,,,,,,,
471.769,,,,,,,,,,,,,,
471.83,49.21,111.1528102685,2351.56,85.56112875310001,,85.56112875310001,41.3540163729,,,,,1.19826420479462,,471.7194528
471.983,84.0,111.1890976581,,96.9961924008,,96.9961924008,41.7395698874,,,,,1.19826420479462,,471.8709384
471.989,,,,,,,,,,,,,,
472.135,84.0,111.2163132003,,95.9574658735,,95.9574658735,41.7395698874,,,,,1.19826420479462,,472.022424
472.153,,,,,,,,,,,,,,
472.269,,,,,,,,,,,,,,
472.288,84.0,111.2435287425,,96.3656990065,,96.3656990065,41.7395698874,,,,,1.19826420479462,,472.1739096
472.44,84.0,111.2707442847,2421.88,96.7693962158,,96.7693962158,41.7395698874,,,,,1.19826420479462,,472.3253952
472.443,,,,,,,,,,,,,,
472.592,84.0,111.3024957506,,96.2386931429,,96.2386931429,41.7395698874,,,,,1.19826420479462,,472.4768808
472.714,,,,,,,,,,,,,,
472.745,84.0,111.3297112928,,95.3224365555,,95.3224365555,41.7395698874,,,,,1.19826420479462,,472.6283664
472.897,84.0,111.356926835,,94.5830809924,,94.5830809924,41.7395698874,,,,,1.19826420479462,,472.7795472
472.922,,,,,,,,,,,,,,
473.05,84.0,111.3886783009,2382.81,95.2680054711,,95.2680054711,41.7395698874,,,,,1.19826420479462,,472.9310328
473.117,,,,,,,,,,,,,,
473.202,84.0,111.4158938431,,94.8053412537,,94.8053412537,41.7395698874,,,,,1.19826420479462,,473.0825184
473.30300000000005,,,,,,,,,,,,,,
473.354,84.0,111.4431093853,,94.4651469762,,94.4651469762,41.7395698874,,,,,1.19826420479462,,473.234004
473.364,,,,,,,,,,,,,,
473.489,,,,,,,,,,,,,,
473.507,84.0,111.4703249275,,94.6783353901,,94.6783353901,41.7395698874,,,,,1.19826420479462,,473.3854896000001
473.659,84.0,111.4975404697,2343.75,94.7509101693,,94.7509101693,41.7395698874,,,,,1.19826420479462,,473.5366704
473.677,,,,,,,,,,,,,,
473.812,84.0,111.5292919356,,94.9142034225,,94.9142034225,41.7395698874,,,,,1.19826420479462,,473.688156
473.924,,,,,,,,,,,,,,
473.964,84.0,111.5565074778,,94.8552364144,,94.8552364144,41.7395698874,,,,,1.19826420479462,,473.8396416
474.101,,,,,,,,,,,,,,
474.116,84.0,111.58372302,,95.0638889046,,95.0638889046,41.7395698874,,,,,1.19826420479462,,473.9911272
474.269,84.0,111.6154744859,2382.81,95.0638889046,,95.0638889046,41.7395698874,,,,,1.19826420479462,,474.142308
474.287,,,,,,,,,,,,,,
474.421,84.0,111.6426900281,,95.0321374387,,95.0321374387,41.7395698874,,,,,1.19826420479462,,474.2937936000001
474.476,,,,,,,,,,,,,,
474.54,,,,,,,,,,,,,,
474.574,84.0,111.6699055703,,95.072960752,,95.072960752,41.7395698874,,,,,1.19826420479462,,474.4452792
474.662,,,,,,,,,,,,,,
474.726,84.0,111.6971211125,,95.1546073786,,95.1546073786,41.7395698874,,,,,1.19826420479462,,474.59646
474.878,84.0,111.7288725784,2382.81,95.072960752,,95.072960752,41.7395698874,,,,,1.19826420479462,,474.7479456
474.912,,,,,,,,,,,,,,
475.031,84.0,111.7560881206,,95.1364636838,,95.1364636838,41.7395698874,,,,,1.19826420479462,,474.8994312
475.098,,,,,,,,,,,,,,
475.162,,,,,,,,,,,,,,
475.1830000000001,84.0,111.7833036628,,95.2317180815,,95.2317180815,41.7395698874,,,,,1.19826420479462,,475.050612
475.284,,,,,,,,,,,,,,
475.336,84.0,111.810519205,,95.2725413948,,95.2725413948,41.7395698874,,,,,1.19826420479462,,475.2020976
475.48800000000006,84.0,111.8422706709,2421.88,94.9640985832,,94.9640985832,41.7395698874,,,,,1.19826420479462,,475.3532784
475.537,,,,,,,,,,,,,,
475.64,84.0,111.8694862131,,95.2045025393,,95.2045025393,41.7395698874,,,,,1.19826420479462,,475.504764
475.717,,,,,,,,,,,,,,
475.784,,,,,,,,,,,,,,
475.793,84.0,111.8967017553,,94.8370927196,,94.8370927196,41.7395698874,,,,,1.19826420479462,,475.6559448
475.903,,,,,,,,,,,,,,
475.945,84.0,111.9239172975,,94.936883041,,94.936883041,41.7395698874,,,,,1.19826420479462,,475.80743039999993
476.098,84.0,111.9556687634,2343.75,94.7146227797,,94.7146227797,41.7395698874,,,,,1.19826420479462,,475.9586112
476.152,,,,,,,,,,,,,,
476.25,84.0,111.9828843056,,95.1818229208,,95.1818229208,41.7395698874,,,,,1.19826420479462,,476.1100968
476.274,,,,,,,,,,,,,,
476.338,,,,,,,,,,,,,,
476.402,84.0,112.0100998478,,94.6692635427,,94.6692635427,41.7395698874,,,,,1.19826420479462,,476.2612776
476.454,,,,,,,,,,,,,,
476.555,84.0,112.03731539,,94.6601916953,,94.6601916953,41.7395698874,,,,,1.19826420479462,,476.4127632
476.707,84.0,112.0690668559,2382.81,94.7645179404,,94.7645179404,41.7395698874,,,,,1.19826420479462,,476.5639440000001
476.762,,,,,,,,,,,,,,
476.86,84.0,112.0962823981,,94.4107158918,,94.4107158918,41.7395698874,,,,,1.19826420479462,,476.7154296
476.875,,,,,,,,,,,,,,
476.939,,,,,,,,,,,,,,
477.012,84.0,112.1234979403,,94.7282305508,,94.7282305508,41.7395698874,,,,,1.19826420479462,,476.8666104
477.061,,,,,,,,,,,,,,
477.164,84.0,112.1507134825,2382.81,94.8144131011,,94.8144131011,41.7395698874,,,,,1.19826420479462,,477.0177912
477.17,,,,,,,,,,,,,,
477.317,84.0,112.1824649484,,95.2362540052,,95.2362540052,41.7395698874,,,,,1.19826420479462,,477.1692768
477.417,,,,,,,,,,,,,,
477.469,84.0,112.2096804906,,94.9142034225,,94.9142034225,41.7395698874,,,,,1.19826420479462,,477.32045760000005
477.478,,,,,,,,,,,,,,
477.606,,,,,,,,,,,,,,
477.622,84.0,112.2368960328,,94.6828713138,,94.6828713138,41.7395698874,,,,,1.19826420479462,,477.4716384
477.774,84.0,112.2686474987,2343.75,95.4086191058,,95.4086191058,41.7395698874,,,,,1.19826420479462,,477.623124
477.783,,,,,,,,,,,,,,
477.926,84.0,112.2958630409,,94.7463742456,,94.7463742456,41.7395698874,,,,,1.19826420479462,,477.7743048
478.027,,,,,,,,,,,,,,
478.079,84.0,112.3230785831,,94.9232752699,,94.9232752699,41.7395698874,,,,,1.19826420479462,,477.92548560000006
478.091,,,,,,,,,,,,,,
478.216,,,,,,,,,,,,,,
478.231,84.0,112.3502941253,,94.9187393462,,94.9187393462,41.7395698874,,,,,1.19826420479462,,478.0766664
478.384,84.0,112.3820455912,2382.81,94.7010150086,,94.7010150086,41.7395698874,,,,,1.19826420479462,,478.228152
478.402,,,,,,,,,,,,,,
478.536,84.0,112.4092611334,,94.6148324583,,94.6148324583,41.7395698874,,,,,1.19826420479462,,478.3793328
478.646,,,,,,,,,,,,,,
478.6880000000001,84.0,112.4364766756,,94.6737994664,,94.6737994664,41.7395698874,,,,,1.19826420479462,,478.5305136
478.719,,,,,,,,,,,,,,
478.838,,,,,,,,,,,,,,
478.841,84.0,112.4636922178,,94.483290671,,94.483290671,41.7395698874,,,,,1.19826420479462,,478.6816944
478.99300000000005,84.0,112.4954436837,2343.75,94.2610304097,,94.2610304097,41.7395698874,,,,,1.19826420479462,,478.8328752000001
479.027,,,,,,,,,,,,,,
479.146,84.0,112.5226592259,,94.1294886224,,94.1294886224,41.7395698874,,,,,1.19826420479462,,478.984056
479.204,,,,,,,,,,,,,,
479.264,,,,,,,,,,,,,,
479.298,84.0,112.5498747681,,94.4243236629,,94.4243236629,41.7395698874,,,,,1.19826420479462,,479.1352368
479.396,,,,,,,,,,,,,,
479.45,84.0,112.5770903103,,94.2247430201,,94.2247430201,41.7395698874,,,,,1.19826420479462,,479.2867224
479.603,84.0,112.6088417762,2421.88,94.3698925785,,94.3698925785,41.7395698874,,,,,1.19826420479462,,479.4379032
479.649,,,,,,,,,,,,,,
479.755,84.0,112.6360573184,,94.7055509323,,94.7055509323,41.7395698874,,,,,1.19826420479462,,479.589084
479.834,,,,,,,,,,,,,,
479.902,,,,,,,,,,,,,,
479.908,84.0,112.6632728606,,94.5966887635,,94.5966887635,41.7395698874,,,,,1.19826420479462,,479.7402648
480.03,,,,,,,,,,,,,,
480.06,84.0,112.6950243265,,94.8053412537,,94.8053412537,41.7395698874,,,,,1.19826420479462,,479.8914456
480.212,84.0,112.72223986870002,2421.88,94.528649908,,94.528649908,41.7395698874,,,,,1.19826420479462,,480.0426264
480.279,,,,,,,,,,,,,,
480.365,84.0,112.7494554109,,94.2292789438,,94.2292789438,41.7395698874,,,,,1.19826420479462,,480.1938072
480.401,,,,,,,,,,,,,,
480.462,,,,,,,,,,,,,,
480.517,84.0,112.7766709531,,94.1022730802,,94.1022730802,41.7395698874,,,,,1.19826420479462,,480.344988
480.584,,,,,,,,,,,,,,
480.67,84.0,112.8038864953,,94.1793837831,,94.1793837831,41.7395698874,,,,,1.19826420479462,,480.4961688
480.822,84.0,112.8356379612,2343.75,94.2065993253,,94.2065993253,41.7395698874,,,,,1.19826420479462,,480.6470448
480.837,,,,,,,,,,,,,,
480.974,84.0,112.8628535034,,94.0932012328,,94.0932012328,41.7395698874,,,,,1.19826420479462,,480.7982256
481.023,,,,,,,,,,,,,,
481.084,,,,,,,,,,,,,,
481.127,84.0,112.8900690456,,94.1294886224,,94.1294886224,41.7395698874,,,,,1.19826420479462,,480.94940639999993
481.209,,,,,,,,,,,,,,
481.279,84.0,112.9172845878,,94.1294886224,,94.1294886224,41.7395698874,,,,,1.19826420479462,,481.1005872
481.432,84.0,112.9490360537,2382.81,94.2746381808,,94.2746381808,41.7395698874,,,,,1.19826420479462,,481.251768
481.459,,,,,,,,,,,,,,
481.584,84.0,112.9762515959,,94.4424673577,,94.4424673577,41.7395698874,,,,,1.19826420479462,,481.4029488
481.645,,,,,,,,,,,,,,
481.736,84.0,113.0034671381,,94.5241139843,,94.5241139843,41.7395698874,,,,,1.19826420479462,,481.5541296
481.831,,,,,,,,,,,,,,
481.889,84.0,113.035218604,,94.3154614941,,94.3154614941,41.7395698874,,,,,1.19826420479462,,481.7050056
482.041,84.0,113.0624341462,2343.75,94.256494486,,94.256494486,41.7395698874,,,,,1.19826420479462,,481.8561864
482.078,,,,,,,,,,,,,,
482.194,84.0,113.0896496884,,94.3653566548,,94.3653566548,41.7395698874,,,,,1.19826420479462,,482.0073672
482.206,,,,,,,,,,,,,,
482.261,,,,,,,,,,,,,,
482.346,84.0,113.1168652306,,94.437931434,,94.437931434,41.7395698874,,,,,1.19826420479462,,482.1582432
482.395,,,,,,,,,,,,,,
482.4980000000001,84.0,113.1486166965,2382.81,94.3290692652,,94.3290692652,41.7395698874,,,,,1.19826420479462,,482.309424
482.651,84.0,113.1758322387,,94.1340245461,,94.1340245461,41.7395698874,,,,,1.19826420479462,,482.46060480000006
482.7,,,,,,,,,,,,,,
482.80300000000005,84.0,113.2030477809,,94.3562848074,,94.3562848074,41.7395698874,,,,,1.19826420479462,,482.6117856000001
482.831,,,,,,,,,,,,,,
482.895,,,,,,,,,,,,,,
482.956,84.0,113.2302633231,,94.2020634016,,94.2020634016,41.7395698874,,,,,1.19826420479462,,482.76266160000006
483.01,,,,,,,,,,,,,,
483.108,84.0,113.262014789,2343.75,94.2927818756,,94.2927818756,41.7395698874,,,,,1.19826420479462,,482.9138424
483.26,84.0,113.2892303312,,94.2202070964,,94.2202070964,41.7395698874,,,,,1.19826420479462,,483.0647184
483.327,,,,,,,,,,,,,,
483.385,,,,,,,,,,,,,,
483.413,84.0,113.3164458734,,94.0160905299,,94.0160905299,41.7395698874,,,,,1.19826420479462,,483.2158992
483.449,,,,,,,,,,,,,,
483.565,84.0,113.3436614156,,94.2202070964,,94.2202070964,41.7395698874,,,,,1.19826420479462,,483.3667752
483.571,,,,,,,,,,,,,,
483.718,84.0,113.3754128815,2382.81,94.120416775,,94.120416775,41.7395698874,,,,,1.19826420479462,,483.517956
483.751,,,,,,,,,,,,,,
483.87,84.0,113.4026284237,,93.9616594455,,93.9616594455,41.7395698874,,,,,1.19826420479462,,483.6691368
483.992,,,,,,,,,,,,,,
484.022,84.0,113.4298439659,,93.9480516744,,93.9480516744,41.7395698874,,,,,1.19826420479462,,483.8200128
484.056,,,,,,,,,,,,,,
484.175,84.0,113.4570595081,,94.2338148675,,94.2338148675,41.7395698874,,,,,1.19826420479462,,483.9711936000001
484.17800000000005,,,,,,,,,,,,,,
484.327,84.0,113.488810974,2343.75,94.0659856906,,94.0659856906,41.7395698874,,,,,1.19826420479462,,484.1220696
484.355,,,,,,,,,,,,,,
484.48,84.0,113.5160265162,,94.1113449276,,94.1113449276,41.7395698874,,,,,1.19826420479462,,484.2729456
484.595,,,,,,,,,,,,,,
484.632,84.0,113.5432420584,,94.1793837831,,94.1793837831,41.7395698874,,,,,1.19826420479462,,484.4241264
484.778,,,,,,,,,,,,,,
484.784,84.0,113.5704576006,,94.1839197068,,94.1839197068,41.7395698874,,,,,1.19826420479462,,484.5750024
484.937,84.0,113.6022090665,2382.81,94.4696828999,,94.4696828999,41.7395698874,,,,,1.19826420479462,,484.7261831999999
484.958,,,,,,,,,,,,,,
485.089,84.0,113.6294246087,,94.2156711727,,94.2156711727,41.7395698874,,,,,1.19826420479462,,484.8770592
485.138,,,,,,,,,,,,,,
485.199,,,,,,,,,,,,,,
485.242,84.0,113.6566401509,,94.3336051889,,94.3336051889,41.7395698874,,,,,1.19826420479462,,485.0279352
485.312,,,,,,,,,,,,,,
485.394,84.0,113.6838556931,,94.2882459519,,94.2882459519,41.7395698874,,,,,1.19826420479462,,485.179116
485.546,84.0,113.715607159,2382.81,94.4243236629,,94.4243236629,41.7395698874,,,,,1.19826420479462,,485.329992
485.61300000000006,,,,,,,,,,,,,,
485.699,84.0,113.7428227012,,94.2292789438,,94.2292789438,41.7395698874,,,,,1.19826420479462,,485.480868
485.732,,,,,,,,,,,,,,
485.787,,,,,,,,,,,,,,
485.851,84.0,113.7700382434,,94.0705216143,,94.0705216143,41.7395698874,,,,,1.19826420479462,,485.631744
485.906,,,,,,,,,,,,,,
486.004,84.0,113.7972537856,2343.75,94.3154614941,,94.3154614941,41.7395698874,,,,,1.19826420479462,,485.7829248
486.022,,,,,,,,,,,,,,
486.156,84.0,113.8290052515,,93.9072283611,,93.9072283611,41.7395698874,,,,,1.19826420479462,,485.9338008
486.25,,,,,,,,,,,,,,
486.3080000000001,84.0,113.8562207937,,93.8890846663,,93.8890846663,41.7395698874,,,,,1.19826420479462,,486.0846768
486.311,,,,,,,,,,,,,,
486.421,,,,,,,,,,,,,,
486.461,84.0,113.8834363359,,93.9934109114,,93.9934109114,41.7395698874,,,,,1.19826420479462,,486.2355528
486.61300000000006,84.0,113.9106518781,2382.81,93.9072283611,,93.9072283611,41.7395698874,,,,,1.19826420479462,,486.3864288
486.653,,,,,,,,,,,,,,
486.766,84.0,113.942403344,,94.2065993253,,94.2065993253,41.7395698874,,,,,1.19826420479462,,486.5373048
486.824,,,,,,,,,,,,,,
486.878,,,,,,,,,,,,,,
486.918,84.0,113.9696188862,,94.2338148675,,94.2338148675,41.7395698874,,,,,1.19826420479462,,486.6881808
487.0,,,,,,,,,,,,,,
487.07,84.0,113.9968344284,,94.3381411126,,94.3381411126,41.7395698874,,,,,1.19826420479462,,486.8393616
487.223,84.0,114.0285858943,2343.75,94.1839197068,,94.1839197068,41.7395698874,,,,,1.19826420479462,,486.9902376
487.232,,,,,,,,,,,,,,
487.375,84.0,114.0558014365,,94.2701022571,,94.2701022571,41.7395698874,,,,,1.19826420479462,,487.1411136
487.406,,,,,,,,,,,,,,
487.518,,,,,,,,,,,,,,
487.528,84.0,114.0830169787,,94.3971081207,,94.3971081207,41.7395698874,,,,,1.19826420479462,,487.2919896000001
487.68,84.0,114.1102325209,2421.88,94.0977371565,,94.0977371565,41.7395698874,,,,,1.19826420479462,,487.44286560000006
487.692,,,,,,,,,,,,,,
487.832,84.0,114.1419839868,,94.5150421369,,94.5150421369,41.7395698874,,,,,1.19826420479462,,487.5937416
487.924,,,,,,,,,,,,,,
487.985,84.0,114.169199529,,94.2428867149,,94.2428867149,41.7395698874,,,,,1.19826420479462,,487.7446176
488.098,,,,,,,,,,,,,,
488.137,84.0,114.1964150712,,94.0705216143,,94.0705216143,41.7395698874,,,,,1.19826420479462,,487.89549360000007
488.29,84.0,114.2236306134,2343.75,94.0569138432,,94.0569138432,41.7395698874,,,,,1.19826420479462,,488.0460648
488.332,,,,,,,,,,,,,,
488.442,84.0,114.2553820793,,94.0387701484,,94.0387701484,41.7395698874,,,,,1.19826420479462,,488.1969408
488.506,,,,,,,,,,,,,,
488.564,,,,,,,,,,,,,,
488.594,84.0,114.2825976215,,93.9934109114,,93.9934109114,41.7395698874,,,,,1.19826420479462,,488.3478168
488.68,,,,,,,,,,,,,,
488.747,84.0,114.3098131637,,94.2247430201,,94.2247430201,41.7395698874,,,,,1.19826420479462,,488.4986928
488.899,84.0,114.3370287059,2343.75,94.165776012,,94.165776012,41.7395698874,,,,,1.19826420479462,,488.6495688
488.914,,,,,,,,,,,,,,
489.027,,,,,,,,,,,,,,
489.052,84.0,114.3687801718,,94.1113449276,,94.1113449276,41.7395698874,,,,,1.19826420479462,,488.8004448
489.085,,,,,,,,,,,,,,
489.201,,,,,,,,,,,,,,
489.204,84.0,114.395995714,,93.9253720559,,93.9253720559,41.7395698874,,,,,1.19826420479462,,488.951016
489.356,84.0,114.4232112562,2382.81,94.2746381808,,94.2746381808,41.7395698874,,,,,1.19826420479462,,489.101892
489.375,,,,,,,,,,,,,,
489.509,84.0,114.4504267984,,94.1113449276,,94.1113449276,63.3169589283,,,,,1.19826420479462,,489.252768
489.603,,,,,,,,,,,,,,
489.661,84.0,114.4821782643,,93.8754768952,,93.8754768952,99.9989738902,,,,,1.19826420479462,,489.403644
489.664,,,,,,,,,,,,,,
489.78,,,,,,,,,,,,,,
489.814,84.0,114.5093938065,,93.938979827,,93.938979827,99.9989738902,,,,,1.19826420479462,,489.5542152
489.966,84.0,114.5366093487,2343.75,94.075057538,,94.075057538,99.9989738902,,,,,1.19826420479462,,489.7050912
490.021,,,,,,,,,,,,,,
490.11800000000005,84.0,114.56836081459998,,94.1249526987,,94.1249526987,99.9989738902,,,,,1.19826420479462,,489.8559672
490.207,,,,,,,,,,,,,,
490.271,84.0,114.5955763568,,94.0841293854,,94.0841293854,99.9989738902,,,,,1.19826420479462,,490.0065384
490.329,,,,,,,,,,,,,,
490.423,84.0,114.622791899,,93.984339064,,93.984339064,99.9989738902,,,,,1.19826420479462,,490.1574144
490.576,84.0,114.6500074412,2382.81,93.7031117946,,93.7031117946,99.9989738902,,,,,1.19826420479462,,490.30798560000005
490.624,,,,,,,,,,,,,,
490.728,84.0,114.6772229834,,93.9435157507,,93.9435157507,99.9989738902,,,,,1.19826420479462,,490.4588616
490.746,,,,,,,,,,,,,,
490.804,,,,,,,,,,,,,,
490.88,84.0,114.7089744493,,93.8845487426,,93.8845487426,99.9989738902,,,,,1.19826420479462,,490.6094328
490.926,,,,,,,,,,,,,,
491.033,84.0,114.7361899915,2343.75,93.7802224975,,93.7802224975,99.9989738902,,,,,1.19826420479462,,490.7603088
491.185,84.0,114.7634055337,,93.9798031403,,93.9798031403,99.9989738902,,,,,1.19826420479462,,490.91088
491.222,,,,,,,,,,,,,,
491.338,84.0,114.7951569996,,94.0795934617,,94.0795934617,99.9989738902,,,,,1.19826420479462,,491.061756
491.341,,,,,,,,,,,,,,
491.399,,,,,,,,,,,,,,
491.49,84.0,114.8223725418,,93.7303273368,,93.7303273368,99.9989738902,,,,,1.19826420479462,,491.2123272
491.517,,,,,,,,,,,,,,
491.642,84.0,114.849588084,2382.81,93.8845487426,,93.8845487426,99.9989738902,,,,,1.19826420479462,,491.3632032
491.694,,,,,,,,,,,,,,
491.795,84.0,114.87680362620002,,93.8301176582,,93.8301176582,99.9989738902,,,,,1.19826420479462,,491.5137744
491.871,,,,,,,,,,,,,,
491.929,,,,,,,,,,,,,,
491.947,84.0,114.9040191684,,93.9661953692,,93.9661953692,99.9989738902,,,,,1.19826420479462,,491.6646504
492.045,,,,,,,,,,,,,,
492.1,84.0,114.9357706343,,93.9344439033,,93.9344439033,99.9989738902,,,,,1.19826420479462,,491.8152216
492.252,84.0,114.9629861765,2343.75,93.8119739634,,93.8119739634,99.9989738902,,,,,1.19826420479462,,491.9657928
492.279,,,,,,,,,,,,,,
492.404,84.0,114.9947376424,,93.5624981599,,93.5624981599,99.9989738902,,,,,1.19826420479462,,492.1166688
492.456,,,,,,,,,,,,,,
492.517,,,,,,,,,,,,,,
492.557,84.0,115.0219531846,,93.9888749877,,93.9888749877,99.9989738902,,,,,1.19826420479462,,492.26724
492.609,,,,,,,,,,,,,,
492.709,84.0,115.0491687268,2421.88,95.1092481416,,95.1092481416,99.9989738902,,,,,1.19826420479462,,492.4178112
492.862,84.0,115.076384269,,95.8123163151,,95.8123163151,99.9989738902,,,,,1.19826420479462,,492.5683824
492.86800000000005,,,,,,,,,,,,,,
492.91,,,,,,,,,,,,,,
492.999,,,,,,,,,,,,,,
493.014,84.0,115.1035998112,,95.9574658735,,95.9574658735,99.9989738902,,,,,1.19826420479462,,492.7192584
493.166,84.0,115.1353512771,2343.75,95.9937532631,,95.9937532631,99.9989738902,,,,,1.19826420479462,,492.8698296
493.191,,,,,,,,,,,,,,
493.319,84.0,115.1625668193,,95.2226462341,,95.2226462341,99.9989738902,,,,,1.19826420479462,,493.02040080000006
493.349,,,,,,,,,,,,,,
493.404,,,,,,,,,,,,,,
493.471,84.0,115.1897823615,,95.6943822989,,95.6943822989,99.9989738902,,,,,1.19826420479462,,493.170972
493.508,,,,,,,,,,,,,,
493.624,84.0,115.2169979037,2343.75,95.0774966757,,95.0774966757,99.9989738902,,,,,1.19826420479462,,493.3215432
493.773,,,,,,,,,,,,,,
493.776,84.0,115.2487493696,,95.0185296676,,95.0185296676,99.9989738902,,,,,1.19826420479462,,493.4721144
493.88,,,,,,,,,,,,,,
493.92800000000005,84.0,115.2759649118,,96.0391125001,,96.0391125001,99.9989738902,,,,,1.19826420479462,,493.62268560000007
493.931,,,,,,,,,,,,,,
494.038,,,,,,,,,,,,,,
494.081,84.0,115.303180454,,95.2861491659,,95.2861491659,99.9989738902,,,,,1.19826420479462,,493.7732568
494.233,84.0,115.3303959962,2382.81,95.1137840653,,95.1137840653,99.9989738902,,,,,1.19826420479462,,493.923828
494.2480000000001,,,,,,,,,,,,,,
494.355,,,,,,,,,,,,,,
494.386,84.0,115.3621474621,,95.0502811335,,95.0502811335,99.9989738902,,,,,1.19826420479462,,494.0743992
494.41,,,,,,,,,,,,,,
494.523,,,,,,,,,,,,,,
494.538,84.0,115.3893630043,,95.7760289255,,95.7760289255,99.9989738902,,,,,1.19826420479462,,494.2249704
494.69,84.0,115.4165785465,2382.81,95.8622114758,,95.8622114758,99.9989738902,,,,,1.19826420479462,,494.3755416
494.843,84.0,115.4437940887,,95.2725413948,,95.2725413948,99.9989738902,,,,,1.19826420479462,,494.5261128
494.91,,,,,,,,,,,,,,
494.965,,,,,,,,,,,,,,
494.995,84.0,115.4755455546,,95.0638889046,,95.0638889046,99.9989738902,,,,,1.19826420479462,,494.676684
495.074,,,,,,,,,,,,,,
495.148,84.0,115.5027610968,,95.5492327405,,95.5492327405,99.9989738902,,,,,1.19826420479462,,494.8272552
495.3,84.0,115.529976639,2382.81,95.3587239451,,95.3587239451,99.9989738902,,,,,1.19826420479462,,494.9778264
495.452,84.0,115.5617281049,,95.1273918364,,95.1273918364,99.9989738902,,,,,1.19826420479462,,495.1283976
495.465,,,,,,,,,,,,,,
495.574,,,,,,,,,,,,,,
495.605,84.0,115.5889436471,,95.3950113347,,95.3950113347,99.9989738902,,,,,1.19826420479462,,495.2789688
495.757,84.0,115.6161591893,2421.88,95.2861491659,,95.2861491659,99.9989738902,,,,,1.19826420479462,,495.4292352
495.8,,,,,,,,,,,,,,
495.91,84.0,115.6433747315,,95.1727510734,,95.1727510734,99.9989738902,,,,,1.19826420479462,,495.5798064
495.964,,,,,,,,,,,,,,
496.019,,,,,,,,,,,,,,
496.062,84.0,115.6751261974,,95.1319277601,,95.1319277601,99.9989738902,,,,,1.19826420479462,,495.73037760000005
496.129,,,,,,,,,,,,,,
496.214,84.0,115.7023417396,,95.2045025393,,95.2045025393,99.9989738902,,,,,1.19826420479462,,495.8809488
496.367,84.0,115.7295572818,2343.75,95.3814035636,,95.3814035636,99.9989738902,,,,,1.19826420479462,,496.0312152
496.409,,,,,,,,,,,,,,
496.519,84.0,115.756772824,,95.5673764353,,95.5673764353,99.9989738902,,,,,1.19826420479462,,496.1817864
496.522,,,,,,,,,,,,,,
496.58,,,,,,,,,,,,,,
496.672,84.0,115.7885242899,,95.0548170572,,95.0548170572,99.9989738902,,,,,1.19826420479462,,496.3323576
496.69,,,,,,,,,,,,,,
496.824,84.0,115.8157398321,2343.75,94.9414189647,,94.9414189647,99.9989738902,,,,,1.19826420479462,,496.482624
496.858,,,,,,,,,,,,,,
496.976,84.0,115.8429553743,,94.7418383219,,94.7418383219,99.9989738902,,,,,1.19826420479462,,496.63319519999993
497.025,,,,,,,,,,,,,,
497.083,,,,,,,,,,,,,,
497.129,84.0,115.8701709165,,94.8507004907,,94.8507004907,99.9989738902,,,,,1.19826420479462,,496.78346160000007
497.196,,,,,,,,,,,,,,
497.281,84.0,115.9019223824,,94.8416286433,,94.8416286433,99.9989738902,,,,,1.19826420479462,,496.9340328
497.434,84.0,115.92913792459998,2343.75,94.6874072375,,94.6874072375,99.9989738902,,,,,1.19826420479462,,497.084604
497.482,,,,,,,,,,,,,,
497.586,84.0,115.9563534668,,94.9550267358,,94.9550267358,99.9989738902,,,,,1.19826420479462,,497.2348704
497.595,,,,,,,,,,,,,,
497.65,,,,,,,,,,,,,,
497.73800000000006,84.0,115.983569009,,94.6057606109,,94.6057606109,99.9989738902,,,,,1.19826420479462,,497.3851368
497.76,,,,,,,,,,,,,,
497.891,84.0,116.0153204749,2382.81,94.7599820167,,94.7599820167,99.9989738902,,,,,1.19826420479462,,497.535708
497.927,,,,,,,,,,,,,,
498.043,84.0,116.0425360171,,95.2906850896,,95.2906850896,99.9989738902,,,,,1.19826420479462,,497.6859744
498.15,,,,,,,,,,,,,,
498.196,84.0,116.0697515593,,94.7191587034,,94.7191587034,99.9989738902,,,,,1.19826420479462,,497.8365456
498.26,,,,,,,,,,,,,,
498.348,84.0,116.1015030252,,94.6601916953,,94.6601916953,99.9989738902,,,,,1.19826420479462,,497.986812
498.5,84.0,116.1287185674,2421.88,94.5150421369,,94.5150421369,99.9989738902,,,,,1.19826420479462,,498.1370784
498.531,,,,,,,,,,,,,,
498.638,,,,,,,,,,,,,,
498.653,84.0,116.1559341096,,94.2474226386,,94.2474226386,99.9989738902,,,,,1.19826420479462,,498.2876496
498.692,,,,,,,,,,,,,,
498.799,,,,,,,,,,,,,,
498.805,84.0,116.1831496518,,94.574009145,,94.574009145,99.9989738902,,,,,1.19826420479462,,498.437916
498.958,84.0,116.210365194,2421.88,94.6874072375,,94.6874072375,99.9989738902,,,,,1.19826420479462,,498.5881824
499.11,84.0,116.2421166599,,94.755446093,,94.755446093,99.9989738902,,,,,1.19826420479462,,498.73875360000005
499.177,,,,,,,,,,,,,,
499.229,,,,,,,,,,,,,,
499.262,84.0,116.2693322021,,94.7236946271,,94.7236946271,99.9989738902,,,,,1.19826420479462,,498.88902
499.342,,,,,,,,,,,,,,
499.415,84.0,116.2965477443,2382.81,94.6783353901,,94.6783353901,99.9989738902,,,,,1.19826420479462,,499.0392864
499.564,,,,,,,,,,,,,,
499.567,84.0,116.3282992102,,94.8507004907,,94.8507004907,99.9989738902,,,,,1.19826420479462,,499.1895528
499.674,,,,,,,,,,,,,,
499.72,84.0,116.3555147524,,94.5150421369,,94.5150421369,99.9989738902,,,,,1.19826420479462,,499.3398192
499.729,,,,,,,,,,,,,,
499.835,,,,,,,,,,,,,,
499.872,84.0,116.3827302946,,94.5422576791,,94.5422576791,99.9989738902,,,,,1.19826420479462,,499.4903904
500.024,84.0,116.4099458368,2382.81,94.7282305508,,94.7282305508,99.9989738902,,,,,1.19826420479462,,499.6406568
500.061,,,,,,,,,,,,,,
500.177,84.0,116.4416973027,,94.7055509323,,94.7055509323,99.9989738902,,,,,1.19826420479462,,499.7909232
500.232,,,,,,,,,,,,,,
500.287,,,,,,,,,,,,,,
500.329,84.0,116.4689128449,,94.7599820167,,94.7599820167,99.9989738902,,,,,1.19826420479462,,499.9411896000001
500.402,,,,,,,,,,,,,,
500.482,84.0,116.4961283871,,94.9958500491,,94.9958500491,99.9989738902,,,,,1.19826420479462,,500.091456
500.634,84.0,116.5233439293,2382.81,94.7055509323,,94.7055509323,99.9989738902,,,,,1.19826420479462,,500.2417224
500.643,,,,,,,,,,,,,,
500.786,84.0,116.5550953952,,94.4742188236,,94.4742188236,99.9989738902,,,,,1.19826420479462,,500.3919888
500.811,,,,,,,,,,,,,,
500.921,,,,,,,,,,,,,,
500.939,84.0,116.5823109374,,94.483290671,,94.483290671,99.9989738902,,,,,1.19826420479462,,500.5422552
501.085,,,,,,,,,,,,,,
501.091,84.0,116.6095264796,2382.81,94.528649908,,94.528649908,99.9989738902,,,,,1.19826420479462,,500.6925216
501.244,84.0,116.6367420218,,95.1727510734,,95.1727510734,99.9989738902,,,,,1.19826420479462,,500.842788
501.32,,,,,,,,,,,,,,
501.372,,,,,,,,,,,,,,
501.396,92.9,116.6730294114,,96.1298309741,,96.1298309741,99.9989738902,,,,,1.19826420479462,,500.9927496
501.494,,,,,,,,,,,,,,
501.548,126.0,116.6957090299,2578.13,97.749155735,,97.749155735,99.9989738902,,,,,1.19826420479462,,501.143016
501.701,126.0,116.72292457209998,,97.7400838876,,97.7400838876,99.9989738902,,,,,1.19826420479462,,501.2932824
501.853,126.0,116.754676038,,97.2683478228,,97.2683478228,99.9989738902,,,,,1.19826420479462,,501.4435488
501.969,,,,,,,,,,,,,,
502.006,126.0,116.7818915802,,97.114126417,,97.114126417,99.9989738902,,,,,1.19826420479462,,501.5938152
502.042,,,,,,,,,,,,,,
502.158,126.38,116.8091071224,2539.06,97.1095904933,,97.1095904933,99.9989738902,,,,,1.19826420479462,,501.7437768
502.259,,,,,,,,,,,,,,
502.31,126.43,116.8363226646,,97.1458778829,,97.1458778829,99.9989738902,,,,,1.19826420479462,,501.8940432
502.332,,,,,,,,,,,,,,
502.402,,,,,,,,,,,,,,
502.463,126.05,116.8680741305,,97.204844891,,97.204844891,99.9989738902,,,,,1.19826420479462,,502.0443096
502.475,,,,,,,,,,,,,,
502.548,,,,,,,,,,,,,,
502.615,126.81,116.8952896727,2539.06,97.3454585257,,97.3454585257,99.9989738902,,,,,1.19826420479462,,502.194576
502.621,,,,,,,,,,,,,,
502.768,126.0,116.9225052149,,97.2910274413,,97.2910274413,99.9989738902,,,,,1.19826420479462,,502.3445376
502.838,,,,,,,,,,,,,,
502.917,,,,,,,,,,,,,,
502.92,126.43,116.9497207571,,97.0733031037,,97.0733031037,99.9989738902,,,,,1.19826420479462,,502.494804
503.048,,,,,,,,,,,,,,
503.072,126.86,116.981472223,,97.0823749511,,97.0823749511,99.9989738902,,,,,1.19826420479462,,502.6447656
503.124,,,,,,,,,,,,,,
503.225,126.77,117.0086877652,2578.13,97.2774196702,,97.2774196702,99.9989738902,,,,,1.19826420479462,,502.7950320000001
503.258,,,,,,,,,,,,,,
503.328,,,,,,,,,,,,,,
503.377,127.0,117.0359033074,,97.159485654,,97.159485654,99.9989738902,,,,,1.19826420479462,,502.9449936000001
503.395,,,,,,,,,,,,,,
503.466,,,,,,,,,,,,,,
503.53,126.27,117.0631188496,,97.159485654,,97.159485654,99.9989738902,,,,,1.19826420479462,,503.09526
503.536,,,,,,,,,,,,,,
503.606,,,,,,,,,,,,,,
503.676,,,,,,,,,,,,,,
503.682,126.45,117.0948703155,2539.06,97.0370157141,,97.0370157141,99.9989738902,,,,,1.19826420479462,,503.2452216
503.834,126.55,117.1220858577,,97.0007283245,,97.0007283245,99.9989738902,,,,,1.19826420479462,,503.395488
503.883,,,,,,,,,,,,,,
503.953,,,,,,,,,,,,,,
503.987,126.33,117.1493013999,,97.5405032448,,97.5405032448,99.9989738902,,,,,1.19826420479462,,503.5454496
504.023,,,,,,,,,,,,,,
504.09,,,,,,,,,,,,,,
504.139,126.41,117.1765169421,2500.0,97.4044255338,,97.4044255338,99.9989738902,,,,,1.19826420479462,,503.695716
504.161,,,,,,,,,,,,,,
504.292,126.45,117.208268408,,97.6085421003,,97.6085421003,99.9989738902,,,,,1.19826420479462,,503.8456776
504.377,,,,,,,,,,,,,,
504.441,,,,,,,,,,,,,,
504.444,126.36,117.2354839502,,97.4044255338,,97.4044255338,99.9989738902,,,,,1.19826420479462,,503.9956392
504.508,,,,,,,,,,,,,,
504.578,,,,,,,,,,,,,,
504.596,126.27,117.2626994924,,97.4815362367,,97.4815362367,99.9989738902,,,,,1.19826420479462,,504.1459056
504.648,,,,,,,,,,,,,,
504.718,,,,,,,,,,,,,,
504.749,126.09,117.2899150346,2617.19,97.2547400517,,97.2547400517,99.9989738902,,,,,1.19826420479462,,504.2958672
504.855,,,,,,,,,,,,,,
504.901,126.36,117.3216665005,,97.4588566182,,97.4588566182,99.9989738902,,,,,1.19826420479462,,504.4458288
504.926,,,,,,,,,,,,,,
504.996,,,,,,,,,,,,,,
505.054,126.45,117.3488820427,,97.1504138066,,97.1504138066,99.9989738902,,,,,1.19826420479462,,504.5960952
505.066,,,,,,,,,,,,,,
505.136,,,,,,,,,,,,,,
505.206,126.23,117.3760975849,2539.06,97.2456682043,,97.2456682043,99.9989738902,,,,,1.19826420479462,,504.7460568
505.358,126.14,117.4078490508,,97.6221498714,,97.6221498714,99.9989738902,,,,,1.19826420479462,,504.8960184
505.413,,,,,,,,,,,,,,
505.483,,,,,,,,,,,,,,
505.511,126.14,117.435064593,,97.431641076,,97.431641076,99.9989738902,,,,,1.19826420479462,,505.04598
505.55300000000005,,,,,,,,,,,,,,
505.624,,,,,,,,,,,,,,
505.663,126.32,117.4622801352,,97.4134973812,,97.4134973812,99.9989738902,,,,,1.19826420479462,,505.1959416
505.691,,,,,,,,,,,,,,
505.761,,,,,,,,,,,,,,
505.816,126.0,117.4894956774,2617.19,97.295563365,,97.295563365,99.9989738902,,,,,1.19826420479462,,505.3459032
505.837,,,,,,,,,,,,,,
505.901,,,,,,,,,,,,,,
505.968,126.45,117.5167112196,,97.3590662968,,97.3590662968,99.9989738902,,,,,1.19826420479462,,505.4961696
505.971,,,,,,,,,,,,,,
506.047,,,,,,,,,,,,,,
506.108,,,,,,,,,,,,,,
506.12,126.91,117.5484626855,,97.5541110159,,97.5541110159,99.9989738902,,,,,1.19826420479462,,505.6461312
506.17800000000005,,,,,,,,,,,,,,
506.2480000000001,,,,,,,,,,,,,,
506.273,126.27,117.5756782277,2617.19,97.5495750922,,97.5495750922,99.9989738902,,,,,1.19826420479462,,505.79609280000005
506.425,126.18,117.6028937699,,97.5042158552,,97.5042158552,99.9989738902,,,,,1.19826420479462,,505.9460544
506.459,,,,,,,,,,,,,,
506.526,,,,,,,,,,,,,,
506.578,126.64,117.6346452358,,97.5132877026,,97.5132877026,99.9989738902,,,,,1.19826420479462,,506.096016
506.596,,,,,,,,,,,,,,
506.666,,,,,,,,,,,,,,
506.73,126.68,117.661860778,2539.06,97.5087517789,,97.5087517789,99.9989738902,,,,,1.19826420479462,,506.24597760000006
506.736,,,,,,,,,,,,,,
506.882,126.64,117.6890763202,,97.4407129234,,97.4407129234,99.9989738902,,,,,1.19826420479462,,506.3956344
506.895,,,,,,,,,,,,,,
506.986,,,,,,,,,,,,,,
507.035,126.82,117.7162918624,,97.25927597540002,,97.25927597540002,99.9989738902,,,,,1.19826420479462,,506.545596
507.062,,,,,,,,,,,,,,
507.132,,,,,,,,,,,,,,
507.187,126.23,117.7480433283,,97.3227789072,,97.3227789072,99.9989738902,,,,,1.19826420479462,,506.6955576
507.34,127.0,117.7752588705,2617.19,97.5405032448,,97.5405032448,99.9989738902,,,,,1.19826420479462,,506.8455192
507.492,127.0,117.8024744127,,97.4543206945,,97.4543206945,99.9989738902,,,,,1.19826420479462,,506.9954808
507.522,,,,,,,,,,,,,,
507.59,,,,,,,,,,,,,,
507.644,126.36,117.8296899549,,97.5042158552,,97.5042158552,99.9989738902,,,,,1.19826420479462,,507.1454424
507.66,,,,,,,,,,,,,,
507.73,,,,,,,,,,,,,,
507.797,126.0,117.8614414208,2539.06,97.6266857951,,97.6266857951,99.9989738902,,,,,1.19826420479462,,507.2950992
507.8,,,,,,,,,,,,,,
507.949,126.41,117.888656963,,97.5450391685,,97.5450391685,99.9989738902,,,,,1.19826420479462,,507.4450608
508.007,,,,,,,,,,,,,,
508.077,,,,,,,,,,,,,,
508.102,126.45,117.9158725052,,97.6085421003,,97.6085421003,99.9989738902,,,,,1.19826420479462,,507.5950224
508.147,,,,,,,,,,,,,,
508.217,,,,,,,,,,,,,,
508.254,126.45,117.9430880474,,97.6085421003,,97.6085421003,99.9989738902,,,,,1.19826420479462,,507.744984
508.288,,,,,,,,,,,,,,
508.355,,,,,,,,,,,,,,
508.406,126.64,117.9748395133,2617.19,97.5586469396,,97.5586469396,99.9989738902,,,,,1.19826420479462,,507.8946408
508.495,,,,,,,,,,,,,,
508.559,126.23,118.0020550555,,97.3227789072,,97.3227789072,99.9989738902,,,,,1.19826420479462,,508.0446024
508.565,,,,,,,,,,,,,,
508.635,,,,,,,,,,,,,,
508.705,,,,,,,,,,,,,,
508.711,127.0,118.0292705977,,97.4679284656,,97.4679284656,99.9989738902,,,,,1.19826420479462,,508.1942592
508.772,,,,,,,,,,,,,,
508.842,,,,,,,,,,,,,,
508.864,126.52,118.0564861399,2578.13,97.3182429835,,97.3182429835,99.9989738902,,,,,1.19826420479462,,508.3442208000001
509.001,,,,,1.21000003814697,,,,497.630004882813,,,,,
509.016,126.18,118.0882376058,,97.3636022205,,97.3636022205,99.9989738902,,,,,1.19826420479462,,508.4938776000001
509.05300000000005,,,,,,,,,,,,,,
509.1230000000001,,,,,,,,,,,,,,
509.168,126.27,118.115453148,,97.1504138066,,97.1504138066,99.9989738902,,,,,1.19826420479462,,508.6438392
509.19,,,,,,,,,,,,,,
509.26,,,,,,,,,,,,,,
509.321,126.86,118.1426686902,,97.1322701118,,97.1322701118,99.9989738902,,,,,1.19826420479462,,508.793496
509.33,,,,,,,,,,,,,,
509.4,,,,,,,,,,,,,,
509.473,126.32,118.1698842324,2578.13,97.159485654,,97.159485654,99.9989738902,,,,,1.19826420479462,,508.9434576
509.54,,,,,,,,,,,,,,
509.607,,,,,,,,,,,,,,
509.626,126.0,118.2016356983,,97.0959827222,,97.0959827222,99.9989738902,,,,,1.19826420479462,,509.09311439999993
509.677,,,,,,,,,,,,,,
509.7480000000001,,,,,,,,,,,,,,
509.778,126.0,118.2288512405,,97.2093808147,,97.2093808147,99.9989738902,,,,,1.19826420479462,,509.243076
509.818,,,,,,,,,,,,,,
509.888,,,,,,,,,,,,,,
509.93,126.45,118.2560667827,2578.13,97.204844891,,97.204844891,99.9989738902,,,,,1.19826420479462,,509.3927328
510.001,,,,,1.21000003814697,,,,498.059997558594,,,,,
510.083,126.45,118.2878182486,,97.1186623407,,97.1186623407,99.9989738902,,,,,1.19826420479462,,509.5423896000001
510.095,,,,,,,,,,,,,,
510.165,,,,,,,,,,,,,,
510.235,126.77,118.3150337908,,97.250204128,,97.250204128,99.9989738902,,,,,1.19826420479462,,509.6923512
510.305,,,,,,,,,,,,,,
510.372,,,,,,,,,,,,,,
510.388,126.5,118.342249333,2617.19,97.250204128,,97.250204128,99.9989738902,,,,,1.19826420479462,,509.842008
510.54,127.0,118.3694648752,,97.3953536864,,97.3953536864,99.9989738902,,,,,1.19826420479462,,509.9916648
510.583,,,,,,,,,,,,,,
510.653,,,,,,,,,,,,,,
510.692,126.18,118.3966804174,,97.3091711361,,97.3091711361,99.9989738902,,,,,1.19826420479462,,510.1413216
510.72,,,,,,,,,,,,,,
510.79,,,,,,,,,,,,,,
510.845,126.0,118.4284318833,,97.4543206945,,97.4543206945,99.9989738902,,,,,1.19826420479462,,510.2912832
510.86,,,,,,,,,,,,,,
510.93,,,,,,,,,,,,,,
510.997,126.45,118.4556474255,2578.13,97.3000992887,,97.3000992887,99.9989738902,,,,,1.19826420479462,,510.44094
511.0,,,,,1.21000003814697,,,,498.480010986328,,,,,
511.15,126.23,118.4828629677,,97.1504138066,,97.1504138066,99.9989738902,,,,,1.19826420479462,,510.5905968
511.302,126.59,118.5146144336,,97.0869108748,,97.0869108748,99.9989738902,,,,,1.19826420479462,,510.7402536
511.454,126.59,118.5418299758,2578.13,97.3273148309,,97.3273148309,99.9989738902,,,,,1.19826420479462,,510.8899104
511.607,126.55,118.569045518,,97.2411322806,,97.2411322806,99.9989738902,,,,,1.19826420479462,,511.0395672
511.759,126.09,118.5962610602,,97.1095904933,,97.1095904933,99.9989738902,,,,,1.19826420479462,,511.189224
511.848,,,,,,,,,,,,,,
511.912,126.0,118.6280125261,,97.0460875615,,97.0460875615,99.9989738902,,,,,1.19826420479462,,511.3388808
511.924,,,,,,,,,,,,,,
511.994,,,,,,,,,,,,,,
512.0,,,,,1.14999997615814,,,,511.200012207031,511.200012207031,1.21000003814697,,3.76275288423719,
512.064,126.0,118.6552280683,2578.13,96.9871205534,,96.9871205534,99.9989738902,,,,,1.19826420479462,,511.4885376
512.125,,,,,,,,,,,,,,
512.195,,,,,,,,,,,,,,
512.216,126.0,118.6824436105,,97.0778390274,,97.0778390274,99.9989738902,,,,,1.19826420479462,,511.6381944
512.265,,,,,,,,,,,,,,
512.335,,,,,,,,,,,,,,
512.369,126.0,118.7096591527,,97.1413419592,,97.1413419592,99.9989738902,,,,,1.19826420479462,,511.7878512
512.411,,,,,,,,,,,,,,
512.472,,,,,,,,,,,,,,
512.521,118.4,118.7459465423,2558.59,98.7107715594,,98.7107715594,100.2121623041,,,,,1.19826420479462,,511.937508
512.558,,,,,,,,,,,,,,
512.674,89.0,118.7686261608,2578.13,98.7833463386,,98.7833463386,100.924302325,,,,,1.19826420479462,,512.0871648
512.695,,,,,,,,,,,,,,
512.732,,,,,,,,,,,,,,
512.762,,,,,,,,,,,,,,
512.7959999999999,,,,,,,,,,,,,,
512.826,89.0,118.795841703,,98.2390354946,,98.2390354946,100.924302325,,,,,1.19826420479462,,512.2368216
512.8290000000001,,,,,,,,,,,,,,
512.863,,,,,,,,,,,,,,
512.93,,,,,,,,,,,,,,
512.9780000000001,89.0,118.8230572452,2578.13,98.1301733258,,98.1301733258,100.924302325,,,,,1.19826420479462,,512.3861736
512.994,,,,,,,,,,,,,,
513.0,,,,,1.1599999666214,,,,512.179992675781,512.179992675781,1.21000003814697,,4.52754004397063,
513.0269999999999,,,,,,,,,,,,,,
513.061,,,,,,,,,,,,,,
513.094,,,,,,,,,,,,,,
513.125,,,,,,,,,,,,,,
513.131,89.0,118.8548087111,,97.9260567593,,97.9260567593,100.924302325,,,,,1.19826420479462,,512.5358304
513.158,,,,,,,,,,,,,,
513.2280000000001,,,,,,,,,,,,,,
513.283,89.0,118.8820242533,2617.19,97.9079130645,,97.9079130645,100.924302325,,,,,1.19826420479462,,512.6854871999999
513.298,,,,,,,,,,,,,,
513.3290000000001,,,,,,,,,,,,,,
513.362,,,,,,,,,,,,,,
513.399,,,,,,,,,,,,,,
513.43,,,,,,,,,,,,,,
513.436,89.0,118.9092397955,,97.7083324217,,97.7083324217,100.924302325,,,,,1.19826420479462,,512.835144
513.46,,,,,,,,,,,,,,
513.487,,,,,,,,,,,,,,
513.5880000000001,89.0,118.9364553377,2617.19,97.6176139477,,97.6176139477,100.924302325,,,,,1.19826420479462,,512.984496
513.606,,,,,,,,,,,,,,
513.634,,,,,,,,,,,,,,
513.661,,,,,,,,,,,,,,
513.689,,,,,,,,,,,,,,
513.74,89.0,118.9682068036,,97.7174042691,,97.7174042691,100.924302325,,,,,1.19826420479462,,513.1341528
513.743,,,,,,,,,,,,,,
513.771,,,,,,,,,,,,,,
513.826,,,,,,,,,,,,,,
513.856,,,,,,,,,,,,,,
513.884,,,,,,,,,,,,,,
513.893,89.0,118.9954223458,2617.19,97.9079130645,,97.9079130645,100.924302325,,,,,1.19826420479462,,513.2835048000001
513.914,,,,,,,,,,,,,,
513.945,,,,,,,,,,,,,,
513.972,,,,,,,,,,,,,,
513.999,,,,,1.0700000524520898,,,,513.159973144531,513.159973144531,1.21000003814697,,4.445962824730571,
514.003,,,,,,,,,,,,,,
514.03,,,,,,,,,,,,,,
514.045,89.0,119.022637888,,97.8988412171,,97.8988412171,100.924302325,,,,,1.19826420479462,,513.4331616000001
514.158,,,,,,,,,,,,,,
514.192,,,,,,,,,,,,,,
514.198,89.0,119.0498534302,2617.19,97.8171945905,,97.8171945905,100.924302325,,,,,1.19826420479462,,513.5828184
514.222,,,,,,,,,,,,,,
514.259,,,,,,,,,,,,,,
514.2919999999999,,,,,,,,,,,,,,
514.326,,,,,,,,,,,,,,
514.35,89.0,119.0816048961,,98.0575985466,,98.0575985466,100.924302325,,,,,1.19826420479462,,513.7321704
514.359,,,,,,,,,,,,,,
514.46,,,,,,,,,,,,,,
514.49,,,,,,,,,,,,,,
514.502,89.0,119.1088204383,2578.13,97.7990508957,,97.7990508957,100.924302325,,,,,1.19826420479462,,513.8818272
514.524,,,,,,,,,,,,,,
514.56,,,,,,,,,,,,,,
514.591,,,,,,,,,,,,,,
514.621,,,,,,,,,,,,,,
514.6519999999999,,,,,,,,,,,,,,
514.655,89.0,119.1360359805,,97.7672994298,,97.7672994298,100.924302325,,,,,1.19826420479462,,514.0311792
514.749,,,,,,,,,,,,,,
514.789,,,,,,,,,,,,,,
514.807,89.0,119.1632515227,2617.19,97.477000313,,97.477000313,100.924302325,,,,,1.19826420479462,,514.1805312
514.825,,,,,,,,,,,,,,
514.862,,,,,,,,,,,,,,
514.899,,,,,,,,,,,,,,
514.935,,,,,,,,,,,,,,
514.96,89.0,119.1950029886,,97.1186623407,,97.1186623407,100.924302325,,,,,1.19826420479462,,514.330188
514.972,,,,,,,,,,,,,,
514.999,,,,,1.20000004768372,,,,514.1400146484381,514.1400146484381,1.21000003814697,,4.782469097215111,
515.005,,,,,,,,,,,,,,
515.078,,,,,,,,,,,,,,
515.112,89.0,119.2222185308,2578.13,97.1458778829,,97.1458778829,100.924302325,,,,,1.19826420479462,,514.47954
515.1519999999999,,,,,,,,,,,,,,
515.191,,,,,,,,,,,,,,
515.231,,,,,,,,,,,,,,
515.264,89.0,119.249434073,,97.1549497303,,97.1549497303,100.924302325,,,,,1.19826420479462,,514.6291968
515.274,,,,,,,,,,,,,,
515.316,,,,,,,,,,,,,,
515.356,,,,,,,,,,,,,,
515.399,,,,,,,,,,,,,,
515.4169999999999,89.0,119.2766496152,,97.250204128,,97.250204128,100.924302325,,,,,1.19826420479462,,514.7785488
515.52,,,,,,,,,,,,,,
515.56,,,,,,,,,,,,,,
515.569,89.0,119.3084010811,2578.13,97.0596953326,,97.0596953326,100.924302325,,,,,1.19826420479462,,514.9279008000001
515.6,,,,,,,,,,,,,,
515.6419999999999,,,,,,,,,,,,,,
515.685,,,,,,,,,,,,,,
515.722,89.0,119.3356166233,,97.06876718,,97.06876718,100.924302325,,,,,1.19826420479462,,515.0772528
515.725,,,,,,,,,,,,,,
515.7669999999999,,,,,,,,,,,,,,
515.85,,,,,,,,,,,,,,
515.874,89.0,119.3628321655,2578.13,97.1685575014,,97.1685575014,100.924302325,,,,,1.19826420479462,,515.2269096
515.932,,,,,,,,,,,,,,
515.972,,,,,,,,,,,,,,
515.999,,,,,1.20000004768372,,,,515.0999755859381,515.0999755859381,1.21000003814697,,4.7518773968808,
516.014,,,,,,,,,,,,,,
516.026,89.0,119.3945836314,,97.2683478228,,97.2683478228,100.924302325,,,,,1.19826420479462,,515.3762616
516.054,,,,,,,,,,,,,,
516.097,,,,,,,,,,,,,,
516.136,,,,,,,,,,,,,,
516.179,89.0,119.4217991736,,97.2003089673,,97.2003089673,100.924302325,,,,,1.19826420479462,,515.5256136
516.304,,,,,,,,,,,,,,
516.331,89.0,119.4490147158,2617.19,97.114126417,,97.114126417,100.924302325,,,,,1.19826420479462,,515.6749656000001
516.3430000000001,,,,,,,,,,,,,,
516.386,,,,,,,,,,,,,,
516.4259999999999,,,,,,,,,,,,,,
516.4680000000001,,,,,,,,,,,,,,
516.484,89.0,119.476230258,,97.0869108748,,97.0869108748,100.924302325,,,,,1.19826420479462,,515.8243176
516.511,,,,,,,,,,,,,,
516.5509999999999,,,,,,,,,,,,,,
516.636,89.0,119.5034458002,2617.19,97.204844891,,97.204844891,100.924302325,,,,,1.19826420479462,,515.9736696
516.6659999999999,,,,,,,,,,,,,,
516.788,89.0,119.5306613424,2578.13,97.1957730436,,97.1957730436,100.924302325,,,,,1.19826420479462,,516.1230216
516.831,,,,,,,,,,,,,,
516.871,,,,,,,,,,,,,,
516.913,,,,,,,,,,,,,,
516.941,89.0,119.5624128083,,96.887330232,,96.887330232,100.924302325,,,,,1.19826420479462,,516.2723736
516.953,,,,,,,,,,,,,,
516.999,,,,,1.20000004768372,,,,516.070007324219,516.070007324219,1.21000003814697,,4.80286340202513,
517.035,,,,,,,,,,,,,,
517.075,,,,,,,,,,,,,,
517.0930000000001,89.0,119.5896283505,,96.8691865372,,96.8691865372,100.924302325,,,,,1.19826420479462,,516.4217256000001
517.2,,,,,,,,,,,,,,
517.243,,,,,,,,,,,,,,
517.246,89.0,119.6213798164,2578.13,96.7557884447,,96.7557884447,100.924302325,,,,,1.19826420479462,,516.5710776000001
517.2819999999999,,,,,,,,,,,,,,
517.319,,,,,,,,,,,,,,
517.3580000000001,,,,,,,,,,,,,,
517.395,,,,,,,,,,,,,,
517.398,89.0,119.6485953586,,96.7784680632,,96.7784680632,100.924302325,,,,,1.19826420479462,,516.7204296
517.432,,,,,,,,,,,,,,
517.511,,,,,,,,,,,,,,
517.55,89.0,119.6758109008,2578.13,96.8102195291,,96.8102195291,100.924302325,,,,,1.19826420479462,,516.8697816
517.587,,,,,,,,,,,,,,
517.624,,,,,,,,,,,,,,
517.663,,,,,,,,,,,,,,
517.7,,,,,,,,,,,,,,
517.703,89.0,119.703026443,,96.8827943083,,96.8827943083,100.924302325,,,,,1.19826420479462,,517.0191336
517.736,,,,,,,,,,,,,,
517.773,,,,,,,,,,,,,,
517.809,,,,,,,,,,,,,,
517.855,89.0,119.7347779089,2617.19,97.023407943,,97.023407943,100.924302325,,,,,1.19826420479462,,517.1684856
517.9590000000001,,,,,,,,,,,,,,
517.995,,,,,,,,,,,,,,
518.002,,,,,1.20000004768372,,,,517.049987792969,517.049987792969,1.21000003814697,,4.925229230885219,
518.008,89.0,119.7619934511,,96.9145457742,,96.9145457742,100.924302325,,,,,1.19826420479462,,517.3178376
518.029,,,,,,,,,,,,,,
518.066,,,,,,,,,,,,,,
518.102,,,,,,,,,,,,,,
518.139,,,,,,,,,,,,,,
518.16,89.0,119.7892089933,,96.9236176216,,96.9236176216,100.924302325,,,,,1.19826420479462,,517.4668848
518.276,,,,,,,,,,,,,,
518.309,,,,,,,,,,,,,,
518.312,89.0,119.7710652985,2578.13,97.0506234852,,97.0506234852,100.924302325,,,,,1.19826420479462,,517.6162368
518.3430000000001,,,,,,,,,,,,,,
518.376,,,,,,,,,,,,,,
518.4159999999999,,,,,,,,,,,,,,
518.4590000000001,,,,,,,,,,,,,,
518.465,89.0,119.7982808407,,96.9236176216,,96.9236176216,100.924302325,,,,,1.19826420479462,,517.7655888
518.498,,,,,,,,,,,,,,
518.581,,,,,,,,,,,,,,
518.617,89.0,119.8254963829,2578.13,96.3158038458,,96.3158038458,100.924302325,,,,,1.19826420479462,,517.9146360000001
518.663,,,,,,,,,,,,,,
518.703,,,,,,,,,,,,,,
518.745,,,,,,,,,,,,,,
518.77,89.0,119.8572478488,,96.2795164562,,96.2795164562,100.924302325,,,,,1.19826420479462,,518.063988
518.785,,,,,,,,,,,,,,
518.8240000000001,,,,,,,,,,,,,,
518.867,,,,,,,,,,,,,,
518.9069999999999,,,,,,,,,,,,,,
518.922,89.0,119.884463391,,96.0753998897,,96.0753998897,100.924302325,,,,,1.19826420479462,,518.21334
519.001,,,,,1.20000004768372,,,,518.02001953125,518.02001953125,1.21000003814697,,5.067989364555331,
519.0319999999999,,,,,,,,,,,,,,
519.071,,,,,,,,,,,,,,
519.0740000000001,89.0,119.9116789332,2578.13,96.4428097094,,96.4428097094,100.924302325,,,,,1.19826420479462,,518.3623872
519.114,,,,,,,,,,,,,,
519.1569999999999,,,,,,,,,,,,,,
519.196,,,,,,,,,,,,,,
519.227,89.0,119.9388944754,,96.7285729025,,96.7285729025,100.924302325,,,,,1.19826420479462,,518.5117392
519.239,,,,,,,,,,,,,,
519.279,,,,,,,,,,,,,,
519.379,89.0,119.9661100176,2578.13,96.4428097094,,96.4428097094,100.924302325,,,,,1.19826420479462,,518.6607864
519.446,,,,,,,,,,,,,,
519.486,,,,,,,,,,,,,,
519.529,,,,,,,,,,,,,,
519.5319999999999,89.0,119.9933255598,,96.4564174805,,96.4564174805,100.924302325,,,,,1.19826420479462,,518.8101383999999
519.568,,,,,,,,,,,,,,
519.611,,,,,,,,,,,,,,
519.654,,,,,,,,,,,,,,
519.684,89.0,120.020541102,,96.5063126412,,96.5063126412,100.924302325,,,,,1.19826420479462,,518.9591856000001
519.693,,,,,,,,,,,,,,
519.818,,,,,,,,,,,,,,
519.836,89.0,120.0522925679,2578.13,96.2931242273,,96.2931242273,100.924302325,,,,,1.19826420479462,,519.1085376
519.8580000000001,,,,,,,,,,,,,,
519.9,,,,,,,,,,,,,,
519.943,,,,,,,,,,,,,,
519.9830000000001,,,,,,,,,,,,,,
519.989,89.0,120.0795081101,,96.61517481,,96.61517481,100.924302325,,,,,1.19826420479462,,519.2575848
520.001,,,,,1.20000004768372,,,,518.989990234375,518.989990234375,1.21000003814697,,5.108778460413941,
520.025,,,,,,,,,,,,,,
520.065,,,,,,,,,,,,,,
520.141,89.0,120.1067236523,2578.13,96.7104292077,,96.7104292077,100.924302325,,,,,1.19826420479462,,519.4066320000001
520.2330000000001,,,,,,,,,,,,,,
520.2719999999999,,,,,,,,,,,,,,
520.294,89.0,120.1339391945,,96.8192913765,,96.8192913765,100.924302325,,,,,1.19826420479462,,519.555984
520.315,,,,,,,,,,,,,,
520.3580000000001,,,,,,,,,,,,,,
520.3969999999999,,,,,,,,,,,,,,
520.44,,,,,,,,,,,,,,
520.446,89.0,120.1611547367,,97.1005186459,,97.1005186459,100.924302325,,,,,1.19826420479462,,519.7050312
520.48,,,,,,,,,,,,,,
520.565,,,,,,,,,,,,,,
520.5980000000001,89.0,120.1883702789,2617.19,96.4382737857,,96.4382737857,100.924302325,,,,,1.19826420479462,,519.8540784
520.6469999999999,,,,,,,,,,,,,,
520.687,,,,,,,,,,,,,,
520.729,,,,,,,,,,,,,,
520.751,89.0,120.2201217448,,96.4019863961,,96.4019863961,100.924302325,,,,,1.19826420479462,,520.0034304
520.7719999999999,,,,,,,,,,,,,,
520.812,,,,,,,,,,,,,,
520.851,,,,,,,,,,,,,,
520.894,,,,,,,,,,,,,,
520.903,89.0,120.247337287,,96.2386931429,,96.2386931429,100.924302325,,,,,1.19826420479462,,520.1524776
521.001,,,,,1.12999999523163,,,,519.969970703125,519.969970703125,1.21000003814697,,5.09858106488964,
521.016,,,,,,,,,,,,,,
521.056,89.0,120.2745528292,2578.13,96.3021960747,,96.3021960747,100.924302325,,,,,1.19826420479462,,520.3015247999999
521.062,,,,,,,,,,,,,,
521.104,,,,,,,,,,,,,,
521.144,,,,,,,,,,,,,,
521.187,,,,,,,,,,,,,,
521.2080000000001,89.0,120.3017683714,,96.2795164562,,96.2795164562,100.924302325,,,,,1.19826420479462,,520.450572
521.229,,,,,,,,,,,,,,
521.269,,,,,,,,,,,,,,
521.36,89.0,120.3289839136,2578.13,96.2477649903,,96.2477649903,100.924302325,,,,,1.19826420479462,,520.5996192
521.437,,,,,,,,,,,,,,
521.476,,,,,,,,,,,,,,
521.513,89.0,120.3561994558,,96.1661183637,,96.1661183637,100.924302325,,,,,1.19826420479462,,520.7486663999999
521.519,,,,,,,,,,,,,,
521.559,,,,,,,,,,,,,,
521.601,,,,,,,,,,,,,,
521.641,,,,,,,,,,,,,,
521.665,89.0,120.3879509217,,96.252300914,,96.252300914,100.924302325,,,,,1.19826420479462,,520.8977136
521.683,,,,,,,,,,,,,,
521.808,,,,,,,,,,,,,,
521.818,89.0,120.4151664639,2617.19,96.2931242273,,96.2931242273,100.924302325,,,,,1.19826420479462,,521.0467608
521.8480000000001,,,,,,,,,,,,,,
521.891,,,,,,,,,,,,,,
521.93,,,,,,,,,,,,,,
521.97,89.0,120.4423820061,,96.3067319984,,96.3067319984,100.924302325,,,,,1.19826420479462,,521.195808
521.9730000000001,,,,,,,,,,,,,,
522.0,,,,,1.20000004768372,,,,520.929992675781,520.929992675781,1.21000003814697,,5.21074998446402,
522.013,,,,,,,,,,,,,,
522.055,,,,,,,,,,,,,,
522.122,89.0,120.4695975483,2578.13,96.2024057533,,96.2024057533,100.924302325,,,,,1.19826420479462,,521.3448552
522.22,,,,,,,,,,,,,,
522.263,,,,,,,,,,,,,,
522.275,89.0,120.4968130905,,96.1933339059,,96.1933339059,100.924302325,,,,,1.19826420479462,,521.4939024
522.302,,,,,,,,,,,,,,
522.345,,,,,,,,,,,,,,
522.385,,,,,,,,,,,,,,
522.427,89.0,120.5240286327,,96.0481843475,,96.0481843475,100.924302325,,,,,1.19826420479462,,521.6429496000001
522.467,,,,,,,,,,,,,,
522.549,,,,,,,,,,,,,,
522.58,89.0,120.5557800986,2617.19,96.0935435845,,96.0935435845,100.924302325,,,,,1.19826420479462,,521.7919968
522.628,,,,,,,,,,,,,,
522.665,,,,,,,,,,,,,,
522.732,89.0,120.5829956408,,96.1071513556,,96.1071513556,100.924302325,,,,,1.19826420479462,,521.941044
522.884,89.0,120.610211183,2617.19,96.2477649903,,96.2477649903,100.924302325,,,,,1.19826420479462,,522.0897864
523.0,,,,,1.20000004768372,,,,521.9000244140631,521.9000244140631,1.21000003814697,,5.26173550336976,
523.0369999999999,89.0,120.6374267252,,96.1434387452,,96.1434387452,100.924302325,,,,,1.19826420479462,,522.2388336
523.189,89.0,120.6646422674,,96.1706542874,,96.1706542874,100.924302325,,,,,1.19826420479462,,522.3878808000001
523.342,89.0,120.6918578096,2617.19,96.3929145487,,96.3929145487,100.924302325,,,,,1.19826420479462,,522.536928
523.494,89.0,120.7236092755,,96.2613727614,,96.2613727614,100.924302325,,,,,1.19826420479462,,522.6856703999999
523.646,89.0,120.7508248177,2617.19,96.2205494481,,96.2205494481,100.924302325,,,,,1.19826420479462,,522.8347176
523.784,,,,,,,,,,,,,,
523.799,89.0,120.7780403599,,96.3793067776,,96.3793067776,100.924302325,,,,,1.19826420479462,,522.9834599999999
523.823,,,,,,,,,,,,,,
523.86,,,,,,,,,,,,,,
523.896,,,,,,,,,,,,,,
523.93,,,,,,,,,,,,,,
523.951,89.0,120.8052559021,2617.19,96.3248756932,,96.3248756932,100.924302325,,,,,1.19826420479462,,523.1325072
523.969,,,,,,,,,,,,,,
524.0,,,,,1.20000004768372,,,,522.8800048828131,522.8800048828131,1.21000003814697,,5.25153859408405,
524.006,,,,,,,,,,,,,,
524.061,,,,,,,,,,,,,,
524.094,,,,,,,,,,,,,,
524.104,89.0,120.8324714443,,96.1797261348,,96.1797261348,100.924302325,,,,,1.19826420479462,,523.2815544
524.134,,,,,,,,,,,,,,
524.1709999999999,,,,,,,,,,,,,,
524.2040000000001,,,,,,,,,,,,,,
524.244,,,,,,,,,,,,,,
524.256,89.0,120.8596869865,,96.3520912354,,96.3520912354,100.924302325,,,,,1.19826420479462,,523.4302968000001
524.283,,,,,,,,,,,,,,
524.36,,,,,,,,,,,,,,
524.39,,,,,,,,,,,,,,
524.408,89.0,120.8914384524,2617.19,96.1887979822,,96.1887979822,100.924302325,,,,,1.19826420479462,,523.5790392
524.433,,,,,,,,,,,,,,
524.466,,,,,,,,,,,,,,
524.503,,,,,,,,,,,,,,
524.539,,,,,,,,,,,,,,
524.561,89.0,120.9186539946,,96.206941677,,96.206941677,100.924302325,,,,,1.19826420479462,,523.7280864
524.576,,,,,,,,,,,,,,
524.613,,,,,,,,,,,,,,
524.683,,,,,,,,,,,,,,
524.7130000000001,89.0,120.9458695368,2578.13,96.3248756932,,96.3248756932,100.924302325,,,,,1.19826420479462,,523.8768288
524.716,,,,,,,,,,,,,,
524.753,,,,,,,,,,,,,,
524.789,,,,,,,,,,,,,,
524.823,,,,,,,,,,,,,,
524.856,,,,,,,,,,,,,,
524.866,89.0,120.973085079,,96.3384834643,,96.3384834643,100.924302325,,,,,1.19826420479462,,524.0258759999999
524.893,,,,,,,,,,,,,,
524.924,,,,,,,,,,,,,,
524.96,,,,,,,,,,,,,,
525.0,,,,,1.20000004768372,,,,523.840026855469,523.840026855469,1.21000003814697,,5.26173550336976,
525.018,89.0,121.0003006212,2617.19,96.3158038458,,96.3158038458,100.924302325,,,,,1.19826420479462,,524.1746184
525.073,,,,,,,,,,,,,,
525.109,,,,,,,,,,,,,,
525.149,,,,,,,,,,,,,,
525.17,89.0,121.0275161634,,96.3566271591,,96.3566271591,100.924302325,,,,,1.19826420479462,,524.3233608
525.186,,,,,,,,,,,,,,
525.222,,,,,,,,,,,,,,
525.259,,,,,,,,,,,,,,
525.295,,,,,,,,,,,,,,
525.323,89.0,121.0592676293,2617.19,96.4246660146,,96.4246660146,100.924302325,,,,,1.19826420479462,,524.4721032
525.3290000000001,,,,,,,,,,,,,,
525.365,,,,,,,,,,,,,,
525.399,,,,,,,,,,,,,,
525.436,,,,,,,,,,,,,,
525.475,89.0,121.0864831715,,96.3747708539,,96.3747708539,100.924302325,,,,,1.19826420479462,,524.6211503999999
525.512,,,,,,,,,,,,,,
525.545,,,,,,,,,,,,,,
525.585,,,,,,,,,,,,,,
525.622,,,,,,,,,,,,,,
525.628,89.0,121.1136987137,,96.3929145487,,96.3929145487,100.924302325,,,,,1.19826420479462,,524.7698928
525.658,,,,,,,,,,,,,,
525.7280000000001,,,,,,,,,,,,,,
525.765,,,,,,,,,,,,,,
525.78,89.0,121.1409142559,2617.19,96.3566271591,,96.3566271591,100.924302325,,,,,1.19826420479462,,524.9186352
525.8009999999999,,,,,,,,,,,,,,
525.8380000000001,,,,,,,,,,,,,,
525.878,,,,,,,,,,,,,,
525.914,,,,,,,,,,,,,,
525.932,89.0,121.1681297981,,96.4382737857,,96.4382737857,100.924302325,,,,,1.19826420479462,,525.0673776000001
525.951,,,,,,,,,,,,,,
525.984,,,,,,,,,,,,,,
525.999,,,,,1.20000004768372,,,,524.799987792969,524.799987792969,1.21000003814697,,5.108778460413941,
526.024,,,,,,,,,,,,,,
526.085,89.0,121.1953453403,2617.19,96.4246660146,,96.4246660146,100.924302325,,,,,1.19826420479462,,525.21612
526.094,,,,,,,,,,,,,,
526.131,,,,,,,,,,,,,,
526.1669999999999,,,,,,,,,,,,,,
526.2040000000001,,,,,,,,,,,,,,
526.237,89.0,121.2225608825,,96.5335281834,,96.5335281834,100.924302325,,,,,1.19826420479462,,525.3648624
526.243,,,,,,,,,,,,,,
526.319,,,,,,,,,,,,,,
526.356,,,,,,,,,,,,,,
526.39,89.0,121.2543123484,2656.25,96.2613727614,,96.2613727614,100.924302325,,,,,1.19826420479462,,525.5136048
526.396,,,,,,,,,,,,,,
526.429,,,,,,,,,,,,,,
526.466,,,,,,,,,,,,,,
526.502,,,,,,,,,,,,,,
526.533,,,,,,,,,,,,,,
526.5419999999999,89.0,121.2815278906,,96.3656990065,,96.3656990065,100.924302325,,,,,1.19826420479462,,525.6623472
526.569,,,,,,,,,,,,,,
526.612,,,,,,,,,,,,,,
526.643,,,,,,,,,,,,,,
526.682,,,,,,,,,,,,,,
526.694,89.0,121.3087434328,,96.4518815568,,96.4518815568,100.924302325,,,,,1.19826420479462,,525.8110896000001
526.719,,,,,,,,,,,,,,
526.752,,,,,,,,,,,,,,
526.783,,,,,,,,,,,,,,
526.819,,,,,,,,,,,,,,
526.847,89.0,121.335958975,2656.25,96.3158038458,,96.3158038458,100.924302325,,,,,1.19826420479462,,525.959832
526.8530000000001,,,,,,,,,,,,,,
526.886,,,,,,,,,,,,,,
526.92,,,,,,,,,,,,,,
526.957,,,,,,,,,,,,,,
526.99,,,,,,,,,,,,,,
526.999,89.0,121.3631745172,,96.3475553117,1.21000003814697,96.3475553117,100.924302325,,525.780029296875,525.780029296875,1.21000003814697,1.19826420479462,0.948336085363052,526.1085744
527.021,,,,,,,,,,,,,,
527.127,,,,,,,,,,,,,,
527.1519999999999,89.0,121.3903900594,2578.13,96.3702349302,,96.3702349302,100.924302325,,,,,1.19826420479462,,526.2573168
527.161,,,,,,,,,,,,,,
527.197,,,,,,,,,,,,,,
527.231,,,,,,,,,,,,,,
527.264,,,,,,,,,,,,,,
527.3009999999999,,,,,,,,,,,,,,
527.304,89.0,121.4221415253,,96.4473456331,,96.4473456331,100.924302325,,,,,1.19826420479462,,526.4060592000001
527.456,89.0,121.4493570675,2578.13,96.5063126412,,96.5063126412,100.924302325,,,,,1.19826420479462,,526.5548016
527.609,89.0,121.4765726097,,96.4700252516,,96.4700252516,100.924302325,,,,,1.19826420479462,,526.7032392
527.648,,,,,,,,,,,,,,
527.691,,,,,,,,,,,,,,
527.7280000000001,,,,,,,,,,,,,,
527.761,89.0,121.5037881519,2578.13,96.5516718782,,96.5516718782,100.924302325,,,,,1.19826420479462,,526.8519816
527.764,,,,,,,,,,,,,,
527.8009999999999,,,,,,,,,,,,,,
527.883,,,,,,,,,,,,,,
527.914,89.0,121.5310036941,,96.5108485649,,96.5108485649,100.924302325,,,,,1.19826420479462,,527.000724
527.9169999999999,,,,,,,,,,,,,,
527.999,,,,,1.21000003814697,,,,526.75,526.75,1.21000003814697,,2.13120679760092,
528.066,89.0,121.5582192363,,96.4428097094,,96.4428097094,100.924302325,,,,,1.19826420479462,,527.1491616000001
528.2180000000001,89.0,121.5899707022,2578.13,96.660534047,,96.660534047,100.924302325,,,,,1.19826420479462,,527.297904
528.24,,,,,,,,,,,,,,
528.276,,,,,,,,,,,,,,
528.316,,,,,,,,,,,,,,
528.3530000000001,,,,,,,,,,,,,,
528.371,89.0,121.6171862444,,96.433737862,,96.433737862,100.924302325,,,,,1.19826420479462,,527.4463416
528.3919999999999,,,,,,,,,,,,,,
528.435,,,,,,,,,,,,,,
528.471,,,,,,,,,,,,,,
528.523,89.0,121.6444017866,2578.13,96.3838427013,,96.3838427013,100.924302325,,,,,1.19826420479462,,527.5950839999999
528.554,,,,,,,,,,,,,,
528.5930000000001,,,,,,,,,,,,,,
528.63,,,,,,,,,,,,,,
528.6659999999999,,,,,,,,,,,,,,
528.6759999999999,89.0,121.6716173288,,96.2432290666,,96.2432290666,100.924302325,,,,,1.19826420479462,,527.7438264
528.703,,,,,,,,,,,,,,
528.776,,,,,,,,,,,,,,
528.81,,,,,,,,,,,,,,
528.828,89.0,121.698832871,2578.13,96.4518815568,,96.4518815568,100.924302325,,,,,1.19826420479462,,527.892264
528.849,,,,,,,,,,,,,,
528.883,,,,,,,,,,,,,,
528.922,,,,,,,,,,,,,,
528.965,,,,,,,,,,,,,,
528.98,89.0,121.7260484132,,96.8283632239,,96.8283632239,100.924302325,,,,,1.19826420479462,,528.0407016
528.999,,,,,1.21000003814697,,,,527.710021972656,527.710021972656,1.21000003814697,,2.9571771148837103,
529.005,,,,,,,,,,,,,,
529.0409999999999,,,,,,,,,,,,,,
529.075,,,,,,,,,,,,,,
529.115,,,,,,,,,,,,,,
529.133,89.0,121.7577998791,,96.3475553117,,96.3475553117,100.924302325,,,,,1.19826420479462,,528.1894440000001
529.151,,,,,,,,,,,,,,
529.191,,,,,,,,,,,,,,
529.27,,,,,,,,,,,,,,
529.285,89.0,121.7850154213,2617.19,96.4155941672,,96.4155941672,100.924302325,,,,,1.19826420479462,,528.3378816000001
529.307,,,,,,,,,,,,,,
529.34,,,,,,,,,,,,,,
529.38,,,,,,,,,,,,,,
529.4159999999999,,,,,,,,,,,,,,
529.438,89.0,121.8122309635,,96.53806410709998,,96.53806410709998,100.924302325,,,,,1.19826420479462,,528.486624
529.456,,,,,,,,,,,,,,
529.489,,,,,,,,,,,,,,
529.526,,,,,,,,,,,,,,
529.59,89.0,121.8394465057,2578.13,96.5199204123,,96.5199204123,100.924302325,,,,,1.19826420479462,,528.6350616000001
529.596,,,,,,,,,,,,,,
529.633,,,,,,,,,,,,,,
529.703,,,,,,,,,,,,,,
529.742,89.0,121.8666620479,,96.5879592678,,96.5879592678,100.924302325,,,,,1.19826420479462,,528.7834991999999
529.779,,,,,,,,,,,,,,
529.822,,,,,,,,,,,,,,
529.8580000000001,,,,,,,,,,,,,,
529.8919999999999,,,,,,,,,,,,,,
529.895,89.0,121.8938775901,2578.13,96.4473456331,,96.4473456331,100.924302325,,,,,1.19826420479462,,528.9319368
529.928,,,,,,,,,,,,,,
529.965,,,,,,,,,,,,,,
530.001,,,,,1.21000003814697,,,,528.669982910156,528.669982910156,1.21000003814697,,2.64106490408989,
530.038,,,,,,,,,,,,,,
530.047,89.0,121.925629056,,96.4700252516,,96.4700252516,100.924302325,,,,,1.19826420479462,,529.0806792
530.075,,,,,,,,,,,,,,
530.114,,,,,,,,,,,,,,
530.1569999999999,,,,,,,,,,,,,,
530.194,,,,,,,,,,,,,,
530.2,89.0,121.9528445982,,96.7104292077,,96.7104292077,100.924302325,,,,,1.19826420479462,,529.2291168
530.2330000000001,,,,,,,,,,,,,,
530.306,,,,,,,,,,,,,,
530.352,89.0,121.9800601404,2578.13,96.4065223198,,96.4065223198,100.924302325,,,,,1.19826420479462,,529.3775544
530.379,,,,,,,,,,,,,,
530.4159999999999,,,,,,,,,,,,,,
530.453,,,,,,,,,,,,,,
530.492,,,,,,,,,,,,,,
530.504,89.0,122.0072756826,,96.4518815568,,96.4518815568,100.924302325,,,,,1.19826420479462,,529.525992
530.529,,,,,,,,,,,,,,
530.568,,,,,,,,,,,,,,
530.602,,,,,,,,,,,,,,
530.6569999999999,89.0,122.0344912248,2578.13,96.4972407938,,96.4972407938,100.924302325,,,,,1.19826420479462,,529.6744296
530.675,,,,,,,,,,,,,,
530.712,,,,,,,,,,,,,,
530.748,,,,,,,,,,,,,,
530.779,,,,,,,,,,,,,,
530.809,89.0,122.061706767,,96.4201300909,,96.4201300909,100.924302325,,,,,1.19826420479462,,529.8228672
530.815,,,,,,,,,,,,,,
530.846,,,,,,,,,,,,,,
530.879,,,,,,,,,,,,,,
530.9159999999999,,,,,,,,,,,,,,
530.962,89.0,122.0889223092,2617.19,96.6423903522,,96.6423903522,100.924302325,,,,,1.19826420479462,,529.9713048000001
530.989,,,,,,,,,,,,,,
531.001,,,,,1.21000003814697,,,,529.6300048828131,529.6300048828131,1.21000003814697,,2.6512620564949,
531.0319999999999,,,,,,,,,,,,,,
531.071,,,,,,,,,,,,,,
531.1080000000001,,,,,,,,,,,,,,
531.114,89.0,122.1206737751,,96.660534047,,96.660534047,100.924302325,,,,,1.19826420479462,,530.1197424
531.144,,,,,,,,,,,,,,
531.181,,,,,,,,,,,,,,
531.224,,,,,,,,,,,,,,
531.263,,,,,,,,,,,,,,
531.266,89.0,122.1478893173,,96.9916564771,,96.9916564771,100.924302325,,,,,1.19826420479462,,530.26818
531.3,,,,,,,,,,,,,,
531.376,,,,,,,,,,,,,,
531.4159999999999,,,,,,,,,,,,,,
531.419,89.0,122.1751048595,2578.13,96.5108485649,,96.5108485649,100.924302325,,,,,1.19826420479462,,530.4166176
531.452,,,,,,,,,,,,,,
531.492,,,,,,,,,,,,,,
531.529,,,,,,,,,,,,,,
531.568,,,,,,,,,,,,,,
531.571,89.0,122.2023204017,,96.5743514967,,96.5743514967,100.924302325,,,,,1.19826420479462,,530.5650552
531.6080000000001,,,,,,,,,,,,,,
531.65,,,,,,,,,,,,,,
531.687,,,,,,,,,,,,,,
531.724,89.0,122.2295359439,2656.25,96.6197107337,,96.6197107337,100.924302325,,,,,1.19826420479462,,530.713188
531.727,,,,,,,,,,,,,,
531.769,,,,,,,,,,,,,,
531.806,,,,,,,,,,,,,,
531.846,,,,,,,,,,,,,,
531.876,89.0,122.2567514861,,96.4881689464,,96.4881689464,100.924302325,,,,,1.19826420479462,,530.8616256
531.888,,,,,,,,,,,,,,
531.928,,,,,,,,,,,,,,
531.97,,,,,,,,,,,,,,
532.001,,,,,1.21000003814697,,,,530.6099853515631,530.6099853515631,1.21000003814697,,2.87559965252436,
532.007,,,,,,,,,,,,,,
532.028,89.0,122.288502952,,96.6197107337,,96.6197107337,100.924302325,,,,,1.19826420479462,,531.0100632
532.047,,,,,,,,,,,,,,
532.172,,,,,,,,,,,,,,
532.181,89.0,122.3157184942,2617.19,96.4564174805,,96.4564174805,100.924302325,,,,,1.19826420479462,,531.1585008000001
532.214,,,,,,,,,,,,,,
532.254,,,,,,,,,,,,,,
532.294,,,,,,,,,,,,,,
532.3330000000001,89.0,122.3429340364,,96.3929145487,,96.3929145487,100.924302325,,,,,1.19826420479462,,531.3066336
532.373,,,,,,,,,,,,,,
532.4119999999999,,,,,,,,,,,,,,
532.452,,,,,,,,,,,,,,
532.486,89.0,122.3701495786,2617.19,96.6877495892,,96.6877495892,100.924302325,,,,,1.19826420479462,,531.4550712
532.495,,,,,,,,,,,,,,
532.534,,,,,,,,,,,,,,
532.5740000000001,,,,,,,,,,,,,,
532.617,,,,,,,,,,,,,,
532.638,89.0,122.3973651208,,96.5199204123,,96.5199204123,100.924302325,,,,,1.19826420479462,,531.6035088000001
532.656,,,,,,,,,,,,,,
532.696,,,,,,,,,,,,,,
532.739,,,,,,,,,,,,,,
532.778,,,,,,,,,,,,,,
532.79,89.0,122.424580663,,96.343019388,,96.343019388,100.924302325,,,,,1.19826420479462,,531.7516416
532.821,,,,,,,,,,,,,,
532.9,,,,,,,,,,,,,,
532.937,,,,,,,,,,,,,,
532.943,89.0,122.4563321289,2617.19,96.6559981233,,96.6559981233,100.924302325,,,,,1.19826420479462,,531.9000791999999
533.001,,,,,1.01999998092651,,,,531.570007324219,531.570007324219,1.21000003814697,,2.83481104290432,
533.019,,,,,,,,,,,,,,
533.059,,,,,,,,,,,,,,
533.095,89.0,122.4835476711,,96.4881689464,,96.4881689464,100.924302325,,,,,1.19826420479462,,532.048212
533.104,,,,,,,,,,,,,,
533.144,,,,,,,,,,,,,,
533.187,,,,,,,,,,,,,,
533.226,,,,,,,,,,,,,,
533.248,89.0,122.5107632133,2617.19,96.5924951915,,96.5924951915,100.924302325,,,,,1.19826420479462,,532.1966496
533.266,,,,,,,,,,,,,,
533.309,,,,,,,,,,,,,,
533.3480000000001,,,,,,,,,,,,,,
533.388,,,,,,,,,,,,,,
533.4,89.0,122.5379787555,,96.5516718782,,96.5516718782,100.924302325,,,,,1.19826420479462,,532.3447824
533.427,,,,,,,,,,,,,,
533.47,,,,,,,,,,,,,,
533.51,,,,,,,,,,,,,,
533.552,89.0,122.5651942977,,96.6514621996,,96.6514621996,100.924302325,,,,,1.19826420479462,,532.4929152
533.592,,,,,,,,,,,,,,
533.6709999999999,,,,,,,,,,,,,,
533.705,89.0,122.5924098399,2617.19,96.5743514967,,96.5743514967,100.924302325,,,,,1.19826420479462,,532.6413528
533.714,,,,,,,,,,,,,,
533.754,,,,,,,,,,,,,,
533.79,,,,,,,,,,,,,,
533.8330000000001,,,,,,,,,,,,,,
533.857,89.0,122.6241613058,,96.3339475406,,96.3339475406,100.924302325,,,,,1.19826420479462,,532.7894856
533.872,,,,,,,,,,,,,,
533.915,,,,,,,,,,,,,,
533.9580000000001,,,,,,,,,,,,,,
533.994,,,,,,,,,,,,,,
534.0,,,,,1.21000003814697,,,,532.530029296875,532.530029296875,1.21000003814697,,2.83481104290432,
534.01,89.0,122.651376848,2617.19,96.3702349302,,96.3702349302,100.924302325,,,,,1.19826420479462,,532.9376183999999
534.031,,,,,,,,,,,,,,
534.0740000000001,,,,,,,,,,,,,,
534.11,,,,,,,,,,,,,,
534.15,,,,,,,,,,,,,,
534.1619999999999,89.0,122.6785923902,,96.4065223198,,96.4065223198,100.924302325,,,,,1.19826420479462,,533.086056
534.189,,,,,,,,,,,,,,
534.229,,,,,,,,,,,,,,
534.269,,,,,,,,,,,,,,
534.305,,,,,,,,,,,,,,
534.314,89.0,122.7058079324,,96.5471359545,,96.5471359545,100.924302325,,,,,1.19826420479462,,533.2341888000001
534.345,,,,,,,,,,,,,,
534.424,,,,,,,,,,,,,,
534.467,89.0,122.7330234746,2617.19,96.53806410709998,,96.53806410709998,100.924302325,,,,,1.19826420479462,,533.3823216
534.503,,,,,,,,,,,,,,
534.54,,,,,,,,,,,,,,
534.5830000000001,,,,,,,,,,,,,,
534.619,89.0,122.7602390168,,96.7149651314,,96.7149651314,100.924302325,,,,,1.19826420479462,,533.5304543999999
534.622,,,,,,,,,,,,,,
534.665,,,,,,,,,,,,,,
534.705,,,,,,,,,,,,,,
534.75,,,,,,,,,,,,,,
534.7719999999999,89.0,122.7919904827,2617.19,96.7149651314,,96.7149651314,100.924302325,,,,,1.19826420479462,,533.6785871999999
534.7869999999999,,,,,,,,,,,,,,
534.8330000000001,,,,,,,,,,,,,,
534.872,,,,,,,,,,,,,,
534.918,,,,,,,,,,,,,,
534.924,89.0,122.8192060249,,96.7195010551,,96.7195010551,100.924302325,,,,,1.19826420479462,,533.82672
534.9580000000001,,,,,,,,,,,,,,
535.0,,,,,1.21000003814697,,,,533.489990234375,533.489990234375,1.21000003814697,,2.6614592088999,
535.043,,,,,,,,,,,,,,
535.076,89.0,122.8464215671,,96.7421806736,,96.7421806736,100.924302325,,,,,1.19826420479462,,533.9748528
535.086,,,,,,,,,,,,,,
535.128,,,,,,,,,,,,,,
535.174,,,,,,,,,,,,,,
535.217,,,,,,,,,,,,,,
535.229,89.0,122.8736371093,2617.19,96.8192913765,,96.8192913765,100.924302325,,,,,1.19826420479462,,534.1229856000001
535.259,,,,,,,,,,,,,,
535.302,,,,,,,,,,,,,,
535.345,,,,,,,,,,,,,,
535.381,89.0,122.9008526515,,96.6197107337,,96.6197107337,100.924302325,,,,,1.19826420479462,,534.2711184
535.387,,,,,,,,,,,,,,
535.43,,,,,,,,,,,,,,
535.4730000000001,,,,,,,,,,,,,,
535.512,,,,,,,,,,,,,,
535.534,89.0,122.9280681937,,96.6015670389,,96.6015670389,100.924302325,,,,,1.19826420479462,,534.4192512
535.555,,,,,,,,,,,,,,
535.686,89.0,122.9598196596,2617.19,96.61517481,,96.61517481,100.924302325,,,,,1.19826420479462,,534.567384
535.689,,,,,,,,,,,,,,
535.732,,,,,,,,,,,,,,
535.774,,,,,,,,,,,,,,
535.817,,,,,,,,,,,,,,
535.8380000000001,89.0,122.9870352018,,96.5652796493,,96.5652796493,100.924302325,,,,,1.19826420479462,,534.7155168
535.86,,,,,,,,,,,,,,
535.9019999999999,,,,,,,,,,,,,,
535.948,,,,,,,,,,,,,,
535.991,89.0,123.014250744,2617.19,96.6877495892,,96.6877495892,100.924302325,,,,,1.19826420479462,,534.8636496
536.0,,,,,1.21000003814697,,,,534.450012207031,534.450012207031,1.21000003814697,,2.18219280274525,
536.033,,,,,,,,,,,,,,
536.076,,,,,,,,,,,,,,
536.119,,,,,,,,,,,,,,
536.143,89.0,123.0414662862,,96.5562078019,,96.5562078019,100.924302325,,,,,1.19826420479462,,535.0114776
536.161,,,,,,,,,,,,,,
536.2040000000001,,,,,,,,,,,,,,
536.247,,,,,,,,,,,,,,
536.29,,,,,,,,,,,,,,
536.2959999999999,89.0,123.0686818284,,96.5426000308,,96.5426000308,100.924302325,,,,,1.19826420479462,,535.1596103999999
536.332,,,,,,,,,,,,,,
536.372,,,,,,,,,,,,,,
536.424,,,,,,,,,,,,,,
536.448,108.47,123.0958973706,2636.72,98.1392451732,,98.1392451732,100.924302325,,,,,1.19826420479462,,535.3077432
536.469,,,,,,,,,,,,,,
536.512,,,,,,,,,,,,,,
536.597,,,,,,,,,,,,,,
536.6,128.49,123.1276488365,,98.4386161374,,98.4386161374,100.924302325,,,,,1.19826420479462,,535.4555712
536.643,,,,,,,,,,,,,,
536.753,128.51,123.1548643787,2617.19,98.3569695108,,98.3569695108,100.924302325,,,,,1.19826420479462,,535.603704
536.771,,,,,,,,,,,,,,
536.817,,,,,,,,,,,,,,
536.859,,,,,,,,,,,,,,
536.9019999999999,,,,,,,,,,,,,,
536.905,128.74,123.1820799209,,98.4068646715,,98.4068646715,100.924302325,,,,,1.19826420479462,,535.7518368
536.948,,,,,,,,,,,,,,
536.991,,,,,,,,,,,,,,
537.0,,,,,1.21000003814697,,,,535.419982910156,535.419982910156,1.21000003814697,,0.0101971619018547,
537.033,,,,,,,,,,,,,,
537.058,128.49,123.2092954631,2695.31,98.5429423825,,98.5429423825,100.924302325,,,,,1.19826420479462,,535.8996648
537.076,,,,,,,,,,,,,,
537.122,,,,,,,,,,,,,,
537.164,,,,,,,,,,,,,,
537.207,,,,,,,,,,,,,,
537.21,128.49,123.2365110053,,98.4250083663,,98.4250083663,100.924302325,,,,,1.19826420479462,,536.0477976
537.253,,,,,,,,,,,,,,
537.295,,,,,,,,,,,,,,
537.3380000000001,,,,,,,,,,,,,,
537.362,128.37,123.2637265475,2617.19,98.4703676033,,98.4703676033,100.924302325,,,,,1.19826420479462,,536.1956256
537.381,,,,,,,,,,,,,,
537.429,,,,,,,,,,,,,,
537.469,,,,,,,,,,,,,,
537.512,,,,,,,,,,,,,,
537.515,128.71,123.2909420897,,98.3433617397,,98.3433617397,100.924302325,,,,,1.19826420479462,,536.3434536
537.561,,,,,,,,,,,,,,
537.6030000000001,,,,,,,,,,,,,,
537.646,,,,,,,,,,,,,,
537.6669999999999,128.34,123.3226935556,2617.19,98.2072840287,,98.2072840287,100.924302325,,,,,1.19826420479462,,536.4915864
537.692,,,,,,,,,,,,,,
537.734,,,,,,,,,,,,,,
537.774,,,,,,,,,,,,,,
537.82,128.2,123.3499090978,,98.3796491293,,98.3796491293,100.924302325,,,,,1.19826420479462,,536.6394144
537.865,,,,,,,,,,,,,,
537.908,,,,,,,,,,,,,,
537.951,,,,,,,,,,,,,,
537.972,128.51,123.37712464,2656.25,98.3433617397,,98.3433617397,100.924302325,,,,,1.19826420479462,,536.7872424
537.996,,,,,,,,,,,,,,
537.999,,,,,1.22000002861023,,,,536.3699951171869,536.3699951171869,1.21000003814697,,3.98709048026664,
538.124,128.29,123.4043401822,,98.4250083663,,98.4250083663,100.924302325,,,,,1.19826420479462,,536.9353752000001
538.17,,,,,,,,,,,,,,
538.2130000000001,,,,,,,,,,,,,,
538.255,,,,,,,,,,,,,,
538.2769999999999,128.17,123.4315557244,,98.5746938484,,98.5746938484,100.924302325,,,,,1.19826420479462,,537.0832032000001
538.298,,,,,,,,,,,,,,
538.429,128.46,123.4587712666,2617.19,98.4159365189,,98.4159365189,100.924302325,,,,,1.19826420479462,,537.2310312000001
538.475,,,,,,,,,,,,,,
538.518,,,,,,,,,,,,,,
538.56,,,,,,,,,,,,,,
538.582,128.26,123.4905227325,,98.6245890091,,98.6245890091,100.924302325,,,,,1.19826420479462,,537.3788592
538.6030000000001,,,,,,,,,,,,,,
538.694,,,,,,,,,,,,,,
538.734,128.51,123.5177382747,2656.25,98.5746938484,,98.5746938484,100.924302325,,,,,1.19826420479462,,537.5266872000001
538.783,,,,,,,,,,,,,,
538.822,,,,,,,,,,,,,,
538.868,,,,,,,,,,,,,,
538.886,128.4,123.5449538169,,98.5610860773,,98.5610860773,100.924302325,,,,,1.19826420479462,,537.6748200000001
538.914,,,,,,,,,,,,,,
538.957,,,,,,,,,,,,,,
538.999,,,,,1.22000002861023,,,,537.340026855469,537.340026855469,1.21000003814697,,3.97689332786164,
539.039,128.54,123.5721693591,2578.13,98.7153074831,,98.7153074831,100.924302325,,,,,1.19826420479462,,537.8226480000001
539.045,,,,,,,,,,,,,,
539.0880000000001,,,,,,,,,,,,,,
539.13,,,,,,,,,,,,,,
539.173,,,,,,,,,,,,,,
539.191,128.37,123.59938490129998,,98.8196337282,,98.8196337282,100.924302325,,,,,1.19826420479462,,537.970476
539.219,,,,,,,,,,,,,,
539.261,,,,,,,,,,,,,,
539.304,,,,,,,,,,,,,,
539.344,129.0,123.6266004435,2656.25,98.8014900334,,98.8014900334,100.924302325,,,,,1.19826420479462,,538.118304
539.347,,,,,,,,,,,,,,
539.3919999999999,,,,,,,,,,,,,,
539.435,,,,,,,,,,,,,,
539.4780000000001,,,,,,,,,,,,,,
539.496,128.42,123.6583519094,,98.6381967802,,98.6381967802,100.924302325,,,,,1.19826420479462,,538.2661320000001
539.523,,,,,,,,,,,,,,
539.566,,,,,,,,,,,,,,
539.609,,,,,,,,,,,,,,
539.648,128.57,123.6855674516,2617.19,98.9194240496,,98.9194240496,100.924302325,,,,,1.19826420479462,,538.4136552
539.651,,,,,,,,,,,,,,
539.697,,,,,,,,,,,,,,
539.74,,,,,,,,,,,,,,
539.783,,,,,,,,,,,,,,
539.8009999999999,128.43,123.7127829938,,98.9466395918,,98.9466395918,100.924302325,,,,,1.19826420479462,,538.5614832
539.831,,,,,,,,,,,,,,
539.914,,,,,,,,,,,,,,
539.953,128.8,123.739998536,2656.25,98.8922085074,,98.8922085074,100.924302325,,,,,1.19826420479462,,538.7093112000001
539.962,,,,,,,,,,,,,,
539.999,,,,,1.22000002861023,,,,538.289978027344,538.289978027344,1.21000003814697,,3.79334434145221,
540.005,,,,,,,,,,,,,,
540.048,,,,,,,,,,,,,,
540.09,,,,,,,,,,,,,,
540.106,128.69,123.7672140782,,99.2051872427,,99.2051872427,100.924302325,,,,,1.19826420479462,,538.8571392000001
540.136,,,,,,,,,,,,,,
540.179,,,,,,,,,,,,,,
540.221,,,,,,,,,,,,,,
540.258,128.49,123.7944296204,2578.13,98.928495897,,98.928495897,100.924302325,,,,,1.19826420479462,,539.0049672
540.2669999999999,,,,,,,,,,,,,,
540.352,,,,,,,,,,,,,,
540.395,,,,,,,,,,,,,,
540.41,128.71,123.8261810863,,98.8287055756,,98.8287055756,100.924302325,,,,,1.19826420479462,,539.1524904
540.441,,,,,,,,,,,,,,
540.484,,,,,,,,,,,,,,
540.526,,,,,,,,,,,,,,
540.563,128.14,123.8533966285,,98.6971637883,,98.6971637883,100.924302325,,,,,1.19826420479462,,539.3003183999999
540.569,,,,,,,,,,,,,,
540.615,,,,,,,,,,,,,,
540.7,,,,,,,,,,,,,,
540.715,128.2,123.8806121707,2617.19,98.7697385675,,98.7697385675,100.924302325,,,,,1.19826420479462,,539.4481463999999
540.746,,,,,,,,,,,,,,
540.788,,,,,,,,,,,,,,
540.831,,,,,,,,,,,,,,
540.868,128.69,123.90782771290002,,98.7606667201,,98.7606667201,100.924302325,,,,,1.19826420479462,,539.5956696000001
540.874,,,,,,,,,,,,,,
540.919,,,,,,,,,,,,,,
540.999,,,,,1.22000002861023,,,,540.010009765625,540.010009765625,1.21000003814697,,3.85452725588225,
541.02,128.51,123.9350432551,2656.25,98.69262786459998,,98.69262786459998,100.924302325,,,,,1.19826420479462,,539.7434976
541.054,,,,,,,,,,,,,,
541.096,,,,,,,,,,,,,,
541.139,,,,,,,,,,,,,,
541.172,128.0,123.9622587973,,98.6654123224,,98.6654123224,100.924302325,,,,,1.19826420479462,,539.8910208
541.185,,,,,,,,,,,,,,
541.227,,,,,,,,,,,,,,
541.325,128.71,123.9940102632,2617.19,98.7289152542,,98.7289152542,100.924302325,,,,,1.19826420479462,,540.0388488
541.3580000000001,,,,,,,,,,,,,,
541.401,,,,,,,,,,,,,,
541.444,,,,,,,,,,,,,,
541.477,128.29,124.0212258054,,98.6835560172,,98.6835560172,100.924302325,,,,,1.19826420479462,,540.186372
541.489,,,,,,,,,,,,,,
541.5319999999999,,,,,,,,,,,,,,
541.575,,,,,,,,,,,,,,
541.63,128.43,124.0484413476,2656.25,98.9874629051,,98.9874629051,100.924302325,,,,,1.19826420479462,,540.3342
541.663,,,,,,,,,,,,,,
541.706,,,,,,,,,,,,,,
541.748,,,,,,,,,,,,,,
541.7819999999999,128.09,124.0756568898,,98.8786007363,,98.8786007363,100.924302325,,,,,1.19826420479462,,540.4817232
541.794,,,,,,,,,,,,,,
541.837,,,,,,,,,,,,,,
541.88,,,,,,,,,,,,,,
541.934,128.49,124.102872432,2695.31,99.2777620219,,99.2777620219,100.924302325,,,,,1.19826420479462,,540.6292463999999
541.9680000000001,,,,,,,,,,,,,,
542.001,,,,,,,,,,540.97998046875,1.21000003814697,,3.67097826947283,
542.011,,,,,,,,,,,,,,
542.053,,,,,,,,,,,,,,
542.087,128.51,124.1300879742,,98.928495897,,98.928495897,100.924302325,,,,,1.19826420479462,,540.7770744
542.096,,,,,,,,,,,,,,
542.1419999999999,,,,,,,,,,,,,,
542.184,,,,,,,,,,,,,,
542.2330000000001,,,,,,,,,,,,,,
542.239,128.29,124.1573035164,2617.19,98.7243793305,,98.7243793305,100.924302325,,,,,1.19826420479462,,540.9245976
542.273,,,,,,,,,,,,,,
542.318,,,,,,,,,,,,,,
542.361,,,,,,,,,,,,,,
542.3919999999999,128.66,124.1890549823,,98.7561307964,,98.7561307964,100.924302325,,,,,1.19826420479462,,541.0721208
542.4069999999999,,,,,,,,,,,,,,
542.492,,,,,,,,,,,,,,
542.538,,,,,,,,,,,,,,
542.544,128.77,124.2162705245,2617.19,98.6336608565,,98.6336608565,100.924302325,,,,,1.19826420479462,,541.219644
542.581,,,,,,,,,,,,,,
542.623,,,,,,,,,,,,,,
542.6659999999999,,,,,,,,,,,,,,
542.696,128.8,124.2434860667,,98.5928375432,,98.5928375432,100.924302325,,,,,1.19826420479462,,541.3671672
542.712,,,,,,,,,,,,,,
542.754,,,,,,,,,,,,,,
542.797,,,,,,,,,,,,,,
542.84,,,,,,,,,,,,,,
542.849,128.77,124.2707016089,2578.13,98.6608763987,,98.6608763987,100.924302325,,,,,1.19826420479462,,541.5146904000001
542.885,,,,,,,,,,,,,,
542.971,,,,,,,,,,,,,,
543.001,128.44,124.2979171511,,98.7969541097,1.22000002861023,98.7969541097,100.924302325,,541.989990234375,541.989990234375,1.21000003814697,1.19826420479462,3.8443301034772497,541.6622136
543.013,,,,,,,,,,,,,,
543.053,,,,,,,,,,,,,,
543.096,,,,,,,,,,,,,,
543.138,,,,,,,,,,,,,,
543.154,128.31,124.3251326933,,98.7153074831,,98.7153074831,100.924302325,,,,,1.19826420479462,,541.8097368
543.181,,,,,,,,,,,,,,
543.306,128.76,124.3568841592,2617.19,98.6291249328,,98.6291249328,100.924302325,,,,,1.19826420479462,,541.95726
543.352,,,,,,,,,,,,,,
543.388,,,,,,,,,,,,,,
543.4580000000001,128.19,124.3840997014,,98.5066549929,,98.5066549929,100.924302325,,,,,1.19826420479462,,542.1047832
543.471,,,,,,,,,,,,,,
543.513,,,,,,,,,,,,,,
543.611,132.36,124.4113152436,2851.56,98.7334511779,,98.7334511779,100.924302325,,,,,1.19826420479462,,542.2523064
543.617,,,,,,,,,,,,,,
543.672,,,,,,,,,,,,,,
543.727,,,,,,,,,,,,,,
543.763,136.64,124.4385307858,,97.8308023616,,97.8308023616,100.924302325,,,,,1.19826420479462,,542.3998296
543.785,,,,,,,,,,,,,,
543.839,,,,,,,,,,,,,,
543.894,,,,,,,,,,,,,,
543.9159999999999,137.0,124.465746328,2851.56,97.839874209,,97.839874209,100.924302325,,,,,1.19826420479462,,542.5473528
543.9490000000001,,,,,,,,,,,,,,
544.001,,,,,1.22000002861023,,,,542.950012207031,542.950012207031,1.21000003814697,,3.96669617545663,
544.007,,,,,,,,,,,,,,
544.062,,,,,,,,,,,,,,
544.068,136.39,124.4974977939,,98.1347092495,,98.1347092495,100.924302325,,,,,1.19826420479462,,542.694876
544.117,,,,,,,,,,,,,,
544.172,,,,,,,,,,,,,,
544.22,136.74,124.5247133361,,98.293466579,,98.293466579,100.924302325,,,,,1.19826420479462,,542.8420944000001
544.23,,,,,,,,,,,,,,
544.284,,,,,,,,,,,,,,
544.373,136.67,124.5519288783,2851.56,98.4340802137,,98.4340802137,100.924302325,,,,,1.19826420479462,,542.9896176
544.394,,,,,,,,,,,,,,
544.452,,,,,,,,,,,,,,
544.507,,,,,,,,,,,,,,
544.525,136.32,124.5791444205,,98.0938859362,,98.0938859362,100.924302325,,,,,1.19826420479462,,543.1371408
544.562,,,,,,,,,,,,,,
544.62,,,,,,,,,,,,,,
544.675,,,,,,,,,,,,,,
544.678,136.3,124.6063599627,,98.1256374021,,98.1256374021,100.924302325,,,,,1.19826420479462,,543.2843592
544.736,,,,,,,,,,,,,,
544.83,136.57,124.6335755049,2890.63,98.2254277235,,98.2254277235,100.924302325,,,,,1.19826420479462,,543.4318824
544.845,,,,,,,,,,,,,,
544.903,,,,,,,,,,,,,,
544.9580000000001,,,,,,,,,,,,,,
544.982,136.0,124.6653269708,,97.7219401928,,97.7219401928,100.924302325,,,,,1.19826420479462,,543.5791008
545.001,,,,,1.22000002861023,,,,543.929992675781,543.929992675781,1.21000003814697,,4.14004776634176,
545.013,,,,,,,,,,,,,,
545.068,,,,,,,,,,,,,,
545.126,,,,,,,,,,,,,,
545.135,136.7,124.692542513,2890.63,97.7355479639,,97.7355479639,100.924302325,,,,,1.19826420479462,,543.726624
545.181,,,,,,,,,,,,,,
545.235,,,,,,,,,,,,,,
545.2869999999999,136.96,124.7197580552,,97.8943052934,,97.8943052934,100.924302325,,,,,1.19826420479462,,543.8738424
545.29,,,,,,,,,,,,,,
545.3480000000001,,,,,,,,,,,,,,
545.403,,,,,,,,,,,,,,
545.44,136.81,124.7469735974,,97.8353382853,,97.8353382853,100.924302325,,,,,1.19826420479462,,544.0213656000001
545.4580000000001,,,,,,,,,,,,,,
545.513,,,,,,,,,,,,,,
545.571,,,,,,,,,,,,,,
545.592,136.33,124.7741891396,2929.69,97.7854431246,,97.7854431246,100.924302325,,,,,1.19826420479462,,544.168584
545.626,,,,,,,,,,,,,,
545.68,,,,,,,,,,,,,,
545.738,,,,,,,,,,,,,,
545.744,136.64,124.8014046818,,98.0984218599,,98.0984218599,100.924302325,,,,,1.19826420479462,,544.3158024
545.793,,,,,,,,,,,,,,
545.8480000000001,,,,,,,,,,,,,,
545.8969999999999,136.7,124.828620224,,97.7990508957,,97.7990508957,100.924302325,,,,,1.19826420479462,,544.4633256
545.903,,,,,,,,,,,,,,
545.961,,,,,,,,,,,,,,
546.0,,,,,1.22000002861023,,,,544.909973144531,544.909973144531,1.21000003814697,,4.01768193748167,
546.016,,,,,,,,,,,,,,
546.049,136.36,124.8603716899,2851.56,97.930592683,,97.930592683,100.924302325,,,,,1.19826420479462,,544.610544
546.071,,,,,,,,,,,,,,
546.125,,,,,,,,,,,,,,
546.186,,,,,,,,,,,,,,
546.202,136.63,124.8875872321,,97.930592683,,97.930592683,100.924302325,,,,,1.19826420479462,,544.7577623999999
546.244,,,,,,,,,,,,,,
546.299,,,,,,,,,,,,,,
546.354,136.33,124.9148027743,2890.63,98.0258470807,,98.0258470807,100.924302325,,,,,1.19826420479462,,544.9049808
546.409,,,,,,,,,,,,,,
546.506,136.89,124.9420183165,,98.0303830044,,98.0303830044,100.924302325,,,,,1.19826420479462,,545.0521992
546.5219999999999,,,,,,,,,,,,,,
546.577,,,,,,,,,,,,,,
546.631,,,,,,,,,,,,,,
546.659,136.3,124.9692338587,,97.9487363778,,97.9487363778,100.924302325,,,,,1.19826420479462,,545.1994176
546.689,,,,,,,,,,,,,,
546.744,,,,,,,,,,,,,,
546.799,,,,,,,,,,,,,,
546.811,136.29,124.9964494009,2851.56,98.2571791894,,98.2571791894,100.924302325,,,,,1.19826420479462,,545.3469408
546.857,,,,,,,,,,,,,,
546.9119999999999,,,,,,,,,,,,,,
546.964,136.67,125.0282008668,,97.8943052934,,97.8943052934,100.924302325,,,,,1.19826420479462,,545.4941592
546.967,,,,,,,,,,,,,,
547.0,,,,,1.22000002861023,,,,545.929992675781,545.929992675781,1.21000003814697,,3.9259073227173102,
547.0219999999999,,,,,,,,,,,,,,
547.0790000000001,,,,,,,,,,,,,,
547.116,136.67,125.055416409,,98.0802781651,,98.0802781651,100.924302325,,,,,1.19826420479462,,545.6410728
547.134,,,,,,,,,,,,,,
547.189,,,,,,,,,,,,,,
547.244,,,,,,,,,,,,,,
547.268,136.54,125.0826319512,2929.69,98.0848140888,,98.0848140888,100.924302325,,,,,1.19826420479462,,545.7882912
547.302,,,,,,,,,,,,,,
547.357,,,,,,,,,,,,,,
547.4119999999999,,,,,,,,,,,,,,
547.4209999999999,136.74,125.1098474934,,97.97595192,,97.97595192,100.924302325,,,,,1.19826420479462,,545.9355096
547.4730000000001,,,,,,,,,,,,,,
547.524,,,,,,,,,,,,,,
547.573,136.63,125.1370630356,,98.0349189281,,98.0349189281,100.924302325,,,,,1.19826420479462,,546.082728
547.5790000000001,,,,,,,,,,,,,,
547.64,,,,,,,,,,,,,,
547.726,137.0,125.1642785778,2929.69,98.1165655547,,98.1165655547,100.924302325,,,,,1.19826420479462,,546.2299464
547.753,,,,,,,,,,,,,,
547.808,,,,,,,,,,,,,,
547.863,,,,,,,,,,,,,,
547.878,136.44,125.1960300437,,98.1211014784,,98.1211014784,100.924302325,,,,,1.19826420479462,,546.3771648
547.918,,,,,,,,,,,,,,
547.976,,,,,,,,,,,,,,
548.0,,,,,1.22000002861023,,,,546.8900146484381,546.8900146484381,1.21000003814697,,3.87492156069227,
548.03,136.64,125.2232455859,2890.63,98.2072840287,,98.2072840287,100.924302325,,,,,1.19826420479462,,546.5240784
548.085,,,,,,,,,,,,,,
548.14,,,,,,,,,,,,,,
548.183,136.7,125.2504611281,,98.2208917998,,98.2208917998,100.924302325,,,,,1.19826420479462,,546.6712967999999
548.198,,,,,,,,,,,,,,
548.253,,,,,,,,,,,,,,
548.308,,,,,,,,,,,,,,
548.335,136.67,125.2776766703,,98.0031674622,,98.0031674622,100.924302325,,,,,1.19826420479462,,546.8185152000001
548.363,,,,,,,,,,,,,,
548.4209999999999,,,,,,,,,,,,,,
548.475,,,,,,,,,,,,,,
548.488,136.68,125.3048922125,2890.63,98.0848140888,,98.0848140888,100.924302325,,,,,1.19826420479462,,546.9654287999999
548.53,,,,,,,,,,,,,,
548.585,,,,,,,,,,,,,,
548.64,136.67,125.3321077547,,98.0757422414,,98.0757422414,100.924302325,,,,,1.19826420479462,,547.1126472
548.643,,,,,,,,,,,,,,
548.698,,,,,,,,,,,,,,
548.753,,,,,,,,,,,,,,
548.7919999999999,136.33,125.3547873732,,98.2662510368,,98.2662510368,100.924302325,,,,,1.19826420479462,,547.2595607999999
548.811,,,,,,,,,,,,,,
548.92,,,,,,,,,,,,,,
548.945,136.57,125.3820029154,2890.63,98.1074937073,,98.1074937073,100.924302325,,,,,1.19826420479462,,547.4067792000001
548.975,,,,,,,,,,,,,,
549.0,,,,,1.22000002861023,,,,547.8699951171881,547.8699951171881,1.21000003814697,,3.803541493857221,
549.033,,,,,,,,,,,,,,
549.094,,,,,,,,,,,,,,
549.097,136.3,125.4092184576,,98.0122393096,,98.0122393096,100.924302325,,,,,1.19826420479462,,547.5536927999999
549.149,,,,,,,,,,,,,,
549.2040000000001,,,,,,,,,,,,,,
549.25,136.64,125.4409699235,,98.1982121813,,98.1982121813,100.924302325,,,,,1.19826420479462,,547.7009112000001
549.259,,,,,,,,,,,,,,
549.317,,,,,,,,,,,,,,
549.4019999999999,136.48,125.4681854657,2890.63,97.9940956148,,97.9940956148,100.924302325,,,,,1.19826420479462,,547.8478248
549.4259999999999,,,,,,,,,,,,,,
549.481,,,,,,,,,,,,,,
549.539,,,,,,,,,,,,,,
549.554,136.33,125.4954010079,,98.2118199524,,98.2118199524,100.924302325,,,,,1.19826420479462,,547.9947384
549.594,,,,,,,,,,,,,,
549.649,,,,,,,,,,,,,,
549.7040000000001,,,,,,,,,,,,,,
549.707,136.64,125.5226165501,2851.56,98.3116102738,,98.3116102738,100.924302325,,,,,1.19826420479462,,548.1419568
549.762,,,,,,,,,,,,,,
549.817,,,,,,,,,,,,,,
549.859,136.56,125.5498320923,,98.3751132056,,98.3751132056,100.924302325,,,,,1.19826420479462,,548.2888704
549.871,,,,,,,,,,,,,,
549.929,,,,,,,,,,,,,,
549.984,,,,,,,,,,,,,,
549.999,,,,,1.22000002861023,,,,548.8599853515631,548.8599853515631,1.21000003814697,,3.7831471890472,
550.012,136.79,125.5770476345,,98.2299636472,,98.2299636472,100.924302325,,,,,1.19826420479462,,548.435784
550.039,,,,,,,,,,,,,,
550.094,,,,,,,,,,,,,,
550.1519999999999,,,,,,,,,,,,,,
550.164,136.81,125.6087991004,2890.63,98.5565501536,,98.5565501536,100.924302325,,,,,1.19826420479462,,548.5826976
550.207,,,,,,,,,,,,,,
550.262,,,,,,,,,,,,,,
550.316,136.33,125.6360146426,,98.4023287478,,98.4023287478,100.924302325,,,,,1.19826420479462,,548.7296112
550.374,,,,,,,,,,,,,,
550.429,,,,,,,,,,,,,,
550.469,136.46,125.6632301848,,98.0031674622,,98.0031674622,100.924302325,,,,,1.19826420479462,,548.8765248
550.49,,,,,,,,,,,,,,
550.545,,,,,,,,,,,,,,
550.621,136.67,125.690445727,2890.63,98.021311157,,98.021311157,100.924302325,,,,,1.19826420479462,,549.0234383999999
550.658,,,,,,,,,,,,,,
550.7130000000001,,,,,,,,,,,,,,
550.768,,,,,,,,,,,,,,
550.774,136.44,125.7176612692,,98.293466579,,98.293466579,100.924302325,,,,,1.19826420479462,,549.170352
550.825,,,,,,,,,,,,,,
550.88,,,,,,,,,,,,,,
550.9259999999999,136.29,125.7448768114,2851.56,98.293466579,,98.293466579,100.924302325,,,,,1.19826420479462,,549.3172656
550.935,,,,,,,,,,,,,,
550.999,,,,,1.22000002861023,,,,549.8499755859381,,,,,
551.078,136.26,125.7766282773,,98.1936762576,,98.1936762576,100.924302325,,,,,1.19826420479462,,549.4641792
551.1030000000001,,,,,,,,,,,,,,
551.158,,,,,,,,,,,,,,
551.2130000000001,,,,,,,,,,,,,,
551.231,136.11,125.8038438195,,98.384185053,,98.384185053,100.924302325,,,,,1.19826420479462,,549.6110927999999
551.27,,,,,,,,,,,,,,
551.325,,,,,,,,,,,,,,
551.38,,,,,,,,,,,,,,
551.383,136.7,125.8310593617,2890.63,98.4386161374,,98.4386161374,100.924302325,,,,,1.19826420479462,,549.7580063999999
551.435,,,,,,,,,,,,,,
551.493,,,,,,,,,,,,,,
551.536,136.22,125.8582749039,,98.4250083663,,98.4250083663,100.924302325,,,,,1.19826420479462,,549.9046152000001
551.548,,,,,,,,,,,,,,
551.6030000000001,,,,,,,,,,,,,,
551.661,,,,,,,,,,,,,,
551.688,136.71,125.8854904461,,98.5928375432,,98.5928375432,100.924302325,,,,,1.19826420479462,,550.0515287999999
551.715,,,,,,,,,,,,,,
551.77,,,,,,,,,,,,,,
551.84,136.56,125.9127059883,2929.69,98.4975831455,,98.4975831455,100.924302325,,,,,1.19826420479462,,550.1984424
551.88,,,,,,,,,,,,,,
551.993,136.71,125.9444574542,,98.2344995709,,98.2344995709,100.924302325,,,,,1.19826420479462,,550.3450512000001
551.999,,,,,1.19000005722046,,,,550.820007324219,550.820007324219,1.21000003814697,,3.99728763267165,
552.054,,,,,,,,,,,,,,
552.109,,,,,,,,,,,,,,
552.145,136.0,125.9716729964,,98.2889306553,,98.2889306553,100.924302325,,,,,1.19826420479462,,550.4919647999999
552.1669999999999,,,,,,,,,,,,,,
552.221,,,,,,,,,,,,,,
552.298,136.59,125.9988885386,2929.69,98.2072840287,,98.2072840287,100.924302325,,,,,1.19826420479462,,550.6388784
552.331,,,,,,,,,,,,,,
552.389,,,,,,,,,,,,,,
552.444,,,,,,,,,,,,,,
552.45,136.61,126.0261040808,,98.021311157,,98.021311157,100.924302325,,,,,1.19826420479462,,550.7854872
552.499,,,,,,,,,,,,,,
552.554,,,,,,,,,,,,,,
552.581,,,,,,,,,,,,,,
552.602,132.18,126.06239147040002,2890.63,98.3977928241,,98.3977928241,101.0240926464,,,,,1.19826420479462,,550.932096
552.6759999999999,,,,,,,,,,,,,,
552.749,,,,,,,,,,,,,,
552.755,97.0,126.0850710889,,98.9693192103,,98.9693192103,101.8450948361,,,,,1.19826420479462,,551.0790096
552.785,,,,,,,,,,,,,,
552.871,,,,,,,,,,,,,,
552.9069999999999,97.0,126.1077507074,,98.4386161374,,98.4386161374,101.8450948361,,,,,1.19826420479462,,551.2256183999999
552.9159999999999,,,,,,,,,,,,,,
552.9590000000001,,,,,,,,,,,,,,
552.999,,,,,1.22000002861023,,,,551.830017089844,551.830017089844,1.21000003814697,,5.62883347618862,
553.005,,,,,,,,,,,,,,
553.06,97.0,126.1395021733,2890.63,97.8806975223,,97.8806975223,101.8450948361,,,,,1.19826420479462,,551.372532
553.118,,,,,,,,,,,,,,
553.175,,,,,,,,,,,,,,
553.212,97.0,126.1667177155,,96.9054739268,,96.9054739268,101.8450948361,,,,,1.19826420479462,,551.5191408
553.2330000000001,,,,,,,,,,,,,,
553.297,,,,,,,,,,,,,,
553.349,,,,,,,,,,,,,,
553.364,97.0,126.1939332577,,96.9100098505,,96.9100098505,101.8450948361,,,,,1.19826420479462,,551.6657496
553.413,,,,,,,,,,,,,,
553.477,,,,,,,,,,,,,,
553.5169999999999,97.0,126.2211487999,,97.023407943,,97.023407943,101.8450948361,,,,,1.19826420479462,,551.8123584
553.5409999999999,,,,,,,,,,,,,,
553.669,97.0,126.2483643421,2890.63,95.9030347891,,95.9030347891,101.8450948361,,,,,1.19826420479462,,551.9589672000001
553.715,,,,,,,,,,,,,,
553.7669999999999,,,,,,,,,,,,,,
553.822,97.0,126.2755798843,,96.2749805325,,96.2749805325,101.8450948361,,,,,1.19826420479462,,552.1058807999999
553.825,,,,,,,,,,,,,,
553.88,,,,,,,,,,,,,,
553.934,,,,,,,,,,,,,,
553.974,97.0,126.3073313502,,96.3566271591,,96.3566271591,101.8450948361,,,,,1.19826420479462,,552.2524896000001
553.989,,,,,,,,,,,,,,
554.001,,,,,1.22000002861023,,,,552.780029296875,552.780029296875,1.21000003814697,,6.07750866824754,
554.044,,,,,,,,,,,,,,
554.0930000000001,,,,,,,,,,,,,,
554.126,97.0,126.3345468924,2890.63,96.2840523799,,96.2840523799,101.8450948361,,,,,1.19826420479462,,552.3990984000001
554.151,,,,,,,,,,,,,,
554.206,,,,,,,,,,,,,,
554.261,,,,,,,,,,,,,,
554.279,97.0,126.3617624346,,96.5924951915,,96.5924951915,101.8450948361,,,,,1.19826420479462,,552.5457072
554.315,,,,,,,,,,,,,,
554.37,,,,,,,,,,,,,,
554.425,,,,,,,,,,,,,,
554.431,97.0,126.3889779768,,96.4292019383,,96.4292019383,101.8450948361,,,,,1.19826420479462,,552.692316
554.48,,,,,,,,,,,,,,
554.538,,,,,,,,,,,,,,
554.5840000000001,97.0,126.416193519,,96.3929145487,,96.3929145487,101.8450948361,,,,,1.19826420479462,,552.8389248
554.5930000000001,,,,,,,,,,,,,,
554.654,,,,,,,,,,,,,,
554.736,97.0,126.4479449849,2890.63,96.4155941672,,96.4155941672,101.8450948361,,,,,1.19826420479462,,552.9852288
554.763,,,,,,,,,,,,,,
554.818,,,,,,,,,,,,,,
554.873,,,,,,,,,,,,,,
554.888,97.0,126.4751605271,,96.4201300909,,96.4201300909,101.8450948361,,,,,1.19826420479462,,553.1318376
554.931,,,,,,,,,,,,,,
554.986,,,,,,,,,,,,,,
555.001,,,,,1.22000002861023,,,,553.1199951171881,553.1199951171881,1.21000003814697,,6.06731127272324,
555.0409999999999,97.0,126.5023760693,,96.5153844886,,96.5153844886,101.8450948361,,,,,1.19826420479462,,553.2784464
555.096,,,,,,,,,,,,,,
555.151,,,,,,,,,,,,,,
555.193,97.0,126.5295916115,2890.63,96.4564174805,,96.4564174805,101.8450948361,,,,,1.19826420479462,,553.4250552
555.205,,,,,,,,,,,,,,
555.263,,,,,,,,,,,,,,
555.318,,,,,,,,,,,,,,
555.346,97.0,126.5568071537,,96.3339475406,,96.3339475406,101.8450948361,,,,,1.19826420479462,,553.5713592000001
555.373,,,,,,,,,,,,,,
555.428,,,,,,,,,,,,,,
555.4830000000001,,,,,,,,,,,,,,
555.498,97.0,126.5840226959,,96.206941677,,96.206941677,101.8450948361,,,,,1.19826420479462,,553.7179679999999
555.538,,,,,,,,,,,,,,
555.592,,,,,,,,,,,,,,
555.6469999999999,,,,,,,,,,,,,,
555.65,97.0,126.6157741618,,95.9075707128,,95.9075707128,101.8450948361,,,,,1.19826420479462,,553.8645767999999
555.6990000000001,,,,,,,,,,,,,,
555.803,97.0,126.642989704,2890.63,96.0073610342,,96.0073610342,101.8450948361,,,,,1.19826420479462,,554.0108807999999
555.809,,,,,,,,,,,,,,
555.855,,,,,,,,,,,,,,
555.906,,,,,,,,,,,,,,
555.955,97.0,126.6702052462,,96.0753998897,,96.0753998897,101.8450948361,,,,,1.19826420479462,,554.1574896000001
555.964,,,,,,,,,,,,,,
556.001,,,,,1.22000002861023,,,,554.049987792969,554.049987792969,1.21000003814697,,6.1590858874876,
556.013,,,,,,,,,,,,,,
556.068,,,,,,,,,,,,,,
556.1080000000001,97.0,126.6974207884,,96.1978698296,,96.1978698296,101.8450948361,,,,,1.19826420479462,,554.3037936000001
556.12,,,,,,,,,,,,,,
556.175,,,,,,,,,,,,,,
556.26,97.0,126.7246363306,2890.63,96.116223203,,96.116223203,101.8450948361,,,,,1.19826420479462,,554.4504024
556.278,,,,,,,,,,,,,,
556.33,,,,,,,,,,,,,,
556.379,,,,,,,,,,,,,,
556.4119999999999,97.0,126.7518518728,,96.3021960747,,96.3021960747,101.8450948361,,,,,1.19826420479462,,554.5967063999999
556.431,,,,,,,,,,,,,,
556.479,,,,,,,,,,,,,,
556.531,,,,,,,,,,,,,,
556.565,97.0,126.7836033387,,96.3339475406,,96.3339475406,101.8450948361,,,,,1.19826420479462,,554.7430103999999
556.5830000000001,,,,,,,,,,,,,,
556.638,,,,,,,,,,,,,,
556.693,,,,,,,,,,,,,,
556.717,97.0,126.8108188809,2890.63,96.3656990065,,96.3656990065,101.8450948361,,,,,1.19826420479462,,554.8893144
556.751,,,,,,,,,,,,,,
556.806,,,,,,,,,,,,,,
556.86,,,,,,,,,,,,,,
556.87,97.0,126.8380344231,,96.3520912354,,96.3520912354,101.8450948361,,,,,1.19826420479462,,555.0359232000001
556.915,,,,,,,,,,,,,,
556.97,,,,,,,,,,,,,,
557.001,,,,,1.22000002861023,,,,555.02001953125,555.02001953125,1.21000003814697,,6.03672005862751,
557.0219999999999,97.0,126.8652499653,,96.2931242273,,96.2931242273,101.8450948361,,,,,1.19826420479462,,555.1822272
557.025,,,,,,,,,,,,,,
557.08,,,,,,,,,,,,,,
557.141,,,,,,,,,,,,,,
557.174,97.0,126.8924655075,,96.3929145487,,96.3929145487,101.8450948361,,,,,1.19826420479462,,555.3285312
557.196,,,,,,,,,,,,,,
557.327,97.0,126.9196810497,2929.69,96.2568368377,,96.2568368377,101.8450948361,,,,,1.19826420479462,,555.4748352000001
557.363,,,,,,,,,,,,,,
557.418,,,,,,,,,,,,,,
557.47,,,,,,,,,,,,,,
557.479,97.0,126.9514325156,,96.0118969579,,96.0118969579,101.8450948361,,,,,1.19826420479462,,555.6211392000001
557.5219999999999,,,,,,,,,,,,,,
557.577,,,,,,,,,,,,,,
557.629,,,,,,,,,,,,,,
557.632,97.0,126.9786480578,,96.1434387452,,96.1434387452,101.8450948361,,,,,1.19826420479462,,555.7674432
557.683,,,,,,,,,,,,,,
557.738,,,,,,,,,,,,,,
557.784,97.0,127.0058636,2890.63,96.0799358134,,96.0799358134,101.8450948361,,,,,1.19826420479462,,555.9137472
557.79,,,,,,,,,,,,,,
557.842,,,,,,,,,,,,,,
557.891,,,,,,,,,,,,,,
557.936,97.0,127.0330791422,,95.8032444677,,95.8032444677,101.8450948361,,,,,1.19826420479462,,556.0600512
557.939,,,,,,,,,,,,,,
557.985,,,,,,,,,,,,,,
558.0,,,,,1.22000002861023,,,,555.960021972656,555.960021972656,1.21000003814697,,6.04691696791322,
558.031,,,,,,,,,,,,,,
558.077,,,,,,,,,,,,,,
558.089,97.0,127.0602946844,,96.0935435845,,96.0935435845,101.8450948361,,,,,1.19826420479462,,556.2063552
558.122,,,,,,,,,,,,,,
558.168,,,,,,,,,,,,,,
558.211,,,,,,,,,,,,,,
558.241,97.0,127.0875102266,2851.56,96.3248756932,,96.3248756932,101.8450948361,,,,,1.19826420479462,,556.3526592000001
558.259,,,,,,,,,,,,,,
558.299,,,,,,,,,,,,,,
558.351,,,,,,,,,,,,,,
558.394,97.0,127.1147257688,,96.3611630828,,96.3611630828,101.8450948361,,,,,1.19826420479462,,556.4989632
558.3969999999999,,,,,,,,,,,,,,
558.442,,,,,,,,,,,,,,
558.488,,,,,,,,,,,,,,
558.534,,,,,,,,,,,,,,
558.5459999999999,97.0,127.1464772347,,96.3384834643,,96.3384834643,101.8450948361,,,,,1.19826420479462,,556.6449623999999
558.5830000000001,,,,,,,,,,,,,,
558.628,,,,,,,,,,,,,,
558.698,97.0,127.1736927769,2851.56,96.2613727614,,96.2613727614,101.8450948361,,,,,1.19826420479462,,556.7912664
558.72,,,,,,,,,,,,,,
558.765,,,,,,,,,,,,,,
558.811,,,,,,,,,,,,,,
558.851,97.0,127.2009083191,,96.16158244,,96.16158244,101.8450948361,,,,,1.19826420479462,,556.9375704
558.857,,,,,,,,,,,,,,
558.9,,,,,,,,,,,,,,
558.945,,,,,,,,,,,,,,
558.988,,,,,,,,,,,,,,
559.0,,,,,1.22000002861023,,,,556.919982910156,556.919982910156,1.21000003814697,,5.955142839387451,
559.003,97.0,127.2281238613,,96.2250853718,,96.2250853718,101.8450948361,,,,,1.19826420479462,,557.0835696
559.0369999999999,,,,,,,,,,,,,,
559.082,,,,,,,,,,,,,,
559.125,,,,,,,,,,,,,,
559.156,97.0,127.2553394035,2890.63,96.1434387452,,96.1434387452,101.8450948361,,,,,1.19826420479462,,557.2298736
559.1709999999999,,,,,,,,,,,,,,
559.217,,,,,,,,,,,,,,
559.259,,,,,,,,,,,,,,
559.302,,,,,,,,,,,,,,
559.308,97.0,127.2870908694,,96.1389028215,,96.1389028215,101.8450948361,,,,,1.19826420479462,,557.3758727999999
559.3480000000001,,,,,,,,,,,,,,
559.396,,,,,,,,,,,,,,
559.436,,,,,,,,,,,,,,
559.46,97.0,127.3143064116,,96.025504729,,96.025504729,101.8450948361,,,,,1.19826420479462,,557.5221767999999
559.534,,,,,,,,,,,,,,
559.613,97.0,127.3415219538,2851.56,95.9665377209,,95.9665377209,101.8450948361,,,,,1.19826420479462,,557.668176
559.619,,,,,,,,,,,,,,
559.6619999999999,,,,,,,,,,,,,,
559.7040000000001,,,,,,,,,,,,,,
559.75,,,,,,,,,,,,,,
559.765,97.0,127.368737496,,96.1071513556,,96.1071513556,101.8450948361,,,,,1.19826420479462,,557.81448
559.7959999999999,,,,,,,,,,,,,,
559.841,,,,,,,,,,,,,,
559.884,,,,,,,,,,,,,,
559.918,97.0,127.3959530382,,96.1842620585,,96.1842620585,101.8450948361,,,,,1.19826420479462,,557.9604792
559.933,,,,,,,,,,,,,,
560.0,,,,,1.22000002861023,,,,557.8499755859381,557.8499755859381,1.21000003814697,,6.087705577533259,
560.03,,,,,,,,,,,,,,
560.07,97.0,127.4231685804,2890.63,96.2205494481,,96.2205494481,101.8450948361,,,,,1.19826420479462,,558.1064784
560.082,,,,,,,,,,,,,,
560.128,,,,,,,,,,,,,,
560.177,,,,,,,,,,,,,,
560.222,97.0,127.4503841226,,96.1434387452,,96.1434387452,101.8450948361,,,,,1.19826420479462,,558.2527824
560.225,,,,,,,,,,,,,,
560.271,,,,,,,,,,,,,,
560.317,,,,,,,,,,,,,,
560.363,,,,,,,,,,,,,,
560.375,97.0,127.4821355885,,96.0663280423,,96.0663280423,101.8450948361,,,,,1.19826420479462,,558.3987816
560.411,,,,,,,,,,,,,,
560.457,,,,,,,,,,,,,,
560.506,,,,,,,,,,,,,,
560.5269999999999,97.0,127.5093511307,2929.69,96.16158244,,96.16158244,101.8450948361,,,,,1.19826420479462,,558.5447807999999
560.555,,,,,,,,,,,,,,
560.606,,,,,,,,,,,,,,
560.649,,,,,,,,,,,,,,
560.68,97.0,127.5365666729,,96.0935435845,,96.0935435845,101.8450948361,,,,,1.19826420479462,,558.69078
560.7040000000001,,,,,,,,,,,,,,
560.753,,,,,,,,,,,,,,
560.798,,,,,,,,,,,,,,
560.832,97.0,127.5637822151,,96.0572561949,,96.0572561949,101.8450948361,,,,,1.19826420479462,,558.8367792
560.8380000000001,,,,,,,,,,,,,,
560.93,,,,,,,,,,,,,,
560.975,,,,,,,,,,,,,,
560.984,97.0,127.5909977573,2851.56,96.1797261348,,96.1797261348,101.8450948361,,,,,1.19826420479462,,558.9827784
561.0,,,,,1.22000002861023,,,,558.789978027344,558.789978027344,1.21000003814697,,6.138691582677589,
561.015,,,,,,,,,,,,,,
561.061,,,,,,,,,,,,,,
561.106,,,,,,,,,,,,,,
561.137,97.17,127.6227492232,,96.1026154319,,96.1026154319,101.8450948361,,,,,1.19826420479462,,559.1287776
561.149,,,,,,,,,,,,,,
561.198,,,,,,,,,,,,,,
561.247,,,,,,,,,,,,,,
561.289,97.0,127.6499647654,,96.0527202712,,96.0527202712,101.8450948361,,,,,1.19826420479462,,559.2747767999999
561.298,,,,,,,,,,,,,,
561.344,,,,,,,,,,,,,,
561.393,,,,,,,,,,,,,,
561.442,97.0,127.6771803076,2890.63,96.0209688053,,96.0209688053,101.8450948361,,,,,1.19826420479462,,559.4207759999999
561.445,,,,,,,,,,,,,,
561.545,,,,,,,,,,,,,,
561.594,97.0,127.7043958498,,95.9892173394,,95.9892173394,101.8450948361,,,,,1.19826420479462,,559.5667752
561.649,,,,,,,,,,,,,,
561.698,,,,,,,,,,,,,,
561.746,97.0,127.731611392,,96.0300406527,,96.0300406527,101.8450948361,,,,,1.19826420479462,,559.7127744
561.749,,,,,,,,,,,,,,
561.856,,,,,,,,,,,,,,
561.899,97.0,127.7588269342,2890.63,95.9937532631,,95.9937532631,101.8450948361,,,,,1.19826420479462,,559.8584688
561.9019999999999,,,,,,,,,,,,,,
561.957,,,,,,,,,,,,,,
561.999,,,,,1.22000002861023,,,,559.739990234375,559.739990234375,1.21000003814697,,6.19987449710763,
562.015,,,,,,,,,,,,,,
562.0509999999999,97.0,127.7905784001,,95.9620017972,,95.9620017972,101.8450948361,,,,,1.19826420479462,,560.004468
562.063,,,,,,,,,,,,,,
562.112,,,,,,,,,,,,,,
562.164,,,,,,,,,,,,,,
562.2040000000001,97.0,127.8177939423,,96.1207591267,,96.1207591267,101.8450948361,,,,,1.19826420479462,,560.1504672
562.2130000000001,,,,,,,,,,,,,,
562.265,,,,,,,,,,,,,,
562.356,97.0,127.8450094845,2890.63,95.9438581024,,95.9438581024,101.8450948361,,,,,1.19826420479462,,560.2961616
562.365,,,,,,,,,,,,,,
562.411,,,,,,,,,,,,,,
562.457,,,,,,,,,,,,,,
562.505,,,,,,,,,,,,,,
562.508,97.0,127.8722250267,,96.0436484238,,96.0436484238,101.8450948361,,,,,1.19826420479462,,560.4421607999999
562.5509999999999,,,,,,,,,,,,,,
562.6,,,,,,,,,,,,,,
562.643,,,,,,,,,,,,,,
562.661,97.0,127.8994405689,,95.9892173394,,95.9892173394,101.8450948361,,,,,1.19826420479462,,560.5878552
562.685,,,,,,,,,,,,,,
562.813,97.0,127.9266561111,2890.63,96.16158244,,96.16158244,101.8450948361,,,,,1.19826420479462,,560.7338543999999
562.828,,,,,,,,,,,,,,
562.874,,,,,,,,,,,,,,
562.92,,,,,,,,,,,,,,
562.966,97.0,127.958407577,,95.9483940261,,95.9483940261,101.8450948361,,,,,1.19826420479462,,560.8795488
562.999,,,,,1.22000002861023,,,,560.700012207031,560.700012207031,1.21000003814697,,6.301846021157711,
563.005,,,,,,,,,,,,,,
563.0509999999999,,,,,,,,,,,,,,
563.1030000000001,,,,,,,,,,,,,,
563.118,97.0,127.9856231192,,96.0073610342,,96.0073610342,101.8450948361,,,,,1.19826420479462,,561.0255480000001
563.1419999999999,,,,,,,,,,,,,,
563.188,,,,,,,,,,,,,,
563.231,,,,,,,,,,,,,,
563.27,97.0,128.0128386614,2890.63,96.0209688053,,96.0209688053,101.8450948361,,,,,1.19826420479462,,561.1712424
563.273,,,,,,,,,,,,,,
563.319,,,,,,,,,,,,,,
563.362,,,,,,,,,,,,,,
563.411,,,,,,,,,,,,,,
563.423,97.0,128.0400542036,,95.8848910943,,95.8848910943,101.8450948361,,,,,1.19826420479462,,561.3169368
563.453,,,,,,,,,,,,,,
563.499,,,,,,,,,,,,,,
563.539,,,,,,,,,,,,,,
563.575,97.0,128.0672697458,2929.69,95.7261337648,,95.7261337648,101.8450948361,,,,,1.19826420479462,,561.462936
563.5840000000001,,,,,,,,,,,,,,
563.627,,,,,,,,,,,,,,
563.67,,,,,,,,,,,,,,
563.712,,,,,,,,,,,,,,
563.7280000000001,97.0,128.094485288,,95.5492327405,,95.5492327405,101.8450948361,,,,,1.19826420479462,,561.6086303999999
563.755,,,,,,,,,,,,,,
563.798,,,,,,,,,,,,,,
563.8430000000001,,,,,,,,,,,,,,
563.88,97.0,128.1262367539,,95.4766579613,,95.4766579613,101.8450948361,,,,,1.19826420479462,,561.7543248
563.889,,,,,,,,,,,,,,
563.932,,,,,,,,,,,,,,
563.9780000000001,,,,,,,,,,,,,,
563.999,,,,,1.22000002861023,,,,561.6300048828131,561.6300048828131,1.21000003814697,,6.689338298786581,
564.0319999999999,97.0,128.1534522961,2929.69,95.2226462341,,95.2226462341,101.8450948361,,,,,1.19826420479462,,561.9000192000001
564.066,,,,,,,,,,,,,,
564.106,,,,,,,,,,,,,,
564.148,,,,,,,,,,,,,,
564.185,97.0,128.1806678383,,95.4857298087,,95.4857298087,101.8450948361,,,,,1.19826420479462,,562.0457136
564.252,,,,,,,,,,,,,,
564.298,,,,,,,,,,,,,,
564.337,97.0,128.2078833805,,95.3541880214,,95.3541880214,101.8450948361,,,,,1.19826420479462,,562.191408
564.38,,,,,,,,,,,,,,
564.4590000000001,,,,,,,,,,,,,,
564.49,97.0,128.23509892270002,2890.63,95.3133647081,,95.3133647081,101.8450948361,,,,,1.19826420479462,,562.3371024
564.502,,,,,,,,,,,,,,
564.5409999999999,,,,,,,,,,,,,,
564.5930000000001,,,,,,,,,,,,,,
564.633,,,,,,,,,,,,,,
564.6419999999999,97.0,128.2623144649,,94.9142034225,,94.9142034225,101.8450948361,,,,,1.19826420479462,,562.4827968
564.669,,,,,,,,,,,,,,
564.7090000000001,,,,,,,,,,,,,,
564.749,,,,,,,,,,,,,,
564.785,,,,,,,,,,,,,,
564.794,97.0,128.2940659308,,95.1546073786,,95.1546073786,101.8450948361,,,,,1.19826420479462,,562.6284912000001
564.822,,,,,,,,,,,,,,
564.861,,,,,,,,,,,,,,
564.898,,,,,,,,,,,,,,
564.935,,,,,,,,,,,,,,
564.947,97.0,128.321281473,2890.63,95.2816132422,,95.2816132422,101.8450948361,,,,,1.19826420479462,,562.7741856
564.971,,,,,,,,,,,,,,
564.999,,,,,1.22000002861023,,,,562.559997558594,562.559997558594,1.21000003814697,,6.944267352031059,
565.011,,,,,,,,,,,,,,
565.047,,,,,,,,,,,,,,
565.0840000000001,,,,,,,,,,,,,,
565.099,97.0,128.3484970152,,95.1818229208,,95.1818229208,101.8450948361,,,,,1.19826420479462,,562.9195752
565.117,,,,,,,,,,,,,,
565.154,,,,,,,,,,,,,,
565.2180000000001,,,,,,,,,,,,,,
565.252,97.0,128.3757125574,2890.63,95.6263434434,,95.6263434434,101.8450948361,,,,,1.19826420479462,,563.0652696000001
565.258,,,,,,,,,,,,,,
565.294,,,,,,,,,,,,,,
565.3340000000001,,,,,,,,,,,,,,
565.374,,,,,,,,,,,,,,
565.404,97.0,128.4029280996,,95.5492327405,,95.5492327405,101.8450948361,,,,,1.19826420479462,,563.210964
565.4159999999999,,,,,,,,,,,,,,
565.4590000000001,,,,,,,,,,,,,,
565.498,,,,,,,,,,,,,,
565.556,97.0,128.43014364180002,2851.56,95.3315084029,,95.3315084029,101.8450948361,,,,,1.19826420479462,,563.3563536
565.587,,,,,,,,,,,,,,
565.63,,,,,,,,,,,,,,
565.675,,,,,,,,,,,,,,
565.7090000000001,97.0,128.4618951077,,95.4675861139,,95.4675861139,101.8450948361,,,,,1.19826420479462,,563.5020480000001
565.721,,,,,,,,,,,,,,
565.7669999999999,,,,,,,,,,,,,,
565.815,,,,,,,,,,,,,,
565.852,,,,,,,,,,,,,,
565.861,97.0,128.4891106499,,95.4539783428,,95.4539783428,101.8450948361,,,,,1.19826420479462,,563.6471328
565.8919999999999,,,,,,,,,,,,,,
565.931,,,,,,,,,,,,,,
565.974,,,,,,,,,,,,,,
566.001,,,,,1.22000002861023,,,,563.52001953125,563.52001953125,1.21000003814697,,6.76071860874092,
566.014,97.0,128.5163261921,2890.63,95.4267628006,,95.4267628006,101.8450948361,,,,,1.19826420479462,,563.7925223999999
566.056,,,,,,,,,,,,,,
566.096,,,,,,,,,,,,,,
566.132,,,,,,,,,,,,,,
566.1659999999999,97.0,128.5435417343,,95.3042928607,,95.3042928607,101.8450948361,,,,,1.19826420479462,,563.937912
566.215,,,,,,,,,,,,,,
566.254,,,,,,,,,,,,,,
566.2909999999999,,,,,,,,,,,,,,
566.318,97.0,128.5707572765,2929.69,95.481193885,,95.481193885,101.8450948361,,,,,1.19826420479462,,564.0833016
566.331,,,,,,,,,,,,,,
566.367,,,,,,,,,,,,,,
566.4069999999999,,,,,,,,,,,,,,
566.446,,,,,,,,,,,,,,
566.471,97.0,128.5979728187,,95.6036638249,,95.6036638249,101.8450948361,,,,,1.19826420479462,,564.2283864
566.489,,,,,,,,,,,,,,
566.529,,,,,,,,,,,,,,
566.571,,,,,,,,,,,,,,
566.614,,,,,,,,,,,,,,
566.623,97.0,128.6251883609,,95.5991279012,,95.5991279012,101.8450948361,,,,,1.19826420479462,,564.373776
566.6569999999999,,,,,,,,,,,,,,
566.702,,,,,,,,,,,,,,
566.751,,,,,,,,,,,,,,
566.776,97.0,128.6569398268,2890.63,95.7578852307,,95.7578852307,101.8450948361,,,,,1.19826420479462,,564.5188607999999
566.806,,,,,,,,,,,,,,
566.861,,,,,,,,,,,,,,
566.91,,,,,,,,,,,,,,
566.928,97.0,128.684155369,,95.3496520977,,95.3496520977,101.8450948361,,,,,1.19826420479462,,564.6642504
566.952,,,,,,,,,,,,,,
566.995,,,,,,,,,,,,,,
567.001,,,,,1.22000002861023,,,,564.450012207031,564.450012207031,1.21000003814697,,6.597563684022219,
567.038,,,,,,,,,,,,,,
567.077,,,,,,,,,,,,,,
567.08,97.0,128.71137091120002,,95.3088287844,,95.3088287844,101.8450948361,,,,,1.19826420479462,,564.8093352000001
567.117,,,,,,,,,,,,,,
567.202,,,,,,,,,,,,,,
567.2330000000001,97.0,128.7385864534,2890.63,95.753349307,,95.753349307,101.8450948361,,,,,1.19826420479462,,564.9547248
567.242,,,,,,,,,,,,,,
567.297,,,,,,,,,,,,,,
567.349,,,,,,,,,,,,,,
567.385,97.0,128.7658019956,,95.5310890457,,95.5310890457,101.8450948361,,,,,1.19826420479462,,565.0998096
567.3969999999999,,,,,,,,,,,,,,
567.44,,,,,,,,,,,,,,
567.4830000000001,,,,,,,,,,,,,,
567.528,,,,,,,,,,,,,,
567.538,97.0,128.7975534615,,95.4539783428,,95.4539783428,101.8450948361,,,,,1.19826420479462,,565.2448944
567.5740000000001,,,,,,,,,,,,,,
567.672,,,,,,,,,,,,,,
567.69,97.0,128.8247690037,2890.63,95.5855201301,,95.5855201301,101.8450948361,,,,,1.19826420479462,,565.390284
567.72,,,,,,,,,,,,,,
567.7719999999999,,,,,,,,,,,,,,
567.821,,,,,,,,,,,,,,
567.842,97.0,128.8519845459,,95.6263434434,,95.6263434434,101.8450948361,,,,,1.19826420479462,,565.5353687999999
567.873,,,,,,,,,,,,,,
567.928,,,,,,,,,,,,,,
567.98,,,,,,,,,,,,,,
567.995,97.0,128.8792000881,,95.3723317162,,95.3723317162,101.8450948361,,,,,1.19826420479462,,565.6804536000001
568.001,,,,,1.23000001907349,,,,565.3900146484381,565.3900146484381,1.22000002861023,,6.69953569431088,
568.028,,,,,,,,,,,,,,
568.12,,,,,,,,,,,,,,
568.1469999999999,97.0,128.90641563030002,2890.63,95.3496520977,,95.3496520977,101.8450948361,,,,,1.19826420479462,,565.8255383999999
568.1619999999999,,,,,,,,,,,,,,
568.211,,,,,,,,,,,,,,
568.26,,,,,,,,,,,,,,
568.3,97.0,128.9336311725,,95.6399512145,,95.6399512145,101.8450948361,,,,,1.19826420479462,,565.9706232000001
568.312,,,,,,,,,,,,,,
568.367,,,,,,,,,,,,,,
568.422,,,,,,,,,,,,,,
568.452,97.0,128.9653826384,,95.844067781,,95.844067781,101.8450948361,,,,,1.19826420479462,,566.115708
568.482,,,,,,,,,,,,,,
568.534,,,,,,,,,,,,,,
568.604,97.0,128.9925981806,2890.63,96.2386931429,,96.2386931429,101.8450948361,,,,,1.19826420479462,,566.2607928
568.65,,,,,,,,,,,,,,
568.705,,,,,,,,,,,,,,
568.757,97.0,129.0198137228,,96.5108485649,,96.5108485649,101.8450948361,,,,,1.19826420479462,,566.4058776
568.76,,,,,,,,,,,,,,
568.818,,,,,,,,,,,,,,
568.87,,,,,,,,,,,,,,
568.909,97.0,129.047029265,,95.1546073786,,95.1546073786,101.8450948361,,,,,1.19826420479462,,566.5509624
568.918,,,,,,,,,,,,,,
568.964,,,,,,,,,,,,,,
569.001,,,,,1.23000001907349,,,,566.330017089844,566.330017089844,1.21000003814697,,6.709732603596589,
569.01,,,,,,,,,,,,,,
569.056,,,,,,,,,,,,,,
569.062,97.0,129.0742448072,2890.63,95.0820325994,,95.0820325994,101.8450948361,,,,,1.19826420479462,,566.6960472
569.101,,,,,,,,,,,,,,
569.1469999999999,,,,,,,,,,,,,,
569.193,,,,,,,,,,,,,,
569.214,97.0,129.1014603494,,95.1092481416,,95.1092481416,101.8450948361,,,,,1.19826420479462,,566.841132
569.232,,,,,,,,,,,,,,
569.275,,,,,,,,,,,,,,
569.315,,,,,,,,,,,,,,
569.357,,,,,,,,,,,,,,
569.366,97.0,129.1332118153,,95.1273918364,,95.1273918364,101.8450948361,,,,,1.19826420479462,,566.9862168
569.4,,,,,,,,,,,,,,
569.443,,,,,,,,,,,,,,
569.519,97.0,129.1604273575,2929.69,94.9958500491,,94.9958500491,101.8450948361,,,,,1.19826420479462,,567.1313016
569.528,,,,,,,,,,,,,,
569.568,,,,,,,,,,,,,,
569.61,,,,,,,,,,,,,,
569.65,,,,,,,,,,,,,,
569.6709999999999,97.0,129.1876428997,,95.0457452098,,95.0457452098,101.8450948361,,,,,1.19826420479462,,567.2760816000001
569.6990000000001,,,,,,,,,,,,,,
569.741,,,,,,,,,,,,,,
569.784,,,,,,,,,,,,,,
569.8240000000001,97.0,129.2148584419,,95.2634695474,,95.2634695474,101.8450948361,,,,,1.19826420479462,,567.4211664
569.827,,,,,,,,,,,,,,
569.869,,,,,,,,,,,,,,
569.952,,,,,,,,,,,,,,
569.976,97.0,129.2420739841,2890.63,95.2181103104,,95.2181103104,101.8450948361,,,,,1.19826420479462,,567.5662512
569.994,,,,,,,,,,,,,,
570.0,,,,,1.23000001907349,,,,567.260009765625,567.260009765625,1.21000003814697,,6.964661656841081,
570.0369999999999,,,,,,,,,,,,,,
570.08,,,,,,,,,,,,,,
570.125,,,,,,,,,,,,,,
570.128,97.0,129.2692895263,,95.2226462341,,95.2226462341,101.8450948361,,,,,1.19826420479462,,567.7110312000001
570.168,,,,,,,,,,,,,,
570.211,,,,,,,,,,,,,,
570.253,,,,,,,,,,,,,,
570.281,97.0,129.2965050685,,95.1818229208,,95.1818229208,101.8450948361,,,,,1.19826420479462,,567.856116
570.2959999999999,,,,,,,,,,,,,,
570.339,,,,,,,,,,,,,,
570.381,,,,,,,,,,,,,,
570.424,,,,,,,,,,,,,,
570.433,97.0,129.3282565344,2890.63,95.1001762942,,95.1001762942,101.8450948361,,,,,1.19826420479462,,568.000896
570.467,,,,,,,,,,,,,,
570.509,,,,,,,,,,,,,,
570.552,,,,,,,,,,,,,,
570.586,97.0,129.3554720766,,95.1273918364,,95.1273918364,101.8450948361,,,,,1.19826420479462,,568.145676
570.595,,,,,,,,,,,,,,
570.637,,,,,,,,,,,,,,
570.686,,,,,,,,,,,,,,
570.738,97.0,129.3826876188,2890.63,94.9913141254,,94.9913141254,101.8450948361,,,,,1.19826420479462,,568.2907607999999
570.817,,,,,,,,,,,,,,
570.86,,,,,,,,,,,,,,
570.89,97.0,129.40990316100002,,95.1319277601,,95.1319277601,101.8450948361,,,,,1.19826420479462,,568.4355408
570.9,,,,,,,,,,,,,,
570.945,,,,,,,,,,,,,,
570.988,,,,,,,,,,,,,,
571.0,,,,,1.23000001907349,,,,568.190002441406,568.190002441406,1.21000003814697,,7.23998501489557,
571.034,,,,,,,,,,,,,,
571.043,97.0,129.4371187032,,95.2770773185,,95.2770773185,101.8450948361,,,,,1.19826420479462,,568.5803208
571.076,,,,,,,,,,,,,,
571.165,,,,,,,,,,,,,,
571.195,97.0,129.4643342454,2929.69,95.3224365555,,95.3224365555,101.8450948361,,,,,1.19826420479462,,568.7254055999999
571.21,,,,,,,,,,,,,,
571.256,,,,,,,,,,,,,,
571.299,,,,,,,,,,,,,,
571.345,,,,,,,,,,,,,,
571.3480000000001,97.0,129.4960857113,,95.4403705717,,95.4403705717,101.8450948361,,,,,1.19826420479462,,568.8701856
571.39,,,,,,,,,,,,,,
571.433,,,,,,,,,,,,,,
571.485,,,,,,,,,,,,,,
571.5,97.0,129.5233012535,,95.3133647081,,95.3133647081,101.8450948361,,,,,1.19826420479462,,569.0149656000001
571.5269999999999,,,,,,,,,,,,,,
571.619,,,,,,,,,,,,,,
571.6519999999999,97.0,129.5505167957,2890.63,95.2725413948,,95.2725413948,101.8450948361,,,,,1.19826420479462,,569.1597456000001
571.665,,,,,,,,,,,,,,
571.7130000000001,,,,,,,,,,,,,,
571.756,,,,,,,,,,,,,,
571.805,97.0,129.57773233790002,,95.3677957925,,95.3677957925,101.8450948361,,,,,1.19826420479462,,569.3045256
571.851,,,,,,,,,,,,,,
571.896,,,,,,,,,,,,,,
571.942,,,,,,,,,,,,,,
571.957,97.0,129.6049478801,,95.3677957925,,95.3677957925,101.8450948361,,,,,1.19826420479462,,569.4493056
571.988,,,,,,,,,,,,,,
572.0,,,,,1.23000001907349,,,,569.1300048828131,569.1300048828131,1.21000003814697,,7.09722488122547,
572.033,,,,,,,,,,,,,,
572.0790000000001,,,,,,,,,,,,,,
572.11,97.0,129.636699346,2890.63,95.2181103104,,95.2181103104,101.8450948361,,,,,1.19826420479462,,569.5940856000001
572.122,,,,,,,,,,,,,,
572.216,,,,,,,,,,,,,,
572.262,97.0,129.6639148882,,95.163679226,,95.163679226,101.8450948361,,,,,1.19826420479462,,569.7388656
572.265,,,,,,,,,,,,,,
572.314,,,,,,,,,,,,,,
572.356,,,,,,,,,,,,,,
572.375,,,,,,,,,,,,,,
572.411,,,,,,,,,,,,,,
572.414,125.86,129.6956663541,2929.69,99.835680637,,99.835680637,101.8450948361,,,,,1.19826420479462,,569.8836456
572.4169999999999,,,,,,,,,,,,,,
572.43,,,,,,,,,,,,,,
572.488,,,,,,,,,,,,,,
572.512,,,,,,,,,,,,,,
572.549,,,,,,,,,,,,,,
572.567,136.7,129.7138100489,2890.63,100.969661562,,100.969661562,101.8450948361,,,,,1.19826420479462,,570.0284256
572.582,,,,,,,,,,,,,,
572.622,,,,,,,,,,,,,,
572.6669999999999,,,,,,,,,,,,,,
572.719,136.47,129.7455615148,2851.56,99.6859951549,,99.6859951549,101.8450948361,,,,,1.19826420479462,,570.1729008
572.7280000000001,,,,,,,,,,,,,,
572.783,,,,,,,,,,,,,,
572.856,,,,,,,,,,,,,,
572.872,136.43,129.772777057,,98.1846044102,,98.1846044102,101.8450948361,,,,,1.19826420479462,,570.3176808
572.945,,,,,,,,,,,,,,
573.0,,,,,1.23000001907349,,,,570.070007324219,570.070007324219,1.22000002861023,,2.86540250011935,
573.015,,,,,,,,,,,,,,
573.024,136.8,129.8045285229,,97.2638118991,,97.2638118991,101.8450948361,,,,,1.19826420479462,,570.4624607999999
573.039,,,,,,,,,,,,,,
573.091,,,,,,,,,,,,,,
573.1759999999999,137.0,129.8317440651,2890.63,98.928495897,,98.928495897,101.8450948361,,,,,1.19826420479462,,570.606936
573.2040000000001,,,,,,,,,,,,,,
573.262,,,,,,,,,,,,,,
573.307,,,,,,,,,,,,,,
573.3290000000001,136.14,129.8589596073,,98.248107342,,98.248107342,101.8450948361,,,,,1.19826420479462,,570.751716
573.356,,,,,,,,,,,,,,
573.405,,,,,,,,,,,,,,
573.4540000000001,,,,,,,,,,,,,,
573.481,136.55,129.88617514950002,2890.63,98.610981238,,98.610981238,101.8450948361,,,,,1.19826420479462,,570.8961912000001
573.503,,,,,,,,,,,,,,
573.597,,,,,,,,,,,,,,
573.634,136.31,129.9133906917,,98.5384064588,,98.5384064588,101.8450948361,,,,,1.19826420479462,,571.0409712000001
573.646,,,,,,,,,,,,,,
573.701,,,,,,,,,,,,,,
573.762,,,,,,,,,,,,,,
573.786,136.0,129.94060623389998,,98.1936762576,,98.1936762576,101.8450948361,,,,,1.19826420479462,,571.1854463999999
573.823,,,,,,,,,,,,,,
573.887,,,,,,,,,,,,,,
573.938,136.56,129.9723576998,2890.63,97.7128683454,,97.7128683454,101.8450948361,,,,,1.19826420479462,,571.3302263999999
573.9540000000001,,,,,,,,,,,,,,
573.999,,,,,1.23000001907349,,,,571.0,571.0,1.21000003814697,,3.94630162752732,
574.015,,,,,,,,,,,,,,
574.073,,,,,,,,,,,,,,
574.091,136.54,129.999573242,,97.8353382853,,97.8353382853,101.8450948361,,,,,1.19826420479462,,571.4747016
574.14,,,,,,,,,,,,,,
574.2040000000001,,,,,,,,,,,,,,
574.243,136.0,130.0267887842,,97.8716256749,,97.8716256749,101.8450948361,,,,,1.19826420479462,,571.6191767999999
574.265,,,,,,,,,,,,,,
574.325,,,,,,,,,,,,,,
574.396,136.4,130.0540043264,2929.69,97.9714159963,,97.9714159963,101.8450948361,,,,,1.19826420479462,,571.7639568
574.45,,,,,,,,,,,,,,
574.514,,,,,,,,,,,,,,
574.548,136.67,130.08121986860002,,98.0712063177,,98.0712063177,101.8450948361,,,,,1.19826420479462,,571.9084320000001
574.575,,,,,,,,,,,,,,
574.639,,,,,,,,,,,,,,
574.7,136.04,130.1084354108,,98.2072840287,,98.2072840287,101.8450948361,,,,,1.19826420479462,,572.0529072
574.761,,,,,,,,,,,,,,
574.825,,,,,,,,,,,,,,
574.8530000000001,137.0,130.1401868767,2851.56,98.1891403339,,98.1891403339,101.8450948361,,,,,1.19826420479462,,572.1973824
574.886,,,,,,,,,,,,,,
574.947,,,,,,,,,,,,,,
574.999,,,,,1.23000001907349,,,,571.940002441406,571.940002441406,1.21000003814697,,3.90551301790729,
575.005,136.04,130.1674024189,,98.2662510368,,98.2662510368,101.8450948361,,,,,1.19826420479462,,572.3418576
575.011,,,,,,,,,,,,,,
575.072,,,,,,,,,,,,,,
575.136,,,,,,,,,,,,,,
575.158,136.75,130.1946179611,,98.1709966391,,98.1709966391,101.8450948361,,,,,1.19826420479462,,572.4863328
575.197,,,,,,,,,,,,,,
575.264,,,,,,,,,,,,,,
575.31,136.33,130.2218335033,2890.63,98.2753228842,,98.2753228842,101.8450948361,,,,,1.19826420479462,,572.630808
575.328,,,,,,,,,,,,,,
575.3919999999999,,,,,,,,,,,,,,
575.4590000000001,,,,,,,,,,,,,,
575.462,136.0,130.2490490455,,98.2254277235,,98.2254277235,101.8450948361,,,,,1.19826420479462,,572.7752832
575.523,,,,,,,,,,,,,,
575.597,,,,,,,,,,,,,,
575.615,136.39,130.2762645877,,98.2889306553,,98.2889306553,101.8450948361,,,,,1.19826420479462,,572.9197584
575.654,,,,,,,,,,,,,,
575.725,,,,,,,,,,,,,,
575.7669999999999,136.58,130.3080160536,2890.63,98.2163558761,,98.2163558761,101.8450948361,,,,,1.19826420479462,,573.0642336
575.7919999999999,,,,,,,,,,,,,,
575.92,136.65,130.3352315958,,98.3524335871,,98.3524335871,101.8450948361,,,,,1.19826420479462,,573.208404
575.923,,,,,,,,,,,,,,
575.987,,,,,,,,,,,,,,
575.999,,,,,1.23000001907349,,,,572.8699951171881,572.8699951171881,1.21000003814697,,3.90551301790729,
576.054,,,,,,,,,,,,,,
576.072,136.3,130.362447138,,98.2163558761,,98.2163558761,101.8450948361,,,,,1.19826420479462,,573.3528792000001
576.118,,,,,,,,,,,,,,
576.182,,,,,,,,,,,,,,
576.224,136.58,130.38966268020002,2929.69,98.2526432657,,98.2526432657,101.8450948361,,,,,1.19826420479462,,573.4973544
576.249,,,,,,,,,,,,,,
576.377,136.39,130.4168782224,,98.2707869605,,98.2707869605,101.8450948361,,,,,1.19826420479462,,573.6418296
576.38,,,,,,,,,,,,,,
576.45,,,,,,,,,,,,,,
576.523,,,,,,,,,,,,,,
576.529,136.95,130.44409376459998,,98.0167752333,,98.0167752333,101.8450948361,,,,,1.19826420479462,,573.786
576.596,,,,,,,,,,,,,,
576.669,,,,,,,,,,,,,,
576.682,136.0,130.4758452305,,97.8716256749,,97.8716256749,101.8450948361,,,,,1.19826420479462,,573.9304752
576.743,,,,,,,,,,,,,,
576.813,,,,,,,,,,,,,,
576.8340000000001,136.0,130.5030607727,2851.56,98.0485266992,,98.0485266992,101.8450948361,,,,,1.19826420479462,,574.0746456
576.886,,,,,,,,,,,,,,
576.9590000000001,,,,,,,,,,,,,,
576.986,136.48,130.5302763149,,97.9623441489,,97.9623441489,101.8450948361,,,,,1.19826420479462,,574.2191207999999
576.999,,,,,1.23000001907349,,,,573.799987792969,573.799987792969,1.21000003814697,,4.09925915672173,
577.0319999999999,,,,,,,,,,,,,,
577.105,,,,,,,,,,,,,,
577.139,136.0,130.5574918571,,97.9124489882,,97.9124489882,101.8450948361,,,,,1.19826420479462,,574.3632912
577.175,,,,,,,,,,,,,,
577.249,,,,,,,,,,,,,,
577.2909999999999,136.43,130.58470739930002,2929.69,97.9532723015,,97.9532723015,101.8450948361,,,,,1.19826420479462,,574.5074616
577.322,,,,,,,,,,,,,,
577.444,136.14,130.61192294149998,,97.930592683,,97.930592683,101.8450948361,,,,,1.19826420479462,,574.6519367999999
577.474,,,,,,,,,,,,,,
577.547,,,,,,,,,,,,,,
577.596,136.24,130.6436744074,,97.8806975223,,97.8806975223,101.8450948361,,,,,1.19826420479462,,574.7961072
577.617,,,,,,,,,,,,,,
577.69,,,,,,,,,,,,,,
577.748,136.0,130.6708899496,,97.7083324217,,97.7083324217,101.8450948361,,,,,1.19826420479462,,574.9402776000001
577.764,,,,,,,,,,,,,,574.9546032000001
577.837,,,,,,,,,,,,,,575.0237927999999
577.901,136.52,130.6981054918,2929.69,97.9033771408,,97.9033771408,101.8450948361,,,,,1.19826420479462,,575.0844480000001
577.91,,,,,,,,,,,,,,
577.98,,,,,,,,,,,,,,
578.001,,,,,1.23000001907349,,,,574.72998046875,574.72998046875,1.21000003814697,,4.08906224743601,
578.053,136.62,130.725321034,,97.9487363778,,97.9487363778,101.8450948361,,,,,1.19826420479462,,575.2286184
578.126,,,,,,,,,,,,,,
578.2,,,,,,,,,,,,,,
578.206,136.57,130.7525365762,,97.9714159963,,97.9714159963,101.8450948361,,,,,1.19826420479462,,575.3727888
578.27,,,,,,,,,,,,,,
578.3430000000001,,,,,,,,,,,,,,
578.3580000000001,136.57,130.7797521184,,97.9668800726,,97.9668800726,101.8450948361,,,,,1.19826420479462,,575.5169592
578.4159999999999,,,,,,,,,,,,,,
578.51,136.27,130.8115035843,2929.69,97.9623441489,,97.9623441489,101.8450948361,,,,,1.19826420479462,,575.6611296
578.562,,,,,,,,,,,,,,
578.632,,,,,,,,,,,,,,
578.663,136.0,130.8387191265,,97.9532723015,,97.9532723015,101.8450948361,,,,,1.19826420479462,,575.8053
578.705,,,,,,,,,,,,,,
578.779,,,,,,,,,,,,,,
578.815,136.24,130.86593466870002,,97.8806975223,,97.8806975223,101.8450948361,,,,,1.19826420479462,,575.9494704
578.852,,,,,,,,,,,,,,
578.922,,,,,,,,,,,,,,
578.9680000000001,136.24,130.8931502109,2890.63,98.0031674622,,98.0031674622,101.8450948361,,,,,1.19826420479462,,576.0936408
578.995,,,,,,,,,,,,,,
579.001,,,,,1.23000001907349,,,,575.659973144531,575.659973144531,1.21000003814697,,4.08906224743601,
579.0740000000001,,,,,,,,,,,,,,
579.12,136.43,130.9203657531,,97.9396645304,,97.9396645304,101.8450948361,,,,,1.19826420479462,,576.2378112
579.141,,,,,,,,,,,,,,
579.221,,,,,,,,,,,,,,
579.2719999999999,136.43,130.90675798200002,,97.9532723015,,97.9532723015,101.8450948361,,,,,1.19826420479462,,576.3816767999999
579.285,,,,,,,,,,,,,,
579.367,,,,,,,,,,,,,,
579.425,136.48,130.9339735242,,97.8943052934,,97.8943052934,101.8450948361,,,,,1.19826420479462,,576.5258472
579.431,,,,,,,,,,,,,,
579.51,,,,,,,,,,,,,,
579.577,136.38,130.96118906639998,2929.69,97.7990508957,,97.7990508957,101.8450948361,,,,,1.19826420479462,,576.6700176
579.5830000000001,,,,,,,,,,,,,,
579.656,,,,,,,,,,,,,,
579.73,136.62,130.9884046086,,97.6901887269,,97.6901887269,101.8450948361,,,,,1.19826420479462,,576.8138832000001
579.8,,,,,,,,,,,,,,
579.873,,,,,,,,,,,,,,
579.882,136.33,131.0156201508,,97.7264761165,,97.7264761165,101.8450948361,,,,,1.19826420479462,,576.9580536000001
579.946,,,,,,,,,,,,,,
580.001,,,,,1.23000001907349,,,,576.570007324219,576.570007324219,1.21000003814697,,4.16044207115177,
580.019,,,,,,,,,,,,,,
580.034,136.1,131.042835693,2851.56,97.7264761165,,97.7264761165,101.8450948361,,,,,1.19826420479462,,577.1019192000001
580.092,,,,,,,,,,,,,,
580.1619999999999,,,,,,,,,,,,,,
580.187,136.0,131.0700512352,,97.7310120402,,97.7310120402,101.8450948361,,,,,1.19826420479462,,577.2460896000001
580.236,,,,,,,,,,,,,,
580.309,,,,,,,,,,,,,,
580.339,136.71,131.0972667774,,97.6357576425,,97.6357576425,101.8450948361,,,,,1.19826420479462,,577.3899552
580.382,,,,,,,,,,,,,,
580.452,,,,,,,,,,,,,,
580.492,136.14,131.1244823196,,97.8580179038,,97.8580179038,101.8450948361,,,,,1.19826420479462,,577.5338208
580.525,,,,,,,,,,,,,,
580.5980000000001,,,,,,,,,,,,,,
580.644,136.0,131.15169786180002,2890.63,97.8035868194,,97.8035868194,101.8450948361,,,,,1.19826420479462,,577.6776864
580.6709999999999,,,,,,,,,,,,,,
580.751,,,,,,,,,,,,,,
580.7959999999999,136.19,131.1834493277,,97.7763712772,,97.7763712772,101.8450948361,,,,,1.19826420479462,,577.8218568
580.8240000000001,,,,,,,,,,,,,,
580.894,,,,,,,,,,,,,,
580.9490000000001,136.86,131.2106648699,,97.8035868194,,97.8035868194,101.8450948361,,,,,1.19826420479462,,577.9657223999999
580.967,,,,,,,,,,,,,,
581.001,,,,,1.23000001907349,,,,577.510009765625,577.510009765625,1.21000003814697,,4.2114280762961,
581.04,,,,,,,,,,,,,,
581.101,136.48,131.2378804121,2929.69,97.9442004541,,97.9442004541,101.8450948361,,,,,1.19826420479462,,578.109588
581.113,,,,,,,,,,,,,,
581.254,136.0,131.2650959543,,97.9668800726,,97.9668800726,101.8450948361,,,,,1.19826420479462,,578.2534536000001
581.257,,,,,,,,,,,,,,
581.33,,,,,,,,,,,,,,
581.403,,,,,,,,,,,,,,
581.406,136.48,131.2923114965,,97.7083324217,,97.7083324217,101.8450948361,,,,,1.19826420479462,,578.3973192000001
581.476,,,,,,,,,,,,,,
581.5459999999999,,,,,,,,,,,,,,
581.558,136.48,131.31952703870002,,97.52235955,,97.52235955,101.8450948361,,,,,1.19826420479462,,578.5411847999999
581.619,,,,,,,,,,,,,,
581.693,,,,,,,,,,,,,,
581.711,136.67,131.3467425809,2890.63,97.6085421003,,97.6085421003,101.8450948361,,,,,1.19826420479462,,578.6850504
581.766,,,,,,,,,,,,,,
581.839,,,,,,,,,,,,,,
581.863,136.57,131.37395812309998,,97.4452488471,,97.4452488471,101.8450948361,,,,,1.19826420479462,,578.828916
581.909,,,,,,,,,,,,,,
581.982,,,,,,,,,,,,,,
582.0,,,,,1.23000001907349,,,,578.409973144531,578.409973144531,1.21000003814697,,4.26241359520185,
582.016,136.52,131.4011736653,,97.4089614575,,97.4089614575,101.8450948361,,,,,1.19826420479462,,578.9727816000001
582.055,,,,,,,,,,,,,,
582.128,,,,,,,,,,,,,,
582.168,136.24,131.4283892075,2929.69,97.6266857951,,97.6266857951,101.8450948361,,,,,1.19826420479462,,579.1163424
582.198,,,,,,,,,,,,,,
582.32,136.43,131.4556047497,,97.8761615986,,97.8761615986,101.8450948361,,,,,1.19826420479462,,579.260208
582.345,,,,,,,,,,,,,,
582.424,,,,,,,,,,,,,,
582.4730000000001,137.0,131.4828202919,,98.0757422414,,98.0757422414,101.8450948361,,,,,1.19826420479462,,579.4040736000001
582.488,,,,,,,,,,,,,,
582.57,,,,,,,,,,,,,,
582.625,137.0,131.5145717578,,97.6312217188,,97.6312217188,101.8450948361,,,,,1.19826420479462,,579.5479392000001
582.64,,,,,,,,,,,,,,
582.707,,,,,,,,,,,,,,
582.778,137.0,131.54178729999998,2890.63,97.6040061766,,97.6040061766,101.8450948361,,,,,1.19826420479462,,579.6915
582.7869999999999,,,,,,,,,,,,,,
582.86,,,,,,,,,,,,,,
582.93,136.05,131.5690028422,,97.8625538275,,97.8625538275,101.8450948361,,,,,1.19826420479462,,579.8353656
582.933,,,,,,,,,,,,,,
583.0,,,,,1.23000001907349,,,,579.340026855469,579.340026855469,1.21000003814697,,4.2012306807718,
583.003,,,,,,,,,,,,,,
583.076,,,,,,,,,,,,,,
583.082,136.0,131.5962183844,,97.7627635061,,97.7627635061,101.8450948361,,,,,1.19826420479462,,579.9789264
583.149,,,,,,,,,,,,,,
583.2230000000001,,,,,,,,,,,,,,
583.235,136.43,131.6234339266,,97.6629731847,,97.6629731847,101.8450948361,,,,,1.19826420479462,,580.122792
583.293,,,,,,,,,,,,,,
583.387,136.62,131.6506494688,2929.69,97.6266857951,,97.6266857951,101.8450948361,,,,,1.19826420479462,,580.2663528
583.439,,,,,,,,,,,,,,
583.512,,,,,,,,,,,,,,
583.54,136.67,131.677865011,,97.6947246506,,97.6947246506,101.8450948361,,,,,1.19826420479462,,580.4099136
583.585,,,,,,,,,,,,,,
583.655,,,,,,,,,,,,,,
583.692,136.05,131.7050805532,,97.6040061766,,97.6040061766,101.8450948361,,,,,1.19826420479462,,580.5537792
583.729,,,,,,,,,,,,,,
583.799,,,,,,,,,,,,,,
583.844,136.77,131.73229609540002,2929.69,97.6312217188,,97.6312217188,101.8450948361,,,,,1.19826420479462,,580.69734
583.869,,,,,,,,,,,,,,
583.939,,,,,,,,,,,,,,
583.997,136.0,131.7595116376,,97.5722547107,,97.5722547107,101.8450948361,,,,,1.19826420479462,,580.8409008
584.0,,,,,1.23000001907349,,,,580.27001953125,580.27001953125,1.21000003814697,,4.50714573916062,
584.006,,,,,,,,,,,,,,
584.085,,,,,,,,,,,,,,
584.149,136.27,131.7912631035,,97.5314313974,,97.5314313974,101.8450948361,,,,,1.19826420479462,,580.9844616
584.1519999999999,,,,,,,,,,,,,,
584.222,,,,,,,,,,,,,,
584.2919999999999,,,,,,,,,,,,,,
584.302,136.32,131.8184786457,2929.69,97.1776293488,,97.1776293488,101.8450948361,,,,,1.19826420479462,,581.1280224
584.347,,,,,,,,,,,,,,
584.4540000000001,136.28,131.84569418790002,,97.5178236263,,97.5178236263,101.8450948361,,,,,1.19826420479462,,581.2715832
584.475,,,,,,,,,,,,,,
584.545,,,,,,,,,,,,,,
584.606,136.55,131.8729097301,,97.5722547107,,97.5722547107,101.8450948361,,,,,1.19826420479462,,581.415144
584.616,,,,,,,,,,,,,,
584.686,,,,,,,,,,,,,,
584.753,,,,,,,,,,,,,,
584.759,136.64,131.9001252723,,97.4633925419,,97.4633925419,101.8450948361,,,,,1.19826420479462,,581.5587048
584.823,,,,,,,,,,,,,,
584.911,136.55,131.9273408145,2890.63,97.3046352124,,97.3046352124,101.8450948361,,,,,1.19826420479462,,581.7022656
584.9630000000001,,,,,,,,,,,,,,
585.0,,,,,1.23000001907349,,,,581.200012207031,581.200012207031,1.22000002861023,,4.2114280762961,
585.033,,,,,,,,,,,,,,
585.064,136.55,131.9545563567,,97.4679284656,,97.4679284656,101.8450948361,,,,,1.19826420479462,,581.8458264
585.1,,,,,,,,,,,,,,
585.17,,,,,,,,,,,,,,
585.216,137.0,131.9817718989,,97.3908177627,,97.3908177627,101.8450948361,,,,,1.19826420479462,,581.9893872
585.24,,,,,,,,,,,,,,
585.31,,,,,,,,,,,,,,
585.368,136.91,132.0089874411,2929.69,98.2163558761,,98.2163558761,101.8450948361,,,,,1.19826420479462,,582.1326432
585.378,,,,,,,,,,,,,,
585.518,,,,,,,,,,,,,,
585.521,136.0,132.0362029833,,97.6221498714,,97.6221498714,101.8450948361,,,,,1.19826420479462,,582.276204
585.5790000000001,,,,,,,,,,,,,,
585.634,,,,,,,,,,,,,,
585.673,136.88,132.0679544492,,96.9644409349,,96.9644409349,101.8450948361,,,,,1.19826420479462,,582.4197647999999
585.691,,,,,,,,,,,,,,
585.746,,,,,,,,,,,,,,
585.807,,,,,,,,,,,,,,
585.826,137.0,132.09516999139998,2890.63,97.5178236263,,97.5178236263,101.8450948361,,,,,1.19826420479462,,582.5630208
585.862,,,,,,,,,,,,,,
585.935,,,,,,,,,,,,,,
585.9780000000001,136.17,132.1223855336,,97.6765809558,,97.6765809558,101.8450948361,,,,,1.19826420479462,,582.7065816
585.999,,,,,1.23000001907349,,,,582.0999755859381,582.0999755859381,1.21000003814697,,4.6295115680207095,
586.005,,,,,,,,,,,,,,
586.076,,,,,,,,,,,,,,
586.13,136.77,132.1496010758,,97.5314313974,,97.5314313974,101.8450948361,,,,,1.19826420479462,,582.8498376
586.143,,,,,,,,,,,,,,
586.2130000000001,,,,,,,,,,,,,,
586.283,136.64,132.176816618,2890.63,97.386281839,,97.386281839,101.8450948361,,,,,1.19826420479462,,582.9933984
586.3530000000001,,,,,,,,,,,,,,
586.435,136.64,132.2040321602,,97.3137070598,,97.3137070598,101.8450948361,,,,,1.19826420479462,,583.1366544
586.49,,,,,,,,,,,,,,
586.56,,,,,,,,,,,,,,
586.5880000000001,136.71,132.2312477024,,97.3590662968,,97.3590662968,101.8450948361,,,,,1.19826420479462,,583.2799104
586.63,,,,,,,,,,,,,,
586.7,,,,,,,,,,,,,,
586.74,136.41,132.2584632446,,97.4497847708,,97.4497847708,101.8450948361,,,,,1.19826420479462,,583.4234712
586.7669999999999,,,,,,,,,,,,,,
586.8380000000001,,,,,,,,,,,,,,
586.8919999999999,136.45,132.2856787868,2929.69,97.3318507546,,97.3318507546,101.8450948361,,,,,1.19826420479462,,583.5667272000001
586.908,,,,,,,,,,,,,,
586.9780000000001,,,,,,,,,,,,,,
586.999,,,,,1.23000001907349,,,,583.02001953125,583.02001953125,1.21000003814697,,4.57852556287638,
587.045,136.0,132.312894329,,97.2275245095,,97.2275245095,101.8450948361,,,,,1.19826420479462,,583.7099832
587.115,,,,,,,,,,,,,,
587.185,,,,,,,,,,,,,,
587.197,136.0,132.3401098712,,97.2774196702,,97.2774196702,101.8450948361,,,,,1.19826420479462,,583.8532392000001
587.255,,,,,,,,,,,,,,
587.322,,,,,,,,,,,,,,
587.35,136.0,132.3718613371,2890.63,97.3772099916,,97.3772099916,101.8450948361,,,,,1.19826420479462,,583.9964952
587.401,,,,,,,,,,,,,,
587.462,,,,,,,,,,,,,,
587.502,136.45,132.3990768793,,97.7083324217,,97.7083324217,101.8450948361,,,,,1.19826420479462,,584.1397512
587.539,,,,,,,,,,,,,,
587.609,,,,,,,,,,,,,,
587.654,136.45,132.4262924215,,97.703796498,,97.703796498,101.8450948361,,,,,1.19826420479462,,584.2830072
587.679,,,,,,,,,,,,,,
587.749,,,,,,,,,,,,,,
587.807,136.36,132.45350796370002,,97.5495750922,,97.5495750922,101.8450948361,,,,,1.19826420479462,,584.4262632
587.816,,,,,,,,,,,,,,
587.886,,,,,,,,,,,,,,
587.9590000000001,136.77,132.4807235059,2929.69,97.7536916587,,97.7536916587,101.8450948361,,,,,1.19826420479462,,584.5695192000001
587.999,,,,,1.23000001907349,,,,583.929992675781,583.929992675781,1.21000003814697,,4.68049757316504,
588.026,,,,,,,,,,,,,,
588.096,,,,,,,,,,,,,,
588.112,136.05,132.50793904809998,,97.52235955,,97.52235955,101.8450948361,,,,,1.19826420479462,,584.7127752
588.163,,,,,,,,,,,,,,
588.234,,,,,,,,,,,,,,
588.264,136.0,132.5351545903,,97.114126417,,97.114126417,101.8450948361,,,,,1.19826420479462,,584.8560312000001
588.3009999999999,,,,,,,,,,,,,,
588.371,,,,,,,,,,,,,,
588.4159999999999,136.0,132.5623701325,2890.63,97.5042158552,,97.5042158552,101.8450948361,,,,,1.19826420479462,,584.9989824
588.441,,,,,,,,,,,,,,
588.511,,,,,,,,,,,,,,
588.569,136.0,132.5895856747,,97.7355479639,,97.7355479639,101.8450948361,,,,,1.19826420479462,,585.1422384
588.581,,,,,,,,,,,,,,
588.648,,,,,,,,,,,,,,
588.7180000000001,,,,,,,,,,,,,,
588.721,136.09,132.6213371406,,97.5268954737,,97.5268954737,101.8450948361,,,,,1.19826420479462,,585.2854944000001
588.788,,,,,,,,,,,,,,
588.8580000000001,,,,,,,,,,,,,,
588.874,136.36,132.64855268280002,2890.63,97.3817459153,,97.3817459153,101.8450948361,,,,,1.19826420479462,,585.4284456
588.928,,,,,,,,,,,,,,
588.999,,,,,1.23000001907349,,,,584.8599853515631,584.8599853515631,1.22000002861023,,4.52754004397063,
589.026,136.45,132.675768225,,97.613078024,,97.613078024,101.8450948361,,,,,1.19826420479462,,585.5717016
589.066,,,,,,,,,,,,,,
589.136,,,,,,,,,,,,,,
589.178,136.23,132.70298376719998,,97.6811168795,,97.6811168795,101.8450948361,,,,,1.19826420479462,,585.7146528
589.212,,,,,,,,,,,,,,
589.276,,,,,,,,,,,,,,
589.331,136.59,132.7301993094,,97.7219401928,,97.7219401928,101.8450948361,,,,,1.19826420479462,,585.8579087999999
589.422,,,,,,,,,,,,,,
589.4830000000001,136.1,132.7574148516,2890.63,97.6901887269,,97.6901887269,101.8450948361,,,,,1.19826420479462,,586.00086
589.489,,,,,,,,,,,,,,
589.559,,,,,,,,,,,,,,
589.63,,,,,,,,,,,,,,
589.636,136.27,132.7846303938,,97.8126586668,,97.8126586668,101.8450948361,,,,,1.19826420479462,,586.1438112000001
589.7,,,,,,,,,,,,,,
589.77,,,,,,,,,,,,,,
589.788,136.0,132.811845936,,97.4044255338,,97.4044255338,101.8450948361,,,,,1.19826420479462,,586.2870672
589.84,,,,,,,,,,,,,,
589.9069999999999,,,,,,,,,,,,,,
589.94,136.32,132.8390614782,2890.63,97.6402935662,,97.6402935662,101.8450948361,,,,,1.19826420479462,,586.4300184
589.977,,,,,,,,,,,,,,
590.001,,,,,0.8500000238418579,,,,585.75,585.75,1.21000003814697,,4.58872295840068,
590.0930000000001,136.23,132.86627702040002,,97.6402935662,,97.6402935662,101.8450948361,,,,,1.19826420479462,,586.5729696000001
590.117,,,,,,,,,,,,,,
590.187,,,,,,,,,,,,,,
590.245,136.41,132.89802848629998,,97.613078024,,97.613078024,101.8450948361,,,,,1.19826420479462,,586.7159207999999
590.257,,,,,,,,,,,,,,
590.3240000000001,,,,,,,,,,,,,,
590.395,,,,,,,,,,,,,,
590.398,136.36,132.9252440285,,97.6856528032,,97.6856528032,101.8450948361,,,,,1.19826420479462,,586.858872
590.465,,,,,,,,,,,,,,
590.55,136.45,132.9524595707,2851.56,97.613078024,,97.613078024,101.8450948361,,,,,1.19826420479462,,587.0018232000001
590.605,,,,,,,,,,,,,,
590.672,,,,,,,,,,,,,,
590.702,136.36,132.9796751129,,97.5495750922,,97.5495750922,101.8450948361,,,,,1.19826420479462,,587.1447744
590.742,,,,,,,,,,,,,,
590.818,,,,,,,,,,,,,,
590.855,136.59,133.0068906551,,97.4588566182,,97.4588566182,101.8450948361,,,,,1.19826420479462,,587.2877256
590.888,,,,,,,,,,,,,,
590.952,,,,,,,,,,,,,,
591.001,,,,,1.22000002861023,,,,586.679992675781,586.679992675781,1.21000003814697,,4.37458251477623,
591.007,136.52,133.0341061973,2890.63,97.4497847708,,97.4497847708,101.8450948361,,,,,1.19826420479462,,587.4306767999999
591.029,,,,,,,,,,,,,,
591.099,,,,,,,,,,,,,,
591.16,136.55,133.06132173950002,,97.4180333049,,97.4180333049,101.8450948361,,,,,1.19826420479462,,587.573628
591.169,,,,,,,,,,,,,,
591.236,,,,,,,,,,,,,,
591.306,,,,,,,,,,,,,,
591.312,136.64,133.0885372817,,97.6765809558,,97.6765809558,101.8450948361,,,,,1.19826420479462,,587.7162744
591.376,,,,,,,,,,,,,,
591.446,,,,,,,,,,,,,,
591.464,136.27,133.11575282389998,2929.69,97.6493654136,,97.6493654136,101.8450948361,,,,,1.19826420479462,,587.8592256000001
591.516,,,,,,,,,,,,,,
591.617,136.14,133.1429683661,,97.8489460564,,97.8489460564,101.8450948361,,,,,1.19826420479462,,588.0021767999999
591.653,,,,,,,,,,,,,,
591.7230000000001,,,,,,,,,,,,,,
591.769,137.0,133.1701839083,,97.7083324217,,97.7083324217,101.8450948361,,,,,1.19826420479462,,588.1448232000001
591.794,,,,,,,,,,,,,,
591.864,,,,,,,,,,,,,,
591.922,136.41,133.2019353742,,97.7310120402,,97.7310120402,101.8450948361,,,,,1.19826420479462,,588.2877744
591.934,,,,,,,,,,,,,,
592.001,,,,,1.22000002861023,,,,587.580017089844,587.580017089844,1.22000002861023,,4.89463801678949,
592.004,,,,,,,,,,,,,,
592.0740000000001,136.64,133.2291509164,2890.63,97.8444101327,,97.8444101327,101.8450948361,,,,,1.19826420479462,,588.4304208
592.141,,,,,,,,,,,,,,
592.211,,,,,,,,,,,,,,
592.226,136.55,133.2563664586,,98.0258470807,,98.0258470807,101.8450948361,,,,,1.19826420479462,,588.573372
592.281,,,,,,,,,,,,,,
592.351,,,,,,,,,,,,,,
592.379,136.55,133.2835820008,,97.7763712772,,97.7763712772,101.8450948361,,,,,1.19826420479462,,588.7160183999999
592.418,,,,,,,,,,,,,,
592.489,,,,,,,,,,,,,,
592.531,136.18,133.31079754299998,2890.63,98.0303830044,,98.0303830044,101.8450948361,,,,,1.19826420479462,,588.8586647999999
592.559,,,,,,,,,,,,,,
592.684,136.0,133.3380130852,,97.9623441489,,97.9623441489,101.8450948361,,,,,1.19826420479462,,589.001616
592.6990000000001,,,,,,,,,,,,,,
592.766,,,,,,,,,,,,,,
592.836,136.36,133.3652286274,,97.9396645304,,97.9396645304,101.8450948361,,,,,1.19826420479462,,589.1442624
592.845,,,,,,,,,,,,,,
592.9119999999999,,,,,,,,,,,,,,
592.982,,,,,,,,,,,,,,
592.988,136.36,133.3924441696,,97.9714159963,,97.9714159963,101.8450948361,,,,,1.19826420479462,,589.2869088
593.001,,,,,1.22000002861023,,,,588.489990234375,588.489990234375,1.22000002861023,,4.77227170169082,
593.052,,,,,,,,,,,,,,
593.141,136.73,133.4196597118,2890.63,97.9578082252,,97.9578082252,101.8450948361,,,,,1.19826420479462,,589.4295552
593.193,,,,,,,,,,,,,,
593.26,,,,,,,,,,,,,,
593.293,136.41,133.446875254,,97.6176139477,,97.6176139477,101.8450948361,,,,,1.19826420479462,,589.5722016
593.3240000000001,,,,,,,,,,,,,,
593.375,,,,,,,,,,,,,,
593.4209999999999,,,,,,,,,,,,,,
593.446,136.77,133.4786267199,,96.5289922597,,96.5289922597,101.8450948361,,,,,1.19826420479462,,589.7148480000001
593.4730000000001,,,,,,,,,,,,,,
593.507,,,,,,,,,,,,,,
593.516,,,,,,,,,,,,,,
593.5980000000001,120.34,133.5013063384,2890.63,99.744962163,,99.744962163,102.2261124269,,,,,1.19826420479462,,589.8574944000001
593.616,,,,,,,,,,,,,,
593.668,,,,,,,,,,,,,,
593.75,97.0,133.5330578043,2890.63,99.1462202346,,99.1462202346,102.7704232709,,,,,1.19826420479462,,590.0001407999999
593.778,,,,,,,,,,,,,,
593.805,,,,,,,,,,,,,,
593.8330000000001,,,,,,,,,,,,,,
593.86,,,,,,,,,,,,,,
593.903,97.0,133.5602733465,,98.5520142299,,98.5520142299,102.7704232709,,,,,1.19826420479462,,590.1427872
593.915,,,,,,,,,,,,,,
593.942,,,,,,,,,,,,,,
593.997,,,,,,,,,,,,,,
594.0,,,,,1.22000002861023,,,,589.4000244140631,589.4000244140631,1.22000002861023,,6.23046619744194,
594.031,,,,,,,,,,,,,,
594.055,97.0,133.58748888870002,2890.63,98.2753228842,,98.2753228842,102.7704232709,,,,,1.19826420479462,,590.2854336
594.064,,,,,,,,,,,,,,
594.0980000000001,,,,,,,,,,,,,,
594.131,,,,,,,,,,,,,,
594.168,,,,,,,,,,,,,,
594.2080000000001,97.0,133.6147044309,,97.6539013373,,97.6539013373,102.7704232709,,,,,1.19826420479462,,590.42808
594.235,,,,,,,,,,,,,,
594.2719999999999,,,,,,,,,,,,,,
594.305,,,,,,,,,,,,,,
594.36,97.0,133.6419199731,2890.63,97.6947246506,,97.6947246506,102.7704232709,,,,,1.19826420479462,,590.5704216
594.375,,,,,,,,,,,,,,
594.409,,,,,,,,,,,,,,
594.442,,,,,,,,,,,,,,
594.479,,,,,,,,,,,,,,
594.512,97.0,133.6691355153,,97.7219401928,,97.7219401928,102.7704232709,,,,,1.19826420479462,,590.713068
594.5459999999999,,,,,,,,,,,,,,
594.5830000000001,,,,,,,,,,,,,,
594.665,97.0,133.6963510575,2929.69,97.8217305142,,97.8217305142,102.7704232709,,,,,1.19826420479462,,590.8554096
594.686,,,,,,,,,,,,,,
594.72,,,,,,,,,,,,,,
594.756,,,,,,,,,,,,,,
594.79,,,,,,,,,,,,,,
594.817,97.0,133.7235665997,,97.9396645304,,97.9396645304,102.7704232709,,,,,1.19826420479462,,590.9980559999999
594.823,,,,,,,,,,,,,,
594.86,,,,,,,,,,,,,,
594.896,,,,,,,,,,,,,,
594.93,,,,,,,,,,,,,,
594.97,97.0,133.7507821419,2890.63,97.8262664379,,97.8262664379,102.7704232709,,,,,1.19826420479462,,591.1403976
595.0,,,,,1.22000002861023,,,,590.309997558594,590.309997558594,1.21000003814697,,6.475197855162129,
595.003,,,,,,,,,,,,,,
595.0369999999999,,,,,,,,,,,,,,
595.07,,,,,,,,,,,,,,
595.107,,,,,,,,,,,,,,
595.122,97.0,133.7779976841,,97.8580179038,,97.8580179038,102.7704232709,,,,,1.19826420479462,,591.283044
595.14,,,,,,,,,,,,,,
595.174,,,,,,,,,,,,,,
595.21,,,,,,,,,,,,,,
595.244,,,,,,,,,,,,,,
595.274,97.0,133.80974915,,97.9396645304,,97.9396645304,102.7704232709,,,,,1.19826420479462,,591.4253856
595.28,,,,,,,,,,,,,,
595.314,,,,,,,,,,,,,,
595.3480000000001,,,,,,,,,,,,,,
595.384,,,,,,,,,,,,,,
595.415,,,,,,,,,,,,,,
595.427,97.0,133.83696469219998,2890.63,97.3998896101,,97.3998896101,102.7704232709,,,,,1.19826420479462,,591.568032
595.4540000000001,,,,,,,,,,,,,,
595.497,,,,,,,,,,,,,,
595.5790000000001,97.0,133.8641802344,2890.63,96.8510428424,,96.8510428424,102.7704232709,,,,,1.19826420479462,,591.7103736
595.622,,,,,,,,,,,,,,
595.661,,,,,,,,,,,,,,
595.707,,,,,,,,,,,,,,
595.732,97.0,133.8913957766,,97.023407943,,97.023407943,102.7704232709,,,,,1.19826420479462,,591.8527152
595.747,,,,,,,,,,,,,,
595.79,,,,,,,,,,,,,,
595.832,,,,,,,,,,,,,,
595.875,,,,,,,,,,,,,,
595.884,97.0,133.9186113188,,97.1277341881,,97.1277341881,102.7704232709,,,,,1.19826420479462,,591.9950568
595.914,,,,,,,,,,,,,,
595.997,,,,,,,,,,,,,,
596.0,,,,,1.23000001907349,,,,591.219970703125,591.219970703125,1.22000002861023,,5.955142839387451,
596.036,97.0,133.945826861,2890.63,97.2365963569,,97.2365963569,102.7704232709,,,,,1.19826420479462,,592.1373984
596.039,,,,,,,,,,,,,,
596.082,,,,,,,,,,,,,,
596.122,,,,,,,,,,,,,,
596.164,,,,,,,,,,,,,,
596.189,97.0,133.9730424032,,97.3227789072,,97.3227789072,102.7704232709,,,,,1.19826420479462,,592.2797400000001
596.2040000000001,,,,,,,,,,,,,,
596.247,,,,,,,,,,,,,,
596.289,,,,,,,,,,,,,,
596.3290000000001,,,,,,,,,,,,,,
596.341,97.0,134.00025794540002,2890.63,97.3636022205,,97.3636022205,102.7704232709,,,,,1.19826420479462,,592.4220816000001
596.372,,,,,,,,,,,,,,
596.411,,,,,,,,,,,,,,
596.4540000000001,,,,,,,,,,,,,,
596.494,97.0,134.0274734876,,97.3726740679,,97.3726740679,102.7704232709,,,,,1.19826420479462,,592.5644232000001
596.497,,,,,,,,,,,,,,
596.536,,,,,,,,,,,,,,
596.5790000000001,,,,,,,,,,,,,,
596.619,,,,,,,,,,,,,,
596.646,97.0,134.0546890298,,97.4497847708,,97.4497847708,102.7704232709,,,,,1.19826420479462,,592.7067647999999
596.664,,,,,,,,,,,,,,
596.7040000000001,,,,,,,,,,,,,,
596.789,,,,,,,,,,,,,,
596.798,97.0,134.0864404957,2890.63,97.3046352124,,97.3046352124,102.7704232709,,,,,1.19826420479462,,592.8491064
596.832,,,,,,,,,,,,,,
596.872,,,,,,,,,,,,,,
596.914,,,,,,,,,,,,,,
596.951,97.0,134.1136560379,,97.1776293488,,97.1776293488,102.7704232709,,,,,1.19826420479462,,592.991448
596.9540000000001,,,,,,,,,,,,,,
596.997,,,,,,,,,,,,,,
597.0,,,,,1.23000001907349,,,,592.1300048828131,592.1300048828131,1.22000002861023,,5.220946893749731,
597.039,,,,,,,,,,,,,,
597.0790000000001,,,,,,,,,,,,,,
597.1030000000001,97.0,134.1408715801,,97.0007283245,,97.0007283245,102.7704232709,,,,,1.19826420479462,,593.1337896000001
597.121,,,,,,,,,,,,,,
597.2040000000001,,,,,,,,,,,,,,
597.246,,,,,,,,,,,,,,
597.256,97.0,134.1680871223,2890.63,97.2728837465,,97.2728837465,102.7704232709,,,,,1.19826420479462,,593.2758263999999
597.286,,,,,,,,,,,,,,
597.3290000000001,,,,,,,,,,,,,,
597.368,,,,,,,,,,,,,,
597.408,97.0,134.19530266450002,,97.3998896101,,97.3998896101,102.7704232709,,,,,1.19826420479462,,593.4181679999999
597.411,,,,,,,,,,,,,,
597.466,,,,,,,,,,,,,,
597.521,,,,,,,,,,,,,,
597.56,97.0,134.2225182067,,96.8374350713,,96.8374350713,102.7704232709,,,,,1.19826420479462,,593.5605096
597.576,,,,,,,,,,,,,,
597.631,,,,,,,,,,,,,,
597.688,,,,,,,,,,,,,,
597.7130000000001,97.0,134.24973374889998,2890.63,96.3112679221,,96.3112679221,102.7704232709,,,,,1.19826420479462,,593.7025464
597.743,,,,,,,,,,,,,,
597.804,,,,,,,,,,,,,,
597.859,,,,,,,,,,,,,,
597.865,97.0,134.2769492911,,96.0663280423,,96.0663280423,102.7704232709,,,,,1.19826420479462,,593.844888
597.914,,,,,,,,,,,,,,
597.969,,,,,,,,,,,,,,
597.999,,,,,1.23000001907349,,,,593.02001953125,593.02001953125,1.22000002861023,,5.78179100538303,
598.018,97.0,134.3041648333,,95.9620017972,,95.9620017972,102.7704232709,,,,,1.19826420479462,,593.9869248
598.024,,,,,,,,,,,,,,
598.082,,,,,,,,,,,,,,
598.17,97.0,134.3359162992,2890.63,96.116223203,,96.116223203,102.7704232709,,,,,1.19826420479462,,594.1289616
598.191,,,,,,,,,,,,,,
598.246,,,,,,,,,,,,,,
598.3009999999999,,,,,,,,,,,,,,
598.322,97.0,134.3631318414,,95.7306696885,,95.7306696885,102.7704232709,,,,,1.19826420479462,,594.2713032
598.356,,,,,,,,,,,,,,
598.414,,,,,,,,,,,,,,
598.466,,,,,,,,,,,,,,
598.475,97.0,134.39034738360002,,95.8123163151,,95.8123163151,102.7704232709,,,,,1.19826420479462,,594.4133400000001
598.524,,,,,,,,,,,,,,
598.627,97.0,134.4175629258,,95.617271596,,95.617271596,102.7704232709,,,,,1.19826420479462,,594.5553768
598.633,,,,,,,,,,,,,,
598.743,,,,,,,,,,,,,,
598.78,97.0,134.44477846799998,2890.63,95.1546073786,,95.1546073786,102.7704232709,,,,,1.19826420479462,,594.6974136
598.8009999999999,,,,,,,,,,,,,,
598.856,,,,,,,,,,,,,,
598.911,,,,,,,,,,,,,,
598.932,97.0,134.4719940102,,95.2725413948,,95.2725413948,102.7704232709,,,,,1.19826420479462,,594.8394503999999
598.966,,,,,,,,,,,,,,
598.999,,,,,1.23000001907349,,,,593.960021972656,593.960021972656,1.22000002861023,,6.38342372663635,
599.02,,,,,,,,,,,,,,
599.081,,,,,,,,,,,,,,
599.0840000000001,97.0,134.4992095524,,95.2952210133,,95.2952210133,102.7704232709,,,,,1.19826420479462,,594.9814872000001
599.136,,,,,,,,,,,,,,
599.191,,,,,,,,,,,,,,
599.237,97.0,134.5264250946,2890.63,95.1228559127,,95.1228559127,102.7704232709,,,,,1.19826420479462,,595.123524
599.249,,,,,,,,,,,,,,
599.304,,,,,,,,,,,,,,
599.359,,,,,,,,,,,,,,
599.389,97.0,134.5536406368,,94.9414189647,,94.9414189647,102.7704232709,,,,,1.19826420479462,,595.2655607999999
599.414,,,,,,,,,,,,,,
599.4680000000001,,,,,,,,,,,,,,
599.523,,,,,,,,,,,,,,
599.5419999999999,97.0,134.580856179,,94.8280208722,,94.8280208722,102.7704232709,,,,,1.19826420479462,,595.4075976
599.578,,,,,,,,,,,,,,
599.633,,,,,,,,,,,,,,
599.691,,,,,,,,,,,,,,
599.694,97.0,134.6126076449,,94.9640985832,,94.9640985832,102.7704232709,,,,,1.19826420479462,,595.5496344
599.746,,,,,,,,,,,,,,
599.8009999999999,,,,,,,,,,,,,,
599.846,97.0,134.63982318709998,2890.63,95.4494424191,,95.4494424191,102.7704232709,,,,,1.19826420479462,,595.6916712
599.856,,,,,,,,,,,,,,
599.91,,,,,,,,,,,,,,
599.9680000000001,,,,,,,,,,,,,,
599.999,97.0,134.6670387293,,94.9731704306,1.23000001907349,94.9731704306,102.7704232709,,594.830017089844,594.830017089844,1.22000002861023,1.19826420479462,6.93407044274534,595.833708
600.023,,,,,,,,,,,,,,
600.078,,,,,,,,,,,,,,
600.133,,,,,,,,,,,,,,
600.151,97.0,134.6942542715,,95.0638889046,,95.0638889046,102.7704232709,,,,,1.19826420479462,,595.97544
600.188,,,,,,,,,,,,,,
600.243,,,,,,,,,,,,,,
600.3009999999999,,,,,,,,,,,,,,
600.304,97.0,134.7214698137,2890.63,95.1863588445,,95.1863588445,102.7704232709,,,,,1.19826420479462,,596.1174768
600.355,,,,,,,,,,,,,,
600.4159999999999,,,,,,,,,,,,,,
600.456,97.0,134.7486853559,,95.1908947682,,95.1908947682,102.7704232709,,,,,1.19826420479462,,596.2592087999999
600.471,,,,,,,,,,,,,,
600.526,,,,,,,,,,,,,,
600.581,,,,,,,,,,,,,,
600.6080000000001,97.0,134.7759008981,,94.9595626595,,94.9595626595,102.7704232709,,,,,1.19826420479462,,596.4012456
600.639,,,,,,,,,,,,,,
600.694,,,,,,,,,,,,,,
600.749,,,,,,,,,,,,,,
600.761,97.0,134.80311644030002,,95.0139937439,,95.0139937439,102.7704232709,,,,,1.19826420479462,,596.5429776000001
600.803,,,,,,,,,,,,,,
600.8580000000001,,,,,,,,,,,,,,
600.913,97.0,134.8303319825,2890.63,94.9595626595,,94.9595626595,102.7704232709,,,,,1.19826420479462,,596.6850143999999
600.971,,,,,,,,,,,,,,
600.999,,,,,1.23000001907349,,,,595.719970703125,595.719970703125,1.22000002861023,,6.811704127646671,
601.026,,,,,,,,,,,,,,
601.066,97.0,134.85754752469998,,94.7373023982,,94.7373023982,102.7704232709,,,,,1.19826420479462,,596.8267463999999
601.081,,,,,,,,,,,,,,
601.136,,,,,,,,,,,,,,
601.191,,,,,,,,,,,,,,
601.2180000000001,97.0,134.8847630669,,94.8098771774,,94.8098771774,102.7704232709,,,,,1.19826420479462,,596.9684784
601.245,,,,,,,,,,,,,,
601.303,,,,,,,,,,,,,,
601.37,97.36,134.9165145328,2890.63,94.7599820167,,94.7599820167,102.7704232709,,,,,1.19826420479462,,597.1105152000001
601.413,,,,,,,,,,,,,,
601.4680000000001,,,,,,,,,,,,,,
601.523,97.0,134.943730075,,94.710086856,,94.710086856,102.7704232709,,,,,1.19826420479462,,597.2522472
601.578,,,,,,,,,,,,,,
601.636,,,,,,,,,,,,,,
601.675,97.0,134.9709456172,,94.5241139843,,94.5241139843,102.7704232709,,,,,1.19826420479462,,597.3939792
601.69,,,,,,,,,,,,,,
601.745,,,,,,,,,,,,,,
601.806,,,,,,,,,,,,,,
601.828,97.0,134.9981611594,,94.6601916953,,94.6601916953,102.7704232709,,,,,1.19826420479462,,597.5357112
601.861,,,,,,,,,,,,,,
601.9159999999999,,,,,,,,,,,,,,
601.971,,,,,,,,,,,,,,
601.98,97.0,135.0253767016,2929.69,94.6556557716,,94.6556557716,102.7704232709,,,,,1.19826420479462,,597.6774432
602.001,,,,,1.23000001907349,,,,596.6199951171881,596.6199951171881,1.22000002861023,,7.637674201810159,
602.026,,,,,,,,,,,,,,
602.081,,,,,,,,,,,,,,
602.132,97.0,135.05259224379998,,94.9777063543,,94.9777063543,102.7704232709,,,,,1.19826420479462,,597.8191752
602.138,,,,,,,,,,,,,,
602.193,,,,,,,,,,,,,,
602.248,,,,,,,,,,,,,,
602.285,97.0,135.079807786,,94.7826616352,,94.7826616352,102.7704232709,,,,,1.19826420479462,,597.9609072000001
602.303,,,,,,,,,,,,,,
602.3580000000001,,,,,,,,,,,,,,
602.437,97.0,135.1070233282,2851.56,94.8507004907,,94.8507004907,102.7704232709,,,,,1.19826420479462,,598.1026392000001
602.471,,,,,,,,,,,,,,
602.526,,,,,,,,,,,,,,
602.58,,,,,,,,,,,,,,
602.59,97.0,135.1342388704,,95.1319277601,,95.1319277601,102.7704232709,,,,,1.19826420479462,,598.2443712
602.635,,,,,,,,,,,,,,
602.69,,,,,,,,,,,,,,
602.742,97.0,135.1614544126,,94.891523804,,94.891523804,102.7704232709,,,,,1.19826420479462,,598.3857984
602.748,,,,,,,,,,,,,,
602.803,,,,,,,,,,,,,,
602.8580000000001,,,,,,,,,,,,,,
602.894,97.0,135.1932058785,,95.118319989,,95.118319989,102.7704232709,,,,,1.19826420479462,,598.5275303999999
602.913,,,,,,,,,,,,,,
603.001,,,,,1.23000001907349,,,,597.510009765625,597.510009765625,1.22000002861023,,7.74984312138454,
603.0219999999999,,,,,,,,,,,,,,
603.047,97.0,135.2204214207,2890.63,94.9958500491,,94.9958500491,102.7704232709,,,,,1.19826420479462,,598.6692624
603.08,,,,,,,,,,,,,,
603.141,,,,,,,,,,,,,,
603.196,,,,,,,,,,,,,,
603.1990000000001,97.0,135.2476369629,,94.8370927196,,94.8370927196,102.7704232709,,,,,1.19826420479462,,598.8106896
603.245,,,,,,,,,,,,,,
603.306,,,,,,,,,,,,,,
603.352,97.0,135.2748525051,,94.982242278,,94.982242278,102.7704232709,,,,,1.19826420479462,,598.9524216
603.361,,,,,,,,,,,,,,
603.419,,,,,,,,,,,,,,
603.504,97.0,135.3020680473,2890.63,94.8325567959,,94.8325567959,102.7704232709,,,,,1.19826420479462,,599.0938488
603.528,,,,,,,,,,,,,,
603.5830000000001,,,,,,,,,,,,,,
603.638,,,,,,,,,,,,,,
603.656,97.0,135.3292835895,,94.6828713138,,94.6828713138,102.7704232709,,,,,1.19826420479462,,599.2355808
603.693,,,,,,,,,,,,,,
603.751,,,,,,,,,,,,,,
603.806,,,,,,,,,,,,,,
603.809,97.0,135.3564991317,,94.5785450687,,94.5785450687,102.7704232709,,,,,1.19826420479462,,599.377008
603.861,,,,,,,,,,,,,,
603.915,,,,,,,,,,,,,,
603.961,97.0,135.3837146739,,94.6148324583,,94.6148324583,102.7704232709,,,,,1.19826420479462,,599.5184352000001
603.97,,,,,,,,,,,,,,
604.001,,,,,1.23000001907349,,,,598.4000244140631,598.4000244140631,1.22000002861023,,7.72944881657452,
604.08,,,,,,,,,,,,,,
604.114,97.0,135.4109302161,2890.63,94.4016440444,,94.4016440444,102.7704232709,,,,,1.19826420479462,,599.6598624
604.135,,,,,,,,,,,,,,
604.19,,,,,,,,,,,,,,
604.239,,,,,,,,,,,,,,
604.266,97.0,135.4381457583,,94.2927818756,,94.2927818756,102.7704232709,,,,,1.19826420479462,,599.8015944
604.293,,,,,,,,,,,,,,
604.3480000000001,,,,,,,,,,,,,,
604.403,,,,,,,,,,,,,,
604.418,97.0,135.46536130049998,,94.7917334826,,94.7917334826,102.7704232709,,,,,1.19826420479462,,599.9430216
604.461,,,,,,,,,,,,,,
604.571,97.0,135.4971127664,2890.63,94.574009145,,94.574009145,102.7704232709,,,,,1.19826420479462,,600.0844488
604.577,,,,,,,,,,,,,,
604.626,,,,,,,,,,,,,,
604.7230000000001,97.0,135.52432830860002,,94.6420480005,,94.6420480005,102.7704232709,,,,,1.19826420479462,,600.225876
604.741,,,,,,,,,,,,,,
604.7959999999999,,,,,,,,,,,,,,
604.854,,,,,,,,,,,,,,
604.876,97.0,135.5515438508,,94.6601916953,,94.6601916953,102.7704232709,,,,,1.19826420479462,,600.3673032
604.909,,,,,,,,,,,,,,
604.964,,,,,,,,,,,,,,
605.001,,,,,1.23000001907349,,,,599.289978027344,599.289978027344,1.22000002861023,,7.97418096053329,
605.019,,,,,,,,,,,,,,
605.028,97.0,135.57875939299998,,94.6420480005,,94.6420480005,102.7704232709,,,,,1.19826420479462,,600.5087304
605.0740000000001,,,,,,,,,,,,,,
605.129,,,,,,,,,,,,,,
605.18,97.0,135.6059749352,2890.63,94.4923625184,,94.4923625184,102.7704232709,,,,,1.19826420479462,,600.6501576000001
605.183,,,,,,,,,,,,,,
605.238,,,,,,,,,,,,,,
605.2959999999999,,,,,,,,,,,,,,
605.3330000000001,97.0,135.6331904774,,94.6375120768,,94.6375120768,102.7704232709,,,,,1.19826420479462,,600.79128
605.351,,,,,,,,,,,,,,
605.406,,,,,,,,,,,,,,
605.461,,,,,,,,,,,,,,
605.485,97.0,135.6604060196,,94.9504908121,,94.9504908121,102.7704232709,,,,,1.19826420479462,,600.9327072000001
605.516,,,,,,,,,,,,,,
605.571,,,,,,,,,,,,,,
605.628,,,,,,,,,,,,,,
605.638,97.0,135.6876215618,2929.69,94.936883041,,94.936883041,102.7704232709,,,,,1.19826420479462,,601.0741343999999
605.683,,,,,,,,,,,,,,
605.738,,,,,,,,,,,,,,
605.79,97.0,135.714837104,,95.1999666156,,95.1999666156,102.7704232709,,,,,1.19826420479462,,601.2155616
605.793,,,,,,,,,,,,,,
605.854,,,,,,,,,,,,,,
605.903,,,,,,,,,,,,,,
605.942,97.0,135.74205264620002,,95.2543977,,95.2543977,102.7704232709,,,,,1.19826420479462,,601.356684
605.964,,,,,,,,,,,,,,
606.0,,,,,1.23000001907349,,,,600.190002441406,600.190002441406,1.22000002861023,,7.94358926019897,
606.0219999999999,,,,,,,,,,,,,,
606.077,,,,,,,,,,,,,,
606.095,97.0,135.77380411209998,,95.2770773185,,95.2770773185,102.7704232709,,,,,1.19826420479462,,601.4981112
606.131,,,,,,,,,,,,,,
606.186,,,,,,,,,,,,,,
606.241,,,,,,,,,,,,,,
606.247,97.0,135.8010196543,2890.63,95.3768676399,,95.3768676399,102.7704232709,,,,,1.19826420479462,,601.6395384
606.299,,,,,,,,,,,,,,
606.354,,,,,,,,,,,,,,
606.4,97.0,135.8282351965,,95.1999666156,,95.1999666156,102.7704232709,,,,,1.19826420479462,,601.7806608
606.409,,,,,,,,,,,,,,
606.464,,,,,,,,,,,,,,
606.518,,,,,,,,,,,,,,
606.552,97.0,135.8554507387,,94.9278111936,,94.9278111936,102.7704232709,,,,,1.19826420479462,,601.922088
606.573,,,,,,,,,,,,,,
606.631,,,,,,,,,,,,,,
606.7040000000001,97.0,135.8826662809,2890.63,94.8597723381,,94.8597723381,102.7704232709,,,,,1.19826420479462,,602.0632103999999
606.741,,,,,,,,,,,,,,
606.7959999999999,,,,,,,,,,,,,,
606.851,,,,,,,,,,,,,,
606.857,97.0,135.9098818231,,94.6375120768,,94.6375120768,102.7704232709,,,,,1.19826420479462,,602.2046376000001
606.906,,,,,,,,,,,,,,
606.967,,,,,,,,,,,,,,
607.0,,,,,1.23000001907349,,,,601.080017089844,601.080017089844,1.22000002861023,,7.60708298771443,
607.009,98.56,135.93709736530002,,94.9051315751,,94.9051315751,102.7704232709,,,,,1.19826420479462,,602.3457599999999
607.018,,,,,,,,,,,,,,
607.134,,,,,,,,,,,,,,
607.1619999999999,103.71,135.9643129075,3085.94,95.2861491659,,95.2861491659,102.7704232709,,,,,1.19826420479462,,602.4868824
607.189,,,,,,,,,,,,,,
607.244,,,,,,,,,,,,,,
607.299,,,,,,,,,,,,,,
607.314,104.0,135.99152844969998,,95.1772869971,,95.1772869971,102.7704232709,,,,,1.19826420479462,,602.6283096
607.357,,,,,,,,,,,,,,
607.4119999999999,,,,,,,,,,,,,,
607.466,104.0,136.0187439919,,95.1092481416,,95.1092481416,102.7704232709,,,,,1.19826420479462,,602.769432
607.472,,,,,,,,,,,,,,
607.5369999999999,,,,,,,,,,,,,,
607.597,,,,,,,,,,,,,,
607.619,104.0,136.0504954578,,94.9459548884,,94.9459548884,102.7704232709,,,,,1.19826420479462,,602.9105544
607.661,,,,,,,,,,,,,,
607.722,,,,,,,,,,,,,,
607.771,104.0,136.07771100000002,3085.94,94.710086856,,94.710086856,102.7704232709,,,,,1.19826420479462,,603.0516767999999
607.783,,,,,,,,,,,,,,
607.847,,,,,,,,,,,,,,
607.908,,,,,,,,,,,,,,
607.924,104.0,136.1049265422,,94.6556557716,,94.6556557716,102.7704232709,,,,,1.19826420479462,,603.193104
607.972,,,,,,,,,,,,,,
608.0,,,,,1.23000001907349,,,,601.969970703125,601.969970703125,1.22000002861023,,7.831420340624599,
608.033,,,,,,,,,,,,,,
608.076,104.0,136.13214208440002,,94.5966887635,,94.5966887635,102.7704232709,,,,,1.19826420479462,,603.3342263999999
608.094,,,,,,,,,,,,,,
608.158,,,,,,,,,,,,,,
608.219,,,,,,,,,,,,,,
608.2280000000001,104.0,136.15935762659998,,94.8507004907,,94.8507004907,102.7704232709,,,,,1.19826420479462,,603.4753488
608.28,,,,,,,,,,,,,,
608.381,104.0,136.18657316879998,3125.0,94.6737994664,,94.6737994664,102.7704232709,,,,,1.19826420479462,,603.6164712
608.411,,,,,,,,,,,,,,
608.475,,,,,,,,,,,,,,
608.533,104.0,136.213788711,,94.7690538641,,94.7690538641,102.7704232709,,,,,1.19826420479462,,603.7575936000001
608.536,,,,,,,,,,,,,,
608.597,,,,,,,,,,,,,,
608.661,,,,,,,,,,,,,,
608.686,104.0,136.2410042532,,94.6556557716,,94.6556557716,102.7704232709,,,,,1.19826420479462,,603.898716
608.722,,,,,,,,,,,,,,
608.786,,,,,,,,,,,,,,
608.8380000000001,104.0,136.2682197954,,94.3245333415,,94.3245333415,102.7704232709,,,,,1.19826420479462,,604.0398384
608.847,,,,,,,,,,,,,,
608.908,,,,,,,,,,,,,,
608.99,104.0,136.2999712613,3085.94,94.6057606109,,94.6057606109,102.7704232709,,,,,1.19826420479462,,604.1809607999999
609.0,,,,,1.23000001907349,,,,602.8499755859381,602.8499755859381,1.22000002861023,,7.86201204095891,
609.033,,,,,,,,,,,,,,
609.097,,,,,,,,,,,,,,
609.143,104.0,136.3271868035,,94.2383507912,,94.2383507912,102.7704232709,,,,,1.19826420479462,,604.3220832000001
609.158,,,,,,,,,,,,,,
609.219,,,,,,,,,,,,,,
609.283,,,,,,,,,,,,,,
609.295,104.0,136.3544023457,,93.9344439033,,93.9344439033,102.7704232709,,,,,1.19826420479462,,604.4632056
609.344,,,,,,,,,,,,,,
609.408,,,,,,,,,,,,,,
609.448,104.38,136.3816178879,,93.9208361322,,93.9208361322,102.7704232709,,,,,1.19826420479462,,604.6040232
609.469,,,,,,,,,,,,,,
609.6,104.0,136.40429750639998,3125.0,94.1294886224,,94.1294886224,102.7704232709,,,,,1.19826420479462,,604.7451456
609.661,,,,,,,,,,,,,,
609.752,104.0,136.3317227272,,93.802902116,,93.802902116,102.7704232709,,,,,1.19826420479462,,604.886268
609.786,,,,,,,,,,,,,,
609.847,,,,,,,,,,,,,,
609.905,104.0,136.3589382694,,94.0433060721,,94.0433060721,102.7704232709,,,,,1.19826420479462,,605.0273904000001
609.911,,,,,,,,,,,,,,
609.972,,,,,,,,,,,,,,
609.999,,,,,1.23000001907349,,,,603.739990234375,603.739990234375,1.22000002861023,,8.331081537827849,
610.033,,,,,,,,,,,,,,
610.057,104.0,136.3861538116,,93.9616594455,,93.9616594455,102.7704232709,,,,,1.19826420479462,,605.168208
610.097,,,,,,,,,,,,,,
610.21,104.0,136.4133693538,3125.0,93.8527972767,,93.8527972767,102.7704232709,,,,,1.19826420479462,,605.3093303999999
610.219,,,,,,,,,,,,,,
610.283,,,,,,,,,,,,,,
610.344,,,,,,,,,,,,,,
610.362,104.0,136.440584896,,93.8391895056,,93.8391895056,102.7704232709,,,,,1.19826420479462,,605.4504528
610.408,,,,,,,,,,,,,,
610.469,,,,,,,,,,,,,,
610.514,104.0,136.4678004382,,93.4717796859,,93.4717796859,102.7704232709,,,,,1.19826420479462,,605.5912704
610.53,,,,,,,,,,,,,,
610.594,,,,,,,,,,,,,,
610.655,,,,,,,,,,,,,,
610.6669999999999,104.0,136.4950159804,,93.8346535819,,93.8346535819,102.7704232709,,,,,1.19826420479462,,605.7323928
610.716,,,,,,,,,,,,,,
610.78,,,,,,,,,,,,,,
610.819,104.0,136.5176955989,3125.0,93.8255817345,,93.8255817345,102.7704232709,,,,,1.19826420479462,,605.8732104
610.841,,,,,,,,,,,,,,
610.905,,,,,,,,,,,,,,
610.966,,,,,,,,,,,,,,
610.972,104.0,136.5494470648,,93.7257914131,,93.7257914131,102.7704232709,,,,,1.19826420479462,,606.0143327999999
610.999,,,,,1.23000001907349,,,,604.659973144531,604.659973144531,1.22000002861023,,8.57581319554803,
611.033,,,,,,,,,,,,,,
611.097,,,,,,,,,,,,,,
611.124,104.0,136.5721266833,,93.6758962524,,93.6758962524,102.7704232709,,,,,1.19826420479462,,606.1551504
611.158,,,,,,,,,,,,,,
611.2180000000001,,,,,,,,,,,,,,
611.276,104.0,136.59934222549998,,93.7167195657,,93.7167195657,102.7704232709,,,,,1.19826420479462,,606.295968
611.2819999999999,,,,,,,,,,,,,,
611.404,,,,,,,,,,,,,,
611.429,104.0,136.6265577677,3125.0,93.6804321761,,93.6804321761,102.7704232709,,,,,1.19826420479462,,606.4370904
611.4680000000001,,,,,,,,,,,,,,
611.529,,,,,,,,,,,,,,
611.581,104.0,136.6537733099,,93.5443544651,,93.5443544651,102.7704232709,,,,,1.19826420479462,,606.577908
611.5930000000001,,,,,,,,,,,,,,
611.654,,,,,,,,,,,,,,
611.715,,,,,,,,,,,,,,
611.734,104.0,136.6809888521,,93.8800128189,,93.8800128189,102.7704232709,,,,,1.19826420479462,,606.7187256
611.779,,,,,,,,,,,,,,
611.84,,,,,,,,,,,,,,
611.886,104.0,136.7082043943,,93.8210458108,,93.8210458108,102.7704232709,,,,,1.19826420479462,,606.8595432
611.901,,,,,,,,,,,,,,
611.965,,,,,,,,,,,,,,
611.999,,,,,1.23000001907349,,,,605.510009765625,605.510009765625,1.22000002861023,,8.58601059107233,
612.026,,,,,,,,,,,,,,
612.038,104.0,136.7354199365,3125.0,93.8527972767,,93.8527972767,102.7704232709,,,,,1.19826420479462,,607.0006656
612.09,,,,,,,,,,,,,,
612.151,,,,,,,,,,,,,,
612.191,104.0,136.76263547870002,,93.9435157507,,93.9435157507,102.7704232709,,,,,1.19826420479462,,607.1414832
612.212,,,,,,,,,,,,,,
612.276,,,,,,,,,,,,,,
612.337,,,,,,,,,,,,,,
612.3430000000001,104.0,136.7898510209,,94.165776012,,94.165776012,102.7704232709,,,,,1.19826420479462,,607.2823007999999
612.401,,,,,,,,,,,,,,
612.4680000000001,,,,,,,,,,,,,,
612.496,104.0,136.81706656309998,,94.3880362733,,94.3880362733,102.7704232709,,,,,1.19826420479462,,607.4231183999999
612.529,,,,,,,,,,,,,,
612.648,104.0,136.8442821053,3125.0,94.3653566548,,94.3653566548,102.7704232709,,,,,1.19826420479462,,607.563936
612.654,,,,,,,,,,,,,,
612.7180000000001,,,,,,,,,,,,,,
612.779,,,,,,,,,,,,,,
612.8,104.0,136.8714976475,,94.5105062132,,94.5105062132,102.7704232709,,,,,1.19826420479462,,607.7047536
612.84,,,,,,,,,,,,,,
612.904,,,,,,,,,,,,,,
612.953,104.0,136.894177266,,94.6601916953,,94.6601916953,102.7704232709,,,,,1.19826420479462,,607.8455712
612.965,,,,,,,,,,,,,,
612.999,,,,,1.23000001907349,,,,606.3900146484381,606.3900146484381,1.22000002861023,,8.412658757067911,
613.029,,,,,,,,,,,,,,
613.09,,,,,,,,,,,,,,
613.105,104.0,136.9213928082,3125.0,94.4787547473,,94.4787547473,102.7704232709,,,,,1.19826420479462,,607.9863888
613.151,,,,,,,,,,,,,,
613.215,,,,,,,,,,,,,,
613.258,104.0,136.9486083504,,94.3426770363,,94.3426770363,102.7704232709,,,,,1.19826420479462,,608.1272064
613.276,,,,,,,,,,,,,,
613.34,,,,,,,,,,,,,,
613.401,,,,,,,,,,,,,,
613.41,104.0,136.9758238926,,94.2837100282,,94.2837100282,102.7704232709,,,,,1.19826420479462,,608.268024
613.462,,,,,,,,,,,,,,
613.526,,,,,,,,,,,,,,
613.562,104.0,137.0030394348,,94.3744285022,,94.3744285022,102.7704232709,,,,,1.19826420479462,,608.4085368
613.587,,,,,,,,,,,,,,
613.648,,,,,,,,,,,,,,
613.715,104.0,137.030254977,3125.0,94.31092557040002,,94.31092557040002,102.7704232709,,,,,1.19826420479462,,608.5493544
613.7180000000001,,,,,,,,,,,,,,
613.779,,,,,,,,,,,,,,
613.8430000000001,,,,,,,,,,,,,,
613.867,104.0,137.0574705192,,94.1975274779,,94.1975274779,102.7704232709,,,,,1.19826420479462,,608.690172
613.904,,,,,,,,,,,,,,
613.965,,,,,,,,,,,,,,
614.001,,,,,1.23000001907349,,,,607.289978027344,607.289978027344,1.22000002861023,,8.11694109420339,
614.02,104.0,137.0846860614,,94.1385604698,,94.1385604698,102.7704232709,,,,,1.19826420479462,,608.8309896000001
614.029,,,,,,,,,,,,,,
614.09,,,,,,,,,,,,,,
614.154,,,,,,,,,,,,,,
614.172,104.0,137.11190160360002,,94.1884556305,,94.1884556305,102.7704232709,,,,,1.19826420479462,,608.9715024000001
614.215,,,,,,,,,,,,,,
614.276,,,,,,,,,,,,,,
614.3240000000001,104.0,137.1391171458,3085.94,94.0387701484,,94.0387701484,102.7704232709,,,,,1.19826420479462,,609.1123200000001
614.34,,,,,,,,,,,,,,
614.401,,,,,,,,,,,,,,
614.462,,,,,,,,,,,,,,
614.477,104.0,137.16633268799998,,93.9208361322,,93.9208361322,102.7704232709,,,,,1.19826420479462,,609.2528328
614.526,,,,,,,,,,,,,,
614.587,,,,,,,,,,,,,,
614.629,104.0,137.1935482302,,93.8618691241,,93.8618691241,102.7704232709,,,,,1.19826420479462,,609.3936504
614.651,,,,,,,,,,,,,,
614.711,,,,,,,,,,,,,,
614.7719999999999,,,,,,,,,,,,,,
614.7819999999999,104.0,137.2207637724,,93.7530069553,,93.7530069553,102.7704232709,,,,,1.19826420479462,,609.534468
614.836,,,,,,,,,,,,,,
614.934,104.0,137.2479793146,3125.0,93.802902116,,93.802902116,102.7704232709,,,,,1.19826420479462,,609.6749808
614.961,,,,,,,,,,,,,,
615.001,,,,,1.23000001907349,,,,608.1400146484381,608.1400146484381,1.22000002861023,,8.32088414230355,
615.025,,,,,,,,,,,,,,
615.086,104.0,137.2751948568,,94.2428867149,,94.2428867149,102.7704232709,,,,,1.19826420479462,,609.8154936000001
615.092,,,,,,,,,,,,,,
615.163,,,,,,,,,,,,,,
615.224,,,,,,,,,,,,,,
615.239,104.0,137.302410399,,94.0932012328,,94.0932012328,102.7704232709,,,,,1.19826420479462,,609.9563112000001
615.294,,,,,,,,,,,,,,
615.3580000000001,,,,,,,,,,,,,,
615.391,104.0,137.3250900175,,93.7756865738,,93.7756865738,102.7704232709,,,,,1.19826420479462,,610.096824
615.425,,,,,,,,,,,,,,
615.489,,,,,,,,,,,,,,
615.544,104.0,137.3523055597,3085.94,93.6713603287,,93.6713603287,102.7704232709,,,,,1.19826420479462,,610.2373368
615.556,,,,,,,,,,,,,,
615.62,,,,,,,,,,,,,,
615.687,,,,,,,,,,,,,,
615.696,104.0,137.3795211019,,93.5670340836,,93.5670340836,102.7704232709,,,,,1.19826420479462,,610.3781544
615.751,,,,,,,,,,,,,,
615.815,,,,,,,,,,,,,,
615.8480000000001,104.0,137.4067366441,,93.666824405,,93.666824405,102.7704232709,,,,,1.19826420479462,,610.5186672
615.882,,,,,,,,,,,,,,
615.946,,,,,,,,,,,,,,
616.001,104.0,137.4339521863,,93.5352826177,1.23000001907349,93.5352826177,102.7704232709,,609.030029296875,609.030029296875,1.22000002861023,1.19826420479462,8.42285615259221,610.65918
616.013,,,,,,,,,,,,,,
616.077,,,,,,,,,,,,,,
616.141,,,,,,,,,,,,,,
616.153,104.0,137.46116772850002,3085.94,93.7756865738,,93.7756865738,102.7704232709,,,,,1.19826420479462,,610.7996927999999
616.2080000000001,,,,,,,,,,,,,,
616.2719999999999,,,,,,,,,,,,,,
616.306,104.0,137.48838327069998,,93.7167195657,,93.7167195657,102.7704232709,,,,,1.19826420479462,,610.9405103999999
616.339,,,,,,,,,,,,,,
616.403,,,,,,,,,,,,,,
616.4580000000001,104.0,137.5155988129,,93.5171389229,,93.5171389229,102.7704232709,,,,,1.19826420479462,,611.0810232000001
616.476,,,,,,,,,,,,,,
616.54,,,,,,,,,,,,,,
616.604,,,,,,,,,,,,,,
616.61,104.0,137.5428143551,,93.3992049067,,93.3992049067,102.7704232709,,,,,1.19826420479462,,611.221536
616.668,,,,,,,,,,,,,,
616.732,,,,,,,,,,,,,,
616.763,104.0,137.5700298973,3125.0,93.213232035,,93.213232035,102.7704232709,,,,,1.19826420479462,,611.3620488
616.7959999999999,,,,,,,,,,,,,,
616.857,,,,,,,,,,,,,,
616.915,104.0,137.5972454395,,93.2676631194,,93.2676631194,102.7704232709,,,,,1.19826420479462,,611.5025616
616.924,,,,,,,,,,,,,,
616.988,,,,,,,,,,,,,,
617.001,,,,,1.23000001907349,,,,609.909973144531,609.909973144531,1.22000002861023,,8.81034843022108,
617.052,,,,,,,,,,,,,,
617.068,104.0,137.6244609817,,93.3402378986,,93.3402378986,102.7704232709,,,,,1.19826420479462,,611.6430744
617.116,,,,,,,,,,,,,,
617.18,,,,,,,,,,,,,,
617.22,104.0,137.6516765239,,93.4808515333,,93.4808515333,102.7704232709,,,,,1.19826420479462,,611.7835872
617.247,,,,,,,,,,,,,,
617.311,,,,,,,,,,,,,,
617.372,104.0,137.6743561424,,93.5443544651,,93.5443544651,102.7704232709,,,,,1.19826420479462,,611.9237952000001
617.378,,,,,,,,,,,,,,
617.443,,,,,,,,,,,,,,
617.507,,,,,,,,,,,,,,
617.525,104.0,137.7015716846,3125.0,93.6713603287,,93.6713603287,102.7704232709,,,,,1.19826420479462,,612.064308
617.5740000000001,,,,,,,,,,,,,,
617.638,,,,,,,,,,,,,,
617.677,104.0,137.7287872268,,93.6396088628,,93.6396088628,102.7704232709,,,,,1.19826420479462,,612.2048208
617.705,,,,,,,,,,,,,,
617.775,,,,,,,,,,,,,,
617.83,104.0,137.756002769,,93.4536359911,,93.4536359911,102.7704232709,,,,,1.19826420479462,,612.3453336
617.839,,,,,,,,,,,,,,
617.97,,,,,,,,,,,,,,
617.982,104.0,137.78321831120002,,93.3992049067,,93.3992049067,102.7704232709,,,,,1.19826420479462,,612.4855416
618.0,,,,,1.23000001907349,,,,610.77001953125,610.77001953125,1.22000002861023,,8.69817902440812,
618.0369999999999,,,,,,,,,,,,,,
618.101,,,,,,,,,,,,,,
618.134,104.0,137.8104338534,3125.0,93.3629175171,,93.3629175171,102.7704232709,,,,,1.19826420479462,,612.6260543999999
618.165,,,,,,,,,,,,,,
618.232,,,,,,,,,,,,,,
618.2869999999999,104.0,137.83764939559998,,93.1814805691,,93.1814805691,102.7704232709,,,,,1.19826420479462,,612.7665672
618.2959999999999,,,,,,,,,,,,,,
618.36,,,,,,,,,,,,,,
618.424,,,,,,,,,,,,,,
618.439,104.0,137.8648649378,,93.1996242639,,93.1996242639,102.7704232709,,,,,1.19826420479462,,612.9067752000001
618.491,,,,,,,,,,,,,,
618.555,,,,,,,,,,,,,,
618.592,104.0,137.89208048,,93.2540553483,,93.2540553483,102.7704232709,,,,,1.19826420479462,,613.047288
618.619,,,,,,,,,,,,,,
618.744,104.0,137.9192960222,3125.0,93.2223038824,,93.2223038824,102.7704232709,,,,,1.19826420479462,,613.187496
618.75,,,,,,,,,,,,,,
618.817,,,,,,,,,,,,,,
618.881,,,,,,,,,,,,,,
618.896,104.0,137.9465115644,,93.2449835009,,93.2449835009,102.7704232709,,,,,1.19826420479462,,613.3280087999999
618.945,,,,,,,,,,,,,,
619.0,,,,,1.23000001907349,,,,611.6400146484381,611.6400146484381,1.22000002861023,,8.820544853268212,
619.012,,,,,,,,,,,,,,
619.049,104.0,137.9737271066,,93.2721990431,,93.2721990431,102.7704232709,,,,,1.19826420479462,,613.4682167999999
619.076,,,,,,,,,,,,,,
619.14,,,,,,,,,,,,,,
619.201,104.0,138.0009426488,,93.6940399472,,93.6940399472,102.7704232709,,,,,1.19826420479462,,613.6087296000001
619.2040000000001,,,,,,,,,,,,,,
619.341,,,,,,,,,,,,,,
619.354,104.0,138.02815819100002,3125.0,94.0387701484,,94.0387701484,102.7704232709,,,,,1.19826420479462,,613.7489376
619.4019999999999,,,,,,,,,,,,,,
619.472,,,,,,,,,,,,,,
619.506,104.0,138.0553737332,,93.9934109114,,93.9934109114,102.7704232709,,,,,1.19826420479462,,613.8894504
619.54,,,,,,,,,,,,,,
619.604,,,,,,,,,,,,,,
619.658,104.0,138.0825892754,,94.0569138432,,94.0569138432,102.7704232709,,,,,1.19826420479462,,614.0296584
619.668,,,,,,,,,,,,,,
619.735,,,,,,,,,,,,,,
619.799,,,,,,,,,,,,,,
619.811,104.0,138.1052688939,,94.7735897878,,94.7735897878,102.7704232709,,,,,1.19826420479462,,614.1698663999999
619.866,,,,,,,,,,,,,,
619.9630000000001,104.0,138.1324844361,3125.0,94.891523804,,94.891523804,102.7704232709,,,,,1.19826420479462,,614.3100744
619.997,,,,,,,,,,,,,,
620.0,,,,,1.23000001907349,,,,612.539978027344,612.539978027344,1.22000002861023,,8.11694109420339,
620.061,,,,,,,,,,,,,,
620.116,104.0,138.1596999783,,93.6305370154,,93.6305370154,102.7704232709,,,,,1.19826420479462,,614.4502824
620.125,,,,,,,,,,,,,,
620.192,,,,,,,,,,,,,,
620.256,,,,,,,,,,,,,,
620.268,104.0,138.18691552049998,,93.2495194246,,93.2495194246,102.7704232709,,,,,1.19826420479462,,614.5907952
620.32,,,,,,,,,,,,,,
620.384,,,,,,,,,,,,,,
620.42,104.0,138.2141310627,,92.9637562315,,92.9637562315,102.7704232709,,,,,1.19826420479462,,614.7310032
620.451,,,,,,,,,,,,,,
620.573,104.0,138.2413466049,3085.94,92.7913911309,,92.7913911309,102.7704232709,,,,,1.19826420479462,,614.8712112000001
620.631,,,,,,,,,,,,,,
620.689,,,,,,,,,,,,,,
620.725,104.0,138.2685621471,,93.0907620951,,93.0907620951,102.7704232709,,,,,1.19826420479462,,615.0114192000001
620.753,,,,,,,,,,,,,,
620.811,,,,,,,,,,,,,,
620.859,,,,,,,,,,,,,,
620.878,104.0,138.2957776893,,92.895717376,,92.895717376,102.7704232709,,,,,1.19826420479462,,615.1516272000001
620.914,,,,,,,,,,,,,,
620.9630000000001,,,,,,,,,,,,,,
621.0,,,,,1.23000001907349,,,,613.4000244140619,613.4000244140619,1.22000002861023,,9.19784070784995,
621.015,,,,,,,,,,,,,,
621.03,104.0,138.3229932315,,92.850358139,,92.850358139,102.7704232709,,,,,1.19826420479462,,615.2918352
621.07,,,,,,,,,,,,,,
621.121,,,,,,,,,,,,,,
621.1759999999999,,,,,,,,,,,,,,
621.182,104.0,138.35020877370002,3125.0,93.1043698662,,93.1043698662,102.7704232709,,,,,1.19826420479462,,615.4320432
621.231,,,,,,,,,,,,,,
621.28,,,,,,,,,,,,,,
621.332,,,,,,,,,,,,,,
621.335,104.0,138.37742431590002,,93.0998339425,,93.0998339425,102.7704232709,,,,,1.19826420479462,,615.5722512
621.384,,,,,,,,,,,,,,
621.435,,,,,,,,,,,,,,
621.484,,,,,,,,,,,,,,
621.487,104.0,138.40463985809998,,92.9637562315,,92.9637562315,102.7704232709,,,,,1.19826420479462,,615.7121544
621.533,,,,,,,,,,,,,,
621.637,,,,,,,,,,,,,,
621.64,104.0,138.4273194766,3125.0,93.0091154685,,93.0091154685,102.7704232709,,,,,1.19826420479462,,615.8523624
621.688,,,,,,,,,,,,,,
621.743,,,,,,,,,,,,,,
621.7919999999999,104.0,138.4545350188,,92.8004629783,,92.8004629783,102.7704232709,,,,,1.19826420479462,,615.9925704
621.795,,,,,,,,,,,,,,
621.844,,,,,,,,,,,,,,
621.9019999999999,,,,,,,,,,,,,,
621.944,104.0,138.481750561,,92.7641755887,,92.7641755887,102.7704232709,,,,,1.19826420479462,,616.1327784
621.96,,,,,,,,,,,,,,
621.999,,,,,1.23000001907349,,,,614.25,614.25,1.22000002861023,,9.12645991165703,
622.018,,,,,,,,,,,,,,
622.097,104.0,138.5089661032,3085.94,92.3695502268,,92.3695502268,102.7704232709,,,,,1.19826420479462,,616.2726816
622.139,,,,,,,,,,,,,,
622.194,,,,,,,,,,,,,,
622.249,104.0,138.5361816454,,92.1291462707,,92.1291462707,102.7704232709,,,,,1.19826420479462,,616.4128896000001
622.258,,,,,,,,,,,,,,
622.322,,,,,,,,,,,,,,
622.389,,,,,,,,,,,,,,
622.4019999999999,104.0,138.5633971876,,91.262784844,,91.262784844,102.7704232709,,,,,1.19826420479462,,616.5530976
622.447,,,,,,,,,,,,,,
622.5169999999999,,,,,,,,,,,,,,
622.554,104.0,138.5906127298,,91.308144081,,91.308144081,102.7704232709,,,,,1.19826420479462,,616.6930007999999
622.5840000000001,,,,,,,,,,,,,,
622.648,,,,,,,,,,,,,,
622.706,104.0,138.617828272,3085.94,91.4986528764,,91.4986528764,102.7704232709,,,,,1.19826420479462,,616.8332088
622.716,,,,,,,,,,,,,,
622.78,,,,,,,,,,,,,,
622.847,,,,,,,,,,,,,,
622.859,104.0,138.6450438142,,91.3217518521,,91.3217518521,102.7704232709,,,,,1.19826420479462,,616.973112
622.911,,,,,,,,,,,,,,
622.975,,,,,,,,,,,,,,
622.999,,,,,1.23000001907349,,,,615.1099853515619,615.1099853515619,1.22000002861023,,10.5030771881681,
623.011,104.0,138.6722593564,,91.0541323538,,91.0541323538,102.7704232709,,,,,1.19826420479462,,617.11332
623.048,,,,,,,,,,,,,,
623.112,,,,,,,,,,,,,,
623.164,104.0,138.69947489860002,,91.1856741411,,91.1856741411,102.7704232709,,,,,1.19826420479462,,617.2532232000001
623.179,,,,,,,,,,,,,,
623.243,,,,,,,,,,,,,,
623.316,104.0,138.7266904408,3125.0,90.7547613896,,90.7547613896,102.7704232709,,,,,1.19826420479462,,617.3931263999999
623.374,,,,,,,,,,,,,,
623.438,,,,,,,,,,,,,,
623.4680000000001,104.0,138.75390598299998,,90.8863031769,,90.8863031769,102.7704232709,,,,,1.19826420479462,,617.5333344
623.502,,,,,,,,,,,,,,
623.566,,,,,,,,,,,,,,
623.621,104.0,138.7811215252,,90.9135187191,,90.9135187191,102.7704232709,,,,,1.19826420479462,,617.6732376
623.63,,,,,,,,,,,,,,
623.691,,,,,,,,,,,,,,
623.755,,,,,,,,,,,,,,
623.773,104.0,138.8083370674,,91.1902100648,,91.1902100648,102.7704232709,,,,,1.19826420479462,,617.8131407999999
623.816,,,,,,,,,,,,,,
623.88,,,,,,,,,,,,,,
623.9259999999999,104.0,138.8355526096,3125.0,91.489581029,,91.489581029,102.7704232709,,,,,1.19826420479462,,617.9533488
623.941,,,,,,,,,,,,,,
623.999,,,,,1.23000001907349,,,,615.989990234375,615.989990234375,1.22000002861023,,7.1380134908455,
624.005,,,,,,,,,,,,,,
624.066,,,,,,,,,,,,,,
624.078,104.0,138.8582322281,,91.2446411492,,91.2446411492,102.7704232709,,,,,1.19826420479462,,618.093252
624.13,,,,,,,,,,,,,,
624.191,,,,,,,,,,,,,,
624.23,104.0,138.8854477703,,91.0994915908,,91.0994915908,102.7704232709,,,,,1.19826420479462,,618.2331552
624.261,,,,,,,,,,,,,,
624.325,,,,,,,,,,,,,,
624.383,104.0,138.9126633125,,90.8409439399,,90.8409439399,102.7704232709,,,,,1.19826420479462,,618.3730584
624.386,,,,,,,,,,,,,,
624.398,,,,,,,,,,,,,,
624.438,,,,,,,,,,,,,,
624.535,111.77,138.9308070073,3125.0,99.0101425236,,99.0101425236,102.7704232709,,,,,1.19826420479462,,618.5129616
624.547,,,,,,,,,,,,,,
624.602,,,,,,,,,,,,,,
624.688,143.43,138.9670943969,,98.3977928241,,98.3977928241,102.7704232709,,,,,1.19826420479462,,618.6528647999999
624.715,,,,,,,,,,,,,,
624.77,,,,,,,,,,,,,,
624.84,143.7,138.9943099391,,97.7355479639,,97.7355479639,102.7704232709,,,,,1.19826420479462,,618.792768
624.883,,,,,,,,,,,,,,
624.944,,,,,,,,,,,,,,
624.992,143.64,139.0215254813,3085.94,97.4633925419,,97.4633925419,102.7704232709,,,,,1.19826420479462,,618.9326712000001
624.998,,,,,1.23000001907349,,,,616.840026855469,616.840026855469,1.22000002861023,,4.89463801678949,
625.005,,,,,,,,,,,,,,
625.066,,,,,,,,,,,,,,
625.127,,,,,,,,,,,,,,
625.145,143.72,139.0487410235,,97.2320604332,,97.2320604332,102.7704232709,,,,,1.19826420479462,,619.0725744
625.187,,,,,,,,,,,,,,
625.251,,,,,,,,,,,,,,
625.297,143.6,139.0759565657,,97.1549497303,,97.1549497303,102.7704232709,,,,,1.19826420479462,,619.2124776
625.312,,,,,,,,,,,,,,
625.373,,,,,,,,,,,,,,
625.45,143.0,139.1031721079,3085.94,97.0823749511,,97.0823749511,102.7704232709,,,,,1.19826420479462,,619.3523807999999
625.508,,,,,,,,,,,,,,
625.602,143.33,139.1303876501,,97.0279438667,,97.0279438667,102.7704232709,,,,,1.19826420479462,,619.4919792000001
625.636,,,,,,,,,,,,,,
625.7,,,,,,,,,,,,,,
625.754,143.75,139.1576031923,,96.8646506135,,96.8646506135,102.7704232709,,,,,1.19826420479462,,619.6318824
625.764,,,,,,,,,,,,,,
625.831,,,,,,,,,,,,,,
625.8919999999999,,,,,,,,,,,,,,
625.9069999999999,143.71,139.1848187345,3125.0,96.6877495892,,96.6877495892,102.7704232709,,,,,1.19826420479462,,619.7717856
625.9590000000001,,,,,,,,,,,,,,
626.001,,,,,1.23000001907349,,,,617.719970703125,617.719970703125,1.22000002861023,,5.40449612327845,
626.023,,,,,,,,,,,,,,
626.059,143.39,139.207498353,,96.3021960747,,96.3021960747,102.7704232709,,,,,1.19826420479462,,619.9116888
626.087,,,,,,,,,,,,,,
626.151,,,,,,,,,,,,,,
626.212,143.67,139.2347138952,,96.2659086851,,96.2659086851,102.7704232709,,,,,1.19826420479462,,620.0512872
626.215,,,,,,,,,,,,,,
626.279,,,,,,,,,,,,,,
626.3430000000001,,,,,,,,,,,,,,
626.364,143.08,139.2619294374,3085.94,96.2840523799,,96.2840523799,102.7704232709,,,,,1.19826420479462,,620.1911904
626.4069999999999,,,,,,,,,,,,,,
626.471,,,,,,,,,,,,,,
626.516,143.33,139.2891449796,,96.1797261348,,96.1797261348,102.7704232709,,,,,1.19826420479462,,620.3307887999999
626.535,,,,,,,,,,,,,,
626.599,,,,,,,,,,,,,,
626.663,,,,,,,,,,,,,,
626.669,143.35,139.3163605218,,96.1252950504,,96.1252950504,102.7704232709,,,,,1.19826420479462,,620.470692
626.736,,,,,,,,,,,,,,
626.794,,,,,,,,,,,,,,
626.821,143.58,139.343576064,3085.94,95.9756095683,,95.9756095683,102.7704232709,,,,,1.19826420479462,,620.6102904
626.864,,,,,,,,,,,,,,
626.925,,,,,,,,,,,,,,
626.974,143.74,139.37079160620002,,95.6989182226,,95.6989182226,102.7704232709,,,,,1.19826420479462,,620.7501936000001
626.995,,,,,,,,,,,,,,
627.001,,,,,0.939999997615814,,,,618.580017089844,618.580017089844,1.22000002861023,,5.87356562014739,
627.062,,,,,,,,,,,,,,
627.126,143.58,139.3980071484,,95.7170619174,,95.7170619174,102.7704232709,,,,,1.19826420479462,,620.8897919999999
627.19,,,,,,,,,,,,,,
627.257,,,,,,,,,,,,,,
627.278,143.52,139.42522269059998,3085.94,95.5809842064,,95.5809842064,102.7704232709,,,,,1.19826420479462,,621.0296952000001
627.321,,,,,,,,,,,,,,
627.431,143.43,139.4524382328,,95.5583045879,,95.5583045879,102.7704232709,,,,,1.19826420479462,,621.1692936000001
627.452,,,,,,,,,,,,,,
627.516,,,,,,,,,,,,,,
627.58,,,,,,,,,,,,,,
627.5830000000001,143.63,139.479653775,,95.5401608931,,95.5401608931,102.7704232709,,,,,1.19826420479462,,621.308892
627.6469999999999,,,,,,,,,,,,,,
627.711,,,,,,,,,,,,,,
627.736,143.57,139.5068693172,,95.5537686642,,95.5537686642,102.7704232709,,,,,1.19826420479462,,621.4484904
627.775,,,,,,,,,,,,,,
627.888,143.33,139.5340848594,3085.94,95.5945919775,,95.5945919775,102.7704232709,,,,,1.19826420479462,,621.5883936
627.906,,,,,,,,,,,,,,
627.9730000000001,,,,,,,,,,,,,,
628.001,,,,,1.23000001907349,,,,619.429992675781,619.429992675781,1.22000002861023,,6.097902973057551,
628.0369999999999,,,,,,,,,,,,,,
628.04,143.57,139.5613004016,,95.2770773185,,95.2770773185,102.7704232709,,,,,1.19826420479462,,621.727992
628.101,,,,,,,,,,,,,,
628.168,,,,,,,,,,,,,,
628.193,143.65,139.5839800201,,95.1409996075,,95.1409996075,102.7704232709,,,,,1.19826420479462,,621.8675904
628.232,,,,,,,,,,,,,,
628.2959999999999,,,,,,,,,,,,,,
628.345,143.88,139.6111955623,3125.0,95.0911044468,,95.0911044468,102.7704232709,,,,,1.19826420479462,,622.0071887999999
628.37,,,,,,,,,,,,,,
628.434,,,,,,,,,,,,,,
628.498,143.0,139.6384111045,,95.1137840653,,95.1137840653,102.7704232709,,,,,1.19826420479462,,622.1467872000001
628.501,,,,,,,,,,,,,,
628.565,,,,,,,,,,,,,,
628.629,,,,,,,,,,,,,,
628.65,143.17,139.6656266467,,95.0911044468,,95.0911044468,102.7704232709,,,,,1.19826420479462,,622.2863856
628.696,,,,,,,,,,,,,,
628.76,,,,,,,,,,,,,,
628.802,143.43,139.6928421889,3125.0,95.2816132422,,95.2816132422,102.7704232709,,,,,1.19826420479462,,622.425984
628.8240000000001,,,,,,,,,,,,,,
628.891,,,,,,,,,,,,,,
628.955,143.08,139.7200577311,,95.5537686642,,95.5537686642,102.7704232709,,,,,1.19826420479462,,622.5655824
629.001,,,,,1.23000001907349,,,,620.289978027344,620.289978027344,1.22000002861023,,5.934748534577429,
629.019,,,,,,,,,,,,,,
629.086,,,,,,,,,,,,,,
629.107,143.74,139.7472732733,,95.5129453509,,95.5129453509,102.7704232709,,,,,1.19826420479462,,622.7051807999999
629.15,,,,,,,,,,,,,,
629.214,,,,,,,,,,,,,,
629.26,143.78,139.77448881549998,3125.0,95.4857298087,,95.4857298087,102.7704232709,,,,,1.19826420479462,,622.8447792000001
629.281,,,,,,,,,,,,,,
629.4119999999999,143.21,139.8017043577,,95.4222268769,,95.4222268769,102.7704232709,,,,,1.19826420479462,,622.9843776
629.476,,,,,,,,,,,,,,
629.5459999999999,,,,,,,,,,,,,,
629.564,144.0,139.8289198999,,95.2725413948,,95.2725413948,102.7704232709,,,,,1.19826420479462,,623.1236712
629.613,,,,,,,,,,,,,,
629.6709999999999,,,,,,,,,,,,,,
629.717,143.67,139.8561354421,3125.0,95.5220171983,,95.5220171983,102.7704232709,,,,,1.19826420479462,,623.2632696000001
629.75,,,,,,,,,,,,,,
629.869,143.57,139.8833509843,,95.6354152908,,95.6354152908,102.7704232709,,,,,1.19826420479462,,623.402868
629.872,,,,,,,,,,,,,,
629.945,,,,,,,,,,,,,,
630.0,,,,,1.23000001907349,,,,621.159973144531,,,,,
630.003,,,,,,,,,,,,,,
630.0219999999999,143.22,139.9105665265,,95.7215978411,,95.7215978411,102.7704232709,,,,,1.19826420479462,,623.5421616
630.067,,,,,,,,,,,,,,
630.14,,,,,,,,,,,,,,
630.174,143.54,139.93778206870002,,95.8939629417,,95.8939629417,102.7704232709,,,,,1.19826420479462,,623.6817599999999
630.198,,,,,,,,,,,,,,
630.262,,,,,,,,,,,,,,
630.326,143.78,139.9649976109,3125.0,95.934786255,,95.934786255,102.7704232709,,,,,1.19826420479462,,623.8213584
630.336,,,,,,,,,,,,,,
630.393,,,,,,,,,,,,,,
630.457,,,,,,,,,,,,,,
630.479,143.5,139.9876772294,,95.9756095683,,95.9756095683,102.7704232709,,,,,1.19826420479462,,623.960652
630.531,,,,,,,,,,,,,,
630.589,,,,,,,,,,,,,,
630.631,143.17,140.0148927716,,95.798708544,,95.798708544,102.7704232709,,,,,1.19826420479462,,624.1002503999999
630.653,,,,,,,,,,,,,,
630.72,,,,,,,,,,,,,,
630.784,143.26,140.0421083138,3085.94,95.934786255,,95.934786255,102.7704232709,,,,,1.19826420479462,,624.239544
630.851,,,,,,,,,,,,,,
630.9209999999999,,,,,,,,,,,,,,
630.936,143.71,140.069323856,,95.9574658735,,95.9574658735,102.7704232709,,,,,1.19826420479462,,624.3788376
630.979,,,,,,,,,,,,,,
631.0,,,,,1.23000001907349,,,,622.010009765625,622.010009765625,1.23000001907349,,5.85317082909879,
631.0459999999999,,,,,,,,,,,,,,
631.0880000000001,143.35,140.0965393982,,96.116223203,,96.116223203,102.7704232709,,,,,1.19826420479462,,624.5184360000001
631.116,,,,,,,,,,,,,,
631.241,143.46,140.1237549404,3125.0,96.1887979822,,96.1887979822,102.7704232709,,,,,1.19826420479462,,624.6577296
631.253,,,,,,,,,,,,,,
631.311,,,,,,,,,,,,,,
631.378,,,,,,,,,,,,,,
631.393,143.65,140.1509704826,,96.2795164562,,96.2795164562,102.7704232709,,,,,1.19826420479462,,624.797328
631.448,,,,,,,,,,,,,,
631.506,,,,,,,,,,,,,,
631.5459999999999,143.57,140.1781860248,,96.3974504724,,96.3974504724,102.7704232709,,,,,1.19826420479462,,624.9366216
631.573,,,,,,,,,,,,,,
631.643,,,,,,,,,,,,,,
631.698,143.25,140.205401567,3085.94,96.3067319984,,96.3067319984,102.7704232709,,,,,1.19826420479462,,625.0759152
631.701,,,,,,,,,,,,,,
631.8380000000001,,,,,,,,,,,,,,
631.85,143.22,140.2326171092,,96.1343668978,,96.1343668978,102.7704232709,,,,,1.19826420479462,,625.2152087999999
631.896,,,,,,,,,,,,,,
631.9630000000001,,,,,,,,,,,,,,
632.0,,,,,1.19000005722046,,,,622.840026855469,622.840026855469,1.22000002861023,,5.57784747104429,
632.003,144.0,140.2598326514,,96.2341572192,,96.2341572192,102.7704232709,,,,,1.19826420479462,,625.3545024
632.033,,,,,,,,,,,,,,
632.091,,,,,,,,,,,,,,
632.155,143.35,140.2870481936,3085.94,96.3248756932,,96.3248756932,102.7704232709,,,,,1.19826420479462,,625.493796
632.158,,,,,,,,,,,,,,
632.289,,,,,,,,,,,,,,
632.308,143.33,140.3142637358,,96.0799358134,,96.0799358134,102.7704232709,,,,,1.19826420479462,,625.6333944
632.3530000000001,,,,,,,,,,,,,,
632.423,,,,,,,,,,,,,,
632.46,143.0,140.34147927799998,,95.8984988654,,95.8984988654,102.7704232709,,,,,1.19826420479462,,625.772688
632.484,,,,,,,,,,,,,,
632.548,,,,,,,,,,,,,,
632.612,143.17,140.3641588965,3125.0,96.0118969579,,96.0118969579,102.7704232709,,,,,1.19826420479462,,625.9119816000001
632.618,,,,,,,,,,,,,,
632.686,,,,,,,,,,,,,,
632.765,143.58,140.3913744387,,96.116223203,,96.116223203,102.7704232709,,,,,1.19826420479462,,626.0509704
632.817,,,,,,,,,,,,,,
632.881,,,,,,,,,,,,,,
632.9169999999999,143.09,140.4185899809,,95.9620017972,,95.9620017972,102.7704232709,,,,,1.19826420479462,,626.190264
632.951,,,,,,,,,,,,,,
632.999,,,,,1.23000001907349,,,,623.700012207031,623.700012207031,1.23000001907349,,5.761396700573009,
633.012,,,,,,,,,,,,,,
633.07,143.71,140.4458055231,,95.6354152908,,95.6354152908,102.7704232709,,,,,1.19826420479462,,626.3295576
633.076,,,,,,,,,,,,,,
633.106,,,,,,,,,,,,,,
633.1519999999999,,,,,,,,,,,,,,
633.222,29.92,140.46394921790002,3125.0,71.56326821489999,,71.56326821489999,102.8021747368,,,,,1.19826420479462,,626.4688512
633.234,,,,,,,,,,,,,,
633.2769999999999,,,,,,,,,,,,,,
633.374,143.51,140.5002366075,,99.8674321029,,99.8674321029,103.6957517057,,,,,1.19826420479462,,626.6081448
633.408,,,,,,,,,,,,,,
633.518,,,,,,,,,,,,,,
633.5269999999999,143.29,140.5274521497,3085.94,98.973855134,,98.973855134,103.6957517057,,,,,1.19826420479462,,626.7474384
633.569,,,,,,,,,,,,,,
633.633,,,,,,,,,,,,,,
633.679,143.37,140.5546676919,,98.9239599733,,98.9239599733,103.6957517057,,,,,1.19826420479462,,626.8864272000001
633.688,,,,,,,,,,,,,,
633.758,,,,,,,,,,,,,,
633.819,,,,,,,,,,,,,,
633.832,143.63,140.5818832341,3125.0,98.2843947316,,98.2843947316,103.6957517057,,,,,1.19826420479462,,627.0257207999999
633.883,,,,,,,,,,,,,,
633.984,143.67,140.6090987763,,98.0031674622,,98.0031674622,103.6957517057,,,,,1.19826420479462,,627.1650143999999
633.999,,,,,1.23000001907349,,,,624.549987792969,624.549987792969,1.23000001907349,,6.74032430393091,
634.011,,,,,,,,,,,,,,
634.082,,,,,,,,,,,,,,
634.136,143.68,140.6363143185,,97.295563365,,97.295563365,103.6957517057,,,,,1.19826420479462,,627.3040032
634.158,,,,,,,,,,,,,,
634.222,,,,,,,,,,,,,,
634.289,143.41,140.6635298607,,97.204844891,,97.204844891,103.6957517057,,,,,1.19826420479462,,627.4432968
634.2919999999999,,,,,,,,,,,,,,
634.368,,,,,,,,,,,,,,
634.441,143.64,140.6907454029,3085.94,97.4044255338,,97.4044255338,103.6957517057,,,,,1.19826420479462,,627.5822856000001
634.499,,,,,,,,,,,,,,
634.575,,,,,,,,,,,,,,
634.594,143.45,140.71342502139998,,97.3363866783,,97.3363866783,103.6957517057,,,,,1.19826420479462,,627.7215792000001
634.636,,,,,,,,,,,,,,
634.706,,,,,,,,,,,,,,
634.746,143.45,140.7406405636,,97.1821652725,,97.1821652725,103.6957517057,,,,,1.19826420479462,,627.860568
634.783,,,,,,,,,,,,,,
634.847,,,,,,,,,,,,,,
634.898,143.32,140.7678561058,3125.0,96.9689768586,,96.9689768586,103.6957517057,,,,,1.19826420479462,,627.9998616
634.914,,,,,,,,,,,,,,
634.999,,,,,1.23000001907349,,,,625.4000244140631,625.4000244140631,1.23000001907349,,7.09722488122547,
635.0509999999999,143.45,140.795071648,,96.9735127823,,96.9735127823,103.6957517057,,,,,1.19826420479462,,628.1388504
635.054,,,,,,,,,,,,,,
635.124,,,,,,,,,,,,,,
635.197,,,,,,,,,,,,,,
635.203,143.32,140.8222871902,,96.9462972401,,96.9462972401,103.6957517057,,,,,1.19826420479462,,628.2778392000001
635.261,,,,,,,,,,,,,,
635.328,,,,,,,,,,,,,,
635.356,143.5,140.8495027324,,96.8147554528,,96.8147554528,103.6957517057,,,,,1.19826420479462,,628.416828
635.404,,,,,,,,,,,,,,
635.423,,,,,,,,,,,,,,
635.508,143.27,140.8767182746,3125.0,96.8555787661,,96.8555787661,103.6957517057,,,,,1.19826420479462,,628.5561216
635.56,,,,,,,,,,,,,,
635.66,143.0,140.9039338168,,96.8328991476,,96.8328991476,103.6957517057,,,,,1.19826420479462,,628.6951104
635.7,,,,,,,,,,,,,,
635.776,,,,,,,,,,,,,,
635.813,143.05,140.931149359,,96.6832136655,,96.6832136655,103.6957517057,,,,,1.19826420479462,,628.8340992000001
635.837,,,,,,,,,,,,,,
635.9069999999999,,,,,,,,,,,,,,
635.965,143.77,140.9583649012,,96.7195010551,,96.7195010551,103.6957517057,,,,,1.19826420479462,,628.973088
635.98,,,,,,,,,,,,,,
635.999,,,,,1.23000001907349,,,,626.22998046875,626.22998046875,1.22000002861023,,7.1482108863698,
636.0409999999999,,,,,,,,,,,,,,
636.118,143.36,140.9855804434,3164.06,96.6423903522,,96.6423903522,103.6957517057,,,,,1.19826420479462,,629.1120768
636.188,,,,,,,,,,,,,,
636.249,,,,,,,,,,,,,,
636.27,143.64,141.0127959856,,96.8147554528,,96.8147554528,103.6957517057,,,,,1.19826420479462,,629.2510656000001
636.319,,,,,,,,,,,,,,
636.395,,,,,,,,,,,,,,
636.422,143.27,141.0400115278,,96.8147554528,,96.8147554528,103.6957517057,,,,,1.19826420479462,,629.3900543999999
636.456,,,,,,,,,,,,,,
636.526,,,,,,,,,,,,,,
636.575,143.91,141.06722707,3125.0,96.7149651314,,96.7149651314,103.6957517057,,,,,1.19826420479462,,629.5290432
636.602,,,,,,,,,,,,,,
636.66,,,,,,,,,,,,,,
636.727,143.32,141.0944426122,,96.7331088262,,96.7331088262,103.6957517057,,,,,1.19826420479462,,629.668032
636.73,,,,,,,,,,,,,,
636.806,,,,,,,,,,,,,,
636.867,,,,,,,,,,,,,,
636.88,143.77,141.1171222307,,96.8056836054,,96.8056836054,103.6957517057,,,,,1.19826420479462,,629.8070207999999
636.938,,,,,,,,,,,,,,
637.002,,,,,1.23000001907349,,,,627.0999755859381,627.0999755859381,1.23000001907349,,7.3317596296599294,
637.014,,,,,,,,,,,,,,
637.0319999999999,143.0,141.1443377729,3085.94,96.5063126412,,96.5063126412,103.6957517057,,,,,1.19826420479462,,629.9460096
637.078,,,,,,,,,,,,,,
637.184,143.45,141.1715533151,,96.6514621996,,96.6514621996,103.6957517057,,,,,1.19826420479462,,630.0849984
637.221,,,,,,,,,,,,,,
637.2819999999999,,,,,,,,,,,,,,
637.337,143.36,141.1987688573,,96.5743514967,,96.5743514967,103.6957517057,,,,,1.19826420479462,,630.2236824
637.3580000000001,,,,,,,,,,,,,,
637.428,,,,,,,,,,,,,,
637.489,143.41,141.22598439950002,,96.7195010551,,96.7195010551,103.6957517057,,,,,1.19826420479462,,630.3626712
637.498,,,,,,,,,,,,,,
637.575,,,,,,,,,,,,,,
637.6419999999999,143.59,141.2531999417,3164.06,96.5879592678,,96.5879592678,103.6957517057,,,,,1.19826420479462,,630.50166
637.706,,,,,,,,,,,,,,
637.7819999999999,,,,,,,,,,,,,,
637.794,144.0,141.2804154839,,96.4382737857,,96.4382737857,103.6957517057,,,,,1.19826420479462,,630.640344
637.8430000000001,,,,,,,,,,,,,,
637.913,,,,,,,,,,,,,,
637.946,143.86,141.3076310261,,96.5834233441,,96.5834233441,103.6957517057,,,,,1.19826420479462,,630.7793328
637.989,,,,,,,,,,,,,,
638.001,,,,,1.23000001907349,,,,627.929992675781,627.929992675781,1.23000001907349,,7.42353424442429,
638.05,,,,,,,,,,,,,,
638.099,143.36,141.3348465683,3125.0,96.5607437256,,96.5607437256,103.6957517057,,,,,1.19826420479462,,630.9180167999999
638.12,,,,,,,,,,,,,,
638.251,143.0,141.3620621105,,96.705893284,,96.705893284,103.6957517057,,,,,1.19826420479462,,631.0570056
638.26,,,,,,,,,,,,,,
638.327,,,,,,,,,,,,,,
638.404,143.73,141.3892776527,,96.7830039869,,96.7830039869,103.6957517057,,,,,1.19826420479462,,631.1956896
638.4680000000001,,,,,,,,,,,,,,
638.538,,,,,,,,,,,,,,
638.556,144.0,141.4164931949,,96.6106388863,,96.6106388863,103.6957517057,,,,,1.19826420479462,,631.3346784
638.614,,,,,,,,,,,,,,
638.7080000000001,143.36,141.4437087371,3125.0,96.4473456331,,96.4473456331,103.6957517057,,,,,1.19826420479462,,631.4733623999999
638.745,,,,,,,,,,,,,,
638.821,,,,,,,,,,,,,,
638.861,143.77,141.4709242793,,96.3158038458,,96.3158038458,103.6957517057,,,,,1.19826420479462,,631.6123512
638.882,,,,,,,,,,,,,,
638.9580000000001,,,,,,,,,,,,,,
639.001,,,,,1.23000001907349,,,,628.75,628.75,1.23000001907349,,7.454125458520029,
639.013,144.0,141.4936038978,,96.3475553117,,96.3475553117,103.6957517057,,,,,1.19826420479462,,631.7510352
639.028,,,,,,,,,,,,,,
639.092,,,,,,,,,,,,,,
639.1659999999999,144.0,141.52081944,3085.94,96.3974504724,,96.3974504724,103.6957517057,,,,,1.19826420479462,,631.8897192000001
639.175,,,,,,,,,,,,,,
639.306,,,,,,,,,,,,,,
639.318,143.23,141.5480349822,,96.6197107337,,96.6197107337,103.6957517057,,,,,1.19826420479462,,632.0284032000001
639.382,,,,,,,,,,,,,,
639.443,,,,,,,,,,,,,,
639.47,143.27,141.57525052440002,,96.9689768586,,96.9689768586,103.6957517057,,,,,1.19826420479462,,632.167392
639.513,,,,,,,,,,,,,,
639.589,,,,,,,,,,,,,,
639.623,143.09,141.6024660666,3125.0,97.0143360956,,97.0143360956,103.6957517057,,,,,1.19826420479462,,632.306076
639.653,,,,,,,,,,,,,,
639.775,143.73,141.62968160879998,,96.9825846297,,96.9825846297,103.6957517057,,,,,1.19826420479462,,632.44476
639.8,,,,,,,,,,,,,,
639.861,,,,,,,,,,,,,,
639.928,143.36,141.656897151,,97.0823749511,,97.0823749511,103.6957517057,,,,,1.19826420479462,,632.583444
639.931,,,,,,,,,,,,,,
640.001,,,,,1.23000001907349,,,,629.6099853515631,629.6099853515631,1.23000001907349,,7.3011679293256195,
640.007,,,,,,,,,,,,,,
640.068,,,,,,,,,,,,,,
640.08,143.23,141.67957676950002,,96.9825846297,,96.9825846297,103.6957517057,,,,,1.19826420479462,,632.722128
640.138,,,,,,,,,,,,,,
640.232,144.0,141.5933942192,3125.0,96.9462972401,,96.9462972401,103.6957517057,,,,,1.19826420479462,,632.860812
640.278,,,,,,,,,,,,,,
640.345,,,,,,,,,,,,,,
640.385,144.0,141.6206097614,,97.1095904933,,97.1095904933,103.6957517057,,,,,1.19826420479462,,632.999496
640.4209999999999,,,,,,,,,,,,,,
640.485,,,,,,,,,,,,,,
640.5369999999999,143.59,141.6432893799,,97.2365963569,,97.2365963569,103.6957517057,,,,,1.19826420479462,,633.13818
640.555,,,,,,,,,,,,,,
640.632,,,,,,,,,,,,,,
640.69,143.0,141.67050492209998,3125.0,97.0052642482,,97.0052642482,103.6957517057,,,,,1.19826420479462,,633.2768639999999
640.693,,,,,,,,,,,,,,
640.839,,,,,,,,,,,,,,
640.842,143.36,141.6977204643,,97.023407943,,97.023407943,103.6957517057,,,,,1.19826420479462,,633.4152432
640.903,,,,,,,,,,,,,,
640.985,,,,,,,,,,,,,,
640.994,143.82,141.7249360065,,97.0143360956,,97.0143360956,103.6957517057,,,,,1.19826420479462,,633.5539272000001
641.0,,,,,1.23000001907349,,,,630.460021972656,630.460021972656,1.23000001907349,,7.1278160953212,
641.0459999999999,,,,,,,,,,,,,,
641.116,,,,,,,,,,,,,,
641.1469999999999,143.36,141.747615625,,96.932689469,,96.932689469,103.6957517057,,,,,1.19826420479462,,633.6926112000001
641.193,,,,,,,,,,,,,,
641.299,143.0,141.7748311672,3164.06,96.8510428424,,96.8510428424,103.6957517057,,,,,1.19826420479462,,633.8312952
641.336,,,,,,,,,,,,,,
641.418,,,,,,,,,,,,,,
641.452,144.0,141.8020467094,,96.5471359545,,96.5471359545,103.6957517057,,,,,1.19826420479462,,633.9696744
641.485,,,,,,,,,,,,,,
641.561,,,,,,,,,,,,,,
641.604,143.8,141.8292622516,,96.524456336,,96.524456336,103.6957517057,,,,,1.19826420479462,,634.1083583999999
641.644,,,,,,,,,,,,,,
641.714,,,,,,,,,,,,,,
641.756,143.3,141.8519418701,3164.06,96.6242466574,,96.6242466574,103.6957517057,,,,,1.19826420479462,,634.2467376
641.79,,,,,,,,,,,,,,
641.909,144.0,141.8791574123,,96.4518815568,,96.4518815568,103.6957517057,,,,,1.19826420479462,,634.3854216
641.942,,,,,,,,,,,,,,
642.0,,,,,1.23000001907349,,,,631.280029296875,631.280029296875,1.23000001907349,,7.34195653894565,
642.019,,,,,,,,,,,,,,
642.061,144.0,141.9063729545,,96.4836330227,,96.4836330227,103.6957517057,,,,,1.19826420479462,,634.5238007999999
642.101,,,,,,,,,,,,,,
642.168,,,,,,,,,,,,,,
642.214,143.85,141.9335884967,,96.4700252516,,96.4700252516,103.6957517057,,,,,1.19826420479462,,634.6624847999999
642.244,,,,,,,,,,,,,,
642.3290000000001,,,,,,,,,,,,,,
642.366,143.75,141.9562681152,3125.0,96.3747708539,,96.3747708539,103.6957517057,,,,,1.19826420479462,,634.8008639999999
642.396,,,,,,,,,,,,,,
642.4730000000001,,,,,,,,,,,,,,
642.518,143.14,141.9834836574,,96.4927048701,,96.4927048701,103.6957517057,,,,,1.19826420479462,,634.9395480000001
642.555,,,,,,,,,,,,,,
642.622,,,,,,,,,,,,,,
642.6709999999999,143.05,142.0106991996,,96.5879592678,,96.5879592678,103.6957517057,,,,,1.19826420479462,,635.0779272000001
642.698,,,,,,,,,,,,,,
642.784,,,,,,,,,,,,,,
642.823,144.0,142.0379147418,,96.5834233441,,96.5834233441,103.6957517057,,,,,1.19826420479462,,635.2163063999999
642.851,,,,,,,,,,,,,,
642.933,,,,,,,,,,,,,,
642.976,143.65,142.065130284,3125.0,96.4292019383,,96.4292019383,103.6957517057,,,,,1.19826420479462,,635.3549904
643.0,,,,,1.23000001907349,,,,632.1099853515631,632.1099853515631,1.23000001907349,,7.5560969825701,
643.009,,,,,,,,,,,,,,
643.085,,,,,,,,,,,,,,
643.128,143.45,142.0878099025,,96.433737862,,96.433737862,103.6957517057,,,,,1.19826420479462,,635.4933696
643.1709999999999,,,,,,,,,,,,,,
643.238,,,,,,,,,,,,,,
643.28,143.4,142.1150254447,,96.5199204123,,96.5199204123,103.6957517057,,,,,1.19826420479462,,635.6317488
643.314,,,,,,,,,,,,,,
643.399,,,,,,,,,,,,,,
643.433,144.0,142.1422409869,3085.94,96.6832136655,,96.6832136655,103.6957517057,,,,,1.19826420479462,,635.770128
643.466,,,,,,,,,,,,,,
643.585,143.5,142.1694565291,,96.6061029626,,96.6061029626,103.6957517057,,,,,1.19826420479462,,635.9085072
643.625,,,,,,,,,,,,,,
643.695,,,,,,,,,,,,,,
643.738,143.5,142.1921361476,,96.7149651314,,96.7149651314,103.6957517057,,,,,1.19826420479462,,636.0468864000001
643.771,,,,,,,,,,,,,,
643.8530000000001,,,,,,,,,,,,,,
643.89,143.05,142.2193516898,,96.6741418181,,96.6741418181,103.6957517057,,,,,1.19826420479462,,636.1852656000001
643.92,,,,,,,,,,,,,,
643.997,,,,,,,,,,,,,,
644.0,,,,,1.23000001907349,,,,632.929992675781,632.929992675781,1.23000001907349,,7.54590007328439,
644.0419999999999,143.57,142.24656723200002,3164.06,96.479097099,,96.479097099,103.6957517057,,,,,1.19826420479462,,636.3236448
644.0790000000001,,,,,,,,,,,,,,
644.195,143.6,142.2737827742,,96.3611630828,,96.3611630828,103.6957517057,,,,,1.19826420479462,,636.462024
644.222,,,,,,,,,,,,,,
644.3009999999999,,,,,,,,,,,,,,
644.347,143.57,142.2964623927,,96.1570465163,,96.1570465163,103.6957517057,,,,,1.19826420479462,,636.6004032000001
644.362,,,,,,,,,,,,,,
644.433,,,,,,,,,,,,,,
644.5,143.45,142.3236779349,,96.5834233441,,96.5834233441,103.6957517057,,,,,1.19826420479462,,636.7387824
644.506,,,,,,,,,,,,,,
644.567,,,,,,,,,,,,,,
644.6519999999999,143.75,142.3508934771,3085.94,96.53806410709998,,96.53806410709998,103.6957517057,,,,,1.19826420479462,,636.8771616
644.707,,,,,,,,,,,,,,
644.774,,,,,,,,,,,,,,
644.804,143.0,142.3781090193,,96.0617921186,,96.0617921186,103.6957517057,,,,,1.19826420479462,,637.0152360000001
644.8530000000001,,,,,,,,,,,,,,
644.9259999999999,,,,,,,,,,,,,,
644.957,143.29,142.40078863780002,,95.7941726203,,95.7941726203,103.6957517057,,,,,1.19826420479462,,637.1536152000001
644.996,,,,,,,,,,,,,,
644.999,,,,,1.23000001907349,,,,633.789978027344,633.789978027344,1.22000002861023,,7.82122343133888,
645.085,,,,,,,,,,,,,,
645.109,143.62,142.42800418,3164.06,95.8032444677,,95.8032444677,103.6957517057,,,,,1.19826420479462,,637.2919944
645.1519999999999,,,,,,,,,,,,,,
645.222,,,,,,,,,,,,,,
645.262,143.59,142.45521972219998,,95.7397415359,,95.7397415359,103.6957517057,,,,,1.19826420479462,,637.4300688
645.2919999999999,,,,,,,,,,,,,,
645.356,,,,,,,,,,,,,,
645.414,143.0,142.4824352644,,96.2659086851,,96.2659086851,103.6957517057,,,,,1.19826420479462,,637.568448
645.4259999999999,,,,,,,,,,,,,,
645.493,,,,,,,,,,,,,,
645.548,,,,,,,,,,,,,,
645.566,143.29,142.50511488290002,3085.94,96.5063126412,,96.5063126412,103.6957517057,,,,,1.19826420479462,,637.7065223999999
645.612,,,,,,,,,,,,,,
645.719,143.0,142.5323304251,,96.7784680632,,96.7784680632,103.6957517057,,,,,1.19826420479462,,637.8449016
645.734,,,,,,,,,,,,,,
645.795,,,,,,,,,,,,,,
645.865,,,,,,,,,,,,,,
645.871,143.29,142.55954596729998,,97.06876718,,97.06876718,103.6957517057,,,,,1.19826420479462,,637.982976
645.923,,,,,,,,,,,,,,
645.987,,,,,,,,,,,,,,
645.999,,,,,1.23000001907349,,,,634.590026855469,634.590026855469,1.22000002861023,,8.14753230829913,
646.024,143.58,142.5867615095,,96.9145457742,,96.9145457742,103.6957517057,,,,,1.19826420479462,,638.1213552
646.06,,,,,,,,,,,,,,
646.1759999999999,144.0,142.609441128,3125.0,96.8056836054,,96.8056836054,103.6957517057,,,,,1.19826420479462,,638.2594296
646.194,,,,,,,,,,,,,,
646.2769999999999,,,,,,,,,,,,,,
646.328,143.62,142.6366566702,,96.5834233441,,96.5834233441,103.6957517057,,,,,1.19826420479462,,638.3978088
646.344,,,,,,,,,,,,,,
646.42,,,,,,,,,,,,,,
646.481,143.85,142.6638722124,,96.4065223198,,96.4065223198,103.6957517057,,,,,1.19826420479462,,638.5358832000001
646.502,,,,,,,,,,,,,,
646.569,,,,,,,,,,,,,,
646.633,143.0,142.69108775459998,3125.0,96.1343668978,,96.1343668978,103.6957517057,,,,,1.19826420479462,,638.6739576
646.651,,,,,,,,,,,,,,
646.786,143.85,142.71376737309998,,96.0890076608,,96.0890076608,103.6957517057,,,,,1.19826420479462,,638.812032
646.804,,,,,,,,,,,,,,
646.88,,,,,,,,,,,,,,
646.938,143.0,142.7409829153,,96.3203397695,,96.3203397695,103.6957517057,,,,,1.19826420479462,,638.9504112000001
646.956,,,,,,,,,,,,,,
646.999,,,,,1.23000001907349,,,,635.419982910156,635.419982910156,1.22000002861023,,7.78043482171885,
647.0319999999999,,,,,,,,,,,,,,
647.09,143.0,142.7681984575,,96.3656990065,,96.3656990065,103.6957517057,,,,,1.19826420479462,,639.0884856
647.115,,,,,,,,,,,,,,
647.185,,,,,,,,,,,,,,
647.243,143.0,142.7954139997,3125.0,96.3021960747,,96.3021960747,103.6957517057,,,,,1.19826420479462,,639.22656
647.261,,,,,,,,,,,,,,
647.3430000000001,,,,,,,,,,,,,,
647.395,143.8,142.8180936182,,96.2795164562,,96.2795164562,103.6957517057,,,,,1.19826420479462,,639.3646344
647.41,,,,,,,,,,,,,,
647.487,,,,,,,,,,,,,,
647.548,143.35,142.8453091604,,96.3067319984,,96.3067319984,103.6957517057,,,,,1.19826420479462,,639.5027087999999
647.572,,,,,,,,,,,,,,
647.639,,,,,,,,,,,,,,
647.7,143.4,142.8725247026,,96.252300914,,96.252300914,103.6957517057,,,,,1.19826420479462,,639.6407832
647.715,,,,,,,,,,,,,,
647.8009999999999,,,,,,,,,,,,,,
647.852,143.15,142.8997402448,3164.06,96.0164328816,,96.0164328816,103.6957517057,,,,,1.19826420479462,,639.7788576
647.868,,,,,,,,,,,,,,
647.944,,,,,,,,,,,,,,
647.999,,,,,1.23000001907349,,,,636.25,636.25,1.23000001907349,,7.9639835650089905,
648.005,144.0,142.926955787,,96.0572561949,,96.0572561949,103.6957517057,,,,,1.19826420479462,,639.916932
648.026,,,,,,,,,,,,,,
648.096,,,,,,,,,,,,,,
648.1569999999999,143.15,142.9496354055,,96.2613727614,,96.2613727614,103.6957517057,,,,,1.19826420479462,,640.0550063999999
648.172,,,,,,,,,,,,,,
648.255,,,,,,,,,,,,,,
648.31,144.0,142.9768509477,3125.0,96.3067319984,,96.3067319984,103.6957517057,,,,,1.19826420479462,,640.192776
648.325,,,,,,,,,,,,,,
648.462,143.35,143.0040664899,,96.343019388,,96.343019388,103.6957517057,,,,,1.19826420479462,,640.3308503999999
648.4830000000001,,,,,,,,,,,,,,
648.553,,,,,,,,,,,,,,
648.614,143.35,143.0312820321,,96.2931242273,,96.2931242273,103.6957517057,,,,,1.19826420479462,,640.4689248
648.63,,,,,,,,,,,,,,
648.712,,,,,,,,,,,,,,
648.7669999999999,143.55,143.0539616506,,96.2568368377,,96.2568368377,103.6957517057,,,,,1.19826420479462,,640.6069992
648.7819999999999,,,,,,,,,,,,,,
648.873,,,,,,,,,,,,,,
648.919,144.0,143.0811771928,3164.06,96.1298309741,,96.1298309741,103.6957517057,,,,,1.19826420479462,,640.7447687999999
648.941,,,,,,,,,,,,,,
649.001,,,,,1.23000001907349,,,,637.080017089844,637.080017089844,1.23000001907349,,8.02516647943903,
649.0169999999999,,,,,,,,,,,,,,
649.072,143.9,143.108392735,,96.2659086851,,96.2659086851,103.6957517057,,,,,1.19826420479462,,640.8828432
649.099,,,,,,,,,,,,,,
649.169,,,,,,,,,,,,,,
649.224,143.2,143.1356082772,,96.3158038458,,96.3158038458,103.6957517057,,,,,1.19826420479462,,641.0206128
649.245,,,,,,,,,,,,,,
649.328,,,,,,,,,,,,,,
649.376,143.5,143.1582878957,,96.1071513556,,96.1071513556,103.6957517057,,,,,1.19826420479462,,641.1586872
649.398,,,,,,,,,,,,,,
649.474,,,,,,,,,,,,,,
649.529,143.05,143.1855034379,3125.0,95.9892173394,,95.9892173394,103.6957517057,,,,,1.19826420479462,,641.2964568
649.556,,,,,,,,,,,,,,
649.626,,,,,,,,,,,,,,
649.681,143.4,143.2127189801,,95.8803551706,,95.8803551706,103.6957517057,,,,,1.19826420479462,,641.4345312
649.6990000000001,,,,,,,,,,,,,,
649.7819999999999,,,,,,,,,,,,,,
649.8340000000001,143.65,143.2399345223,,95.9393221787,,95.9393221787,103.6957517057,,,,,1.19826420479462,,641.5723008
649.849,,,,,,,,,,,,,,
649.925,,,,,,,,,,,,,,
649.986,144.0,143.2626141408,3085.94,96.0209688053,,96.0209688053,103.6957517057,,,,,1.19826420479462,,641.7100704
650.001,,,,,1.23000001907349,,,,637.909973144531,637.909973144531,1.23000001907349,,8.014969570153319,
650.004,,,,,,,,,,,,,,
650.138,143.25,143.289829683,,96.1343668978,,96.1343668978,103.6957517057,,,,,1.19826420479462,,641.8481448
650.148,,,,,,,,,,,,,,
650.23,,,,,,,,,,,,,,
650.2909999999999,143.75,143.3170452252,,95.9982891868,,95.9982891868,103.6957517057,,,,,1.19826420479462,,641.9859144
650.3,,,,,,,,,,,,,,
650.373,,,,,,,,,,,,,,
650.443,143.0,143.3442607674,,95.9756095683,,95.9756095683,103.6957517057,,,,,1.19826420479462,,642.123684
650.455,,,,,,,,,,,,,,
650.5219999999999,,,,,,,,,,,,,,
650.596,143.5,143.3669403859,3125.0,95.980145492,,95.980145492,103.6957517057,,,,,1.19826420479462,,642.2614536
650.599,,,,,,,,,,,,,,
650.748,143.4,143.3941559281,,96.1706542874,,96.1706542874,103.6957517057,,,,,1.19826420479462,,642.399528
650.8240000000001,,,,,,,,,,,,,,
650.9,143.15,143.42137147030002,,96.1661183637,,96.1661183637,103.6957517057,,,,,1.19826420479462,,642.5372976
650.91,,,,,,,,,,,,,,
650.9830000000001,,,,,,,,,,,,,,
651.001,,,,,1.23000001907349,,,,638.719970703125,638.719970703125,1.23000001907349,,8.06595508905907,
651.053,144.0,143.4485870125,,96.1479746689,,96.1479746689,103.6957517057,,,,,1.19826420479462,,642.6750672000001
651.068,,,,,,,,,,,,,,
651.135,,,,,,,,,,,,,,
651.205,143.2,143.47580255469998,3085.94,96.2432290666,,96.2432290666,103.6957517057,,,,,1.19826420479462,,642.8128368
651.211,,,,,,,,,,,,,,
651.297,,,,,,,,,,,,,,
651.3580000000001,143.45,143.4984821732,,96.2840523799,,96.2840523799,103.6957517057,,,,,1.19826420479462,,642.9506064
651.364,,,,,,,,,,,,,,
651.44,,,,,,,,,,,,,,
651.51,143.6,143.5256977154,,96.2477649903,,96.2477649903,103.6957517057,,,,,1.19826420479462,,643.0883759999999
651.5219999999999,,,,,,,,,,,,,,
651.592,,,,,,,,,,,,,,
651.6619999999999,143.5,143.5529132576,,96.1751902111,,96.1751902111,103.6957517057,,,,,1.19826420479462,,643.2261456
651.668,,,,,,,,,,,,,,
651.751,,,,,,,,,,,,,,
651.815,143.5,143.5801287998,3085.94,96.2114776007,,96.2114776007,103.6957517057,,,,,1.19826420479462,,643.3636104
651.821,,,,,,,,,,,,,,
651.894,,,,,,,,,,,,,,
651.967,143.0,143.6028084183,,96.0799358134,,96.0799358134,103.6957517057,,,,,1.19826420479462,,643.5013799999999
651.979,,,,,,,,,,,,,,
652.001,,,,,1.23000001907349,,,,639.539978027344,639.539978027344,1.22000002861023,,7.9945752653433,
652.0459999999999,,,,,,,,,,,,,,
652.12,143.9,143.63002396049998,,96.0572561949,,96.0572561949,103.6957517057,,,,,1.19826420479462,,643.6391496
652.123,,,,,,,,,,,,,,
652.205,,,,,,,,,,,,,,
652.2719999999999,143.7,143.6572395027,3125.0,95.9529299498,,95.9529299498,103.6957517057,,,,,1.19826420479462,,643.7769192000001
652.424,143.33,143.67991912120002,,95.934786255,,95.934786255,103.6957517057,,,,,1.19826420479462,,643.914384
652.43,,,,,,,,,,,,,,
652.498,,,,,,,,,,,,,,
652.5740000000001,,,,,,,,,,,,,,
652.577,143.15,143.7071346634,,96.0436484238,,96.0436484238,103.6957517057,,,,,1.19826420479462,,644.0521536
652.656,,,,,,,,,,,,,,
652.7230000000001,,,,,,,,,,,,,,
652.729,143.85,143.73435020559998,,96.1479746689,,96.1479746689,103.6957517057,,,,,1.19826420479462,,644.1899232000001
652.815,,,,,,,,,,,,,,
652.882,143.0,143.7615657478,3125.0,96.2931242273,,96.2931242273,103.6957517057,,,,,1.19826420479462,,644.327388
652.885,,,,,,,,,,,,,,
652.961,,,,,,,,,,,,,,
653.0,,,,,1.23000001907349,,,,640.3599853515631,640.3599853515631,1.23000001907349,,8.14753230829913,
653.034,143.7,143.78878129,,96.206941677,,96.206941677,103.6957517057,,,,,1.19826420479462,,644.4651576
653.043,,,,,,,,,,,,,,
653.113,,,,,,,,,,,,,,
653.186,143.5,143.8114609085,,96.2704446088,,96.2704446088,103.6957517057,,,,,1.19826420479462,,644.6026224
653.189,,,,,,,,,,,,,,
653.2719999999999,,,,,,,,,,,,,,
653.339,143.4,143.8386764507,,96.5516718782,,96.5516718782,103.6957517057,,,,,1.19826420479462,,644.740392
653.342,,,,,,,,,,,,,,
653.415,,,,,,,,,,,,,,
653.491,143.0,143.8658919929,3125.0,96.4473456331,,96.4473456331,103.6957517057,,,,,1.19826420479462,,644.8778568
653.5,,,,,,,,,,,,,,
653.567,,,,,,,,,,,,,,
653.644,143.25,143.8931075351,,96.5788874204,,96.5788874204,103.6957517057,,,,,1.19826420479462,,645.0153216
653.729,,,,,,,,,,,,,,
653.7959999999999,145.45,143.9157871536,,96.6061029626,,96.6061029626,103.6957517057,,,,,1.19826420479462,,645.1530912000001
653.872,,,,,,,,,,,,,,
653.948,147.0,143.9430026958,3203.13,96.4972407938,,96.4972407938,103.6957517057,,,,,1.19826420479462,,645.2905559999999
653.9580000000001,,,,,,,,,,,,,,645.2987856000001
654.0,,,,,1.23000001907349,,,,641.159973144531,641.159973144531,1.23000001907349,,7.78043482171885,
654.025,,,,,,,,,,,,,,645.3594408
654.101,147.0,143.970218238,,96.206941677,,96.206941677,103.6957517057,,,,,1.19826420479462,,645.4280208
654.156,,,,,,,,,,,,,,
654.195,,,,,,,,,,,,,,
654.235,,,,,,,,,,,,,,
654.253,146.49,143.9974337802,,97.9895596911,,97.9895596911,103.6957517057,,,,,1.19826420479462,,645.5654856000001
654.281,,,,,,,,,,,,,,
654.317,,,,,,,,,,,,,,
654.369,,,,,,,,,,,,,,
654.406,147.0,144.0201133987,3242.19,99.0872532265,,99.0872532265,103.6957517057,,,,,1.19826420479462,,645.7029504
654.448,,,,,,,,,,,,,,
654.491,,,,,,,,,,,,,,
654.531,,,,,,,,,,,,,,
654.558,147.44,144.0473289409,,99.3458008774,,99.3458008774,103.6957517057,,,,,1.19826420479462,,645.84072
654.57,,,,,,,,,,,,,,
654.6519999999999,,,,,,,,,,,,,,
654.71,150.22,144.0745444831,3359.38,99.3412649537,,99.3412649537,103.6957517057,,,,,1.19826420479462,,645.9781847999999
654.741,,,,,,,,,,,,,,
654.7769999999999,,,,,,,,,,,,,,
654.82,,,,,,,,,,,,,,
654.863,150.05,144.1017600253,,99.3095134878,,99.3095134878,103.6957517057,,,,,1.19826420479462,,646.1156496
654.866,,,,,,,,,,,,,,
654.9019999999999,,,,,,,,,,,,,,
654.945,,,,,,,,,,,,,,
654.991,,,,,,,,,,,,,,
655.0,,,,,1.23000001907349,,,,641.960021972656,641.960021972656,1.23000001907349,,6.138691582677589,
655.015,151.0,144.1244396438,3359.38,99.4229115803,,99.4229115803,103.6957517057,,,,,1.19826420479462,,646.2531144
655.0269999999999,,,,,,,,,,,,,,
655.067,,,,,,,,,,,,,,
655.113,,,,,,,,,,,,,,
655.1519999999999,,,,,,,,,,,,,,
655.168,151.25,144.151655186,,99.4637348936,,99.4637348936,103.6957517057,,,,,1.19826420479462,,646.3905792
655.192,,,,,,,,,,,,,,
655.241,,,,,,,,,,,,,,
655.32,151.32,144.1743348045,3359.38,100.289273007,,100.289273007,103.6957517057,,,,,1.19826420479462,,646.5277392
655.3689999999999,,,,,,,,,,,,,,
655.472,152.0,144.2015503467,,99.7086747734,,99.7086747734,103.6957517057,,,,,1.19826420479462,,646.665204
655.482,,,,,,,,,,,,,,
655.533,,,,,,,,,,,,,,
655.625,151.5,144.2287658889,,98.6472686276,,98.6472686276,103.6957517057,,,,,1.19826420479462,,646.8026687999999
655.655,,,,,,,,,,,,,,
655.707,,,,,,,,,,,,,,
655.7769999999999,151.48,144.2559814311,3398.44,98.5701579247,,98.5701579247,103.6957517057,,,,,1.19826420479462,,646.9401336
655.829,,,,,,,,,,,,,,
655.8810000000001,,,,,,,,,,,,,,
655.93,151.5,144.2831969733,,98.5066549929,,98.5066549929,103.6957517057,,,,,1.19826420479462,,647.0772936000001
655.942,,,,,,,,,,,,,,
656.0,,,,,1.23000001907349,,,,642.780029296875,642.780029296875,1.23000001907349,,5.802185310193041,
656.012,,,,,,,,,,,,,,
656.073,,,,,,,,,,,,,,
656.082,151.0,144.3104125155,,98.1800684865,,98.1800684865,103.6957517057,,,,,1.19826420479462,,647.2147583999999
656.137,,,,,,,,,,,,,,
656.2339999999999,151.35,144.333092134,3359.38,97.9124489882,,97.9124489882,103.6957517057,,,,,1.19826420479462,,647.3522232
656.268,,,,,,,,,,,,,,
656.332,,,,,,,,,,,,,,
656.387,151.42,144.3603076762,,97.9260567593,,97.9260567593,103.6957517057,,,,,1.19826420479462,,647.4893832
656.405,,,,,,,,,,,,,,
656.4630000000001,,,,,,,,,,,,,,
656.5269999999999,,,,,,,,,,,,,,
656.539,151.65,144.3875232184,,97.9169849119,,97.9169849119,103.6957517057,,,,,1.19826420479462,,647.626848
656.6,,,,,,,,,,,,,,
656.658,,,,,,,,,,,,,,
656.692,151.46,144.4147387606,3359.38,97.9895596911,,97.9895596911,103.6957517057,,,,,1.19826420479462,,647.764008
656.725,,,,,,,,,,,,,,
656.795,,,,,,,,,,,,,,
656.8439999999999,151.35,144.4419543028,,97.9351286067,,97.9351286067,103.6957517057,,,,,1.19826420479462,,647.9014728
656.8530000000001,,,,,,,,,,,,,,
656.92,,,,,,,,,,,,,,
656.99,,,,,,,,,,,,,,
656.9960000000001,151.83,144.4646339213,,97.8262664379,,97.8262664379,103.6957517057,,,,,1.19826420479462,,648.0386328
656.9989999999999,,,,,1.23000001907349,,,,643.5999755859381,643.5999755859381,1.23000001907349,,6.65874708469085,
657.051,,,,,,,,,,,,,,
657.127,,,,,,,,,,,,,,
657.1489999999999,152.0,144.49184946350002,3398.44,97.7763712772,,97.7763712772,103.6957517057,,,,,1.19826420479462,,648.1760975999999
657.188,,,,,,,,,,,,,,
657.252,,,,,,,,,,,,,,
657.301,151.65,144.5190650057,,97.8943052934,,97.8943052934,103.6957517057,,,,,1.19826420479462,,648.3132576
657.326,,,,,,,,,,,,,,
657.383,,,,,,,,,,,,,,
657.448,,,,,,,,,,,,,,
657.454,152.0,144.5417446242,,97.9169849119,,97.9169849119,103.6957517057,,,,,1.19826420479462,,648.4504176
657.5210000000001,,,,,,,,,,,,,,
657.579,,,,,,,,,,,,,,
657.6060000000001,152.0,144.5689601664,3359.38,97.97595192,,97.97595192,103.6957517057,,,,,1.19826420479462,,648.5878824
657.643,,,,,,,,,,,,,,
657.716,,,,,,,,,,,,,,
657.758,151.65,144.5961757086,,97.7809072009,,97.7809072009,103.6957517057,,,,,1.19826420479462,,648.7250424
657.7739999999999,,,,,,,,,,,,,,
657.841,,,,,,,,,,,,,,
657.9110000000001,151.26,144.6233912508,,97.6402935662,,97.6402935662,103.6957517057,,,,,1.19826420479462,,648.8622024
657.9689999999999,,,,,,,,,,,,,,
657.9989999999999,,,,,1.23000001907349,,,,644.3800048828131,644.3800048828131,1.23000001907349,,6.71992999912089,
658.0360000000001,,,,,,,,,,,,,,
658.063,151.33,144.65060679299998,3398.44,97.7400838876,,97.7400838876,103.6957517057,,,,,1.19826420479462,,648.9993624
658.1060000000001,,,,,,,,,,,,,,
658.216,151.78,144.6732864115,,97.8262664379,,97.8262664379,103.6957517057,,,,,1.19826420479462,,649.1365224
658.2310000000001,,,,,,,,,,,,,,
658.304,,,,,,,,,,,,,,
658.362,,,,,,,,,,,,,,
658.368,151.0,144.7005019537,,97.6312217188,,97.6312217188,103.6957517057,,,,,1.19826420479462,,649.2736824
658.426,,,,,,,,,,,,,,
658.4989999999999,,,,,,,,,,,,,,
658.52,151.33,144.7277174959,,97.613078024,,97.613078024,103.6957517057,,,,,1.19826420479462,,649.4108424
658.557,,,,,,,,,,,,,,
658.673,151.0,144.7549330381,3359.38,97.4815362367,,97.4815362367,103.6957517057,,,,,1.19826420479462,,649.5480024
658.697,,,,,,,,,,,,,,
658.7610000000001,,,,,,,,,,,,,,
658.825,152.0,144.77761265659998,,97.3908177627,,97.3908177627,103.6957517057,,,,,1.19826420479462,,649.6851624
658.84,,,,,,,,,,,,,,
658.914,,,,,,,,,,,,,,
658.9780000000001,151.52,144.80482819879998,,97.114126417,,97.114126417,103.6957517057,,,,,1.19826420479462,,649.8223224
658.987,,,,,,,,,,,,,,
658.9989999999999,,,,,1.23000001907349,,,,645.190002441406,645.190002441406,1.23000001907349,,7.1278160953212,
659.051,,,,,,,,,,,,,,
659.13,151.1,144.832043741,3398.44,96.9372253927,,96.9372253927,103.6957517057,,,,,1.19826420479462,,649.9594824
659.2819999999999,151.0,144.8592592832,,96.9916564771,,96.9916564771,103.6957517057,,,,,1.19826420479462,,650.0963376
659.346,,,,,,,,,,,,,,
659.42,,,,,,,,,,,,,,
659.435,151.36,144.8819389017,,96.9417613164,,96.9417613164,103.6957517057,,,,,1.19826420479462,,650.2334976
659.4989999999999,,,,,,,,,,,,,,
659.566,,,,,,,,,,,,,,
659.587,151.19,144.9091544439,,96.6423903522,,96.6423903522,103.6957517057,,,,,1.19826420479462,,650.3706576000001
659.6360000000001,,,,,,,,,,,,,,
659.74,151.19,144.9363699861,3359.38,96.5516718782,,96.5516718782,103.6957517057,,,,,1.19826420479462,,650.5078176
659.7819999999999,,,,,,,,,,,,,,
659.855,,,,,,,,,,,,,,
659.8919999999999,151.33,144.9635855283,,96.7830039869,,96.7830039869,103.6957517057,,,,,1.19826420479462,,650.6446728
659.935,,,,,,,,,,,,,,
659.9989999999999,,,,,1.23000001907349,,,,646.0,646.0,1.23000001907349,,7.6172798970001505,
660.044,151.62,144.9908010705,,96.796611758,,96.796611758,103.6957517057,,,,,1.19826420479462,,650.7818328
660.072,,,,,,,,,,,,,,
660.1510000000001,,,,,,,,,,,,,,
660.197,151.76,145.013480689,3359.38,96.7285729025,,96.7285729025,103.6957517057,,,,,1.19826420479462,,650.918688
660.215,,,,,,,,,,,,,,
660.288,,,,,,,,,,,,,,
660.3489999999999,151.76,145.0406962312,,96.4881689464,,96.4881689464,103.6957517057,,,,,1.19826420479462,,651.0558480000001
660.367,,,,,,,,,,,,,,
660.435,,,,,,,,,,,,,,
660.502,151.43,145.0679117734,,96.5743514967,,96.5743514967,103.6957517057,,,,,1.19826420479462,,651.1927032000001
660.5139999999999,,,,,,,,,,,,,,
660.587,,,,,,,,,,,,,,
660.6510000000001,,,,,,,,,,,,,,
660.654,151.29,145.0951273156,,96.5607437256,,96.5607437256,103.6957517057,,,,,1.19826420479462,,651.3298632
660.7389999999999,,,,,,,,,,,,,,
660.806,151.0,145.1178069341,3359.38,96.479097099,,96.479097099,103.6957517057,,,,,1.19826420479462,,651.4667184
660.877,,,,,,,,,,,,,,
660.956,,,,,,,,,,,,,,
660.959,151.43,145.1450224763,,96.6242466574,,96.6242466574,103.6957517057,,,,,1.19826420479462,,651.6035736
661.0010000000001,,,,,1.23000001907349,,,,646.830017089844,646.830017089844,1.23000001907349,,7.68866020695449,
661.02,,,,,,,,,,,,,,
661.0930000000001,,,,,,,,,,,,,,
661.1110000000001,151.24,145.1722380185,,96.8328991476,,96.8328991476,103.6957517057,,,,,1.19826420479462,,651.7404288
661.172,,,,,,,,,,,,,,
661.2389999999999,,,,,,,,,,,,,,
661.2639999999999,151.62,145.1994535607,3359.38,96.8601146898,,96.8601146898,103.6957517057,,,,,1.19826420479462,,651.8775887999999
661.312,,,,,,,,,,,,,,
661.3919999999999,,,,,,,,,,,,,,
661.416,151.14,145.2221331792,,96.6786777418,,96.6786777418,103.6957517057,,,,,1.19826420479462,,652.014444
661.456,,,,,,,,,,,,,,
661.529,,,,,,,,,,,,,,
661.568,151.43,145.2493487214,,96.5788874204,,96.5788874204,103.6957517057,,,,,1.19826420479462,,652.1512992
661.6080000000001,,,,,,,,,,,,,,
661.675,,,,,,,,,,,,,,
661.721,151.62,145.2765642636,,96.9190816979,,96.9190816979,103.6957517057,,,,,1.19826420479462,,652.2881543999999
661.745,,,,,,,,,,,,,,
661.824,,,,,,,,,,,,,,
661.873,151.0,145.3037798058,3398.44,96.9644409349,,96.9644409349,103.6957517057,,,,,1.19826420479462,,652.4250096
661.8910000000001,,,,,,,,,,,,,,
661.965,,,,,,,,,,,,,,
662.0010000000001,,,,,1.23000001907349,,,,647.590026855469,647.590026855469,1.23000001907349,,7.52550576847437,
662.0260000000001,151.0,145.3264594243,,96.9599050112,,96.9599050112,103.6957517057,,,,,1.19826420479462,,652.5618648
662.044,,,,,,,,,,,,,,
662.1080000000001,,,,,,,,,,,,,,
662.178,151.38,145.3536749665,,96.8646506135,,96.8646506135,103.6957517057,,,,,1.19826420479462,,652.69872
662.187,,,,,,,,,,,,,,
662.26,,,,,,,,,,,,,,
662.327,,,,,,,,,,,,,,
662.33,151.9,145.38089050870002,3398.44,96.9009380031,,96.9009380031,103.6957517057,,,,,1.19826420479462,,652.8355752
662.3969999999999,,,,,,,,,,,,,,
662.4830000000001,152.0,145.4081060509,,96.8737224609,,96.8737224609,103.6957517057,,,,,1.19826420479462,,652.9724304
662.55,,,,,,,,,,,,,,
662.632,,,,,,,,,,,,,,
662.635,151.19,145.4307856694,,97.0778390274,,97.0778390274,103.6957517057,,,,,1.19826420479462,,653.1092856
662.696,,,,,,,,,,,,,,
662.7689999999999,,,,,,,,,,,,,,
662.788,151.48,145.4580012116,,96.9871205534,,96.9871205534,103.6957517057,,,,,1.19826420479462,,653.2461408
662.8489999999999,,,,,,,,,,,,,,
662.913,,,,,,,,,,,,,,
662.94,152.0,145.4852167538,3398.44,97.0052642482,,97.0052642482,103.6957517057,,,,,1.19826420479462,,653.3826912000001
662.9860000000001,,,,,,,,,,,,,,
663.0010000000001,,,,,1.23000001907349,,,,648.3900146484381,648.3900146484381,1.23000001907349,,7.43373115371001,
663.065,,,,,,,,,,,,,,
663.092,151.19,145.512432296,,97.1912371199,,97.1912371199,103.6957517057,,,,,1.19826420479462,,653.5195464
663.132,,,,,,,,,,,,,,
663.202,,,,,,,,,,,,,,
663.245,151.38,145.53511191450002,,97.1458778829,,97.1458778829,103.6957517057,,,,,1.19826420479462,,653.6564016
663.284,,,,,,,,,,,,,,
663.3480000000001,,,,,,,,,,,,,,
663.3969999999999,152.0,145.5623274567,3398.44,97.0778390274,,97.0778390274,103.6957517057,,,,,1.19826420479462,,653.7929519999999
663.422,,,,,,,,,,,,,,
663.55,151.67,145.5895429989,,96.9236176216,,96.9236176216,103.6957517057,,,,,1.19826420479462,,653.9298072
663.565,,,,,,,,,,,,,,
663.638,,,,,,,,,,,,,,
663.702,151.38,145.6167585411,,96.84650691870002,,96.84650691870002,103.6957517057,,,,,1.19826420479462,,654.0663576000001
663.717,,,,,,,,,,,,,,
663.784,,,,,,,,,,,,,,
663.8539999999999,151.24,145.6394381596,,97.0052642482,,97.0052642482,103.6957517057,,,,,1.19826420479462,,654.2032128
663.931,,,,,,,,,,,,,,
663.995,,,,,,,,,,,,,,
664.0010000000001,,,,,1.21000003814697,,,,649.179992675781,649.179992675781,1.23000001907349,,7.38274514856568,
664.007,151.59,145.66665370180002,3359.38,97.0596953326,,97.0596953326,103.6957517057,,,,,1.19826420479462,,654.3397632
664.071,,,,,,,,,,,,,,
664.1410000000001,,,,,,,,,,,,,,
664.159,151.5,145.69386924399998,,97.2139167384,,97.2139167384,103.6957517057,,,,,1.19826420479462,,654.4766183999999
664.211,,,,,,,,,,,,,,
664.2869999999999,,,,,,,,,,,,,,
664.312,151.64,145.7210847862,,97.0596953326,,97.0596953326,103.6957517057,,,,,1.19826420479462,,654.6131687999999
664.3510000000001,,,,,,,,,,,,,,
664.418,,,,,,,,,,,,,,
664.4639999999999,151.55,145.7437644047,3398.44,97.0869108748,,97.0869108748,103.6957517057,,,,,1.19826420479462,,654.7497192000001
664.4939999999999,,,,,,,,,,,,,,
664.6160000000001,151.64,145.7709799469,,97.4951440078,,97.4951440078,103.6957517057,,,,,1.19826420479462,,654.8865744
664.6289999999999,,,,,,,,,,,,,,
664.705,,,,,,,,,,,,,,
664.7660000000001,,,,,,,,,,,,,,
664.7689999999999,152.0,145.7981954891,,97.1368060355,,97.1368060355,103.6957517057,,,,,1.19826420479462,,655.0231248
664.836,,,,,,,,,,,,,,
664.9119999999999,,,,,,,,,,,,,,
664.921,151.55,145.82541103129998,,96.7920758343,,96.7920758343,103.6957517057,,,,,1.19826420479462,,655.1596752
664.9760000000001,,,,,,,,,,,,,,
665.0,,,,,1.21000003814697,,,,649.989990234375,649.989990234375,1.23000001907349,,7.505111463664349,
665.046,,,,,,,,,,,,,,
665.074,151.59,145.8526265735,3398.44,97.0642312563,,97.0642312563,103.6957517057,,,,,1.19826420479462,,655.2962256
665.122,,,,,,,,,,,,,,
665.183,,,,,,,,,,,,,,
665.2260000000001,151.23,145.875306192,,97.3590662968,,97.3590662968,103.6957517057,,,,,1.19826420479462,,655.432776
665.253,,,,,,,,,,,,,,
665.33,,,,,,,,,,,,,,
665.378,151.67,145.9025217342,,97.0324797904,,97.0324797904,103.6957517057,,,,,1.19826420479462,,655.5693263999999
665.3939999999999,,,,,,,,,,,,,,
665.4760000000001,,,,,,,,,,,,,,
665.5310000000001,151.64,145.9297372764,3359.38,96.9644409349,,96.9644409349,103.6957517057,,,,,1.19826420479462,,655.7058767999999
665.54,,,,,,,,,,,,,,
665.683,151.77,145.9524168949,,96.9553690875,,96.9553690875,103.6957517057,,,,,1.19826420479462,,655.8424272000001
665.686,,,,,,,,,,,,,,
665.747,,,,,,,,,,,,,,
665.817,,,,,,,,,,,,,,
665.836,151.5,145.97963243709998,,97.1277341881,,97.1277341881,103.6957517057,,,,,1.19826420479462,,655.9789776
665.8939999999999,,,,,,,,,,,,,,
665.9580000000001,,,,,,,,,,,,,,
665.988,151.77,146.0068479793,,97.023407943,,97.023407943,103.6957517057,,,,,1.19826420479462,,656.115528
666.0,,,,,1.21000003814697,,,,650.77001953125,650.77001953125,1.23000001907349,,7.48471715885434,
666.025,,,,,,,,,,,,,,
666.14,151.18,146.0340635215,3398.44,97.1050545696,,97.1050545696,103.6957517057,,,,,1.19826420479462,,656.2520784
666.165,,,,,,,,,,,,,,
666.235,,,,,,,,,,,,,,
666.293,151.64,146.0612790637,,97.2683478228,,97.2683478228,103.6957517057,,,,,1.19826420479462,,656.3886288
666.311,,,,,,,,,,,,,,
666.375,,,,,,,,,,,,,,
666.442,,,,,,,,,,,,,,
666.445,151.18,146.0839586822,,97.2320604332,,97.2320604332,103.6957517057,,,,,1.19826420479462,,656.5251792
666.518,,,,,,,,,,,,,,
666.582,,,,,,,,,,,,,,
666.5980000000001,151.0,146.1111742244,3398.44,97.1730934251,,97.1730934251,103.6957517057,,,,,1.19826420479462,,656.6614248
666.6519999999999,,,,,,,,,,,,,,
666.75,151.45,146.1383897666,,97.1458778829,,97.1458778829,103.6957517057,,,,,1.19826420479462,,656.7979752
666.793,,,,,,,,,,,,,,
666.86,,,,,,,,,,,,,,
666.9019999999999,151.05,146.1656053088,,97.1186623407,,97.1186623407,103.6957517057,,,,,1.19826420479462,,656.9345256
666.936,,,,,,,,,,,,,,
667.0,,,,,1.21000003814697,,,,651.559997558594,651.559997558594,1.23000001907349,,6.98505596165109,
667.055,152.0,146.1882849273,3398.44,97.3046352124,,97.3046352124,103.6957517057,,,,,1.19826420479462,,657.0707712000001
667.082,,,,,,,,,,,,,,
667.207,151.23,146.2155004695,,98.5565501536,,98.5565501536,103.6957517057,,,,,1.19826420479462,,657.2073216
667.216,,,,,,,,,,,,,,
667.293,,,,,,,,,,,,,,
667.3539999999999,,,,,,,,,,,,,,
667.36,151.41,146.2427160117,,97.3681381442,,97.3681381442,103.6957517057,,,,,1.19826420479462,,657.3435672
667.424,,,,,,,,,,,,,,
667.5,,,,,,,,,,,,,,
667.512,151.77,146.2699315539,,96.8964020794,,96.8964020794,103.6957517057,,,,,1.19826420479462,,657.4801176
667.564,,,,,,,,,,,,,,
667.6339999999999,,,,,,,,,,,,,,
667.664,151.41,146.2926111724,3398.44,96.7920758343,,96.7920758343,103.6957517057,,,,,1.19826420479462,,657.6163632
667.71,,,,,,,,,,,,,,
667.7710000000001,,,,,,,,,,,,,,
667.817,151.77,146.3198267146,,96.9735127823,,96.9735127823,103.6957517057,,,,,1.19826420479462,,657.7526088
667.841,,,,,,,,,,,,,,
667.9169999999999,,,,,,,,,,,,,,
667.9689999999999,151.09,146.3470422568,,97.0007283245,,97.0007283245,103.6957517057,,,,,1.19826420479462,,657.8891592
667.9810000000001,,,,,,,,,,,,,,
668.0,,,,,0.959999978542328,,,,652.340026855469,652.340026855469,1.23000001907349,,8.12713800348911,
668.051,,,,,,,,,,,,,,
668.122,151.36,146.374257799,3398.44,96.9961924008,,96.9961924008,103.6957517057,,,,,1.19826420479462,,658.0254047999999
668.128,,,,,,,,,,,,,,
668.2589999999999,,,,,,,,,,,,,,
668.2739999999999,151.36,146.3969374175,,97.1867011962,,97.1867011962,103.6957517057,,,,,1.19826420479462,,658.1616504
668.335,,,,,,,,,,,,,,
668.3989999999999,,,,,,,,,,,,,,
668.426,151.55,146.4241529597,,97.1231982644,,97.1231982644,103.6957517057,,,,,1.19826420479462,,658.297896
668.4810000000001,,,,,,,,,,,,,,
668.545,,,,,,,,,,,,,,
668.579,151.81,146.4513685019,,96.8827943083,,96.8827943083,103.6957517057,,,,,1.19826420479462,,658.4344464
668.615,,,,,,,,,,,,,,
668.7310000000001,151.41,146.4785840441,3398.44,96.7376447499,,96.7376447499,103.6957517057,,,,,1.19826420479462,,658.570692
668.753,,,,,,,,,,,,,,
668.823,,,,,,,,,,,,,,
668.8839999999999,151.0,146.5012636626,,97.0098001719,,97.0098001719,103.6957517057,,,,,1.19826420479462,,658.7069376000001
668.8989999999999,,,,,,,,,,,,,,
668.9630000000001,,,,,,,,,,,,,,
668.9989999999999,,,,,1.05999994277954,,,,653.1500244140619,653.1500244140619,1.23000001907349,,8.18832091791916,
669.03,,,,,,,,,,,,,,
669.0360000000001,151.45,146.5284792048,,97.0007283245,,97.0007283245,103.6957517057,,,,,1.19826420479462,,658.8431832
669.1060000000001,,,,,,,,,,,,,,
669.17,,,,,,,,,,,,,,
669.188,151.18,146.55569474700002,3398.44,96.9372253927,,96.9372253927,103.6957517057,,,,,1.19826420479462,,658.9794287999999
669.24,,,,,,,,,,,,,,
669.316,,,,,,,,,,,,,,
669.341,151.95,146.5829102892,,96.9417613164,,96.9417613164,103.6957517057,,,,,1.19826420479462,,659.1156744
669.38,,,,,,,,,,,,,,
669.447,,,,,,,,,,,,,,
669.493,151.23,146.6055899077,,97.2093808147,,97.2093808147,103.6957517057,,,,,1.19826420479462,,659.2516152000001
669.5239999999999,,,,,,,,,,,,,,
669.5880000000001,,,,,,,,,,,,,,
669.6460000000001,152.0,146.6328054499,3398.44,97.06876718,,97.06876718,103.6957517057,,,,,1.19826420479462,,659.3878607999999
669.658,,,,,,,,,,,,,,
669.798,151.59,146.6600209921,,96.841970995,,96.841970995,103.6957517057,,,,,1.19826420479462,,659.5241063999999
669.865,,,,,,,,,,,,,,
669.941,,,,,,,,,,,,,,
669.95,151.55,146.6872365343,,96.7104292077,,96.7104292077,103.6957517057,,,,,1.19826420479462,,659.660352
669.9989999999999,,,,,1.21000003814697,,,,653.909973144531,653.909973144531,1.23000001907349,,8.32088414230355,
670.005,,,,,,,,,,,,,,
670.0880000000001,,,,,,,,,,,,,,
670.1030000000001,151.52,146.70991615280002,,96.8328991476,,96.8328991476,103.6957517057,,,,,1.19826420479462,,659.7965975999999
670.1519999999999,,,,,,,,,,,,,,
670.222,,,,,,,,,,,,,,
670.255,151.32,146.737131695,3359.38,96.7195010551,,96.7195010551,103.6957517057,,,,,1.19826420479462,,659.9325384
670.298,,,,,,,,,,,,,,
670.3589999999999,,,,,,,,,,,,,,
670.408,151.0,146.76434723719998,,96.7240369788,,96.7240369788,103.6957517057,,,,,1.19826420479462,,660.0687839999999
670.429,,,,,,,,,,,,,,
670.505,,,,,,,,,,,,,,
670.56,151.45,146.7915627794,,96.8011476817,,96.8011476817,103.6957517057,,,,,1.19826420479462,,660.2047248
670.569,,,,,,,,,,,,,,
670.6389999999999,,,,,,,,,,,,,,
670.712,151.0,146.81424239790002,3359.38,96.9281535453,,96.9281535453,103.6957517057,,,,,1.19826420479462,,660.3409704
670.715,,,,,,,,,,,,,,
670.847,,,,,,,,,,,,,,
670.865,151.45,146.8414579401,,96.9372253927,,96.9372253927,103.6957517057,,,,,1.19826420479462,,660.4769112
670.923,,,,,,,,,,,,,,
670.987,,,,,,,,,,,,,,
670.9989999999999,,,,,1.21000003814697,,,,654.690002441406,654.690002441406,1.23000001907349,,8.28009553268352,
671.0169999999999,151.73,146.86867348229998,,96.7875399106,,96.7875399106,103.6957517057,,,,,1.19826420479462,,660.6131568
671.057,,,,,,,,,,,,,,
671.127,,,,,,,,,,,,,,
671.17,152.0,146.8958890245,,97.1549497303,,97.1549497303,103.6957517057,,,,,1.19826420479462,,660.7490976
671.185,,,,,,,,,,,,,,
671.2460000000001,,,,,,,,,,,,,,
671.322,147.96,146.9231045667,3164.06,97.6811168795,,97.6811168795,103.6957517057,,,,,1.19826420479462,,660.8853432
671.3710000000001,,,,,,,,,,,,,,
671.441,,,,,,,,,,,,,,
671.4739999999999,143.33,146.9503201089,,97.8534819801,,97.8534819801,103.6957517057,,,,,1.19826420479462,,661.021284
671.502,,,,,,,,,,,,,,
671.566,,,,,,,,,,,,,,
671.627,143.96,146.9729997274,,97.6402935662,,97.6402935662,103.6957517057,,,,,1.19826420479462,,661.1572248
671.633,,,,,,,,,,,,,,
671.691,,,,,,,,,,,,,,
671.779,143.12,147.00021526959998,3125.0,97.4996799315,,97.4996799315,103.6957517057,,,,,1.19826420479462,,661.2931656000001
671.822,,,,,,,,,,,,,,
671.88,,,,,,,,,,,,,,
671.932,143.0,147.0274308118,,97.3000992887,,97.3000992887,103.6957517057,,,,,1.19826420479462,,661.4294112000001
671.941,,,,,,,,,,,,,,
671.9989999999999,,,,,1.21000003814697,,,,655.469970703125,655.469970703125,1.22000002861023,,8.02516647943903,
672.0110000000001,,,,,,,,,,,,,,
672.066,,,,,,,,,,,,,,
672.084,143.0,147.054646354,,97.25927597540002,,97.25927597540002,103.6957517057,,,,,1.19826420479462,,661.565352
672.13,,,,,,,,,,,,,,
672.197,,,,,,,,,,,,,,
672.2360000000001,143.2,147.0818618962,3125.0,97.3590662968,,97.3590662968,103.6957517057,,,,,1.19826420479462,,661.7012927999999
672.255,,,,,,,,,,,,,,
672.316,,,,,,,,,,,,,,
672.3860000000001,,,,,,,,,,,,,,
672.3889999999999,143.21,147.1045415147,,97.1776293488,,97.1776293488,103.6957517057,,,,,1.19826420479462,,661.8372336
672.441,,,,,,,,,,,,,,
672.505,,,,,,,,,,,,,,
672.541,143.42,147.1317570569,,97.3091711361,,97.3091711361,103.6957517057,,,,,1.19826420479462,,661.9731744
672.575,,,,,,,,,,,,,,
672.63,,,,,,,,,,,,,,
672.694,143.96,147.1589725991,3085.94,97.3454585257,,97.3454585257,103.6957517057,,,,,1.19826420479462,,662.1091152
672.7,,,,,,,,,,,,,,
672.7610000000001,,,,,,,,,,,,,,
672.825,,,,,,,,,,,,,,
672.846,143.63,147.1861881413,,97.5087517789,,97.5087517789,103.6957517057,,,,,1.19826420479462,,662.245056
672.8919999999999,,,,,,,,,,,,,,
672.95,,,,,,,,,,,,,,
672.998,143.42,147.2088677598,,97.5495750922,,97.5495750922,103.6957517057,,,,,1.19826420479462,,662.3809967999999
673.0010000000001,,,,,1.21000003814697,,,,656.280029296875,656.280029296875,1.21000003814697,,7.62747729252445,
673.0110000000001,,,,,,,,,,,,,,
673.081,,,,,,,,,,,,,,
673.1510000000001,143.96,147.236083302,3125.0,97.3998896101,,97.3998896101,103.6957517057,,,,,1.19826420479462,,662.5166328
673.2,,,,,,,,,,,,,,
673.27,,,,,,,,,,,,,,
673.303,143.25,147.2632988442,,97.2320604332,,97.2320604332,103.6957517057,,,,,1.19826420479462,,662.6525736000001
673.325,,,,,,,,,,,,,,
673.3889999999999,,,,,,,,,,,,,,
673.456,143.2,147.2905143864,,96.2386931429,,96.2386931429,103.6957517057,,,,,1.19826420479462,,662.7885143999999
673.498,,,,,,,,,,,,,,
673.6080000000001,137.36,147.3086580812,3125.0,99.608884452,,99.608884452,103.8363653404,,,,,1.19826420479462,,662.9244552
673.6289999999999,,,,,,,,,,,,,,
673.742,,,,,,,,,,,,,,
673.76,104.0,147.3449454708,,96.7013573603,,96.7013573603,104.6210801405,,,,,1.19826420479462,,663.0600912000001
673.791,,,,,,,,,,,,,,
673.888,,,,,,,,,,,,,,
673.913,104.0,147.37216101299998,3125.0,95.6671667567,,95.6671667567,104.6210801405,,,,,1.19826420479462,,663.1960320000001
673.922,,,,,,,,,,,,,,
673.925,,,,,,,,,,,,,,
673.955,,,,,,,,,,,,,,
673.971,,,,,,,,,,,,,,
673.977,,,,,,,,,,,,,,
674.0010000000001,,,,,1.20000004768372,,,,663.059997558594,663.059997558594,1.21000003814697,,8.75936242507675,
674.01,,,,,,,,,,,,,,
674.065,104.1,147.3903047078,3105.47,101.0331644938,,101.0331644938,104.6210801405,,,,,1.19826420479462,,663.3316679999999
674.074,,,,,,,,,,,,,,
674.102,,,,,,,,,,,,,,
674.1080000000001,,,,,,,,,,,,,,
674.1289999999999,,,,,,,,,,,,,,
674.1510000000001,,,,,,,,,,,,,,
674.166,,,,,,,,,,,,,,
674.184,,,,,,,,,,,,,,
674.2180000000001,104.06,147.4220561737,3105.47,100.2575215411,,100.2575215411,104.6210801405,,,,,1.19826420479462,,663.4676088
674.245,,,,,,,,,,,,,,
674.37,104.0,147.4447357922,,98.4930472218,,98.4930472218,104.6210801405,,,,,1.19826420479462,,663.6032448
674.385,,,,,,,,,,,,,,
674.4680000000001,,,,,,,,,,,,,,
674.5160000000001,,,,,,,,,,,,,,
674.5219999999999,104.0,147.47195133440002,,96.6469262759,,96.6469262759,104.6210801405,,,,,1.19826420479462,,663.7391856
674.562,,,,,,,,,,,,,,
674.605,,,,,,,,,,,,,,
674.6439999999999,,,,,,,,,,,,,,
674.675,104.0,147.4991668766,3125.0,96.5970311152,,96.5970311152,104.6210801405,,,,,1.19826420479462,,663.8748216
674.711,,,,,,,,,,,,,,
674.7539999999999,,,,,,,,,,,,,,
674.788,,,,,,,,,,,,,,
674.824,,,,,,,,,,,,,,
674.827,104.0,147.52638241879998,,95.6127356723,,95.6127356723,104.6210801405,,,,,1.19826420479462,,664.0104576
674.8610000000001,,,,,,,,,,,,,,
674.928,,,,,,,,,,,,,,
674.967,,,,,,,,,,,,,,
674.98,104.0,147.553597961,3125.0,96.1978698296,,96.1978698296,104.6210801405,,,,,1.19826420479462,,664.1463984000001
675.0010000000001,,,,,1.21000003814697,,,,663.969970703125,663.969970703125,1.21000003814697,,11.420821390857402,
675.038,,,,,,,,,,,,,,
675.077,,,,,,,,,,,,,,
675.1110000000001,,,,,,,,,,,,,,
675.132,104.0,147.57627757950002,,96.5970311152,,96.5970311152,104.6210801405,,,,,1.19826420479462,,664.2820343999999
675.153,,,,,,,,,,,,,,
675.199,,,,,,,,,,,,,,
675.2360000000001,,,,,,,,,,,,,,
675.284,104.0,147.6034931217,3125.0,95.6127356723,,95.6127356723,104.6210801405,,,,,1.19826420479462,,664.4176704
675.324,,,,,,,,,,,,,,
675.3639999999999,,,,,,,,,,,,,,
675.409,,,,,,,,,,,,,,
675.437,104.0,147.63070866389998,,95.1409996075,,95.1409996075,104.6210801405,,,,,1.19826420479462,,664.5533063999999
675.446,,,,,,,,,,,,,,
675.4889999999999,,,,,,,,,,,,,,
675.492,,,,,,,,,,,,,,
675.5889999999999,104.0,147.6579242061,,93.6713603287,,93.6713603287,104.6210801405,,,,,1.19826420479462,,664.6889424
675.623,,,,,,,,,,,,,,
675.7260000000001,,,,,,,,,,,,,,
675.742,104.0,147.6851397483,3125.0,91.6211228163,,91.6211228163,104.6210801405,,,,,1.19826420479462,,664.8248832
675.7869999999999,,,,,,,,,,,,,,
675.836,,,,,,,,,,,,,,
675.8910000000001,,,,,,,,,,,,,,
675.8939999999999,104.0,147.7123552905,,90.446318578,,90.446318578,104.6210801405,,,,,1.19826420479462,,664.9605192
675.952,,,,,,,,,,,,,,
676.0010000000001,,,,,1.21000003814697,,,,664.8499755859381,664.8499755859381,1.21000003814697,,12.4099463897396,
676.046,104.0,147.735034909,,90.1242679953,,90.1242679953,104.6210801405,,,,,1.19826420479462,,665.0961552
676.059,,,,,,,,,,,,,,
676.12,,,,,,,,,,,,,,
676.199,104.0,147.7622504512,3046.88,90.1469476138,,90.1469476138,104.6210801405,,,,,1.19826420479462,,665.2314864
676.2289999999999,,,,,,,,,,,,,,
676.284,,,,,,,,,,,,,,
676.3389999999999,,,,,,,,,,,,,,
676.3510000000001,104.0,147.7894659934,,90.0290135976,,90.0290135976,104.6210801405,,,,,1.19826420479462,,665.3671224
676.4,,,,,,,,,,,,,,
676.449,,,,,,,,,,,,,,
676.5039999999999,104.0,147.8166815356,,89.7387144808,,89.7387144808,104.6210801405,,,,,1.19826420479462,,665.5027584
676.565,,,,,,,,,,,,,,
676.6160000000001,,,,,,,,,,,,,,
676.6560000000001,104.0,147.8438970778,,89.7387144808,,89.7387144808,104.6210801405,,,,,1.19826420479462,,665.6383944
676.671,,,,,,,,,,,,,,
676.7810000000001,,,,,,,,,,,,,,
676.808,104.0,147.8665766963,3125.0,90.3692078751,,90.3692078751,104.6210801405,,,,,1.19826420479462,,665.7740303999999
676.836,,,,,,,,,,,,,,
676.8969999999999,,,,,,,,,,,,,,
676.949,,,,,,,,,,,,,,
676.961,104.0,147.8937922385,,90.6549710682,,90.6549710682,104.6210801405,,,,,1.19826420479462,,665.9093616
677.0,,,,,1.21000003814697,,,,665.710021972656,665.710021972656,1.21000003814697,,14.8062798792286,
677.003,,,,,,,,,,,,,,
677.064,,,,,,,,,,,,,,
677.113,104.0,147.9210077807,,90.5143574335,,90.5143574335,104.6210801405,,,,,1.19826420479462,,666.0449976
677.171,,,,,,,,,,,,,,
677.2660000000001,104.0,147.94822332290002,3085.94,90.6186836786,,90.6186836786,104.6210801405,,,,,1.19826420479462,,666.1806336
677.2810000000001,,,,,,,,,,,,,,
677.336,,,,,,,,,,,,,,
677.3969999999999,,,,,,,,,,,,,,
677.418,104.0,147.9754388651,,90.3011690196,,90.3011690196,104.6210801405,,,,,1.19826420479462,,666.3159648
677.445,,,,,,,,,,,,,,
677.5060000000001,,,,,,,,,,,,,,
677.564,,,,,,,,,,,,,,
677.57,104.0,147.9981184836,,90.6912584578,,90.6912584578,104.6210801405,,,,,1.19826420479462,,666.4516007999999
677.6189999999999,,,,,,,,,,,,,,
677.68,,,,,,,,,,,,,,
677.7230000000001,104.0,148.0253340258,,91.0949556671,,91.0949556671,104.6210801405,,,,,1.19826420479462,,666.586932
677.7289999999999,,,,,,,,,,,,,,
677.845,,,,,,,,,,,,,,
677.875,104.0,148.052549568,3125.0,90.990629422,,90.990629422,104.6210801405,,,,,1.19826420479462,,666.722568
677.8969999999999,,,,,,,,,,,,,,
677.951,,,,,,,,,,,,,,
678.0,,,,,1.21000003814697,,,,666.5999755859381,666.5999755859381,1.21000003814697,,14.347406805406802,
678.012,,,,,,,,,,,,,,
678.028,104.0,148.0797651102,,90.5007496624,,90.5007496624,104.6210801405,,,,,1.19826420479462,,666.8578992
678.061,,,,,,,,,,,,,,
678.1160000000001,,,,,,,,,,,,,,
678.177,,,,,,,,,,,,,,
678.18,104.0,148.1069806524,,90.6005399838,,90.6005399838,104.6210801405,,,,,1.19826420479462,,666.9935352000001
678.2289999999999,,,,,,,,,,,,,,
678.284,,,,,,,,,,,,,,
678.332,104.0,148.1296602709,3125.0,91.2446411492,,91.2446411492,104.6210801405,,,,,1.19826420479462,,667.1288664
678.345,,,,,,,,,,,,,,
678.393,,,,,,,,,,,,,,
678.451,,,,,,,,,,,,,,
678.485,104.0,148.1568758131,,91.5077247238,,91.5077247238,104.6210801405,,,,,1.19826420479462,,667.2641976
678.5089999999999,,,,,,,,,,,,,,
678.561,,,,,,,,,,,,,,
678.6160000000001,,,,,,,,,,,,,,
678.637,104.0,148.1840913553,,91.7844160695,,91.7844160695,104.6210801405,,,,,1.19826420479462,,667.3995288
678.677,,,,,,,,,,,,,,
678.7260000000001,,,,,,,,,,,,,,
678.79,104.0,148.2113068975,,91.9341015516,,91.9341015516,104.6210801405,,,,,1.19826420479462,,667.5351648
678.793,,,,,,,,,,,,,,
678.8989999999999,,,,,,,,,,,,,,
678.942,104.0,148.2385224397,3085.94,91.4487577157,,91.4487577157,104.6210801405,,,,,1.19826420479462,,667.670496
678.954,,,,,,,,,,,,,,
679.0,,,,,1.21000003814697,,,,667.5,667.5,1.21000003814697,,13.8987320995864,
679.0089999999999,,,,,,,,,,,,,,
679.064,,,,,,,,,,,,,,
679.0939999999999,104.0,148.26120205819998,,90.1424116901,,90.1424116901,104.6210801405,,,,,1.19826420479462,,667.8058272000001
679.125,,,,,,,,,,,,,,
679.177,,,,,,,,,,,,,,
679.232,,,,,,,,,,,,,,
679.247,104.0,148.2884176004,,89.9519028947,,89.9519028947,104.6210801405,,,,,1.19826420479462,,667.9411584
679.293,,,,,,,,,,,,,,
679.341,,,,,,,,,,,,,,
679.3960000000001,,,,,,,,,,,,,,
679.3989999999999,104.0,148.3156331426,3125.0,89.8702562681,,89.8702562681,104.6210801405,,,,,1.19826420479462,,668.0764896000001
679.457,,,,,,,,,,,,,,
679.5089999999999,,,,,,,,,,,,,,
679.552,104.0,148.3428486848,,90.2603457063,,90.2603457063,104.6210801405,,,,,1.19826420479462,,668.2118207999999
679.564,,,,,,,,,,,,,,
679.625,,,,,,,,,,,,,,
679.674,,,,,,,,,,,,,,
679.704,104.0,148.370064227,,91.1403149041,,91.1403149041,104.6210801405,,,,,1.19826420479462,,668.3471519999999
679.7280000000001,,,,,,,,,,,,,,
679.789,,,,,,,,,,,,,,
679.841,,,,,,,,,,,,,,
679.8560000000001,104.0,148.39274384549998,,92.4058376164,,92.4058376164,104.6210801405,,,,,1.19826420479462,,668.4821784
679.9019999999999,,,,,,,,,,,,,,
679.957,,,,,,,,,,,,,,
680.0,,,,,1.21000003814697,,,,668.3699951171881,668.3699951171881,1.22000002861023,,13.8885347040621,
680.0060000000001,,,,,,,,,,,,,,
680.0089999999999,104.0,148.4199593877,3125.0,92.759639665,,92.759639665,104.6210801405,,,,,1.19826420479462,,668.6175096
680.067,,,,,,,,,,,,,,
680.125,,,,,,,,,,,,,,
680.1610000000001,104.0,148.4471749299,,92.5736667933,,92.5736667933,104.6210801405,,,,,1.19826420479462,,668.7528408
680.2560000000001,,,,,,,,,,,,,,
680.314,104.0,148.4743904721,,92.759639665,,92.759639665,104.6210801405,,,,,1.19826420479462,,668.8881719999999
680.375,,,,,,,,,,,,,,
680.442,,,,,,,,,,,,,,
680.466,104.0,148.5016060143,3125.0,93.3311660512,,93.3311660512,104.6210801405,,,,,1.19826420479462,,669.0231984000001
680.5,,,,,,,,,,,,,,
680.56,,,,,,,,,,,,,,
680.618,104.0,148.5242856328,,93.349309746,,93.349309746,104.6210801405,,,,,1.19826420479462,,669.1585296000001
680.6310000000001,,,,,,,,,,,,,,
680.685,,,,,,,,,,,,,,
680.7460000000001,,,,,,,,,,,,,,
680.7710000000001,104.0,148.551501175,,93.4082767541,,93.4082767541,104.6210801405,,,,,1.19826420479462,,669.293556
680.817,,,,,,,,,,,,,,
680.8710000000001,,,,,,,,,,,,,,
680.923,104.0,148.5787167172,,93.3855971356,,93.3855971356,104.6210801405,,,,,1.19826420479462,,669.4288872000001
680.932,,,,,,,,,,,,,,
680.9989999999999,,,,,1.21000003814697,,,,669.280029296875,669.280029296875,1.22000002861023,,13.2563107687131,
681.002,,,,,,,,,,,,,,
681.057,,,,,,,,,,,,,,
681.076,104.0,148.6059322594,3085.94,92.714280428,,92.714280428,104.6210801405,,,,,1.19826420479462,,669.5639136
681.1210000000001,,,,,,,,,,,,,,
681.188,,,,,,,,,,,,,,
681.2280000000001,104.0,148.6331478016,,92.7959270546,,92.7959270546,104.6210801405,,,,,1.19826420479462,,669.69894
681.243,,,,,,,,,,,,,,
681.319,,,,,,,,,,,,,,
681.3739999999999,,,,,,,,,,,,,,
681.38,104.0,148.6558274201,,92.53737940370002,,92.53737940370002,104.6210801405,,,,,1.19826420479462,,669.8339664
681.438,,,,,,,,,,,,,,
681.505,,,,,,,,,,,,,,
681.533,104.0,148.6830429623,,92.53737940370002,,92.53737940370002,104.6210801405,,,,,1.19826420479462,,669.9689927999999
681.56,,,,,,,,,,,,,,
681.6239999999999,,,,,,,,,,,,,,
681.685,104.0,148.71025850450002,3085.94,92.1745055077,,92.1745055077,104.6210801405,,,,,1.19826420479462,,670.1040192
681.691,,,,,,,,,,,,,,
681.7460000000001,,,,,,,,,,,,,,
681.81,,,,,,,,,,,,,,
681.8380000000001,104.0,148.7374740467,,90.8953750243,,90.8953750243,104.6210801405,,,,,1.19826420479462,,670.2387408
681.877,,,,,,,,,,,,,,
681.935,,,,,,,,,,,,,,
681.99,104.0,148.76468958889998,,90.6640429156,,90.6640429156,104.6210801405,,,,,1.19826420479462,,670.3737672
681.9960000000001,,,,,,,,,,,,,,
681.9989999999999,,,,,1.21000003814697,,,,670.1199951171881,670.1199951171881,1.21000003814697,,12.379355175643802,
682.066,,,,,,,,,,,,,,
682.1210000000001,,,,,,,,,,,,,,
682.1419999999999,104.0,148.7873692074,,90.7729050844,,90.7729050844,104.6210801405,,,,,1.19826420479462,,670.5084887999999
682.182,,,,,,,,,,,,,,
682.252,,,,,,,,,,,,,,
682.295,104.0,148.8145847496,3125.0,90.9316624139,,90.9316624139,104.6210801405,,,,,1.19826420479462,,670.6432103999999
682.307,,,,,,,,,,,,,,
682.368,,,,,,,,,,,,,,
682.432,,,,,,,,,,,,,,
682.447,104.0,148.8418002918,,89.72510670969999,,89.72510670969999,104.6210801405,,,,,1.19826420479462,,670.7779320000001
682.487,,,,,,,,,,,,,,
682.563,,,,,,,,,,,,,,
682.6,104.0,148.869015834,,89.72057078600001,,89.72057078600001,104.6210801405,,,,,1.19826420479462,,670.9126536
682.618,,,,,,,,,,,,,,
682.679,,,,,,,,,,,,,,
682.7489999999999,,,,,,,,,,,,,,
682.752,104.0,148.8962313762,,90.4553904254,,90.4553904254,104.6210801405,,,,,1.19826420479462,,671.0470703999999
682.804,,,,,,,,,,,,,,
682.904,104.0,148.91891099469998,3125.0,90.5551807468,,90.5551807468,104.6210801405,,,,,1.19826420479462,,671.181792
682.935,,,,,,,,,,,,,,
682.99,,,,,,,,,,,,,,
682.9989999999999,,,,,1.21000003814697,,,,671.010009765625,671.010009765625,1.22000002861023,,13.5724232226262,
683.054,,,,,,,,,,,,,,
683.057,104.0,148.9461265369,,90.8726954058,,90.8726954058,104.6210801405,,,,,1.19826420479462,,671.3162087999999
683.1210000000001,,,,,,,,,,,,,,
683.179,,,,,,,,,,,,,,
683.209,104.0,148.9733420791,,90.6776506867,,90.6776506867,104.6210801405,,,,,1.19826420479462,,671.4509304
683.24,,,,,,,,,,,,,,
683.307,,,,,,,,,,,,,,
683.362,104.0,149.0005576213,,89.8430407259,,89.8430407259,104.6210801405,,,,,1.19826420479462,,671.5853472
683.423,,,,,,,,,,,,,,
683.5139999999999,104.0,149.02323723979998,3125.0,89.24883472120001,,89.24883472120001,104.6210801405,,,,,1.19826420479462,,671.7197639999999
683.548,,,,,,,,,,,,,,
683.6080000000001,,,,,,,,,,,,,,
683.666,104.0,149.050452782,,90.06983691090001,,90.06983691090001,104.6210801405,,,,,1.19826420479462,,671.853876
683.679,,,,,,,,,,,,,,
683.7330000000001,,,,,,,,,,,,,,
683.794,,,,,,,,,,,,,,
683.819,104.0,149.0776683242,,90.899910948,,90.899910948,104.6210801405,,,,,1.19826420479462,,671.9882928
683.865,,,,,,,,,,,,,,
683.919,,,,,,,,,,,,,,
683.971,104.0,149.1048838664,,91.8479190013,,91.8479190013,104.6210801405,,,,,1.19826420479462,,672.1227096
683.9960000000001,,,,,,,,,,,,,,
683.9989999999999,,,,,1.21000003814697,,,,671.8900146484369,671.8900146484369,1.22000002861023,,14.4595762112197,
684.1239999999999,104.0,149.1320994086,3085.94,91.1992819122,,91.1992819122,104.6210801405,,,,,1.19826420479462,,672.2568216
684.182,,,,,,,,,,,,,,
684.2360000000001,,,,,,,,,,,,,,
684.2760000000001,104.0,149.1593149508,,90.446318578,,90.446318578,104.6210801405,,,,,1.19826420479462,,672.3909336
684.3,,,,,,,,,,,,,,
684.367,,,,,,,,,,,,,,
684.422,,,,,,,,,,,,,,
684.428,104.0,149.1819945693,,89.6026367698,,89.6026367698,104.6210801405,,,,,1.19826420479462,,672.5250456
684.4860000000001,,,,,,,,,,,,,,
684.553,,,,,,,,,,,,,,
684.581,104.0,149.2092101115,,89.3849124322,,89.3849124322,104.6210801405,,,,,1.19826420479462,,672.6591576000001
684.6080000000001,,,,,,,,,,,,,,
684.721,,,,,,,,,,,,,,
684.7330000000001,104.0,149.2364256537,3085.94,88.8224578934,,88.8224578934,104.6210801405,,,,,1.19826420479462,,672.7932696
684.7669999999999,,,,,,,,,,,,,,
684.819,,,,,,,,,,,,,,
684.87,,,,,,,,,,,,,,
684.8860000000001,104.0,149.2636411959,,89.2080114079,,89.2080114079,104.6210801405,,,,,1.19826420479462,,672.9273816000001
684.91,,,,,,,,,,,,,,
684.959,,,,,,,,,,,,,,
685.0010000000001,,,,,1.21000003814697,,,,672.760009765625,672.760009765625,1.21000003814697,,14.2454357675953,
685.0110000000001,,,,,,,,,,,,,,
685.038,104.0,149.2863208144,,89.4211998218,,89.4211998218,104.6210801405,,,,,1.19826420479462,,673.0611888
685.053,,,,,,,,,,,,,,
685.0989999999999,,,,,,,,,,,,,,
685.19,104.0,149.3135363566,3085.94,89.4393435166,,89.4393435166,104.6210801405,,,,,1.19826420479462,,673.1953007999999
685.193,,,,,,,,,,,,,,
685.242,,,,,,,,,,,,,,
685.2819999999999,,,,,,,,,,,,,,
685.328,,,,,,,,,,,,,,
685.3430000000001,104.0,149.3407518988,,89.5164542195,,89.5164542195,104.6210801405,,,,,1.19826420479462,,673.329108
685.373,,,,,,,,,,,,,,
685.413,,,,,,,,,,,,,,
685.462,,,,,,,,,,,,,,
685.495,104.0,149.367967441,,89.6570678542,,89.6570678542,104.6210801405,,,,,1.19826420479462,,673.4629152000001
685.513,,,,,,,,,,,,,,
685.605,,,,,,,,,,,,,,
685.648,104.0,149.3951829832,3085.94,90.2331301641,,90.2331301641,104.6210801405,,,,,1.19826420479462,,673.5967224
685.66,,,,,,,,,,,,,,
685.706,,,,,,,,,,,,,,
685.757,,,,,,,,,,,,,,
685.8,104.0,149.4178626017,,91.4986528764,,91.4986528764,104.6210801405,,,,,1.19826420479462,,673.7305296
685.812,,,,,,,,,,,,,,
685.8580000000001,,,,,,,,,,,,,,
685.91,,,,,,,,,,,,,,
685.952,104.0,149.4450781439,,92.396765769,,92.396765769,104.6210801405,,,,,1.19826420479462,,673.8643367999999
685.965,,,,,,,,,,,,,,
686.0010000000001,,,,,1.21000003814697,,,,673.6300048828131,673.6300048828131,1.21000003814697,,15.2039685799046,
686.013,,,,,,,,,,,,,,
686.105,104.0,149.47229368610002,3085.94,92.2516162106,,92.2516162106,104.6210801405,,,,,1.19826420479462,,673.998144
686.12,,,,,,,,,,,,,,
686.166,,,,,,,,,,,,,,
686.227,,,,,,,,,,,,,,
686.257,104.0,149.4995092283,,92.3332628372,,92.3332628372,104.6210801405,,,,,1.19826420479462,,674.1319512
686.275,,,,,,,,,,,,,,
686.324,,,,,,,,,,,,,,
686.382,,,,,,,,,,,,,,
686.41,104.0,149.52672477049998,,92.6190260303,,92.6190260303,104.6210801405,,,,,1.19826420479462,,674.2657584
686.428,,,,,,,,,,,,,,
686.48,,,,,,,,,,,,,,
686.562,104.0,149.549404389,3125.0,92.4511968534,,92.4511968534,104.6210801405,,,,,1.19826420479462,,674.3995656000001
686.58,,,,,,,,,,,,,,
686.632,,,,,,,,,,,,,,
686.69,,,,,,,,,,,,,,
686.7139999999999,104.0,149.5766199312,,92.4784123956,,92.4784123956,104.6210801405,,,,,1.19826420479462,,674.533068
686.7360000000001,,,,,,,,,,,,,,
686.794,,,,,,,,,,,,,,
686.855,,,,,,,,,,,,,,
686.867,104.0,149.6038354734,,91.0677401249,,91.0677401249,104.6210801405,,,,,1.19826420479462,,674.6668752
686.909,,,,,,,,,,,,,,
686.9639999999999,,,,,,,,,,,,,,
687.0010000000001,,,,,1.21000003814697,,,,674.510009765625,674.510009765625,1.22000002861023,,14.1638585483552,
687.0189999999999,104.0,149.6310510156,3125.0,89.0764696206,,89.0764696206,104.6210801405,,,,,1.19826420479462,,674.8003776
687.062,,,,,,,,,,,,,,
687.1110000000001,,,,,,,,,,,,,,
687.166,,,,,,,,,,,,,,
687.172,104.0,149.6582665578,,89.42573574549999,,89.42573574549999,104.6210801405,,,,,1.19826420479462,,674.9341847999999
687.2139999999999,,,,,,,,,,,,,,
687.278,,,,,,,,,,,,,,
687.321,,,,,,,,,,,,,,
687.324,104.0,149.6854821,,88.8950326726,,88.8950326726,104.6210801405,,,,,1.19826420479462,,675.067992
687.367,,,,,,,,,,,,,,
687.418,,,,,,,,,,,,,,
687.461,,,,,,,,,,,,,,
687.4760000000001,104.0,149.7081617185,,89.0492540784,,89.0492540784,104.6210801405,,,,,1.19826420479462,,675.2014944
687.51,,,,,,,,,,,,,,
687.568,,,,,,,,,,,,,,
687.62,,,,,,,,,,,,,,
687.6289999999999,104.0,149.7353772607,3085.94,89.4892386773,,89.4892386773,104.6210801405,,,,,1.19826420479462,,675.3353016
687.675,,,,,,,,,,,,,,
687.732,,,,,,,,,,,,,,
687.7810000000001,104.0,149.7625928029,,89.3531609663,,89.3531609663,104.6210801405,,,,,1.19826420479462,,675.468804
687.784,,,,,,,,,,,,,,
687.8389999999999,,,,,,,,,,,,,,
687.9,,,,,,,,,,,,,,
687.934,104.0,149.7898083451,,90.3782797225,,90.3782797225,104.6210801405,,,,,1.19826420479462,,675.6026112000001
687.949,,,,,,,,,,,,,,
688.0010000000001,,,,,1.21000003814697,,,,675.3800048828131,675.3800048828131,1.21000003814697,,14.3066181957867,
688.0039999999999,,,,,,,,,,,,,,
688.086,104.0,149.8124879636,3125.0,89.7296426334,,89.7296426334,104.6210801405,,,,,1.19826420479462,,675.7361136
688.1160000000001,,,,,,,,,,,,,,
688.171,,,,,,,,,,,,,,
688.232,,,,,,,,,,,,,,
688.238,104.0,149.8397035058,,90.6595069919,,90.6595069919,104.6210801405,,,,,1.19826420479462,,675.8696160000001
688.2810000000001,,,,,,,,,,,,,,
688.342,,,,,,,,,,,,,,
688.3910000000001,104.0,149.866919048,,91.6574102059,,91.6574102059,104.6210801405,,,,,1.19826420479462,,676.0034232
688.3969999999999,,,,,,,,,,,,,,
688.455,,,,,,,,,,,,,,
688.51,,,,,,,,,,,,,,
688.543,104.0,149.8941345902,3125.0,93.349309746,,93.349309746,104.6210801405,,,,,1.19826420479462,,676.1369256
688.565,,,,,,,,,,,,,,
688.6189999999999,,,,,,,,,,,,,,
688.68,,,,,,,,,,,,,,
688.696,104.0,149.9213501324,,91.0269168116,,91.0269168116,104.6210801405,,,,,1.19826420479462,,676.270428
688.7289999999999,,,,,,,,,,,,,,
688.784,,,,,,,,,,,,,,
688.845,,,,,,,,,,,,,,
688.8480000000001,104.0,149.9440297509,,89.1354366287,,89.1354366287,104.6210801405,,,,,1.19826420479462,,676.4042352000001
688.8939999999999,,,,,,,,,,,,,,
688.952,,,,,,,,,,,,,,
689.0,104.0,149.9712452931,,89.584493075,1.21000003814697,89.584493075,104.6210801405,,676.27001953125,676.27001953125,1.21000003814697,1.19826420479462,15.1325887561888,676.5377376
689.01,,,,,,,,,,,,,,
689.061,,,,,,,,,,,,,,
689.153,104.0,149.9984608353,3125.0,92.2516162106,,92.2516162106,104.6210801405,,,,,1.19826420479462,,676.67124
689.177,,,,,,,,,,,,,,
689.2260000000001,,,,,,,,,,,,,,
689.284,,,,,,,,,,,,,,
689.305,104.0,150.0256763775,,91.8343112302,,91.8343112302,104.6210801405,,,,,1.19826420479462,,676.8047424
689.345,,,,,,,,,,,,,,
689.3939999999999,,,,,,,,,,,,,,
689.448,,,,,,,,,,,,,,
689.4580000000001,104.0,150.0528919197,,90.5869322127,,90.5869322127,104.6210801405,,,,,1.19826420479462,,676.9382448
689.5089999999999,,,,,,,,,,,,,,
689.561,,,,,,,,,,,,,,
689.61,104.0,150.0755715382,3164.06,90.03354952129999,,90.03354952129999,104.6210801405,,,,,1.19826420479462,,677.0717472
689.625,,,,,,,,,,,,,,
689.677,,,,,,,,,,,,,,
689.762,104.0,150.10278708040002,,90.0244776739,,90.0244776739,104.6210801405,,,,,1.19826420479462,,677.2055544
689.793,,,,,,,,,,,,,,
689.842,,,,,,,,,,,,,,
689.8969999999999,,,,,,,,,,,,,,
689.915,104.0,150.1300026226,,89.97458251319999,,89.97458251319999,104.6210801405,,,,,1.19826420479462,,677.3390568
689.957,,,,,,,,,,,,,,
690.0,,,,,1.21000003814697,,,,677.159973144531,677.159973144531,1.21000003814697,,14.0822813291151,
690.0089999999999,,,,,,,,,,,,,,
690.061,,,,,,,,,,,,,,
690.067,104.0,150.1572181648,,89.1082210865,,89.1082210865,104.6210801405,,,,,1.19826420479462,,677.4725592
690.122,,,,,,,,,,,,,,
690.22,104.0,150.184433707,3125.0,89.0673977732,,89.0673977732,104.6210801405,,,,,1.19826420479462,,677.6060616000001
690.2260000000001,,,,,,,,,,,,,,
690.2869999999999,,,,,,,,,,,,,,
690.335,,,,,,,,,,,,,,
690.372,104.0,150.2071133255,,89.97911843690001,,89.97911843690001,104.6210801405,,,,,1.19826420479462,,677.739564
690.393,,,,,,,,,,,,,,
690.451,,,,,,,,,,,,,,
690.503,,,,,,,,,,,,,,
690.5239999999999,104.0,150.2343288677,,90.1968427745,,90.1968427745,104.6210801405,,,,,1.19826420479462,,677.8730664
690.558,,,,,,,,,,,,,,
690.6189999999999,,,,,,,,,,,,,,
690.677,104.0,150.2615444099,3125.0,90.1151961479,,90.1151961479,104.6210801405,,,,,1.19826420479462,,678.0065688
690.7260000000001,,,,,,,,,,,,,,
690.829,104.0,150.28875995209998,,89.902007734,,89.902007734,104.6210801405,,,,,1.19826420479462,,678.1397664
690.835,,,,,,,,,,,,,,
690.9019999999999,,,,,,,,,,,,,,
690.951,,,,,,,,,,,,,,
690.982,104.0,150.3159754943,,89.9246873525,,89.9246873525,104.6210801405,,,,,1.19826420479462,,678.2732687999999
691.0,,,,,1.21000003814697,,,,678.010009765625,678.010009765625,1.21000003814697,,15.1223913606645,
691.0060000000001,,,,,,,,,,,,,,
691.067,,,,,,,,,,,,,,
691.1189999999999,,,,,,,,,,,,,,
691.1339999999999,104.0,150.3386551128,,90.2694175537,,90.2694175537,104.6210801405,,,,,1.19826420479462,,678.4067712
691.174,,,,,,,,,,,,,,
691.2769999999999,,,,,,,,,,,,,,
691.2860000000001,104.0,150.365870655,3125.0,89.1944036368,,89.1944036368,104.6210801405,,,,,1.19826420479462,,678.5402736000001
691.326,,,,,,,,,,,,,,
691.387,,,,,,,,,,,,,,
691.436,,,,,,,,,,,,,,
691.439,104.0,150.3930861972,,89.4801668299,,89.4801668299,104.6210801405,,,,,1.19826420479462,,678.673776
691.4939999999999,,,,,,,,,,,,,,
691.555,,,,,,,,,,,,,,
691.591,104.0,150.4203017394,,90.3057049433,,90.3057049433,104.6210801405,,,,,1.19826420479462,,678.8069736000001
691.6030000000001,,,,,,,,,,,,,,
691.658,,,,,,,,,,,,,,
691.7439999999999,104.0,150.4475172816,3164.06,90.5960040601,,90.5960040601,104.6210801405,,,,,1.19826420479462,,678.940476
691.7710000000001,,,,,,,,,,,,,,
691.826,,,,,,,,,,,,,,
691.887,,,,,,,,,,,,,,
691.8960000000001,104.0,150.4701969001,,90.3465282566,,90.3465282566,104.6210801405,,,,,1.19826420479462,,679.0739784
691.936,,,,,,,,,,,,,,
691.99,,,,,,,,,,,,,,
692.0,,,,,1.21000003814697,,,,678.8900146484381,678.8900146484381,1.21000003814697,,15.1427861517131,
692.048,104.0,150.4974124423,,89.94283104729999,,89.94283104729999,104.6210801405,,,,,1.19826420479462,,679.2074807999999
692.051,,,,,,,,,,,,,,
692.1060000000001,,,,,,,,,,,,,,
692.1669999999999,,,,,,,,,,,,,,
692.201,104.0,150.5246279845,,89.59356492239999,,89.59356492239999,104.6210801405,,,,,1.19826420479462,,679.3406784
692.2189999999999,,,,,,,,,,,,,,
692.335,,,,,,,,,,,,,,
692.3530000000001,104.0,150.5518435267,3125.0,90.2739534774,,90.2739534774,104.6210801405,,,,,1.19826420479462,,679.4741807999999
692.3839999999999,,,,,,,,,,,,,,
692.439,,,,,,,,,,,,,,
692.5,,,,,,,,,,,,,,
692.5060000000001,104.0,150.5790590689,,91.0087731168,,91.0087731168,104.6210801405,,,,,1.19826420479462,,679.6073784
692.551,,,,,,,,,,,,,,
692.582,,,,,,,,,,,,,,
692.643,,,,,,,,,,,,,,
692.658,117.68,150.6017386874,,96.9961924008,,96.9961924008,104.6210801405,,,,,1.19826420479462,,679.7408807999999
692.7189999999999,,,,,,,,,,,,,,
692.81,143.0,150.6289542296,3125.0,99.7222825445,,99.7222825445,104.6210801405,,,,,1.19826420479462,,679.8740784
692.832,,,,,,,,,,,,,,
692.887,,,,,,,,,,,,,,
692.9630000000001,143.37,150.6561697718,,99.3412649537,,99.3412649537,104.6210801405,,,,,1.19826420479462,,680.0075807999999
692.9960000000001,,,,,,,,,,,,,,
692.9989999999999,,,,,1.21000003814697,,,,679.760009765625,679.760009765625,1.21000003814697,,14.9898281362801,
693.051,,,,,,,,,,,,,,
693.112,,,,,,,,,,,,,,
693.115,143.64,150.683385314,,99.5499174439,,99.5499174439,104.6210801405,,,,,1.19826420479462,,680.1407784
693.164,,,,,,,,,,,,,,
693.2280000000001,,,,,,,,,,,,,,
693.268,143.44,150.71060085620002,3125.0,99.3049775641,,99.3049775641,104.6210801405,,,,,1.19826420479462,,680.2742807999999
693.28,,,,,,,,,,,,,,
693.335,,,,,,,,,,,,,,
693.3960000000001,,,,,,,,,,,,,,
693.42,143.61,150.7332804747,,98.9103522022,,98.9103522022,104.6210801405,,,,,1.19826420479462,,680.4074784
693.444,,,,,,,,,,,,,,
693.502,,,,,,,,,,,,,,
693.563,,,,,,,,,,,,,,
693.572,143.67,150.7604960169,,99.6497077653,,99.6497077653,104.6210801405,,,,,1.19826420479462,,680.5409807999999
693.612,,,,,,,,,,,,,,
693.725,143.0,150.7877115591,3164.06,99.6360999942,,99.6360999942,104.6210801405,,,,,1.19826420479462,,680.6741784
693.7280000000001,,,,,,,,,,,,,,
693.78,,,,,,,,,,,,,,
693.835,,,,,,,,,,,,,,
693.877,143.33,150.8149271013,,100.1441234486,,100.1441234486,104.6210801405,,,,,1.19826420479462,,680.807376
693.895,,,,,,,,,,,,,,
693.944,,,,,,,,,,,,,,
693.9989999999999,,,,,1.21000003814697,,,,680.6199951171881,680.6199951171881,1.21000003814697,,8.32088414230355,
694.03,143.07,150.8421426435,3164.06,100.8744071643,,100.8744071643,104.6210801405,,,,,1.19826420479462,,680.9408784
694.06,,,,,,,,,,,,,,
694.1669999999999,,,,,,,,,,,,,,
694.182,143.0,150.86482226200002,,98.8014900334,,98.8014900334,104.6210801405,,,,,1.19826420479462,,681.074076
694.2280000000001,,,,,,,,,,,,,,
694.2760000000001,,,,,,,,,,,,,,
694.334,143.71,150.8920378042,,99.109932845,,99.109932845,104.6210801405,,,,,1.19826420479462,,681.2072736
694.3439999999999,,,,,,,,,,,,,,
694.3919999999999,,,,,,,,,,,,,,
694.45,,,,,,,,,,,,,,
694.487,143.26,150.91925334639998,3125.0,98.9965347525,,98.9965347525,104.6210801405,,,,,1.19826420479462,,681.3404712
694.508,,,,,,,,,,,,,,
694.566,,,,,,,,,,,,,,
694.627,,,,,,,,,,,,,,
694.6389999999999,143.77,150.9464688886,,98.9783910577,,98.9783910577,104.6210801405,,,,,1.19826420479462,,681.4736687999999
694.694,,,,,,,,,,,,,,
694.752,,,,,,,,,,,,,,
694.7919999999999,143.0,150.9736844308,,98.7107715594,,98.7107715594,104.6210801405,,,,,1.19826420479462,,681.6071712
694.813,,,,,,,,,,,,,,
694.883,,,,,,,,,,,,,,
694.938,,,,,,,,,,,,,,
694.944,143.16,150.9963640493,3164.06,98.6835560172,,98.6835560172,104.6210801405,,,,,1.19826420479462,,681.7403687999999
694.9989999999999,,,,,1.21000003814697,,,,681.510009765625,681.510009765625,1.21000003814697,,6.393620635922071,
695.069,,,,,,,,,,,,,,
695.096,143.92,151.0235795915,,98.1846044102,,98.1846044102,104.6210801405,,,,,1.19826420479462,,681.8735664
695.1239999999999,,,,,,,,,,,,,,
695.185,,,,,,,,,,,,,,
695.2489999999999,143.0,151.0507951337,,97.9487363778,,97.9487363778,104.6210801405,,,,,1.19826420479462,,682.006764
695.255,,,,,,,,,,,,,,
695.31,,,,,,,,,,,,,,
695.38,,,,,,,,,,,,,,
695.4010000000001,143.92,151.0780106759,3125.0,98.2753228842,,98.2753228842,104.6210801405,,,,,1.19826420479462,,682.1399616
695.444,,,,,,,,,,,,,,
695.508,,,,,,,,,,,,,,
695.554,143.08,151.1052262181,,98.2571791894,,98.2571791894,104.6210801405,,,,,1.19826420479462,,682.2731592
695.581,,,,,,,,,,,,,,
695.6389999999999,,,,,,,,,,,,,,
695.703,,,,,,,,,,,,,,
695.706,143.39,151.1279058366,,98.2889306553,,98.2889306553,104.6210801405,,,,,1.19826420479462,,682.4063568
695.779,,,,,,,,,,,,,,
695.84,,,,,,,,,,,,,,
695.8580000000001,143.5,151.1551213788,3085.94,98.42954429,,98.42954429,104.6210801405,,,,,1.19826420479462,,682.5395543999999
695.9069999999999,,,,,,,,,,,,,,
695.9830000000001,,,,,,,,,,,,,,
695.9989999999999,,,,,1.21000003814697,,,,682.3599853515631,682.3599853515631,1.21000003814697,,7.188999495989831,
696.0110000000001,143.43,151.182336921,,98.5247986877,,98.5247986877,104.6210801405,,,,,1.19826420479462,,682.672752
696.044,,,,,,,,,,,,,,
696.1110000000001,,,,,,,,,,,,,,
696.163,143.5,151.2095524632,,98.6608763987,,98.6608763987,104.6210801405,,,,,1.19826420479462,,682.8056448
696.185,,,,,,,,,,,,,,
696.245,,,,,,,,,,,,,,
696.316,143.3,151.23676800540002,,98.7606667201,,98.7606667201,104.6210801405,,,,,1.19826420479462,,682.9388424
696.3889999999999,,,,,,,,,,,,,,
696.4680000000001,143.45,151.2594476239,3125.0,98.4431520611,,98.4431520611,104.6210801405,,,,,1.19826420479462,,683.07204
696.52,,,,,,,,,,,,,,
696.5930000000001,,,,,,,,,,,,,,
696.62,143.74,151.2866631661,,98.2163558761,,98.2163558761,104.6210801405,,,,,1.19826420479462,,683.2052376
696.654,,,,,,,,,,,,,,
696.721,,,,,,,,,,,,,,
696.773,143.59,151.3138787083,,98.1982121813,,98.1982121813,104.6210801405,,,,,1.19826420479462,,683.3384352
696.797,,,,,,,,,,,,,,
696.8580000000001,,,,,,,,,,,,,,
696.925,143.73,151.3410942505,3125.0,98.1664607154,,98.1664607154,104.6210801405,,,,,1.19826420479462,,683.471328
696.931,,,,,,,,,,,,,,
697.0010000000001,,,,,1.21000003814697,,,,683.239990234375,683.239990234375,1.21000003814697,,7.2909710200399,
697.068,,,,,,,,,,,,,,
697.078,143.43,151.36830979270002,,99.2641542508,,99.2641542508,104.6210801405,,,,,1.19826420479462,,683.6045256
697.1419999999999,,,,,,,,,,,,,,
697.203,,,,,,,,,,,,,,
697.23,143.27,151.3909894112,,100.7111139111,,100.7111139111,104.6210801405,,,,,1.19826420479462,,683.7377232000001
697.273,,,,,,,,,,,,,,
697.346,,,,,,,,,,,,,,
697.382,143.87,151.4182049534,3164.06,99.4591989699,,99.4591989699,104.6210801405,,,,,1.19826420479462,,683.870616
697.4069999999999,,,,,,,,,,,,,,
697.535,143.0,151.4454204956,,98.7742744912,,98.7742744912,104.6210801405,,,,,1.19826420479462,,684.0038136
697.55,,,,,,,,,,,,,,
697.6110000000001,,,,,,,,,,,,,,
697.678,,,,,,,,,,,,,,
697.687,143.43,151.47263603780002,,98.1800684865,,98.1800684865,104.6210801405,,,,,1.19826420479462,,684.1370112000001
697.7539999999999,,,,,,,,,,,,,,
697.815,,,,,,,,,,,,,,
697.84,143.0,151.49985158,,98.0621344703,,98.0621344703,104.6210801405,,,,,1.19826420479462,,684.269904
697.882,,,,,,,,,,,,,,
697.992,143.96,151.5225311985,3125.0,97.9260567593,,97.9260567593,104.6210801405,,,,,1.19826420479462,,684.4031016
698.0010000000001,,,,,1.21000003814697,,,,684.1099853515631,684.1099853515631,1.21000003814697,,6.87288704207672,
698.0160000000001,,,,,,,,,,,,,,
698.086,,,,,,,,,,,,,,
698.1439999999999,143.73,151.5497467407,,98.1483170206,,98.1483170206,104.6210801405,,,,,1.19826420479462,,684.5359944
698.16,,,,,,,,,,,,,,
698.221,,,,,,,,,,,,,,
698.288,,,,,,,,,,,,,,
698.297,143.78,151.5769622829,,97.7854431246,,97.7854431246,104.6210801405,,,,,1.19826420479462,,684.669192
698.3639999999999,,,,,,,,,,,,,,
698.425,,,,,,,,,,,,,,
698.449,143.27,151.6041778251,3125.0,97.9396645304,,97.9396645304,104.6210801405,,,,,1.19826420479462,,684.8020847999999
698.507,,,,,,,,,,,,,,
698.568,,,,,,,,,,,,,,
698.602,143.87,151.6313933673,,97.9940956148,,97.9940956148,104.6210801405,,,,,1.19826420479462,,684.9352824
698.635,,,,,,,,,,,,,,
698.7080000000001,,,,,,,,,,,,,,
698.7539999999999,143.0,151.6540729858,,98.0031674622,,98.0031674622,104.6210801405,,,,,1.19826420479462,,685.0681752
698.7689999999999,,,,,,,,,,,,,,
698.8389999999999,,,,,,,,,,,,,,
698.9060000000001,143.61,151.68128852799998,3164.06,97.8806975223,,97.8806975223,104.6210801405,,,,,1.19826420479462,,685.201068
698.9119999999999,,,,,,,,,,,,,,
699.0010000000001,,,,,1.21000003814697,,,,684.969970703125,684.969970703125,1.21000003814697,,7.62747729252445,
699.041,,,,,,,,,,,,,,
699.059,143.0,151.7085040702,,97.703796498,,97.703796498,104.6210801405,,,,,1.19826420479462,,685.3342656000001
699.117,,,,,,,,,,,,,,
699.178,,,,,,,,,,,,,,
699.211,143.41,151.7357196124,,98.1846044102,,98.1846044102,104.6210801405,,,,,1.19826420479462,,685.4671584
699.245,,,,,,,,,,,,,,
699.321,,,,,,,,,,,,,,
699.3639999999999,143.65,151.7583992309,,98.8014900334,,98.8014900334,104.6210801405,,,,,1.19826420479462,,685.6000512
699.382,,,,,,,,,,,,,,
699.449,,,,,,,,,,,,,,
699.5160000000001,143.55,151.7856147731,3164.06,98.9375677444,,98.9375677444,104.6210801405,,,,,1.19826420479462,,685.7329440000001
699.525,,,,,,,,,,,,,,
699.586,,,,,,,,,,,,,,
699.659,,,,,,,,,,,,,,
699.668,143.26,151.8128303153,,99.41383973290002,,99.41383973290002,104.6210801405,,,,,1.19826420479462,,685.8661416
699.7260000000001,,,,,,,,,,,,,,
699.7869999999999,,,,,,,,,,,,,,
699.821,143.45,151.8400458575,,99.1008609976,,99.1008609976,104.6210801405,,,,,1.19826420479462,,685.9990343999999
699.87,,,,,,,,,,,,,,
699.931,,,,,,,,,,,,,,
699.9730000000001,143.17,151.8672613997,3125.0,97.8081227431,,97.8081227431,104.6210801405,,,,,1.19826420479462,,686.1319272000001
699.998,,,,,,,,,,,,,,
700.0010000000001,,,,,1.21000003814697,,,,685.840026855469,685.840026855469,1.21000003814697,,7.35215393446995,
700.074,,,,,,,,,,,,,,
700.1260000000001,143.86,151.8944769419,,97.3454585257,,97.3454585257,104.6210801405,,,,,1.19826420479462,,686.26482
700.135,,,,,,,,,,,,,,
700.202,,,,,,,,,,,,,,
700.278,144.0,151.9171565604,,97.7582275824,,97.7582275824,104.6210801405,,,,,1.19826420479462,,686.3977127999999
700.3389999999999,,,,,,,,,,,,,,
700.4060000000001,,,,,,,,,,,,,,
700.43,143.09,151.9443721026,3164.06,97.8897693697,,97.8897693697,104.6210801405,,,,,1.19826420479462,,686.5306056
700.4789999999999,,,,,,,,,,,,,,
700.54,,,,,,,,,,,,,,
700.5830000000001,143.39,151.9715876448,,98.8740648126,,98.8740648126,104.6210801405,,,,,1.19826420479462,,686.6634984
700.61,,,,,,,,,,,,,,
700.683,,,,,,,,,,,,,,
700.735,143.36,151.99880318700002,,102.7477436524,,102.7477436524,104.6210801405,,,,,1.19826420479462,,686.7963912
700.7439999999999,,,,,,,,,,,,,,
700.814,,,,,,,,,,,,,,
700.888,144.0,152.0214828055,,102.0083880893,,102.0083880893,104.6210801405,,,,,1.19826420479462,,686.9292839999999
700.949,,,,,,,,,,,,,,
701.0,,,,,1.21000003814697,,,,686.690002441406,686.690002441406,1.21000003814697,,7.02584457127112,
701.04,143.91,152.044162424,3125.0,101.8949899968,,101.8949899968,104.6210801405,,,,,1.19826420479462,,687.0621768
701.092,,,,,,,,,,,,,,
701.153,,,,,,,,,,,,,,
701.192,143.27,151.9670517211,,102.3168309009,,102.3168309009,104.6210801405,,,,,1.19826420479462,,687.1950696
701.2260000000001,,,,,,,,,,,,,,
701.296,,,,,,,,,,,,,,
701.345,143.17,151.98973133959998,,100.9923411805,,100.9923411805,104.6210801405,,,,,1.19826420479462,,687.3279623999999
701.363,,,,,,,,,,,,,,
701.436,,,,,,,,,,,,,,
701.497,143.45,152.0169468818,3125.0,100.5523565816,,100.5523565816,104.6210801405,,,,,1.19826420479462,,687.4608552
701.564,,,,,,,,,,,,,,
701.64,,,,,,,,,,,,,,
701.65,143.04,152.044162424,,99.8855757977,,99.8855757977,104.6210801405,,,,,1.19826420479462,,687.593748
701.701,,,,,,,,,,,,,,
701.768,,,,,,,,,,,,,,
701.802,144.0,152.0668420425,,99.3049775641,,99.3049775641,104.6210801405,,,,,1.19826420479462,,687.7266407999999
701.845,,,,,,,,,,,,,,
701.9060000000001,,,,,,,,,,,,,,
701.954,143.7,152.09405758469998,3125.0,99.33672903,,99.33672903,104.6210801405,,,,,1.19826420479462,,687.8592288
701.9730000000001,,,,,,,,,,,,,,
702.0,,,,,1.21000003814697,,,,687.5599975585941,687.5599975585941,1.21000003814697,,5.720608090952981,
702.049,,,,,,,,,,,,,,
702.107,143.32,152.1167372032,,99.4501271225,,99.4501271225,104.6210801405,,,,,1.19826420479462,,687.9921216
702.11,,,,,,,,,,,,,,
702.177,,,,,,,,,,,,,,
702.25,,,,,,,,,,,,,,
702.2589999999999,143.43,152.1439527454,,99.2959057167,,99.2959057167,104.6210801405,,,,,1.19826420479462,,688.1250143999999
702.311,,,,,,,,,,,,,,
702.3810000000001,,,,,,,,,,,,,,
702.4119999999999,143.36,152.1711682876,,99.1008609976,,99.1008609976,104.6210801405,,,,,1.19826420479462,,688.2576024
702.454,,,,,,,,,,,,,,
702.564,143.48,152.19384790610002,3125.0,99.1280765398,,99.1280765398,104.6210801405,,,,,1.19826420479462,,688.3904952
702.5980000000001,,,,,,,,,,,,,,
702.658,,,,,,,,,,,,,,
702.716,143.73,152.2210634483,,98.9829269814,,98.9829269814,104.6210801405,,,,,1.19826420479462,,688.523388
702.7260000000001,,,,,,,,,,,,,,
702.802,,,,,,,,,,,,,,
702.863,,,,,,,,,,,,,,
702.8689999999999,143.52,152.24827899049998,,99.0464299132,,99.0464299132,104.6210801405,,,,,1.19826420479462,,688.655976
702.93,,,,,,,,,,,,,,
703.0,,,,,1.22000002861023,,,,688.4299926757809,688.4299926757809,1.21000003814697,,6.80150721836095,
703.003,,,,,,,,,,,,,,
703.0210000000001,143.0,152.270958609,3125.0,98.8513851941,,98.8513851941,104.6210801405,,,,,1.19826420479462,,688.7888687999999
703.064,,,,,,,,,,,,,,
703.1339999999999,,,,,,,,,,,,,,
703.174,143.41,152.29817415120002,,98.9058162785,,98.9058162785,104.6210801405,,,,,1.19826420479462,,688.9214568
703.207,,,,,,,,,,,,,,
703.268,,,,,,,,,,,,,,
703.326,143.35,152.3208537697,,98.8695288889,,98.8695288889,104.6210801405,,,,,1.19826420479462,,689.0543496
703.335,,,,,,,,,,,,,,
703.4110000000001,,,,,,,,,,,,,,
703.472,,,,,,,,,,,,,,
703.4780000000001,143.82,152.34806931190002,3164.06,98.9421036681,,98.9421036681,104.6210801405,,,,,1.19826420479462,,689.1869376
703.539,,,,,,,,,,,,,,
703.6160000000001,,,,,,,,,,,,,,
703.6310000000001,143.0,152.3752848541,,99.291369793,,99.291369793,104.6210801405,,,,,1.19826420479462,,689.3198304
703.677,,,,,,,,,,,,,,
703.7439999999999,,,,,,,,,,,,,,
703.783,143.0,152.3979644726,,99.8039291711,,99.8039291711,104.6210801405,,,,,1.19826420479462,,689.4524183999999
703.817,,,,,,,,,,,,,,
703.8810000000001,,,,,,,,,,,,,,
703.936,143.26,152.4251800148,3125.0,99.5090941306,,99.5090941306,104.6210801405,,,,,1.19826420479462,,689.5853112000001
703.96,,,,,,,,,,,,,,
704.0,,,,,1.22000002861023,,,,689.2899780273441,689.2899780273441,1.21000003814697,,6.80150721836095,
704.0880000000001,143.64,152.4478596333,,98.9647832866,,98.9647832866,104.6210801405,,,,,1.19826420479462,,689.7178992
704.091,,,,,,,,,,,,,,
704.164,,,,,,,,,,,,,,
704.225,,,,,,,,,,,,,,
704.24,143.0,152.4750751755,,98.6518045513,,98.6518045513,104.6210801405,,,,,1.19826420479462,,689.8504872000001
704.289,,,,,,,,,,,,,,
704.362,,,,,,,,,,,,,,
704.393,143.35,152.5022907177,,98.6880919409,,98.6880919409,104.6210801405,,,,,1.19826420479462,,689.98338
704.42,,,,,,,,,,,,,,
704.4839999999999,,,,,,,,,,,,,,
704.545,143.71,152.5249703362,3125.0,98.6654123224,,98.6654123224,104.6210801405,,,,,1.19826420479462,,690.115968
704.557,,,,,,,,,,,,,,
704.615,,,,,,,,,,,,,,
704.682,,,,,,,,,,,,,,
704.698,143.0,152.5521858784,,98.6880919409,,98.6880919409,104.6210801405,,,,,1.19826420479462,,690.248556
704.752,,,,,,,,,,,,,,
704.81,,,,,,,,,,,,,,
704.85,143.74,152.5748654969,,98.5293346114,,98.5293346114,104.6210801405,,,,,1.19826420479462,,690.3811440000001
704.877,,,,,,,,,,,,,,
704.948,,,,,,,,,,,,,,
704.9989999999999,,,,,1.22000002861023,,,,690.1599731445309,690.1599731445309,1.21000003814697,,7.25018241041987,
705.002,143.33,152.6020810391,3125.0,98.42954429,,98.42954429,104.6210801405,,,,,1.19826420479462,,690.5140368
705.005,,,,,,,,,,,,,,
705.073,,,,,,,,,,,,,,
705.143,,,,,,,,,,,,,,
705.155,143.87,152.6292965813,,98.3977928241,,98.3977928241,104.6210801405,,,,,1.19826420479462,,690.6466247999999
705.201,,,,,,,,,,,,,,
705.268,,,,,,,,,,,,,,
705.307,143.29,152.6519761998,,98.1392451732,,98.1392451732,104.6210801405,,,,,1.19826420479462,,690.7792128
705.3380000000001,,,,,,,,,,,,,,
705.405,,,,,,,,,,,,,,
705.46,143.13,152.679191742,3164.06,98.2299636472,,98.2299636472,104.6210801405,,,,,1.19826420479462,,690.9118007999999
705.475,,,,,,,,,,,,,,
705.6,,,,,,,,,,,,,,
705.612,143.35,152.7064072842,,97.7446198113,,97.7446198113,104.6210801405,,,,,1.19826420479462,,691.0443888
705.67,,,,,,,,,,,,,,
705.7280000000001,,,,,,,,,,,,,,
705.7639999999999,143.25,152.7290869027,,97.7582275824,,97.7582275824,104.6210801405,,,,,1.19826420479462,,691.1769767999999
705.795,,,,,,,,,,,,,,
705.865,,,,,,,,,,,,,,
705.9169999999999,143.61,152.7563024449,3125.0,97.9578082252,,97.9578082252,104.6210801405,,,,,1.19826420479462,,691.3095647999999
705.923,,,,,,,,,,,,,,
705.9989999999999,,,,,1.22000002861023,,,,691.010009765625,691.010009765625,1.21000003814697,,7.658068992858761,
706.06,,,,,,,,,,,,,,
706.069,143.75,152.7789820634,,98.021311157,,98.021311157,104.6210801405,,,,,1.19826420479462,,691.4421528
706.1210000000001,,,,,,,,,,,,,,
706.185,,,,,,,,,,,,,,
706.222,143.57,152.8061976056,,97.8716256749,,97.8716256749,104.6210801405,,,,,1.19826420479462,,691.5747408
706.255,,,,,,,,,,,,,,
706.316,,,,,,,,,,,,,,
706.3739999999999,143.62,152.8334131478,3164.06,97.7718353535,,97.7718353535,104.6210801405,,,,,1.19826420479462,,691.7073288
706.38,,,,,,,,,,,,,,
706.45,,,,,,,,,,,,,,
706.5260000000001,143.17,152.85609276629998,,97.5903984055,,97.5903984055,104.6210801405,,,,,1.19826420479462,,691.8399168
706.575,,,,,,,,,,,,,,
706.648,,,,,,,,,,,,,,
706.679,144.0,152.8833083085,,97.703796498,,97.703796498,104.6210801405,,,,,1.19826420479462,,691.9725047999999
706.706,,,,,,,,,,,,,,
706.7819999999999,,,,,,,,,,,,,,
706.831,143.33,152.9105238507,,97.4633925419,,97.4633925419,104.6210801405,,,,,1.19826420479462,,692.1050928
706.8430000000001,,,,,,,,,,,,,,
706.9069999999999,,,,,,,,,,,,,,
706.9839999999999,143.91,152.9332034692,3164.06,97.2728837465,,97.2728837465,104.6210801405,,,,,1.19826420479462,,692.2373759999999
706.9989999999999,,,,,1.11000001430511,,,,691.869995117188,691.869995117188,1.21000003814697,,8.17812449487202,
707.038,,,,,,,,,,,,,,
707.102,,,,,,,,,,,,,,
707.1360000000001,143.25,152.9604190114,,97.3998896101,,97.3998896101,104.6210801405,,,,,1.19826420479462,,692.369964
707.176,,,,,,,,,,,,,,
707.2339999999999,,,,,,,,,,,,,,
707.288,143.74,152.9876345536,,97.2003089673,,97.2003089673,104.6210801405,,,,,1.19826420479462,,692.5025519999999
707.298,,,,,,,,,,,,,,
707.3710000000001,,,,,,,,,,,,,,
707.441,143.57,153.01031417209998,3164.06,97.1685575014,,97.1685575014,104.6210801405,,,,,1.19826420479462,,692.6351400000001
707.493,,,,,,,,,,,,,,
707.566,,,,,,,,,,,,,,
707.5930000000001,143.5,153.0375297143,,96.7421806736,,96.7421806736,104.6210801405,,,,,1.19826420479462,,692.7674232
707.6239999999999,,,,,,,,,,,,,,
707.688,,,,,,,,,,,,,,
707.7460000000001,143.0,153.0602093328,,96.2250853718,,96.2250853718,104.6210801405,,,,,1.19826420479462,,692.9000112000001
707.7610000000001,,,,,,,,,,,,,,
707.819,,,,,,,,,,,,,,
707.883,,,,,,,,,,,,,,
707.898,143.42,153.087424875,3164.06,96.6469262759,,96.6469262759,104.6210801405,,,,,1.19826420479462,,693.0325992
707.956,,,,,,,,,,,,,,
707.9989999999999,,,,,1.21000003814697,,,,692.739990234375,692.739990234375,1.21000003814697,,8.64719301926379,
708.0139999999999,,,,,,,,,,,,,,
708.05,144.0,153.11464041719998,,96.6514621996,,96.6514621996,104.6210801405,,,,,1.19826420479462,,693.1648824
708.078,,,,,,,,,,,,,,
708.1510000000001,,,,,,,,,,,,,,
708.203,144.0,153.1373200357,,96.6333185048,,96.6333185048,104.6210801405,,,,,1.19826420479462,,693.2974704
708.209,,,,,,,,,,,,,,
708.2760000000001,,,,,,,,,,,,,,
708.346,,,,,,,,,,,,,,
708.355,143.62,153.1645355779,3125.0,97.0052642482,,97.0052642482,104.6210801405,,,,,1.19826420479462,,693.4297536
708.413,,,,,,,,,,,,,,
708.4860000000001,,,,,,,,,,,,,,
708.508,143.17,153.1872151964,,96.9190816979,,96.9190816979,104.6210801405,,,,,1.19826420479462,,693.5623416
708.544,,,,,,,,,,,,,,
708.6110000000001,,,,,,,,,,,,,,
708.66,143.57,153.21443073860002,,96.796611758,,96.796611758,104.6210801405,,,,,1.19826420479462,,693.6946247999999
708.684,,,,,,,,,,,,,,
708.745,,,,,,,,,,,,,,
708.812,144.0,153.2416462808,3125.0,96.887330232,,96.887330232,104.6210801405,,,,,1.19826420479462,,693.8272128
708.8860000000001,,,,,,,,,,,,,,
708.965,143.68,153.2643258993,,97.1277341881,,97.1277341881,104.6210801405,,,,,1.19826420479462,,693.959496
709.0010000000001,,,,,1.21000003814697,,,,693.599975585938,693.599975585938,1.21000003814697,,8.5248271904037,
709.0110000000001,,,,,,,,,,,,,,
709.084,,,,,,,,,,,,,,
709.117,143.04,153.2915414415,,97.3681381442,,97.3681381442,104.6210801405,,,,,1.19826420479462,,694.092084
709.145,,,,,,,,,,,,,,
709.212,,,,,,,,,,,,,,
709.27,143.83,153.31422106,,97.4996799315,,97.4996799315,104.6210801405,,,,,1.19826420479462,,694.2243672000001
709.285,,,,,,,,,,,,,,
709.346,,,,,,,,,,,,,,
709.422,143.7,153.3414366022,3125.0,97.3137070598,,97.3137070598,104.6210801405,,,,,1.19826420479462,,694.3566503999999
709.4830000000001,,,,,,,,,,,,,,
709.544,,,,,,,,,,,,,,
709.574,143.35,153.36865214440002,,96.95083316379998,,96.95083316379998,104.6210801405,,,,,1.19826420479462,,694.4892384
709.6110000000001,,,,,,,,,,,,,,
709.684,,,,,,,,,,,,,,
709.727,143.74,153.39133176290002,,96.6423903522,,96.6423903522,104.6210801405,,,,,1.19826420479462,,694.6215216
709.745,,,,,,,,,,,,,,
709.824,,,,,,,,,,,,,,
709.8789999999999,143.13,153.4185473051,3164.06,96.5879592678,,96.5879592678,104.6210801405,,,,,1.19826420479462,,694.7538047999999
709.885,,,,,,,,,,,,,,
709.949,,,,,,,,,,,,,,
710.0010000000001,,,,,1.21000003814697,,,,694.4600219726559,694.4600219726559,1.21000003814697,,8.86133346288825,
710.0219999999999,,,,,,,,,,,,,,
710.0319999999999,143.0,153.4457628473,,96.8737224609,,96.8737224609,104.6210801405,,,,,1.19826420479462,,694.886088
710.0830000000001,,,,,,,,,,,,,,
710.15,,,,,,,,,,,,,,
710.184,143.57,153.4684424658,,96.7648602921,,96.7648602921,104.6210801405,,,,,1.19826420479462,,695.0183712
710.2239999999999,,,,,,,,,,,,,,
710.285,,,,,,,,,,,,,,
710.336,143.68,153.495658008,3085.94,96.7467165973,,96.7467165973,104.6210801405,,,,,1.19826420479462,,695.1509592
710.352,,,,,,,,,,,,,,
710.4830000000001,,,,,,,,,,,,,,
710.4889999999999,143.35,153.5183376265,,96.3112679221,,96.3112679221,104.6210801405,,,,,1.19826420479462,,695.2832424
710.55,,,,,,,,,,,,,,
710.623,,,,,,,,,,,,,,
710.6410000000001,143.0,153.5455531687,,96.479097099,,96.479097099,104.6210801405,,,,,1.19826420479462,,695.4155256
710.684,,,,,,,,,,,,,,
710.7510000000001,,,,,,,,,,,,,,
710.794,143.35,153.5727687109,,96.4836330227,,96.4836330227,104.6210801405,,,,,1.19826420479462,,695.5478088
710.824,,,,,,,,,,,,,,
710.946,143.0,153.5954483294,3125.0,96.2885883036,,96.2885883036,104.6210801405,,,,,1.19826420479462,,695.680092
710.949,,,,,,,,,,,,,,
711.0010000000001,,,,,1.21000003814697,,,,695.3200073242191,695.3200073242191,1.21000003814697,,8.26989813715922,
711.0219999999999,,,,,,,,,,,,,,
711.0830000000001,,,,,,,,,,,,,,
711.0980000000001,143.78,153.6226638716,,96.070863966,,96.070863966,104.6210801405,,,,,1.19826420479462,,695.8123752
711.15,,,,,,,,,,,,,,
711.2230000000001,,,,,,,,,,,,,,
711.2510000000001,143.78,153.6498794138,,97.3817459153,,97.3817459153,104.6210801405,,,,,1.19826420479462,,695.9446584
711.29,,,,,,,,,,,,,,
711.3639999999999,,,,,,,,,,,,,,
711.403,143.3,153.6725590323,3125.0,99.8311447133,,99.8311447133,104.6210801405,,,,,1.19826420479462,,696.0769416
711.421,,,,,,,,,,,,,,
711.4889999999999,,,,,,,,,,,,,,
711.556,143.35,153.6997745745,,98.3297539686,,98.3297539686,104.6210801405,,,,,1.19826420479462,,696.2092248
711.562,,,,,,,,,,,,,,
711.623,,,,,,,,,,,,,,
711.69,,,,,,,,,,,,,,
711.7080000000001,143.68,153.722454193,,98.2163558761,,98.2163558761,104.6210801405,,,,,1.19826420479462,,696.341508
711.763,,,,,,,,,,,,,,
711.821,,,,,,,,,,,,,,
711.86,143.26,153.7496697352,3125.0,96.3929145487,,96.3929145487,104.6210801405,,,,,1.19826420479462,,696.4734864
711.888,,,,,,,,,,,,,,
711.961,,,,,,,,,,,,,,
712.0010000000001,,,,,0.939999997615814,,,,696.1699829101559,696.1699829101559,1.21000003814697,,9.269220531565711,
712.013,143.57,153.7768852774,,95.9211784839,,95.9211784839,104.6210801405,,,,,1.19826420479462,,696.6057696
712.0219999999999,,,,,,,,,,,,,,
712.0889999999999,,,,,,,,,,,,,,
712.1619999999999,,,,,,,,,,,,,,
712.165,143.57,153.7995648959,,95.8622114758,,95.8622114758,104.6210801405,,,,,1.19826420479462,,696.7380528
712.22,,,,,,,,,,,,,,
712.2869999999999,,,,,,,,,,,,,,
712.318,143.65,153.8267804381,3164.06,95.9620017972,,95.9620017972,104.6210801405,,,,,1.19826420479462,,696.8703360000001
712.36,,,,,,,,,,,,,,
712.47,143.52,153.8539959803,,95.9438581024,,95.9438581024,104.6210801405,,,,,1.19826420479462,,697.0026192
712.488,,,,,,,,,,,,,,
712.561,,,,,,,,,,,,,,
712.6189999999999,,,,,,,,,,,,,,
712.622,143.22,153.8766755988,,96.1842620585,,96.1842620585,104.6210801405,,,,,1.19826420479462,,697.1345976
712.702,,,,,,,,,,,,,,
712.76,,,,,,,,,,,,,,
712.775,143.65,153.903891141,,95.753349307,,95.753349307,104.6210801405,,,,,1.19826420479462,,697.2668808
712.827,,,,,,,,,,,,,,
712.927,143.68,153.9265707595,3125.0,96.6333185048,,96.6333185048,104.6210801405,,,,,1.19826420479462,,697.3991639999999
712.961,,,,,,,,,,,,,,
713.0,,,,,1.12999999523163,,,,697.030029296875,697.030029296875,1.21000003814697,,7.188999495989831,
713.028,,,,,,,,,,,,,,
713.08,144.0,153.9537863017,,97.0052642482,,97.0052642482,104.6210801405,,,,,1.19826420479462,,697.5311424
713.1010000000001,,,,,,,,,,,,,,
713.159,,,,,,,,,,,,,,
713.2260000000001,,,,,,,,,,,,,,
713.232,143.65,153.9810018439,,96.2795164562,,96.2795164562,104.6210801405,,,,,1.19826420479462,,697.6634256
713.299,,,,,,,,,,,,,,
713.36,,,,,,,,,,,,,,
713.3839999999999,143.39,154.0036814624,3164.06,96.3158038458,,96.3158038458,104.6210801405,,,,,1.19826420479462,,697.795404
713.427,,,,,,,,,,,,,,
713.5,,,,,,,,,,,,,,
713.5369999999999,143.78,154.03089700459998,,96.4609534042,,96.4609534042,104.6210801405,,,,,1.19826420479462,,697.9276872
713.561,,,,,,,,,,,,,,
713.625,,,,,,,,,,,,,,
713.689,143.48,154.0535766231,,98.8559211178,,98.8559211178,104.6210801405,,,,,1.19826420479462,,698.0596656
713.701,,,,,,,,,,,,,,
713.7589999999999,,,,,,,,,,,,,,
713.832,,,,,,,,,,,,,,
713.842,143.0,154.0807921653,3164.06,98.928495897,,98.928495897,104.6210801405,,,,,1.19826420479462,,698.1919488
713.9,,,,,,,,,,,,,,
713.9939999999999,123.47,152.9377393929,3125.0,104.3035654815,,104.3035654815,105.5464085753,,,,,1.19826420479462,,698.3239272000001
714.0,,,,,1.13999998569489,,,,698.02001953125,698.02001953125,1.21000003814697,,5.63903087171292,
714.028,,,,,,,,,,,,,,
714.1460000000001,23.87,152.951347164,1992.19,77.9906720978,,77.9906720978,105.5464085753,,,,,1.19826420479462,,698.4562103999999
714.171,,,,,,,,,,,,,,
714.299,104.0,152.9876345536,,97.4815362367,,97.4815362367,105.5781600412,,,,,1.19826420479462,,698.5881887999999
714.305,,,,,,,,,,,,,,
714.439,,,,,,,,,,,,,,
714.451,104.0,153.01031417209998,3046.88,93.6486807102,,93.6486807102,105.5781600412,,,,,1.19826420479462,,698.720472
714.485,,,,,,,,,,,,,,
714.5369999999999,,,,,,,,,,,,,,
714.579,,,,,,,,,,,,,,
714.6039999999999,104.0,153.0329937906,,93.7530069553,,93.7530069553,105.5781600412,,,,,1.19826420479462,,698.8524504
714.628,,,,,,,,,,,,,,
714.677,,,,,,,,,,,,,,
714.7189999999999,,,,,,,,,,,,,,
714.7560000000001,104.0,153.0602093328,,94.0523779195,,94.0523779195,105.5781600412,,,,,1.19826420479462,,698.9844287999999
714.765,,,,,,,,,,,,,,
714.9019999999999,,,,,,,,,,,,,,
714.908,104.0,153.0828889513,3125.0,93.8845487426,,93.8845487426,105.5781600412,,,,,1.19826420479462,,699.1164072
714.951,,,,,,,,,,,,,,
714.9910000000001,,,,,,,,,,,,,,
715.0,,,,,1.20000004768372,,,,698.880004882813,698.880004882813,1.21000003814697,,3.4058520638233296,
715.061,104.0,153.11010449350002,,93.8709409715,,93.8709409715,105.5781600412,,,,,1.19826420479462,,699.2486904
715.0939999999999,,,,,,,,,,,,,,
715.1489999999999,,,,,,,,,,,,,,
715.192,,,,,,,,,,,,,,
715.2130000000001,104.0,153.132784112,,94.8733801092,,94.8733801092,105.5781600412,,,,,1.19826420479462,,699.3806688
715.247,,,,,,,,,,,,,,
715.3660000000001,104.0,153.1599996542,3125.0,97.2139167384,,97.2139167384,105.5781600412,,,,,1.19826420479462,,699.5126472000001
715.3839999999999,,,,,,,,,,,,,,
715.442,,,,,,,,,,,,,,
715.4939999999999,,,,,,,,,,,,,,
715.518,104.0,153.1872151964,,94.2746381808,,94.2746381808,105.5781600412,,,,,1.19826420479462,,699.6446256
715.533,,,,,,,,,,,,,,
715.576,,,,,,,,,,,,,,
715.628,,,,,,,,,,,,,,
715.67,104.0,153.2098948149,,94.0342342247,,94.0342342247,105.5781600412,,,,,1.19826420479462,,699.776604
715.716,,,,,,,,,,,,,,
715.801,,,,,,,,,,,,,,
715.823,104.0,153.2325744334,3085.94,93.802902116,,93.802902116,105.5781600412,,,,,1.19826420479462,,699.9085824
715.8439999999999,,,,,,,,,,,,,,
715.893,,,,,,,,,,,,,,
715.933,,,,,,,,,,,,,,
715.972,,,,,,,,,,,,,,
715.975,104.0,153.2597899756,,92.9637562315,,92.9637562315,105.5781600412,,,,,1.19826420479462,,700.0405607999999
716.0,,,,,1.20000004768372,,,,699.75,699.75,1.20000004768372,,11.390230176761598,
716.018,,,,,,,,,,,,,,
716.051,,,,,,,,,,,,,,
716.091,,,,,,,,,,,,,,
716.128,104.0,153.2824695941,,92.4375890823,,92.4375890823,105.5781600412,,,,,1.19826420479462,,700.1725392000001
716.1310000000001,,,,,,,,,,,,,,
716.204,,,,,,,,,,,,,,
716.243,,,,,,,,,,,,,,
716.28,104.0,153.3096851363,3125.0,92.6961367332,,92.6961367332,105.5781600412,,,,,1.19826420479462,,700.3045176
716.323,,,,,,,,,,,,,,
716.3560000000001,,,,,,,,,,,,,,
716.4019999999999,,,,,,,,,,,,,,
716.432,104.0,153.33236475479998,,92.6008823355,,92.6008823355,105.5781600412,,,,,1.19826420479462,,700.436496
716.442,,,,,,,,,,,,,,
716.487,,,,,,,,,,,,,,
716.579,,,,,,,,,,,,,,
716.585,104.0,153.359580297,3085.94,94.5422576791,,94.5422576791,105.5781600412,,,,,1.19826420479462,,700.5684744
716.6239999999999,,,,,,,,,,,,,,
716.67,,,,,,,,,,,,,,
716.704,,,,,,,,,,,,,,
716.737,104.0,153.3822599155,,93.0454028581,,93.0454028581,105.5781600412,,,,,1.19826420479462,,700.7004528
716.743,,,,,,,,,,,,,,
716.7860000000001,,,,,,,,,,,,,,
716.826,,,,,,,,,,,,,,
716.865,,,,,,,,,,,,,,
716.89,104.0,153.4094754577,,92.668921191,,92.668921191,105.5781600412,,,,,1.19826420479462,,700.8324312000001
716.908,,,,,,,,,,,,,,
716.987,,,,,,,,,,,,,,
716.9989999999999,,,,,1.20000004768372,,,,700.599975585938,700.599975585938,1.20000004768372,,12.98098692442,
717.0360000000001,,,,,,,,,,,,,,
717.0419999999999,104.0,153.43215507620002,3125.0,93.4037408304,,93.4037408304,105.5781600412,,,,,1.19826420479462,,700.9644096
717.079,,,,,,,,,,,,,,
717.1360000000001,,,,,,,,,,,,,,
717.194,104.0,153.4548346947,,96.5788874204,,96.5788874204,105.5781600412,,,,,1.19826420479462,,701.0963879999999
717.2130000000001,,,,,,,,,,,,,,
717.2710000000001,,,,,,,,,,,,,,
717.329,,,,,,,,,,,,,,
717.347,104.0,153.4820502369,,95.0366733624,,95.0366733624,105.5781600412,,,,,1.19826420479462,,701.2283664
717.38,,,,,,,,,,,,,,
717.429,,,,,,,,,,,,,,
717.487,,,,,,,,,,,,,,
717.4989999999999,104.0,153.5092657791,3085.94,95.0366733624,,95.0366733624,105.5781600412,,,,,1.19826420479462,,701.36004
717.539,,,,,,,,,,,,,,
717.5880000000001,,,,,,,,,,,,,,
717.63,,,,,,,,,,,,,,
717.6519999999999,104.0,153.5319453976,,94.5467936028,,94.5467936028,105.5781600412,,,,,1.19826420479462,,701.4920183999999
717.676,,,,,,,,,,,,,,
717.7280000000001,,,,,,,,,,,,,,
717.77,,,,,,,,,,,,,,
717.804,104.0,153.5546250161,,94.5966887635,,94.5966887635,105.5781600412,,,,,1.19826420479462,,701.6239968
717.816,,,,,,,,,,,,,,
717.8710000000001,,,,,,,,,,,,,,
717.956,104.0,153.5818405583,3125.0,95.5628405116,,95.5628405116,105.5781600412,,,,,1.19826420479462,,701.7556704
717.966,,,,,,,,,,,,,,
717.9989999999999,,,,,1.21000003814697,,,,701.4600219726559,701.4600219726559,1.20000004768372,,11.0741177228485,
718.0269999999999,,,,,,,,,,,,,,
718.075,,,,,,,,,,,,,,
718.1089999999999,104.0,153.6045201768,,96.5879592678,,96.5879592678,105.5781600412,,,,,1.19826420479462,,701.8876488
718.133,,,,,,,,,,,,,,
718.194,,,,,,,,,,,,,,
718.243,,,,,,,,,,,,,,
718.2610000000001,104.0,153.631735719,,96.3021960747,,96.3021960747,105.5781600412,,,,,1.19826420479462,,702.0196272000001
718.295,,,,,,,,,,,,,,
718.347,,,,,,,,,,,,,,
718.3919999999999,,,,,,,,,,,,,,
718.414,104.0,153.6544153375,3125.0,95.7578852307,,95.7578852307,105.5781600412,,,,,1.19826420479462,,702.1513008
718.441,,,,,,,,,,,,,,
718.5419999999999,,,,,,,,,,,,,,
718.566,104.0,153.68163087969998,,96.0345765764,,96.0345765764,105.5781600412,,,,,1.19826420479462,,702.2832792
718.596,,,,,,,,,,,,,,
718.6510000000001,,,,,,,,,,,,,,
718.709,,,,,,,,,,,,,,
718.7180000000001,104.0,153.7043104982,,96.7557884447,,96.7557884447,105.5781600412,,,,,1.19826420479462,,702.4149528
718.785,,,,,,,,,,,,,,
718.8560000000001,,,,,,,,,,,,,,
718.8710000000001,104.0,153.7315260404,,97.3137070598,,97.3137070598,105.5781600412,,,,,1.19826420479462,,702.5469312000001
718.926,,,,,,,,,,,,,,
718.9989999999999,,,,,1.20000004768372,,,,702.3099975585941,702.3099975585941,1.20000004768372,,10.2991341400679,
719.023,104.0,153.7542056589,3085.94,95.1818229208,,95.1818229208,105.5781600412,,,,,1.19826420479462,,702.6786047999999
719.0260000000001,,,,,,,,,,,,,,
719.096,,,,,,,,,,,,,,
719.1510000000001,,,,,,,,,,,,,,
719.176,104.0,153.78142120110002,,96.0300406527,,96.0300406527,105.5781600412,,,,,1.19826420479462,,702.8105832
719.212,,,,,,,,,,,,,,
719.27,,,,,,,,,,,,,,
719.319,,,,,,,,,,,,,,
719.328,104.0,153.8041008196,,95.0820325994,,95.0820325994,105.5781600412,,,,,1.19826420479462,,702.9422568
719.3710000000001,,,,,,,,,,,,,,
719.422,,,,,,,,,,,,,,
719.4739999999999,,,,,,,,,,,,,,
719.48,104.0,153.8313163618,3125.0,95.8486037047,,95.8486037047,105.5781600412,,,,,1.19826420479462,,703.0739304
719.5319999999999,,,,,,,,,,,,,,
719.5930000000001,,,,,,,,,,,,,,
719.633,104.0,153.8539959803,,95.8984988654,,95.8984988654,105.5781600412,,,,,1.19826420479462,,703.2059088
719.6360000000001,,,,,,,,,,,,,,
719.682,,,,,,,,,,,,,,
719.7330000000001,,,,,,,,,,,,,,
719.77,,,,,,,,,,,,,,
719.785,104.0,153.8812115225,,93.4581719148,,93.4581719148,105.5781600412,,,,,1.19826420479462,,703.3375824
719.813,,,,,,,,,,,,,,
719.8610000000001,,,,,,,,,,,,,,
719.904,,,,,,,,,,,,,,
719.938,104.0,153.903891141,3125.0,94.0886653091,,94.0886653091,105.5781600412,,,,,1.19826420479462,,703.469256
719.9989999999999,,,,,1.21000003814697,,,,703.1599731445309,703.1599731445309,1.20000004768372,,10.1257823060635,
720.041,,,,,,,,,,,,,,
720.09,104.0,153.9311066832,,93.938979827,,93.938979827,105.5781600412,,,,,1.19826420479462,,703.6012344
720.096,,,,,,,,,,,,,,
720.1389999999999,,,,,,,,,,,,,,
720.191,,,,,,,,,,,,,,
720.23,,,,,,,,,,,,,,
720.242,104.0,153.9537863017,,93.8437254293,,93.8437254293,105.5781600412,,,,,1.19826420479462,,703.732908
720.273,,,,,,,,,,,,,,
720.322,,,,,,,,,,,,,,
720.355,,,,,,,,,,,,,,
720.395,104.0,153.9810018439,3125.0,93.4581719148,,93.4581719148,105.5781600412,,,,,1.19826420479462,,703.8645816000001
720.447,,,,,,,,,,,,,,
720.4889999999999,,,,,,,,,,,,,,
720.535,,,,,,,,,,,,,,
720.547,104.0,154.0036814624,,94.2065993253,,94.2065993253,105.5781600412,,,,,1.19826420479462,,703.9962552000001
720.578,,,,,,,,,,,,,,
720.6080000000001,,,,,,,,,,,,,,
720.645,,,,,,,,,,,,,,
720.684,,,,,,,,,,,,,,
720.7,104.0,154.03089700459998,,92.7551037413,,92.7551037413,105.5781600412,,,,,1.19826420479462,,704.1279288
720.7239999999999,,,,,,,,,,,,,,
720.806,,,,,,,,,,,,,,
720.852,104.0,154.0535766231,3085.94,92.9229329182,,92.9229329182,105.5781600412,,,,,1.19826420479462,,704.2596024000001
720.8760000000001,,,,,,,,,,,,,,
720.913,,,,,,,,,,,,,,
720.943,,,,,,,,,,,,,,
720.977,,,,,,,,,,,,,,
721.0010000000001,,,,,1.21000003814697,,,,704.030029296875,704.030029296875,1.20000004768372,,13.3684792020489,
721.0039999999999,104.0,154.0762562416,,91.807095688,,91.807095688,105.5781600412,,,,,1.19826420479462,,704.391276
721.0169999999999,,,,,,,,,,,,,,
721.047,,,,,,,,,,,,,,
721.087,,,,,,,,,,,,,,
721.1569999999999,104.0,154.1034717838,3125.0,91.7798801458,,91.7798801458,105.5781600412,,,,,1.19826420479462,,704.5229496000001
721.187,,,,,,,,,,,,,,
721.221,,,,,,,,,,,,,,
721.257,,,,,,,,,,,,,,
721.288,,,,,,,,,,,,,,
721.309,104.0,154.1261514023,,91.2446411492,,91.2446411492,105.5781600412,,,,,1.19826420479462,,704.6546232000001
721.318,,,,,,,,,,,,,,
721.3580000000001,,,,,,,,,,,,,,
721.3910000000001,,,,,,,,,,,,,,
721.462,104.0,154.15336694450002,3085.94,91.9522452464,,91.9522452464,105.5781600412,,,,,1.19826420479462,,704.7862968
721.465,,,,,,,,,,,,,,
721.495,,,,,,,,,,,,,,
721.529,,,,,,,,,,,,,,
721.565,,,,,,,,,,,,,,
721.596,,,,,,,,,,,,,,
721.6139999999999,104.0,154.176046563,,90.7547613896,,90.7547613896,105.5781600412,,,,,1.19826420479462,,704.9179704
721.6289999999999,,,,,,,,,,,,,,
721.666,,,,,,,,,,,,,,
721.693,,,,,,,,,,,,,,
721.727,,,,,,,,,,,,,,
721.7660000000001,104.0,154.2032621052,3125.0,90.5143574335,,90.5143574335,105.5781600412,,,,,1.19826420479462,,705.0496440000001
721.794,,,,,,,,,,,,,,
721.827,,,,,,,,,,,,,,
721.8639999999999,,,,,,,,,,,,,,
721.8969999999999,,,,,,,,,,,,,,
721.919,104.0,154.2259417237,,91.1493867515,,91.1493867515,105.5781600412,,,,,1.19826420479462,,705.1813175999999
721.934,,,,,,,,,,,,,,
721.9680000000001,,,,,,,,,,,,,,
722.0010000000001,,,,,1.21000003814697,,,,704.880004882813,704.880004882813,1.20000004768372,,14.7145052644642,
722.0039999999999,,,,,,,,,,,,,,
722.0319999999999,,,,,,,,,,,,,,
722.035,,,,,,,,,,,,,,
722.071,113.39,154.2531572659,3125.0,93.6895040235,,93.6895040235,105.5781600412,,,,,1.19826420479462,,705.3129912
722.105,,,,,,,,,,,,,,
722.163,,,,,,,,,,,,,,
722.211,,,,,,,,,,,,,,
722.2239999999999,143.36,154.2803728081,,97.1504138066,,97.1504138066,105.5781600412,,,,,1.19826420479462,,705.4446647999999
722.26,,,,,,,,,,,,,,
722.3489999999999,,,,,,,,,,,,,,
722.3760000000001,143.15,154.3030524266,3125.0,98.0303830044,,98.0303830044,105.5781600412,,,,,1.19826420479462,,705.5763383999999
722.4,,,,,,,,,,,,,,
722.446,,,,,,,,,,,,,,
722.492,,,,,,,,,,,,,,
722.528,143.74,154.3257320451,,98.2208917998,,98.2208917998,105.5781600412,,,,,1.19826420479462,,705.7077072000001
722.534,,,,,,,,,,,,,,
722.5889999999999,,,,,,,,,,,,,,
722.6469999999999,,,,,,,,,,,,,,
722.681,143.37,154.3529475873,3085.94,97.6811168795,,97.6811168795,105.5781600412,,,,,1.19826420479462,,705.8393808
722.702,,,,,,,,,,,,,,
722.7719999999999,,,,,,,,,,,,,,
722.83,,,,,,,,,,,,,,
722.8330000000001,143.52,154.3756272058,,95.9937532631,,95.9937532631,105.5781600412,,,,,1.19826420479462,,705.9710544
722.8910000000001,,,,,,,,,,,,,,
722.961,,,,,,,,,,,,,,
722.9860000000001,143.58,154.40284274799998,,95.8349959336,,95.8349959336,105.5781600412,,,,,1.19826420479462,,706.1027280000001
723.0010000000001,,,,,1.20000004768372,,,,705.72998046875,705.72998046875,1.20000004768372,,12.0632427217307,
723.0160000000001,,,,,,,,,,,,,,
723.077,,,,,,,,,,,,,,
723.138,143.08,154.4255223665,3125.0,95.8803551706,,95.8803551706,105.5781600412,,,,,1.19826420479462,,706.2340968
723.1469999999999,,,,,,,,,,,,,,
723.205,,,,,,,,,,,,,,
723.2689999999999,,,,,,,,,,,,,,
723.29,143.38,154.45273790870002,,96.1071513556,,96.1071513556,105.5781600412,,,,,1.19826420479462,,706.3657704
723.3389999999999,,,,,,,,,,,,,,
723.3969999999999,,,,,,,,,,,,,,
723.443,143.04,154.4754175272,,95.8622114758,,95.8622114758,105.5781600412,,,,,1.19826420479462,,706.4971392000001
723.461,,,,,,,,,,,,,,
723.5310000000001,,,,,,,,,,,,,,
723.595,143.42,154.50263306940002,3085.94,95.6671667567,,95.6671667567,105.5781600412,,,,,1.19826420479462,,706.6288128
723.653,,,,,,,,,,,,,,
723.72,,,,,,,,,,,,,,
723.748,143.39,154.5253126879,,95.6127356723,,95.6127356723,105.5781600412,,,,,1.19826420479462,,706.7601816
723.7869999999999,,,,,,,,,,,,,,
723.9,143.42,154.5525282301,,95.4176909532,,95.4176909532,105.5781600412,,,,,1.19826420479462,,706.8918552
723.915,,,,,,,,,,,,,,
723.9789999999999,,,,,,,,,,,,,,
724.0010000000001,,,,,1.20000004768372,,,,706.5900268554691,706.5900268554691,1.20000004768372,,9.87085325281904,
724.052,143.67,154.5752078486,3085.94,95.4766579613,,95.4766579613,105.5781600412,,,,,1.19826420479462,,707.023224
724.055,,,,,,,,,,,,,,
724.187,,,,,,,,,,,,,,
724.205,143.62,154.6024233908,,95.3088287844,,95.3088287844,105.5781600412,,,,,1.19826420479462,,707.1548976
724.26,,,,,,,,,,,,,,
724.315,,,,,,,,,,,,,,
724.357,143.5,154.6251030093,,95.3587239451,,95.3587239451,105.5781600412,,,,,1.19826420479462,,707.2862663999999
724.3910000000001,,,,,,,,,,,,,,
724.449,,,,,,,,,,,,,,
724.51,143.42,154.6523185515,3125.0,95.662630833,,95.662630833,105.5781600412,,,,,1.19826420479462,,707.41794
724.5160000000001,,,,,,,,,,,,,,
724.65,,,,,,,,,,,,,,
724.6619999999999,143.64,154.67499817,,97.4996799315,,97.4996799315,105.5781600412,,,,,1.19826420479462,,707.5493088
724.717,,,,,,,,,,,,,,
724.793,,,,,,,,,,,,,,
724.814,143.38,154.7022137122,,96.6786777418,,96.6786777418,105.5781600412,,,,,1.19826420479462,,707.6806776000001
724.872,,,,,,,,,,,,,,
724.949,,,,,,,,,,,,,,
724.967,143.75,154.72489333069998,,99.6905310786,,99.6905310786,105.5781600412,,,,,1.19826420479462,,707.8123512
725.0,,,,,1.20000004768372,,,,707.4299926757809,707.4299926757809,1.20000004768372,,10.931358075416998,
725.034,,,,,,,,,,,,,,
725.1189999999999,143.0,154.7521088729,3085.94,99.4909504358,,99.4909504358,105.5781600412,,,,,1.19826420479462,,707.94372
725.171,,,,,,,,,,,,,,
725.2560000000001,,,,,,,,,,,,,,
725.2719999999999,143.05,154.7747884914,,98.8876725837,,98.8876725837,105.5781600412,,,,,1.19826420479462,,708.0750887999999
725.33,,,,,,,,,,,,,,
725.403,,,,,,,,,,,,,,
725.424,143.62,154.8020040336,,98.7969541097,,98.7969541097,105.5781600412,,,,,1.19826420479462,,708.2064576
725.4910000000001,,,,,,,,,,,,,,
725.57,,,,,,,,,,,,,,
725.576,143.47,154.8246836521,3164.06,97.4044255338,,97.4044255338,105.5781600412,,,,,1.19826420479462,,708.3378263999999
725.677,,,,,,,,,,,,,,
725.7289999999999,144.0,154.8473632706,,101.0286285701,,101.0286285701,105.5781600412,,,,,1.19826420479462,,708.4695
725.799,,,,,,,,,,,,,,
725.8810000000001,143.29,154.8745788128,,101.6092268037,,101.6092268037,105.5781600412,,,,,1.19826420479462,,708.6008688
725.8989999999999,,,,,,,,,,,,,,
726.0,,,,,1.20000004768372,,,,708.2899780273441,708.2899780273441,1.21000003814697,,8.24950431858778,
726.0060000000001,,,,,,,,,,,,,,
726.034,144.0,154.901794355,,100.1305156775,,100.1305156775,105.5781600412,,,,,1.19826420479462,,708.7322376
726.122,,,,,,,,,,,,,,
726.186,143.13,154.9244739735,,99.5453815202,,99.5453815202,105.5781600412,,,,,1.19826420479462,,708.8636064
726.216,,,,,,,,,,,,,,
726.32,,,,,,,,,,,,,,
726.3380000000001,143.07,154.947153592,,99.4229115803,,99.4229115803,105.5781600412,,,,,1.19826420479462,,708.9949752
726.433,,,,,,,,,,,,,,
726.4910000000001,144.0,154.9743691342,3085.94,98.4068646715,,98.4068646715,105.5781600412,,,,,1.19826420479462,,709.126344
726.518,,,,,,,,,,,,,,
726.61,,,,,,,,,,,,,,
726.643,143.65,154.9970487527,,95.7941726203,,95.7941726203,105.5781600412,,,,,1.19826420479462,,709.2577127999999
726.704,,,,,,,,,,,,,,
726.79,,,,,,,,,,,,,,
726.796,143.88,155.0242642949,,96.1706542874,,96.1706542874,105.5781600412,,,,,1.19826420479462,,709.3890816
726.9019999999999,,,,,,,,,,,,,,
726.948,143.25,155.0469439134,,98.0575985466,,98.0575985466,105.5781600412,,,,,1.19826420479462,,709.5201456
726.997,,,,,,,,,,,,,,
727.0,,,,,1.20000004768372,,,,709.130004882813,709.130004882813,1.21000003814697,,6.668943993976559,
727.097,,,,,,,,,,,,,,
727.1,144.0,155.07415945559998,3125.0,98.3252180449,,98.3252180449,105.5781600412,,,,,1.19826420479462,,709.6515143999999
727.198,,,,,,,,,,,,,,
727.253,143.44,155.0968390741,,97.1277341881,,97.1277341881,105.5781600412,,,,,1.19826420479462,,709.7828832
727.2919999999999,,,,,,,,,,,,,,
727.3839999999999,,,,,,,,,,,,,,
727.405,143.83,155.1240546163,,95.5537686642,,95.5537686642,105.5781600412,,,,,1.19826420479462,,709.9142519999999
727.466,,,,,,,,,,,,,,
727.555,,,,,,,,,,,,,,
727.558,143.53,155.1467342348,,96.1071513556,,96.1071513556,105.5781600412,,,,,1.19826420479462,,710.0456207999999
727.655,,,,,,,,,,,,,,
727.71,144.0,155.17394977700002,,95.9846814157,,95.9846814157,105.5781600412,,,,,1.19826420479462,,710.1766848
727.7339999999999,,,,,,,,,,,,,,
727.82,,,,,,,,,,,,,,
727.862,143.78,155.1966293955,3085.94,94.7735897878,,94.7735897878,105.5781600412,,,,,1.19826420479462,,710.3080536
727.9019999999999,,,,,,,,,,,,,,
727.972,,,,,,,,,,,,,,
728.0,,,,,1.20000004768372,,,,710.02001953125,710.02001953125,1.21000003814697,,9.850458461770438,
728.015,143.6,155.2238449377,,94.1703119357,,94.1703119357,105.5781600412,,,,,1.19826420479462,,710.4394223999999
728.048,,,,,,,,,,,,,,
728.158,,,,,,,,,,,,,,
728.1669999999999,143.38,155.2465245562,,97.8308023616,,97.8308023616,105.5781600412,,,,,1.19826420479462,,710.5704864
728.2339999999999,,,,,,,,,,,,,,
728.314,,,,,,,,,,,,,,
728.32,143.2,155.2737400984,,94.8234849485,,94.8234849485,105.5781600412,,,,,1.19826420479462,,710.7018552000001
728.387,,,,,,,,,,,,,,
728.472,143.0,155.2964197169,3085.94,92.9818999263,,92.9818999263,105.5781600412,,,,,1.19826420479462,,710.8329192000001
728.512,,,,,,,,,,,,,,
728.57,,,,,,,,,,,,,,
728.6239999999999,143.65,155.3236352591,,94.0433060721,,94.0433060721,105.5781600412,,,,,1.19826420479462,,710.9639832
728.627,,,,,,,,,,,,,,
728.688,,,,,,,,,,,,,,
728.74,,,,,,,,,,,,,,
728.7769999999999,143.56,155.3463148776,,94.5059702895,,94.5059702895,105.5781600412,,,,,1.19826420479462,,711.0953519999999
728.798,,,,,,,,,,,,,,
728.8589999999999,,,,,,,,,,,,,,
728.929,143.52,155.3735304198,3125.0,95.1228559127,,95.1228559127,105.5781600412,,,,,1.19826420479462,,711.226416
728.9630000000001,,,,,,,,,,,,,,
728.9989999999999,,,,,1.20000004768372,,,,710.849975585938,710.849975585938,1.21000003814697,,10.2379507393993,
729.008,,,,,,,,,,,,,,
729.051,,,,,,,,,,,,,,
729.082,143.55,155.3962100383,,96.0935435845,,96.0935435845,105.5781600412,,,,,1.19826420479462,,711.35748
729.1089999999999,,,,,,,,,,,,,,
729.1519999999999,,,,,,,,,,,,,,
729.2,,,,,,,,,,,,,,
729.2339999999999,143.68,155.4188896568,3125.0,96.1252950504,,96.1252950504,105.5781600412,,,,,1.19826420479462,,711.488544
729.255,,,,,,,,,,,,,,
729.298,,,,,,,,,,,,,,
729.347,,,,,,,,,,,,,,
729.3860000000001,143.75,155.446105199,,96.2250853718,,96.2250853718,105.5781600412,,,,,1.19826420479462,,711.619608
729.4019999999999,,,,,,,,,,,,,,
729.444,,,,,,,,,,,,,,
729.49,,,,,,,,,,,,,,
729.539,143.58,155.4687848175,3125.0,96.569815573,,96.569815573,105.5781600412,,,,,1.19826420479462,,711.7509767999999
729.548,,,,,,,,,,,,,,
729.691,143.45,155.4960003597,,96.3838427013,,96.3838427013,105.5781600412,,,,,1.19826420479462,,711.8820408
729.694,,,,,,,,,,,,,,
729.743,,,,,,,,,,,,,,
729.795,,,,,,,,,,,,,,
729.841,,,,,,,,,,,,,,
729.8439999999999,143.42,155.5186799782,,96.3294116169,,96.3294116169,105.5781600412,,,,,1.19826420479462,,712.0131048
729.8919999999999,,,,,,,,,,,,,,
729.944,,,,,,,,,,,,,,
729.9960000000001,143.45,155.54589552040002,3125.0,96.3112679221,,96.3112679221,105.5781600412,,,,,1.19826420479462,,712.143864
729.9989999999999,,,,,1.21000003814697,,,,711.6799926757809,711.6799926757809,1.21000003814697,,9.90144446691477,
730.048,,,,,,,,,,,,,,
730.09,,,,,,,,,,,,,,
730.1389999999999,,,,,,,,,,,,,,
730.148,143.34,155.5685751389,,96.1570465163,,96.1570465163,105.5781600412,,,,,1.19826420479462,,712.274928
730.194,,,,,,,,,,,,,,712.3142472
730.243,,,,,,,,,,,,,,712.3563096
730.301,143.77,155.5957906811,3125.0,96.252300914,,96.252300914,105.5781600412,,,,,1.19826420479462,,712.405992
730.3530000000001,,,,,,,,,,,,,,
730.4010000000001,,,,,,,,,,,,,,
730.453,143.06,155.61847029959998,,96.1298309741,,96.1298309741,105.5781600412,,,,,1.19826420479462,,712.537056
730.4989999999999,,,,,,,,,,,,,,
730.545,,,,,,,,,,,,,,
730.5930000000001,,,,,,,,,,,,,,
730.6060000000001,143.42,155.6456858418,,96.2432290666,,96.2432290666,105.5781600412,,,,,1.19826420479462,,712.66812
730.6389999999999,,,,,,,,,,,,,,
730.74,,,,,,,,,,,,,,
730.758,143.9,155.6683654603,3125.0,95.980145492,,95.980145492,105.5781600412,,,,,1.19826420479462,,712.7988792
730.7819999999999,,,,,,,,,,,,,,
730.831,,,,,,,,,,,,,,
730.88,,,,,,,,,,,,,,
730.91,143.55,155.6955810025,,95.9257144076,,95.9257144076,105.5781600412,,,,,1.19826420479462,,712.9299432
730.929,,,,,,,,,,,,,,
730.977,,,,,,,,,,,,,,
730.9989999999999,,,,,1.21000003814697,,,,712.52001953125,712.52001953125,1.20000004768372,,10.2073595253036,
731.02,,,,,,,,,,,,,,
731.063,143.45,155.718260621,3085.94,95.8531396284,,95.8531396284,105.5781600412,,,,,1.19826420479462,,713.0610072000001
731.066,,,,,,,,,,,,,,
731.16,,,,,,,,,,,,,,
731.206,,,,,,,,,,,,,,
731.215,143.76,155.7454761632,,96.1706542874,,96.1706542874,105.5781600412,,,,,1.19826420479462,,713.1917664
731.258,,,,,,,,,,,,,,
731.352,,,,,,,,,,,,,,
731.368,143.45,155.7681557817,3125.0,96.3611630828,,96.3611630828,105.5781600412,,,,,1.19826420479462,,713.3228303999999
731.4010000000001,,,,,,,,,,,,,,
731.441,,,,,,,,,,,,,,
731.49,,,,,,,,,,,,,,
731.52,143.45,155.7908354002,,96.1525105926,,96.1525105926,105.5781600412,,,,,1.19826420479462,,713.4535896000001
731.541,,,,,,,,,,,,,,
731.584,,,,,,,,,,,,,,
731.672,143.72,155.8135150187,,96.1389028215,,96.1389028215,105.5781600412,,,,,1.19826420479462,,713.5843488
731.682,,,,,,,,,,,,,,
731.727,,,,,,,,,,,,,,
731.825,143.56,155.83619463719998,3125.0,96.0391125001,,96.0391125001,105.5781600412,,,,,1.19826420479462,,713.7154128
731.8710000000001,,,,,,,,,,,,,,
731.916,,,,,,,,,,,,,,
731.971,,,,,,,,,,,,,,
731.977,143.63,155.8634101794,,96.2386931429,,96.2386931429,105.5781600412,,,,,1.19826420479462,,713.846172
731.9989999999999,,,,,1.20000004768372,,,,713.369995117187,713.369995117187,1.21000003814697,,9.59552940852596,
732.0139999999999,,,,,,,,,,,,,,
732.063,,,,,,,,,,,,,,
732.13,143.53,155.8860897979,3125.0,96.1071513556,,96.1071513556,105.5781600412,,,,,1.19826420479462,,713.9769312000001
732.1569999999999,,,,,,,,,,,,,,
732.215,,,,,,,,,,,,,,
732.258,,,,,,,,,,,,,,
732.2819999999999,143.59,155.9133053401,,96.1479746689,,96.1479746689,105.5781600412,,,,,1.19826420479462,,714.1079952
732.303,,,,,,,,,,,,,,
732.355,,,,,,,,,,,,,,
732.4010000000001,,,,,,,,,,,,,,
732.434,144.0,155.93598495860002,3085.94,96.2749805325,,96.2749805325,105.5781600412,,,,,1.19826420479462,,714.2387544
732.447,,,,,,,,,,,,,,
732.5010000000001,,,,,,,,,,,,,,
732.547,,,,,,,,,,,,,,
732.587,143.65,155.9632005008,,96.2659086851,,96.2659086851,105.5781600412,,,,,1.19826420479462,,714.3695136
732.5930000000001,,,,,,,,,,,,,,
732.645,,,,,,,,,,,,,,
732.7360000000001,,,,,,,,,,,,,,
732.7389999999999,143.53,155.9858801193,,96.1525105926,,96.1525105926,105.5781600412,,,,,1.19826420479462,,714.5002728
732.791,,,,,,,,,,,,,,
732.882,,,,,,,,,,,,,,
732.8919999999999,143.63,156.0130956615,3125.0,96.0935435845,,96.0935435845,105.5781600412,,,,,1.19826420479462,,714.631032
732.934,,,,,,,,,,,,,,
732.977,,,,,,,,,,,,,,
733.0010000000001,,,,,1.20000004768372,,,,714.2100219726559,714.2100219726559,1.21000003814697,,10.227753343875,
733.023,,,,,,,,,,,,,,
733.044,143.81,156.03577528,,96.0345765764,,96.0345765764,105.5781600412,,,,,1.19826420479462,,714.7617912000001
733.078,,,,,,,,,,,,,,
733.123,,,,,,,,,,,,,,
733.196,143.58,156.0629908222,3125.0,96.252300914,,96.252300914,105.5781600412,,,,,1.19826420479462,,714.8925504
733.2239999999999,,,,,,,,,,,,,,
733.2669999999999,,,,,,,,,,,,,,
733.315,,,,,,,,,,,,,,
733.3489999999999,143.77,156.0856704407,,96.2341572192,,96.2341572192,105.5781600412,,,,,1.19826420479462,,715.0233096
733.367,,,,,,,,,,,,,,
733.413,,,,,,,,,,,,,,
733.462,,,,,,,,,,,,,,
733.5010000000001,143.75,156.1128859829,3125.0,95.9030347891,,95.9030347891,105.5781600412,,,,,1.19826420479462,,715.1537639999999
733.513,,,,,,,,,,,,,,
733.602,,,,,,,,,,,,,,
733.654,144.0,156.1355656014,,95.6218075197,,95.6218075197,105.5781600412,,,,,1.19826420479462,,715.2845232000001
733.699,,,,,,,,,,,,,,
733.7510000000001,,,,,,,,,,,,,,
733.788,,,,,,,,,,,,,,
733.806,143.42,156.1627811436,,95.4312987243,,95.4312987243,105.5781600412,,,,,1.19826420479462,,715.4152824
733.8330000000001,,,,,,,,,,,,,,
733.928,,,,,,,,,,,,,,
733.9580000000001,143.67,156.18546076209998,3125.0,95.8259240862,,95.8259240862,105.5781600412,,,,,1.19826420479462,,715.5460416
733.9739999999999,,,,,,,,,,,,,,
734.0010000000001,,,,,1.20000004768372,,,,715.0599975585941,715.0599975585941,1.21000003814697,,10.176767338730698,
734.025,,,,,,,,,,,,,,
734.065,,,,,,,,,,,,,,
734.1110000000001,143.0,156.2081403806,,95.7170619174,,95.7170619174,105.5781600412,,,,,1.19826420479462,,715.676496
734.1139999999999,,,,,,,,,,,,,,
734.166,,,,,,,,,,,,,,
734.2080000000001,,,,,,,,,,,,,,
734.263,143.31,156.2353559228,3085.94,95.7760289255,,95.7760289255,105.5781600412,,,,,1.19826420479462,,715.8072552
734.306,,,,,,,,,,,,,,
734.3489999999999,,,,,,,,,,,,,,
734.3939999999999,,,,,,,,,,,,,,
734.416,143.24,156.2580355413,,95.7306696885,,95.7306696885,105.5781600412,,,,,1.19826420479462,,715.9377096
734.446,,,,,,,,,,,,,,
734.4889999999999,,,,,,,,,,,,,,
734.534,,,,,,,,,,,,,,
734.568,143.34,156.2852510835,3085.94,95.8032444677,,95.8032444677,105.5781600412,,,,,1.19826420479462,,716.0684687999999
734.5889999999999,,,,,,,,,,,,,,
734.6289999999999,,,,,,,,,,,,,,
734.681,,,,,,,,,,,,,,
734.72,143.7,156.30793070200002,,96.025504729,,96.025504729,105.5781600412,,,,,1.19826420479462,,716.1989232000001
734.73,,,,,,,,,,,,,,
734.775,,,,,,,,,,,,,,
734.824,,,,,,,,,,,,,,
734.87,,,,,,,,,,,,,,
734.873,143.44,156.3351462442,3085.94,95.9846814157,,95.9846814157,105.5781600412,,,,,1.19826420479462,,716.3293776
734.915,,,,,,,,,,,,,,
734.9639999999999,,,,,,,,,,,,,,
735.0010000000001,,,,,1.20000004768372,,,,715.9099731445309,715.9099731445309,1.21000003814697,,10.1155849105392,
735.01,,,,,,,,,,,,,,
735.025,143.03,156.3578258627,,95.7125259937,,95.7125259937,105.5781600412,,,,,1.19826420479462,,716.4601368
735.056,,,,,,,,,,,,,,
735.1010000000001,,,,,,,,,,,,,,
735.1469999999999,,,,,,,,,,,,,,
735.178,143.09,156.3850414049,,95.6081997486,,95.6081997486,105.5781600412,,,,,1.19826420479462,,716.5905912000001
735.193,,,,,,,,,,,,,,
735.2389999999999,,,,,,,,,,,,,,
735.33,143.45,156.4077210234,3085.94,95.6671667567,,95.6671667567,105.5781600412,,,,,1.19826420479462,,716.7210456
735.3330000000001,,,,,,,,,,,,,,
735.3789999999999,,,,,,,,,,,,,,
735.424,,,,,,,,,,,,,,
735.4730000000001,,,,,,,,,,,,,,
735.482,143.64,156.4349365656,,95.6535589856,,95.6535589856,105.5781600412,,,,,1.19826420479462,,716.8515
735.5189999999999,,,,,,,,,,,,,,
735.565,,,,,,,,,,,,,,
735.635,143.59,156.4576161841,3125.0,95.6853104515,,95.6853104515,105.5781600412,,,,,1.19826420479462,,716.9822592
735.6560000000001,,,,,,,,,,,,,,
735.699,,,,,,,,,,,,,,
735.7410000000001,,,,,,,,,,,,,,
735.784,,,,,,,,,,,,,,
735.7869999999999,143.94,156.4848317263,,95.5991279012,,95.5991279012,105.5781600412,,,,,1.19826420479462,,717.1127136
735.827,,,,,,,,,,,,,,
735.8689999999999,,,,,,,,,,,,,,
735.915,,,,,,,,,,,,,,
735.94,143.46,156.5075113448,3125.0,95.7714930018,,95.7714930018,105.5781600412,,,,,1.19826420479462,,717.243168
735.9580000000001,,,,,,,,,,,,,,
736.0010000000001,,,,,1.20000004768372,,,,716.739990234375,716.739990234375,1.21000003814697,,10.8497808561769,
736.0039999999999,,,,,,,,,,,,,,
736.049,,,,,,,,,,,,,,
736.092,143.74,156.534726887,,95.9075707128,,95.9075707128,105.5781600412,,,,,1.19826420479462,,717.3736223999999
736.1410000000001,,,,,,,,,,,,,,
736.183,,,,,,,,,,,,,,
736.2289999999999,,,,,,,,,,,,,,
736.2439999999999,143.29,156.55740650549998,3125.0,96.1252950504,,96.1252950504,105.5781600412,,,,,1.19826420479462,,717.5040767999999
736.278,,,,,,,,,,,,,,
736.321,,,,,,,,,,,,,,
736.363,,,,,,,,,,,,,,
736.3969999999999,143.59,156.5846220477,,96.0345765764,,96.0345765764,105.5781600412,,,,,1.19826420479462,,717.6342264
736.409,,,,,,,,,,,,,,
736.452,,,,,,,,,,,,,,
736.497,,,,,,,,,,,,,,
736.543,,,,,,,,,,,,,,
736.549,143.5,156.60730166620002,3085.94,96.2840523799,,96.2840523799,105.5781600412,,,,,1.19826420479462,,717.7646808
736.5889999999999,,,,,,,,,,,,,,
736.692,,,,,,,,,,,,,,
736.702,143.23,156.6345172084,,96.6469262759,,96.6469262759,105.5781600412,,,,,1.19826420479462,,717.8951352000001
736.7439999999999,,,,,,,,,,,,,,
736.796,,,,,,,,,,,,,,
736.845,,,,,,,,,,,,,,
736.8539999999999,143.06,156.65719682690002,,96.4518815568,,96.4518815568,105.5781600412,,,,,1.19826420479462,,718.0255896000001
736.8939999999999,,,,,,,,,,,,,,
736.942,,,,,,,,,,,,,,
737.0,,,,,1.20000004768372,,,,717.5900268554691,717.5900268554691,1.21000003814697,,9.738290028434651,
737.0060000000001,143.6,156.6844123691,3125.0,96.388378625,,96.388378625,105.5781600412,,,,,1.19826420479462,,718.1557392000001
737.043,,,,,,,,,,,,,,
737.0889999999999,,,,,,,,,,,,,,
737.1410000000001,,,,,,,,,,,,,,
737.159,143.81,156.7070919876,,96.3203397695,,96.3203397695,105.5781600412,,,,,1.19826420479462,,718.2861936
737.189,,,,,,,,,,,,,,
737.238,,,,,,,,,,,,,,
737.284,,,,,,,,,,,,,,
737.311,143.72,156.7343075298,3125.0,96.2296212955,,96.2296212955,105.5781600412,,,,,1.19826420479462,,718.416648
737.329,,,,,,,,,,,,,,
737.375,,,,,,,,,,,,,,
737.424,,,,,,,,,,,,,,
737.4639999999999,143.45,156.7569871483,,96.388378625,,96.388378625,105.5781600412,,,,,1.19826420479462,,718.5467976
737.47,,,,,,,,,,,,,,
737.515,,,,,,,,,,,,,,
737.564,,,,,,,,,,,,,,
737.61,,,,,,,,,,,,,,
737.6160000000001,143.21,156.7842026905,,96.2296212955,,96.2296212955,105.5781600412,,,,,1.19826420479462,,718.677252
737.659,,,,,,,,,,,,,,
737.753,,,,,,,,,,,,,,
737.768,142.94,156.806882309,3085.94,96.3294116169,,96.3294116169,105.5781600412,,,,,1.19826420479462,,718.8074015999999
737.802,,,,,,,,,,,,,,
737.8480000000001,,,,,,,,,,,,,,
737.8989999999999,,,,,,,,,,,,,,
737.921,143.19,156.8340978512,,96.6514621996,,96.6514621996,105.5781600412,,,,,1.19826420479462,,718.9375512
737.945,,,,,,,,,,,,,,
737.9939999999999,,,,,,,,,,,,,,
738.0,,,,,1.20000004768372,,,,718.4199829101559,718.4199829101559,1.21000003814697,,9.88104967586617,
738.073,143.25,156.8567774697,3125.0,96.5471359545,,96.5471359545,105.5781600412,,,,,1.19826420479462,,719.0680056
738.091,,,,,,,,,,,,,,
738.1460000000001,,,,,,,,,,,,,,
738.195,,,,,,,,,,,,,,
738.2260000000001,143.45,156.8839930119,,96.524456336,,96.524456336,105.5781600412,,,,,1.19826420479462,,719.1981552
738.2439999999999,,,,,,,,,,,,,,
738.293,,,,,,,,,,,,,,
738.341,,,,,,,,,,,,,,
738.378,143.58,156.9066726304,3085.94,96.4745611753,,96.4745611753,105.5781600412,,,,,1.19826420479462,,719.3283048
738.393,,,,,,,,,,,,,,
738.488,,,,,,,,,,,,,,
738.53,143.32,156.9338881726,,96.5607437256,,96.5607437256,105.5781600412,,,,,1.19826420479462,,719.4584543999999
738.5360000000001,,,,,,,,,,,,,,
738.585,,,,,,,,,,,,,,
738.68,,,,,,,,,,,,,,
738.683,143.03,156.9565677911,,96.3656990065,,96.3656990065,105.5781600412,,,,,1.19826420479462,,719.5889087999999
738.725,,,,,,,,,,,,,,
738.82,,,,,,,,,,,,,,
738.835,143.78,156.9837833333,3164.06,96.3158038458,,96.3158038458,105.5781600412,,,,,1.19826420479462,,719.7190584
738.875,,,,,,,,,,,,,,
738.924,,,,,,,,,,,,,,
738.972,,,,,,,,,,,,,,
738.988,143.29,157.0064629518,,96.7331088262,,96.7331088262,105.5781600412,,,,,1.19826420479462,,719.849208
739.0,,,,,1.20000004768372,,,,719.280029296875,719.280029296875,1.21000003814697,,9.473163579665869,
739.0239999999999,,,,,,,,,,,,,,
739.073,,,,,,,,,,,,,,
739.122,,,,,,,,,,,,,,
739.14,143.32,157.033678494,3125.0,96.8238273002,,96.8238273002,105.5781600412,,,,,1.19826420479462,,719.9793576000001
739.174,,,,,,,,,,,,,,
739.222,,,,,,,,,,,,,,
739.2710000000001,,,,,,,,,,,,,,
739.2919999999999,143.65,157.0563581125,,96.6968214366,,96.6968214366,105.5781600412,,,,,1.19826420479462,,720.1095072
739.32,,,,,,,,,,,,,,
739.372,,,,,,,,,,,,,,
739.42,,,,,,,,,,,,,,
739.445,143.48,157.0835736547,3085.94,96.6197107337,,96.6197107337,105.5781600412,,,,,1.19826420479462,,720.2396568
739.4689999999999,,,,,,,,,,,,,,
739.597,143.42,157.1062532732,,96.4155941672,,96.4155941672,105.5781600412,,,,,1.19826420479462,,720.3695016
739.615,,,,,,,,,,,,,,
739.6669999999999,,,,,,,,,,,,,,
739.7130000000001,,,,,,,,,,,,,,
739.75,143.44,157.13346881540002,,96.5289922597,,96.5289922597,105.5781600412,,,,,1.19826420479462,,720.4996512
739.762,,,,,,,,,,,,,,
739.804,,,,,,,,,,,,,,
739.8530000000001,,,,,,,,,,,,,,
739.9019999999999,143.58,157.1561484339,3125.0,96.6922855129,,96.6922855129,105.5781600412,,,,,1.19826420479462,,720.6298008
739.942,,,,,,,,,,,,,,
739.987,,,,,,,,,,,,,,
740.0,,,,,1.20000004768372,,,,720.099975585938,720.099975585938,1.21000003814697,,9.5241495848102,
740.033,,,,,,,,,,,,,,
740.054,143.82,157.1788280524,,97.2184526621,,97.2184526621,105.5781600412,,,,,1.19826420479462,,720.7599504
740.079,,,,,,,,,,,,,,
740.128,,,,,,,,,,,,,,
740.176,,,,,,,,,,,,,,
740.207,143.31,157.2060435946,3085.94,97.2093808147,,97.2093808147,105.5781600412,,,,,1.19826420479462,,720.8897952000001
740.225,,,,,,,,,,,,,,
740.2710000000001,,,,,,,,,,,,,,
740.32,,,,,,,,,,,,,,
740.3589999999999,143.03,157.22872321309998,,97.0823749511,,97.0823749511,105.5781600412,,,,,1.19826420479462,,721.0199448
740.365,,,,,,,,,,,,,,
740.4110000000001,,,,,,,,,,,,,,
740.457,,,,,,,,,,,,,,
740.502,,,,,,,,,,,,,,
740.512,143.26,157.2559387553,3125.0,97.2139167384,,97.2139167384,105.5781600412,,,,,1.19826420479462,,721.1497896000001
740.554,,,,,,,,,,,,,,
740.6030000000001,,,,,,,,,,,,,,
740.6519999999999,,,,,,,,,,,,,,
740.664,143.32,157.2786183738,,97.431641076,,97.431641076,105.5781600412,,,,,1.19826420479462,,721.2799392000001
740.701,,,,,,,,,,,,,,
740.7489999999999,,,,,,,,,,,,,,
740.795,,,,,,,,,,,,,,
740.816,143.28,157.305833916,,97.1685575014,,97.1685575014,105.5781600412,,,,,1.19826420479462,,721.409784
740.8439999999999,,,,,,,,,,,,,,
740.8960000000001,,,,,,,,,,,,,,
740.9689999999999,143.35,157.32851353450002,3085.94,97.1821652725,,97.1821652725,105.5781600412,,,,,1.19826420479462,,721.5399336
740.993,,,,,,,,,,,,,,
740.9989999999999,,,,,1.20000004768372,,,,720.9400024414059,720.9400024414059,1.21000003814697,,9.748487423958949,
741.039,,,,,,,,,,,,,,
741.0880000000001,,,,,,,,,,,,,,
741.1210000000001,143.78,157.3557290767,,97.1005186459,,97.1005186459,105.5781600412,,,,,1.19826420479462,,721.6697784
741.1360000000001,,,,,,,,,,,,,,
741.185,,,,,,,,,,,,,,
741.237,,,,,,,,,,,,,,
741.2739999999999,143.45,157.3784086952,3125.0,97.0642312563,,97.0642312563,105.5781600412,,,,,1.19826420479462,,721.7996232
741.283,,,,,,,,,,,,,,
741.332,,,,,,,,,,,,,,
741.377,,,,,,,,,,,,,,
741.426,143.58,157.4056242374,,96.9553690875,,96.9553690875,105.5781600412,,,,,1.19826420479462,,721.9297727999999
741.472,,,,,,,,,,,,,,
741.566,,,,,,,,,,,,,,
741.578,144.0,157.4283038559,3125.0,96.9961924008,,96.9961924008,105.5781600412,,,,,1.19826420479462,,722.0596176
741.612,,,,,,,,,,,,,,
741.709,,,,,,,,,,,,,,
741.7310000000001,143.44,157.4555193981,,97.114126417,,97.114126417,105.5781600412,,,,,1.19826420479462,,722.1894624
741.755,,,,,,,,,,,,,,
741.804,,,,,,,,,,,,,,
741.8530000000001,,,,,,,,,,,,,,
741.883,143.25,157.4781990166,,97.2411322806,,97.2411322806,105.5781600412,,,,,1.19826420479462,,722.3193072
741.9010000000001,,,,,,,,,,,,,,
741.95,,,,,,,,,,,,,,
741.9989999999999,,,,,1.20000004768372,,,,721.7899780273441,721.7899780273441,1.21000003814697,,10.7885974555083,
742.0360000000001,143.97,157.5054145588,3125.0,97.2683478228,,97.2683478228,105.5781600412,,,,,1.19826420479462,,722.4491519999999
742.051,,,,,,,,,,,,,,
742.1,,,,,,,,,,,,,,
742.148,,,,,,,,,,,,,,
742.188,143.59,157.5280941773,,97.3590662968,,97.3590662968,105.5781600412,,,,,1.19826420479462,,722.5789967999999
742.197,,,,,,,,,,,,,,
742.2460000000001,,,,,,,,,,,,,,
742.295,,,,,,,,,,,,,,
742.34,143.23,157.5553097195,3125.0,97.3227789072,,97.3227789072,105.5781600412,,,,,1.19826420479462,,722.7088416
742.3430000000001,,,,,,,,,,,,,,
742.398,,,,,,,,,,,,,,
742.447,,,,,,,,,,,,,,
742.493,143.32,157.57798933799998,,97.159485654,,97.159485654,105.5781600412,,,,,1.19826420479462,,722.8386864
742.4960000000001,,,,,,,,,,,,,,
742.5419999999999,,,,,,,,,,,,,,
742.6360000000001,,,,,,,,,,,,,,
742.645,143.56,157.6052048802,,97.1005186459,,97.1005186459,105.5781600412,,,,,1.19826420479462,,722.9685312
742.685,,,,,,,,,,,,,,
742.7819999999999,,,,,,,,,,,,,,
742.798,143.16,157.6278844987,3125.0,97.0370157141,,97.0370157141,105.5781600412,,,,,1.19826420479462,,723.098376
742.828,,,,,,,,,,,,,,
742.877,,,,,,,,,,,,,,
742.926,,,,,,,,,,,,,,
742.95,143.19,157.6551000409,,97.114126417,,97.114126417,105.5781600412,,,,,1.19826420479462,,723.227916
742.9739999999999,,,,,,,,,,,,,,
742.9989999999999,,,,,1.20000004768372,,,,722.630004882813,722.630004882813,1.21000003814697,,9.544543403381631,
743.023,,,,,,,,,,,,,,
743.102,143.55,157.67777965940002,3125.0,97.1957730436,,97.1957730436,105.5781600412,,,,,1.19826420479462,,723.3577607999999
743.118,,,,,,,,,,,,,,
743.169,,,,,,,,,,,,,,
743.2180000000001,,,,,,,,,,,,,,
743.255,143.45,157.70499520159998,,97.3817459153,,97.3817459153,105.5781600412,,,,,1.19826420479462,,723.4876055999999
743.2639999999999,,,,,,,,,,,,,,
743.316,,,,,,,,,,,,,,
743.365,,,,,,,,,,,,,,
743.4069999999999,143.42,157.7276748201,3125.0,97.4271051523,,97.4271051523,105.5781600412,,,,,1.19826420479462,,723.6171456000001
743.416,,,,,,,,,,,,,,
743.5169999999999,,,,,,,,,,,,,,
743.56,143.74,157.7548903623,,97.4089614575,,97.4089614575,105.5781600412,,,,,1.19826420479462,,723.7469904
743.566,,,,,,,,,,,,,,
743.6139999999999,,,,,,,,,,,,,,
743.663,,,,,,,,,,,,,,
743.712,143.45,157.7775699808,,97.5767906344,,97.5767906344,105.5781600412,,,,,1.19826420479462,,723.8765304
743.7610000000001,,,,,,,,,,,,,,
743.8639999999999,143.69,157.804785523,3125.0,97.5450391685,,97.5450391685,105.5781600412,,,,,1.19826420479462,,724.0063752
743.91,,,,,,,,,,,,,,
743.959,,,,,,,,,,,,,,
743.9989999999999,,,,,1.20000004768372,,,,723.4600219726559,723.4600219726559,1.21000003814697,,6.76071860874092,
744.0110000000001,,,,,,,,,,,,,,
744.0169999999999,143.4,157.8274651415,,97.6357576425,,97.6357576425,105.5781600412,,,,,1.19826420479462,,724.1359152000001
744.059,,,,,,,,,,,,,,
744.1110000000001,,,,,,,,,,,,,,
744.169,143.43,157.8546806837,3125.0,97.6493654136,,97.6493654136,105.5781600412,,,,,1.19826420479462,,724.2654552
744.212,,,,,,,,,,,,,,
744.258,,,,,,,,,,,,,,
744.306,,,,,,,,,,,,,,
744.322,143.69,157.8773603022,,97.6357576425,,97.6357576425,105.5781600412,,,,,1.19826420479462,,724.3953
744.355,,,,,,,,,,,,,,
744.4069999999999,,,,,,,,,,,,,,
744.456,,,,,,,,,,,,,,
744.4739999999999,143.52,157.9045758444,,97.5858624818,,97.5858624818,105.5781600412,,,,,1.19826420479462,,724.52484
744.508,,,,,,,,,,,,,,
744.6260000000001,143.0,157.9272554629,3125.0,97.4134973812,,97.4134973812,105.5781600412,,,,,1.19826420479462,,724.65438
744.6510000000001,,,,,,,,,,,,,,
744.7,,,,,,,,,,,,,,
744.745,,,,,,,,,,,,,,
744.779,143.56,157.9544710051,,97.3817459153,,97.3817459153,105.5781600412,,,,,1.19826420479462,,724.78392
744.794,,,,,,,,,,,,,,
744.8430000000001,,,,,,,,,,,,,,
744.8889999999999,,,,,,,,,,,,,,
744.931,143.63,157.9771506236,3125.0,97.4996799315,,97.4996799315,105.5781600412,,,,,1.19826420479462,,724.91346
744.937,,,,,,,,,,,,,,
744.9860000000001,,,,,,,,,,,,,,
745.0010000000001,,,,,1.20000004768372,,,,724.2999877929691,724.2999877929691,1.21000003814697,,8.44324997116364,
745.035,,,,,,,,,,,,,,
745.084,143.52,157.9998302421,,97.4815362367,,97.4815362367,105.5781600412,,,,,1.19826420479462,,725.043
745.132,,,,,,,,,,,,,,
745.2239999999999,,,,,,,,,,,,,,
745.2360000000001,143.67,158.0270457843,3125.0,97.3182429835,,97.3182429835,105.5781600412,,,,,1.19826420479462,,725.17254
745.27,,,,,,,,,,,,,,
745.315,,,,,,,,,,,,,,
745.3580000000001,,,,,,,,,,,,,,
745.388,143.15,158.0497254028,,97.3137070598,,97.3137070598,105.5781600412,,,,,1.19826420479462,,725.3020799999999
745.41,,,,,,,,,,,,,,
745.459,,,,,,,,,,,,,,
745.5039999999999,,,,,,,,,,,,,,
745.541,143.56,158.076940945,3125.0,97.4180333049,,97.4180333049,105.5781600412,,,,,1.19826420479462,,725.4316200000001
745.55,,,,,,,,,,,,,,
745.693,143.33,158.0996205635,,97.5042158552,,97.5042158552,105.5781600412,,,,,1.19826420479462,,725.56116
745.7389999999999,,,,,,,,,,,,,,
745.788,,,,,,,,,,,,,,
745.8330000000001,,,,,,,,,,,,,,
745.846,143.72,158.1268361057,,97.4407129234,,97.4407129234,105.5781600412,,,,,1.19826420479462,,725.6907
745.8789999999999,,,,,,,,,,,,,,
745.925,,,,,,,,,,,,,,
745.998,143.85,158.1495157242,3164.06,97.4860721604,,97.4860721604,105.5781600412,,,,,1.19826420479462,,725.82024
746.0010000000001,,,,,1.20000004768372,,,,725.140014648438,725.140014648438,1.21000003814697,,10.7274150273168,
746.0189999999999,,,,,,,,,,,,,,
746.068,,,,,,,,,,,,,,
746.1139999999999,,,,,,,,,,,,,,
746.15,143.59,158.1767312664,,97.5405032448,,97.5405032448,105.5781600412,,,,,1.19826420479462,,725.9494752
746.163,,,,,,,,,,,,,,
746.2080000000001,,,,,,,,,,,,,,
746.2539999999999,,,,,,,,,,,,,,
746.303,144.0,158.1994108849,3125.0,97.6675091084,,97.6675091084,105.5781600412,,,,,1.19826420479462,,726.0790152000001
746.3489999999999,,,,,,,,,,,,,,
746.403,,,,,,,,,,,,,,
746.449,,,,,,,,,,,,,,
746.455,143.66,158.2266264271,,97.6085421003,,97.6085421003,105.5781600412,,,,,1.19826420479462,,726.2085552
746.498,,,,,,,,,,,,,,
746.544,,,,,,,,,,,,,,
746.592,,,,,,,,,,,,,,
746.6080000000001,143.37,158.2493060456,3125.0,97.6221498714,,97.6221498714,105.5781600412,,,,,1.19826420479462,,726.3377904
746.6410000000001,,,,,,,,,,,,,,
746.69,,,,,,,,,,,,,,
746.7389999999999,,,,,,,,,,,,,,
746.76,143.0,158.2765215878,,97.6765809558,,97.6765809558,105.5781600412,,,,,1.19826420479462,,726.4673303999999
746.7869999999999,,,,,,,,,,,,,,
746.8330000000001,,,,,,,,,,,,,,
746.885,,,,,,,,,,,,,,
746.9119999999999,143.0,158.29920120629998,,97.5314313974,,97.5314313974,105.5781600412,,,,,1.19826420479462,,726.5965656000001
746.931,,,,,,,,,,,,,,
746.9789999999999,,,,,,,,,,,,,,
747.0010000000001,,,,,1.20000004768372,,,,725.969970703125,725.969970703125,1.21000003814697,,11.043526508752802,
747.065,143.28,158.3264167485,3125.0,97.4044255338,,97.4044255338,105.5781600412,,,,,1.19826420479462,,726.7258007999999
747.077,,,,,,,,,,,,,,
747.1260000000001,,,,,,,,,,,,,,
747.178,,,,,,,,,,,,,,
747.217,143.74,158.34909636700002,,97.4407129234,,97.4407129234,105.5781600412,,,,,1.19826420479462,,726.8553408
747.2230000000001,,,,,,,,,,,,,,
747.2719999999999,,,,,,,,,,,,,,
747.318,,,,,,,,,,,,,,
747.37,143.37,158.3763119092,3125.0,97.3590662968,,97.3590662968,105.5781600412,,,,,1.19826420479462,,726.984576
747.418,,,,,,,,,,,,,,
747.4639999999999,,,,,,,,,,,,,,
747.513,,,,,,,,,,,,,,
747.5219999999999,143.3,158.3989915277,,97.477000313,,97.477000313,105.5781600412,,,,,1.19826420479462,,727.1138112000001
747.559,,,,,,,,,,,,,,
747.653,,,,,,,,,,,,,,
747.674,143.44,158.4262070699,3125.0,97.5858624818,,97.5858624818,105.5781600412,,,,,1.19826420479462,,727.2433512
747.702,,,,,,,,,,,,,,
747.827,143.41,158.4488866884,,97.4588566182,,97.4588566182,105.5781600412,,,,,1.19826420479462,,727.3725864
747.845,,,,,,,,,,,,,,
747.8939999999999,,,,,,,,,,,,,,
747.94,,,,,,,,,,,,,,
747.9789999999999,143.72,158.4761022306,,97.4407129234,,97.4407129234,105.5781600412,,,,,1.19826420479462,,727.5018216
747.988,,,,,,,,,,,,,,
748.0010000000001,,,,,1.20000004768372,,,,726.8099975585941,726.8099975585941,1.21000003814697,,9.77907863805468,
748.034,,,,,,,,,,,,,,
748.0830000000001,,,,,,,,,,,,,,
748.132,143.72,158.4987818491,3125.0,97.6720450321,,97.6720450321,105.5781600412,,,,,1.19826420479462,,727.6310568
748.18,,,,,,,,,,,,,,
748.2289999999999,,,,,,,,,,,,,,
748.2810000000001,,,,,,,,,,,,,,
748.284,143.23,158.5259973913,,97.8534819801,,97.8534819801,105.5781600412,,,,,1.19826420479462,,727.7602919999999
748.33,,,,,,,,,,,,,,
748.385,,,,,,,,,,,,,,
748.433,,,,,,,,,,,,,,
748.436,143.0,158.5486770098,3125.0,97.8761615986,,97.8761615986,105.5781600412,,,,,1.19826420479462,,727.8895272000001
748.485,,,,,,,,,,,,,,
748.534,,,,,,,,,,,,,,
748.586,,,,,,,,,,,,,,
748.5889999999999,143.97,158.575892552,,98.1982121813,,98.1982121813,105.5781600412,,,,,1.19826420479462,,728.0187624
748.638,,,,,,,,,,,,,,
748.689,,,,,,,,,,,,,,
748.7410000000001,144.0,158.5985721705,,98.384185053,,98.384185053,105.5781600412,,,,,1.19826420479462,,728.1476928
748.7439999999999,,,,,,,,,,,,,,
748.796,,,,,,,,,,,,,,
748.8939999999999,143.74,158.6257877127,3125.0,97.9804878437,,97.9804878437,105.5781600412,,,,,1.19826420479462,,728.276928
748.939,,,,,,,,,,,,,,
748.985,,,,,,,,,,,,,,
749.0,,,,,1.21000003814697,,,,727.640014648438,727.640014648438,1.21000003814697,,5.802185310193041,
749.034,,,,,,,,,,,,,,
749.046,143.56,158.6484673312,,97.9487363778,,97.9487363778,105.5781600412,,,,,1.19826420479462,,728.4061632
749.08,,,,,,,,,,,,,,
749.128,,,,,,,,,,,,,,
749.177,,,,,,,,,,,,,,
749.198,143.0,158.6756828734,3125.0,98.0893500125,,98.0893500125,105.5781600412,,,,,1.19826420479462,,728.5353984
749.2230000000001,,,,,,,,,,,,,,
749.2719999999999,,,,,,,,,,,,,,
749.323,,,,,,,,,,,,,,
749.3510000000001,143.47,158.6983624919,,98.1211014784,,98.1211014784,105.5781600412,,,,,1.19826420479462,,728.6643288
749.372,,,,,,,,,,,,,,
749.418,,,,,,,,,,,,,,
749.467,,,,,,,,,,,,,,
749.503,143.13,158.7255780341,3125.0,97.9668800726,,97.9668800726,105.5781600412,,,,,1.19826420479462,,728.793564
749.525,,,,,,,,,,,,,,
749.6560000000001,143.34,158.7482576526,,98.3161461975,,98.3161461975,105.5781600412,,,,,1.19826420479462,,728.9224944
749.683,,,,,,,,,,,,,,
749.732,,,,,,,,,,,,,,
749.7810000000001,,,,,,,,,,,,,,
749.808,143.32,158.7754731948,,97.8580179038,,97.8580179038,105.5781600412,,,,,1.19826420479462,,729.0517296
749.826,,,,,,,,,,,,,,
749.875,,,,,,,,,,,,,,
749.921,,,,,,,,,,,,,,
749.96,143.31,158.7981528133,3085.94,97.7582275824,,97.7582275824,105.5781600412,,,,,1.19826420479462,,729.18066
749.97,,,,,,,,,,,,,,
750.0,,,,,1.21000003814697,,,,728.4600219726559,728.4600219726559,1.21000003814697,,9.34060035528148,
750.015,,,,,,,,,,,,,,
750.061,,,,,,,,,,,,,,
750.107,,,,,,,,,,,,,,
750.113,143.0,158.8253683555,,97.658437261,,97.658437261,105.5781600412,,,,,1.19826420479462,,729.3098952
750.1519999999999,,,,,,,,,,,,,,
750.2439999999999,,,,,,,,,,,,,,
750.265,143.24,158.848047974,3125.0,97.8126586668,,97.8126586668,105.5781600412,,,,,1.19826420479462,,729.4388256
750.29,,,,,,,,,,,,,,
750.3380000000001,,,,,,,,,,,,,,
750.387,,,,,,,,,,,,,,
750.418,143.87,158.8707275925,,98.0893500125,,98.0893500125,105.5781600412,,,,,1.19826420479462,,729.5677559999999
750.442,,,,,,,,,,,,,,
750.497,,,,,,,,,,,,,,
750.552,,,,,,,,,,,,,,
750.57,143.54,158.8979431347,,98.9693192103,,98.9693192103,105.5781600412,,,,,1.19826420479462,,729.6969912000001
750.6039999999999,,,,,,,,,,,,,,
750.6519999999999,,,,,,,,,,,,,,
750.707,,,,,,,,,,,,,,
750.722,143.84,158.9251586769,3125.0,98.2390354946,,98.2390354946,105.5781600412,,,,,1.19826420479462,,729.8259216
750.7560000000001,,,,,,,,,,,,,,
750.808,,,,,,,,,,,,,,
750.857,,,,,,,,,,,,,,
750.875,143.53,158.9478382954,,98.2707869605,,98.2707869605,105.5781600412,,,,,1.19826420479462,,729.954852
750.9019999999999,,,,,,,,,,,,,,
750.951,,,,,,,,,,,,,,
750.9939999999999,,,,,,,,,,,,,,
751.0,,,,,0.8299999833106991,,,,729.3099975585941,729.3099975585941,1.21000003814697,,9.67710662776602,
751.0269999999999,143.29,158.97051791389998,3125.0,97.97595192,,97.97595192,105.5781600412,,,,,1.19826420479462,,730.0837824
751.0419999999999,,,,,,,,,,,,,,
751.0880000000001,,,,,,,,,,,,,,
751.1310000000001,,,,,,,,,,,,,,
751.177,,,,,,,,,,,,,,
751.18,143.24,158.9977334561,,97.9396645304,,97.9396645304,105.5781600412,,,,,1.19826420479462,,730.2127128
751.225,,,,,,,,,,,,,,
751.28,,,,,,,,,,,,,,
751.332,143.14,159.0204130746,3164.06,98.928495897,,98.928495897,105.5781600412,,,,,1.19826420479462,,730.3416432
751.341,,,,,,,,,,,,,,
751.4839999999999,144.0,159.0476286168,,99.9626865006,,99.9626865006,105.5781600412,,,,,1.19826420479462,,730.4705736000001
751.5269999999999,,,,,,,,,,,,,,
751.585,,,,,,,,,,,,,,
751.637,143.33,159.074844159,,98.9557114392,,98.9557114392,105.5781600412,,,,,1.19826420479462,,730.599504
751.692,,,,,,,,,,,,,,
751.74,,,,,,,,,,,,,,
751.789,143.68,159.0975237775,3085.94,98.1936762576,,98.1936762576,105.5781600412,,,,,1.19826420479462,,730.7284344
751.8960000000001,,,,,,,,,,,,,,
751.942,143.72,159.120203396,,98.8786007363,,98.8786007363,105.5781600412,,,,,1.19826420479462,,730.8570599999999
751.954,,,,,,,,,,,,,,
752.0,,,,,1.20000004768372,,,,730.130004882813,730.130004882813,1.21000003814697,,6.50578955549644,
752.012,,,,,,,,,,,,,,
752.076,,,,,,,,,,,,,,
752.0939999999999,143.83,159.1474189382,,99.9082554162,,99.9082554162,105.5781600412,,,,,1.19826420479462,,730.9859904
752.14,,,,,,,,,,,,,,
752.201,,,,,,,,,,,,,,
752.2460000000001,143.0,159.1700985567,3125.0,99.8266087896,,99.8266087896,105.5781600412,,,,,1.19826420479462,,731.1149207999999
752.2589999999999,,,,,,,,,,,,,,
752.31,,,,,,,,,,,,,,
752.362,,,,,,,,,,,,,,
752.3989999999999,143.0,159.1973140989,,98.157388868,,98.157388868,105.5781600412,,,,,1.19826420479462,,731.2435464
752.408,,,,,,,,,,,,,,
752.457,,,,,,,,,,,,,,
752.551,143.56,159.2199937174,3125.0,98.1528529443,,98.1528529443,105.5781600412,,,,,1.19826420479462,,731.3724768
752.557,,,,,,,,,,,,,,
752.6089999999999,,,,,,,,,,,,,,
752.701,,,,,,,,,,,,,,
752.704,143.84,159.2472092596,,98.1664607154,,98.1664607154,105.5781600412,,,,,1.19826420479462,,731.5014072
752.7460000000001,,,,,,,,,,,,,,
752.795,,,,,,,,,,,,,,
752.85,,,,,,,,,,,,,,
752.8560000000001,143.25,159.2698888781,,98.1619247917,,98.1619247917,105.5781600412,,,,,1.19826420479462,,731.6300328
752.8960000000001,,,,,,,,,,,,,,
752.944,,,,,,,,,,,,,,
752.9989999999999,,,,,1.20000004768372,,,,730.969970703125,730.969970703125,1.21000003814697,,7.48471715885434,
753.008,143.0,159.2971044203,3125.0,98.2118199524,,98.2118199524,105.5781600412,,,,,1.19826420479462,,731.7586584
753.0360000000001,,,,,,,,,,,,,,
753.082,,,,,,,,,,,,,,
753.127,,,,,,,,,,,,,,
753.1610000000001,143.97,159.31978403879998,,97.9940956148,,97.9940956148,105.5781600412,,,,,1.19826420479462,,731.8875887999999
753.173,,,,,,,,,,,,,,
753.2189999999999,,,,,,,,,,,,,,
753.2639999999999,,,,,,,,,,,,,,
753.313,143.47,159.346999581,3125.0,97.8943052934,,97.8943052934,105.5781600412,,,,,1.19826420479462,,732.0162144
753.3530000000001,,,,,,,,,,,,,,
753.3989999999999,,,,,,,,,,,,,,
753.444,,,,,,,,,,,,,,
753.466,143.21,159.3696791995,,98.0031674622,,98.0031674622,105.5781600412,,,,,1.19826420479462,,732.14484
753.49,,,,,,,,,,,,,,
753.581,,,,,,,,,,,,,,
753.618,143.41,159.3968947417,3085.94,98.1211014784,,98.1211014784,105.5781600412,,,,,1.19826420479462,,732.2737704
753.6239999999999,,,,,,,,,,,,,,
753.712,,,,,,,,,,,,,,
753.758,,,,,,,,,,,,,,
753.77,143.76,159.41957436020002,,98.1800684865,,98.1800684865,105.5781600412,,,,,1.19826420479462,,732.402396
753.801,,,,,,,,,,,,,,
753.847,,,,,,,,,,,,,,
753.8889999999999,,,,,,,,,,,,,,
753.923,143.33,159.44678990239998,3125.0,98.1709966391,,98.1709966391,105.5781600412,,,,,1.19826420479462,,732.5310216
753.926,,,,,,,,,,,,,,
753.9689999999999,,,,,,,,,,,,,,
753.9989999999999,,,,,1.21000003814697,,,,731.7899780273441,731.7899780273441,1.21000003814697,,8.983700264225499,
754.054,,,,,,,,,,,,,,
754.075,143.37,159.4694695209,,98.2753228842,,98.2753228842,105.5781600412,,,,,1.19826420479462,,732.6596472
754.0930000000001,,,,,,,,,,,,,,
754.1389999999999,,,,,,,,,,,,,,
754.185,,,,,,,,,,,,,,
754.2280000000001,143.65,159.4966850631,,97.9986315385,,97.9986315385,105.5781600412,,,,,1.19826420479462,,732.7882728
754.2310000000001,,,,,,,,,,,,,,
754.273,,,,,,,,,,,,,,
754.365,,,,,,,,,,,,,,
754.38,143.4,159.5193646816,3125.0,97.8897693697,,97.8897693697,105.5781600412,,,,,1.19826420479462,,732.9168984
754.4069999999999,,,,,,,,,,,,,,
754.45,,,,,,,,,,,,,,
754.4989999999999,,,,,,,,,,,,,,
754.5319999999999,143.76,159.5465802238,,97.8625538275,,97.8625538275,105.5781600412,,,,,1.19826420479462,,733.045524
754.538,,,,,,,,,,,,,,
754.578,,,,,,,,,,,,,,
754.685,143.47,159.5692598423,3125.0,97.9260567593,,97.9260567593,105.5781600412,,,,,1.19826420479462,,733.1741496000001
754.7,,,,,,,,,,,,,,
754.737,,,,,,,,,,,,,,
754.7669999999999,,,,,,,,,,,,,,
754.7760000000001,,,,,,,,,,,,,,
754.807,,,,,,,,,,,,,,
754.837,128.54,159.5964753845,3164.06,98.6155171617,,98.6155171617,105.9319620898,,,,,1.19826420479462,,733.3027752
754.852,,,,,,,,,,,,,,
754.977,,,,,,,,,,,,,,
754.99,104.0,159.619155003,3125.0,95.4630501902,,95.4630501902,106.503488476,,,,,1.19826420479462,,733.431096
754.9989999999999,,,,,1.21000003814697,,,,731.609985351563,731.609985351563,1.22000002861023,,10.2379507393993,
755.029,,,,,,,,,,,,,,
755.072,,,,,,,,,,,,,,
755.1419999999999,104.0,159.6463705452,,92.0883229574,,92.0883229574,106.503488476,,,,,1.19826420479462,,733.5597216
755.16,,,,,,,,,,,,,,
755.203,,,,,,,,,,,,,,
755.2489999999999,,,,,,,,,,,,,,
755.294,104.0,159.6690501637,3085.94,90.5052855861,,90.5052855861,106.503488476,,,,,1.19826420479462,,733.6883472
755.334,,,,,,,,,,,,,,
755.3739999999999,,,,,,,,,,,,,,
755.416,,,,,,,,,,,,,,
755.447,104.0,159.6962657059,,90.4281748832,,90.4281748832,106.503488476,,,,,1.19826420479462,,733.8166679999999
755.456,,,,,,,,,,,,,,
755.502,,,,,,,,,,,,,,
755.544,,,,,,,,,,,,,,
755.5930000000001,,,,,,,,,,,,,,
755.5989999999999,104.0,159.7189453244,,90.673114763,,90.673114763,106.503488476,,,,,1.19826420479462,,733.9452936
755.6360000000001,,,,,,,,,,,,,,
755.681,,,,,,,,,,,,,,
755.752,104.0,159.7461608666,3125.0,90.1333398427,,90.1333398427,106.503488476,,,,,1.19826420479462,,734.0736143999999
755.7669999999999,,,,,,,,,,,,,,
755.81,,,,,,,,,,,,,,
755.855,,,,,,,,,,,,,,
755.8889999999999,,,,,,,,,,,,,,
755.904,104.0,159.7688404851,,89.32140950040001,,89.32140950040001,106.503488476,,,,,1.19826420479462,,734.2022400000001
755.913,,,,,,,,,,,,,,
755.925,,,,,,,,,,,,,,
755.938,,,,,,,,,,,,,,
755.965,,,,,,,,,,,,,,
755.998,,,,,1.21000003814697,,,,732.400024414063,732.400024414063,1.22000002861023,,15.5506722479134,
756.056,104.0,159.7915201036,3125.0,90.2059146219,,90.2059146219,106.503488476,,,,,1.19826420479462,,734.3305608
756.072,,,,,,,,,,,,,,
756.1080000000001,,,,,,,,,,,,,,
756.154,,,,,,,,,,,,,,
756.163,,,,,,,,,,,,,,
756.178,,,,,,,,,,,,,,
756.209,104.0,159.8187356458,,89.23976287379999,,89.23976287379999,106.503488476,,,,,1.19826420479462,,734.4591864
756.212,,,,,,,,,,,,,,
756.2510000000001,,,,,,,,,,,,,,
756.325,,,,,,,,,,,,,,
756.3610000000001,104.0,159.845951188,3085.94,88.9676074518,,88.9676074518,106.503488476,,,,,1.19826420479462,,734.5875072000001
756.3889999999999,,,,,,,,,,,,,,
756.4069999999999,,,,,,,,,,,,,,
756.428,,,,,,,,,,,,,,
756.465,,,,,,,,,,,,,,
756.5010000000001,,,,,,,,,,,,,,
756.5139999999999,104.0,159.8686308065,,89.80675333629999,,89.80675333629999,106.503488476,,,,,1.19826420479462,,734.715828
756.535,,,,,,,,,,,,,,
756.572,,,,,,,,,,,,,,
756.6139999999999,,,,,,,,,,,,,,
756.666,104.25,159.891310425,3125.0,89.69335524379999,,89.69335524379999,106.503488476,,,,,1.19826420479462,,734.8441488
756.727,,,,,,,,,,,,,,
756.76,,,,,,,,,,,,,,
756.8,,,,,,,,,,,,,,
756.818,104.0,159.9185259672,,89.62531638829999,,89.62531638829999,106.503488476,,,,,1.19826420479462,,734.9727744
756.837,,,,,,,,,,,,,,
756.873,,,,,,,,,,,,,,
756.91,,,,,,,,,,,,,,
756.971,104.0,159.9412055857,3085.94,89.3622328137,,89.3622328137,106.503488476,,,,,1.19826420479462,,735.1010952
756.98,,,,,,,,,,,,,,
757.0010000000001,,,,,1.21000003814697,,,,733.2100219726559,733.2100219726559,1.22000002861023,,15.2447571895246,
757.007,,,,,,,,,,,,,,
757.029,,,,,,,,,,,,,,
757.065,,,,,,,,,,,,,,
757.105,,,,,,,,,,,,,,
757.123,104.0,159.9684211279,,89.8929358866,,89.8929358866,106.503488476,,,,,1.19826420479462,,735.229416
757.145,,,,,,,,,,,,,,
757.184,,,,,,,,,,,,,,
757.2239999999999,,,,,,,,,,,,,,
757.263,,,,,,,,,,,,,,
757.2760000000001,104.0,159.9911007464,3125.0,88.83606566450001,,88.83606566450001,106.503488476,,,,,1.19826420479462,,735.3577368
757.303,,,,,,,,,,,,,,
757.3430000000001,,,,,,,,,,,,,,
757.3789999999999,,,,,,,,,,,,,,
757.419,,,,,,,,,,,,,,
757.428,104.0,160.0183162886,,88.1420693384,,88.1420693384,106.503488476,,,,,1.19826420479462,,735.4860576
757.452,,,,,,,,,,,,,,
757.495,,,,,,,,,,,,,,
757.5189999999999,,,,,,,,,,,,,,
757.547,,,,,,,,,,,,,,
757.58,104.0,160.04099590709998,3085.94,89.3803765085,,89.3803765085,106.503488476,,,,,1.19826420479462,,735.6143784
757.6139999999999,,,,,,,,,,,,,,
757.6469999999999,,,,,,,,,,,,,,
757.678,,,,,,,,,,,,,,
757.699,,,,,,,,,,,,,,
757.7330000000001,104.0,160.0682114493,,89.5073823721,,89.5073823721,106.503488476,,,,,1.19826420479462,,735.7423944
757.7360000000001,,,,,,,,,,,,,,
757.7719999999999,,,,,,,,,,,,,,
757.809,,,,,,,,,,,,,,
757.846,,,,,,,,,,,,,,
757.885,104.0,160.09089106780002,3125.0,89.0583259258,,89.0583259258,106.503488476,,,,,1.19826420479462,,735.8707152000001
757.9069999999999,,,,,,,,,,,,,,
757.928,,,,,,,,,,,,,,
757.949,,,,,,,,,,,,,,
757.98,,,,,,,,,,,,,,
758.0010000000001,,,,,1.21000003814697,,,,734.0,734.0,1.22000002861023,,10.5846544074082,
758.0039999999999,,,,,,,,,,,,,,
758.025,,,,,,,,,,,,,,
758.038,104.0,160.11810661,,89.4710949825,,89.4710949825,106.503488476,,,,,1.19826420479462,,735.999036
758.05,,,,,,,,,,,,,,
758.071,,,,,,,,,,,,,,
758.102,,,,,,,,,,,,,,
758.19,104.0,160.1407862285,3125.0,89.5754212276,,89.5754212276,106.503488476,,,,,1.19826420479462,,736.1273568
758.2139999999999,,,,,,,,,,,,,,
758.2539999999999,,,,,,,,,,,,,,
758.291,,,,,,,,,,,,,,
758.3330000000001,,,,,,,,,,,,,,
758.342,104.0,160.1680017707,,88.30082666790001,,88.30082666790001,106.503488476,,,,,1.19826420479462,,736.2553727999999
758.37,,,,,,,,,,,,,,
758.4060000000001,,,,,,,,,,,,,,
758.437,,,,,,,,,,,,,,
758.461,,,,,,,,,,,,,,
758.495,104.0,160.1906813892,3125.0,88.8224578934,,88.8224578934,106.503488476,,,,,1.19826420479462,,736.3836936
758.525,,,,,,,,,,,,,,
758.565,,,,,,,,,,,,,,
758.605,,,,,,,,,,,,,,
758.6410000000001,,,,,,,,,,,,,,
758.6469999999999,104.0,160.2178969314,,88.7272034957,,88.7272034957,106.503488476,,,,,1.19826420479462,,736.5117096
758.678,,,,,,,,,,,,,,
758.717,,,,,,,,,,,,,,
758.7539999999999,,,,,,,,,,,,,,
758.79,,,,,,,,,,,,,,
758.8,104.0,160.2405765499,,88.223715965,,88.223715965,106.503488476,,,,,1.19826420479462,,736.6400304
758.821,,,,,,,,,,,,,,
758.8510000000001,,,,,,,,,,,,,,
758.8789999999999,,,,,,,,,,,,,,
758.918,,,,,,,,,,,,,,
758.952,104.0,160.2677920921,3125.0,88.8315297408,,88.8315297408,106.503488476,,,,,1.19826420479462,,736.7680464
758.9580000000001,,,,,,,,,,,,,,
758.995,,,,,,,,,,,,,,
759.0010000000001,,,,,1.21000003814697,,,,734.7999877929691,734.7999877929691,1.22000002861023,,10.2583455304479,
759.028,,,,,,,,,,,,,,
759.065,,,,,,,,,,,,,,
759.1039999999999,104.0,160.2904717106,,87.75651582389999,,87.75651582389999,106.503488476,,,,,1.19826420479462,,736.8963672
759.107,,,,,,,,,,,,,,
759.1410000000001,,,,,,,,,,,,,,
759.211,,,,,,,,,,,,,,
759.2389999999999,,,,,,,,,,,,,,
759.257,104.0,160.3176872528,3125.0,88.1965004228,,88.1965004228,106.503488476,,,,,1.19826420479462,,737.0243832
759.26,,,,,,,,,,,,,,
759.284,,,,,,,,,,,,,,
759.321,,,,,,,,,,,,,,
759.357,,,,,,,,,,,,,,
759.3939999999999,,,,,,,,,,,,,,
759.409,104.0,160.34036687129998,,89.56181345649999,,89.56181345649999,106.503488476,,,,,1.19826420479462,,737.1523992000001
759.427,,,,,,,,,,,,,,
759.5369999999999,,,,,,,,,,,,,,
759.562,104.0,160.3675824135,3125.0,88.2781470494,,88.2781470494,106.503488476,,,,,1.19826420479462,,737.2804152000001
759.571,,,,,,,,,,,,,,
759.607,,,,,,,,,,,,,,
759.6410000000001,,,,,,,,,,,,,,
759.677,,,,,,,,,,,,,,
759.7139999999999,104.23,160.390262032,,87.8426983742,,87.8426983742,106.503488476,,,,,1.19826420479462,,737.4087360000001
759.748,,,,,,,,,,,,,,
759.784,,,,,,,,,,,,,,
759.821,,,,,,,,,,,,,,
759.8660000000001,104.0,160.4174775742,3125.0,88.0059916274,,88.0059916274,106.503488476,,,,,1.19826420479462,,737.536752
759.9060000000001,,,,,,,,,,,,,,
759.946,,,,,,,,,,,,,,
759.985,,,,,,,,,,,,,,
760.0010000000001,,,,,1.21000003814697,,,,735.5900268554691,735.5900268554691,1.22000002861023,,7.73964621209882,
760.0189999999999,104.0,160.4401571927,,87.78826728979999,,87.78826728979999,106.503488476,,,,,1.19826420479462,,737.664768
760.0219999999999,,,,,,,,,,,,,,
760.061,,,,,,,,,,,,,,
760.0980000000001,,,,,,,,,,,,,,
760.138,,,,,,,,,,,,,,
760.171,104.0,160.4673727349,3125.0,87.8835216875,,87.8835216875,106.503488476,,,,,1.19826420479462,,737.792784
760.177,,,,,,,,,,,,,,
760.217,,,,,,,,,,,,,,
760.253,,,,,,,,,,,,,,
760.293,,,,,,,,,,,,,,
760.324,104.0,160.4900523534,,87.7066206632,,87.7066206632,106.503488476,,,,,1.19826420479462,,737.9208
760.3330000000001,,,,,,,,,,,,,,
760.372,,,,,,,,,,,,,,
760.409,,,,,,,,,,,,,,
760.446,,,,,,,,,,,,,,
760.4760000000001,104.0,160.5172678956,,87.62950996030001,,87.62950996030001,106.503488476,,,,,1.19826420479462,,738.048816
760.482,,,,,,,,,,,,,,
760.5189999999999,,,,,,,,,,,,,,
760.595,,,,,,,,,,,,,,
760.628,104.0,160.5399475141,3125.0,87.6431177314,,87.6431177314,106.503488476,,,,,1.19826420479462,,738.176832
760.671,,,,,,,,,,,,,,
760.7139999999999,,,,,,,,,,,,,,
760.75,,,,,,,,,,,,,,
760.7810000000001,104.0,160.5671630563,,87.3891060042,,87.3891060042,106.503488476,,,,,1.19826420479462,,738.3045432
760.7869999999999,,,,,,,,,,,,,,
760.82,,,,,,,,,,,,,,
760.8539999999999,,,,,,,,,,,,,,
760.915,,,,,,,,,,,,,,
760.933,104.0,160.5898426748,3125.0,87.7837313661,,87.7837313661,106.503488476,,,,,1.19826420479462,,738.4325592
760.939,,,,,,,,,,,,,,
760.9639999999999,,,,,,,,,,,,,,
760.9939999999999,,,,,,,,,,,,,,
761.0,,,,,1.21000003814697,,,,736.369995117188,736.369995117188,1.22000002861023,,11.3188503530459,
761.034,,,,,,,,,,,,,,
761.08,,,,,,,,,,,,,,
761.0830000000001,,,,,,,,,,,,,,
761.086,104.0,160.61705821700002,3125.0,88.5321587766,,88.5321587766,106.503488476,,,,,1.19826420479462,,738.5605752
761.092,,,,,,,,,,,,,,
761.1160000000001,,,,,,,,,,,,,,
761.1560000000001,,,,,,,,,,,,,,
761.195,,,,,,,,,,,,,,
761.232,,,,,,,,,,,,,,
761.238,104.0,160.6397378355,,89.765930023,,89.765930023,106.503488476,,,,,1.19826420479462,,738.6885912
761.265,,,,,,,,,,,,,,
761.302,,,,,,,,,,,,,,
761.332,,,,,,,,,,,,,,
761.3510000000001,,,,,,,,,,,,,,
761.39,104.0,160.6669533777,3125.0,88.04227901700001,,88.04227901700001,106.503488476,,,,,1.19826420479462,,738.8163024
761.418,,,,,,,,,,,,,,
761.448,,,,,,,,,,,,,,
761.485,,,,,,,,,,,,,,
761.525,,,,,,,,,,,,,,
761.543,104.0,160.6896329962,,88.8950326726,,88.8950326726,106.503488476,,,,,1.19826420479462,,738.9443183999999
761.558,,,,,,,,,,,,,,
761.592,,,,,,,,,,,,,,
761.625,,,,,,,,,,,,,,
761.6560000000001,,,,,,,,,,,,,,
761.695,104.0,160.7168485384,3125.0,87.82001875569999,,87.82001875569999,106.503488476,,,,,1.19826420479462,,739.0720296000001
761.704,,,,,,,,,,,,,,
761.7439999999999,,,,,,,,,,,,,,
761.784,,,,,,,,,,,,,,
761.817,,,,,,,,,,,,,,
761.8480000000001,104.0,160.7395281569,,88.77256273270001,,88.77256273270001,106.503488476,,,,,1.19826420479462,,739.2000456000001
761.8539999999999,,,,,,,,,,,,,,
761.893,,,,,,,,,,,,,,
761.933,,,,,,,,,,,,,,
761.97,,,,,,,,,,,,,,
762.0,104.0,160.7622077754,3125.0,88.74081126680001,1.21000003814697,88.74081126680001,106.503488476,,737.1699829101559,737.1699829101559,1.22000002861023,1.19826420479462,10.8599772792241,739.3277568
762.043,,,,,,,,,,,,,,
762.076,,,,,,,,,,,,,,
762.0980000000001,,,,,,,,,,,,,,
762.125,,,,,,,,,,,,,,
762.1519999999999,104.0,160.7168485384,,88.5366947003,,88.5366947003,106.503488476,,,,,1.19826420479462,,739.455468
762.168,,,,,,,,,,,,,,
762.207,,,,,,,,,,,,,,
762.2439999999999,,,,,,,,,,,,,,
762.28,,,,,,,,,,,,,,
762.305,104.0,160.7395281569,,89.1445084761,,89.1445084761,106.503488476,,,,,1.19826420479462,,739.583484
762.323,,,,,,,,,,,,,,
762.4019999999999,,,,,,,,,,,,,,
762.445,,,,,,,,,,,,,,
762.457,104.0,160.7667436991,3125.0,89.34408911889999,,89.34408911889999,106.503488476,,,,,1.19826420479462,,739.7111952
762.488,,,,,,,,,,,,,,
762.5239999999999,,,,,,,,,,,,,,
762.564,,,,,,,,,,,,,,
762.6039999999999,,,,,,,,,,,,,,
762.61,104.0,160.7894233176,,88.79977827489999,,88.79977827489999,106.503488476,,,,,1.19826420479462,,739.8389063999999
762.64,,,,,,,,,,,,,,
762.677,,,,,,,,,,,,,,
762.762,104.0,160.8166388598,3125.0,87.9651683141,,87.9651683141,106.503488476,,,,,1.19826420479462,,739.9666176
762.7769999999999,,,,,,,,,,,,,,
762.823,,,,,,,,,,,,,,
762.8439999999999,,,,,,,,,,,,,,
762.89,,,,,,,,,,,,,,
762.914,104.0,160.8393184783,,88.35525775229999,,88.35525775229999,106.503488476,,,,,1.19826420479462,,740.0943288
762.9169999999999,,,,,,,,,,,,,,
762.957,,,,,,,,,,,,,,
762.9689999999999,,,,,,,,,,,,,,
762.972,,,,,,,,,,,,,,
762.975,,,,,,,,,,,,,,
762.985,,,,,,,,,,,,,,
762.997,,,,,,,,,,,,,,
763.0,,,,,1.21000003814697,,,,737.9500122070309,737.9500122070309,1.22000002861023,,10.778400059984,
763.018,,,,,,,,,,,,,,
763.052,,,,,,,,,,,,,,
763.067,104.0,160.8619980968,3125.0,90.06983691090001,,90.06983691090001,106.503488476,,,,,1.19826420479462,,740.22204
763.085,,,,,,,,,,,,,,
763.1160000000001,,,,,,,,,,,,,,
763.128,,,,,,,,,,,,,,
763.1339999999999,,,,,,,,,,,,,,
763.1489999999999,,,,,,,,,,,,,,
763.17,,,,,,,,,,,,,,
763.201,,,,,,,,,,,,,,
763.2189999999999,104.0,160.8846777153,3125.0,90.4644622728,,90.4644622728,106.503488476,,,,,1.19826420479462,,740.3497512
763.237,,,,,,,,,,,,,,
763.329,,,,,,,,,,,,,,
763.35,,,,,,,,,,,,,,
763.3530000000001,,,,,,,,,,,,,,
763.362,,,,,,,,,,,,,,
763.372,104.0,160.91642918120002,3125.0,89.31233765299999,,89.31233765299999,106.503488476,,,,,1.19826420479462,,740.4774624
763.3839999999999,,,,,,,,,,,,,,
763.408,,,,,,,,,,,,,,
763.457,,,,,,,,,,,,,,
763.5060000000001,,,,,,,,,,,,,,
763.5239999999999,104.0,160.934572876,3125.0,91.035988659,,91.035988659,106.503488476,,,,,1.19826420479462,,740.6051736000001
763.5419999999999,,,,,,,,,,,,,,
763.579,,,,,,,,,,,,,,
763.618,,,,,,,,,,,,,,
763.655,,,,,,,,,,,,,,
763.676,104.0,160.9617884182,,89.2261551027,,89.2261551027,106.503488476,,,,,1.19826420479462,,740.7328848
763.689,,,,,,,,,,,,,,
763.7280000000001,,,,,,,,,,,,,,
763.795,,,,,,,,,,,,,,
763.829,104.0,160.9844680367,3125.0,88.79977827489999,,88.79977827489999,106.503488476,,,,,1.19826420479462,,740.860596
763.832,,,,,,,,,,,,,,
763.8710000000001,,,,,,,,,,,,,,
763.9110000000001,,,,,,,,,,,,,,
763.948,,,,,,,,,,,,,,
763.9810000000001,104.0,161.0071476552,,88.9812152229,,88.9812152229,106.503488476,,,,,1.19826420479462,,740.9883072
763.987,,,,,,,,,,,,,,
763.9989999999999,,,,,1.21000003814697,,,,738.739990234375,738.739990234375,1.22000002861023,,9.65671280919459,
764.0269999999999,,,,,,,,,,,,,,
764.067,,,,,,,,,,,,,,
764.1089999999999,,,,,,,,,,,,,,
764.1339999999999,104.0,161.0343631974,3125.0,89.130900705,,89.130900705,106.503488476,,,,,1.19826420479462,,741.1157136
764.1519999999999,,,,,,,,,,,,,,
764.192,,,,,,,,,,,,,,
764.237,,,,,,,,,,,,,,
764.28,,,,,,,,,,,,,,
764.2860000000001,104.0,161.0570428159,,89.4075920507,,89.4075920507,106.503488476,,,,,1.19826420479462,,741.2434248
764.32,,,,,,,,,,,,,,
764.3589999999999,,,,,,,,,,,,,,
764.3960000000001,,,,,,,,,,,,,,
764.429,,,,,,,,,,,,,,
764.438,104.0,161.0842583581,,88.5004073107,,88.5004073107,106.503488476,,,,,1.19826420479462,,741.371136
764.466,,,,,,,,,,,,,,
764.579,,,,,,,,,,,,,,
764.591,104.0,161.1069379766,3125.0,88.223715965,,88.223715965,106.503488476,,,,,1.19826420479462,,741.4985424
764.612,,,,,,,,,,,,,,
764.6489999999999,,,,,,,,,,,,,,
764.682,,,,,,,,,,,,,,
764.7189999999999,,,,,,,,,,,,,,
764.743,104.0,161.1296175951,,88.16928488059999,,88.16928488059999,106.503488476,,,,,1.19826420479462,,741.6259488
764.752,,,,,,,,,,,,,,
764.78,,,,,,,,,,,,,,
764.822,,,,,,,,,,,,,,
764.8560000000001,,,,,,,,,,,,,,
764.8960000000001,104.0,161.1568331373,3125.0,87.9016653823,,87.9016653823,106.503488476,,,,,1.19826420479462,,741.75366
764.923,,,,,,,,,,,,,,
764.954,,,,,,,,,,,,,,
764.987,,,,,,,,,,,,,,
764.9989999999999,,,,,1.21000003814697,,,,739.52001953125,739.52001953125,1.22000002861023,,9.68730402329032,
765.0210000000001,,,,,,,,,,,,,,
765.048,104.0,161.1795127558,,87.5115759441,,87.5115759441,106.503488476,,,,,1.19826420479462,,741.8810664
765.054,,,,,,,,,,,,,,
765.091,,,,,,,,,,,,,,
765.127,,,,,,,,,,,,,,
765.2,104.0,161.2021923743,3125.0,87.9243450008,,87.9243450008,106.503488476,,,,,1.19826420479462,,742.0087776
765.2310000000001,,,,,,,,,,,,,,
765.2610000000001,,,,,,,,,,,,,,
765.295,,,,,,,,,,,,,,
765.325,,,,,,,,,,,,,,
765.3530000000001,104.0,161.2294079165,,87.62950996030001,,87.62950996030001,106.503488476,,,,,1.19826420479462,,742.136184
765.362,,,,,,,,,,,,,,
765.3919999999999,,,,,,,,,,,,,,
765.426,,,,,,,,,,,,,,
765.4630000000001,,,,,,,,,,,,,,
765.505,104.0,161.252087535,3125.0,87.80641098459999,,87.80641098459999,106.503488476,,,,,1.19826420479462,,742.2635904
765.53,,,,,,,,,,,,,,
765.6060000000001,,,,,,,,,,,,,,
765.645,,,,,,,,,,,,,,
765.658,104.0,161.2747671535,,88.3189703627,,88.3189703627,106.503488476,,,,,1.19826420479462,,742.3909967999999
765.691,,,,,,,,,,,,,,
765.725,,,,,,,,,,,,,,
765.7610000000001,,,,,,,,,,,,,,
765.789,,,,,,,,,,,,,,
765.81,104.0,161.3019826957,3125.0,88.2554674309,,88.2554674309,106.503488476,,,,,1.19826420479462,,742.5187080000001
765.819,,,,,,,,,,,,,,
765.8560000000001,,,,,,,,,,,,,,
765.8889999999999,,,,,,,,,,,,,,
765.923,,,,,,,,,,,,,,
765.959,,,,,,,,,,,,,,
765.962,104.0,161.3246623142,,88.2554674309,,88.2554674309,106.503488476,,,,,1.19826420479462,,742.6461144
765.99,,,,,,,,,,,,,,
765.9989999999999,,,,,1.21000003814697,,,,740.3099975585941,740.3099975585941,1.22000002861023,,10.4418937874995,
766.02,,,,,,,,,,,,,,
766.0419999999999,,,,,,,,,,,,,,
766.063,,,,,,,,,,,,,,
766.115,104.0,161.3518778564,3125.0,88.8542093593,,88.8542093593,106.503488476,,,,,1.19826420479462,,742.773216
766.13,,,,,,,,,,,,,,
766.1510000000001,,,,,,,,,,,,,,
766.179,,,,,,,,,,,,,,
766.212,,,,,,,,,,,,,,
766.252,,,,,,,,,,,,,,
766.2669999999999,104.0,161.3745574749,,90.2512738589,,90.2512738589,106.503488476,,,,,1.19826420479462,,742.9006224
766.2919999999999,,,,,,,,,,,,,,
766.334,,,,,,,,,,,,,,
766.383,,,,,,,,,,,,,,
766.42,104.0,161.3972370934,3125.0,89.9519028947,,89.9519028947,106.503488476,,,,,1.19826420479462,,743.027724
766.423,,,,,,,,,,,,,,
766.465,,,,,,,,,,,,,,
766.5110000000001,,,,,,,,,,,,,,
766.56,,,,,,,,,,,,,,
766.572,104.0,161.4244526356,,90.2013786982,,90.2013786982,106.503488476,,,,,1.19826420479462,,743.1548256
766.6060000000001,,,,,,,,,,,,,,
766.6510000000001,,,,,,,,,,,,,,
766.7,,,,,,,,,,,,,,
766.7239999999999,104.0,161.4471322541,,90.1832350034,,90.1832350034,106.503488476,,,,,1.19826420479462,,743.2819272
766.7460000000001,,,,,,,,,,,,,,
766.791,,,,,,,,,,,,,,
766.834,,,,,,,,,,,,,,
766.877,104.0,161.47434779629998,3125.0,89.97458251319999,,89.97458251319999,106.503488476,,,,,1.19826420479462,,743.4090288
766.88,,,,,,,,,,,,,,
766.926,,,,,,,,,,,,,,
766.9739999999999,,,,,,,,,,,,,,
766.9989999999999,,,,,1.21000003814697,,,,741.099975585938,741.099975585938,1.22000002861023,,8.545221981452299,
767.0169999999999,,,,,,,,,,,,,,
767.029,104.0,161.4970274148,,90.1333398427,,90.1333398427,106.503488476,,,,,1.19826420479462,,743.5361303999999
767.066,,,,,,,,,,,,,,
767.1110000000001,,,,,,,,,,,,,,
767.1569999999999,,,,,,,,,,,,,,
767.182,104.0,161.5197070333,,90.1378757664,,90.1378757664,106.503488476,,,,,1.19826420479462,,743.6629272000001
767.203,,,,,,,,,,,,,,
767.294,,,,,,,,,,,,,,
767.334,104.0,161.5469225755,3125.0,90.3692078751,,90.3692078751,106.503488476,,,,,1.19826420479462,,743.789724
767.34,,,,,,,,,,,,,,
767.395,,,,,,,,,,,,,,
767.459,,,,,,,,,,,,,,
767.4860000000001,104.0,161.569602194,,89.130900705,,89.130900705,106.503488476,,,,,1.19826420479462,,743.9165208
767.5110000000001,,,,,,,,,,,,,,
767.566,,,,,,,,,,,,,,
767.6139999999999,,,,,,,,,,,,,,
767.6389999999999,104.0,161.5922818125,,88.1511411858,,88.1511411858,106.503488476,,,,,1.19826420479462,,744.0433176
767.663,,,,,,,,,,,,,,
767.712,,,,,,,,,,,,,,
767.758,,,,,,,,,,,,,,
767.791,104.0,161.6194973547,3125.0,87.3482826909,,87.3482826909,106.503488476,,,,,1.19826420479462,,744.1698096
767.822,,,,,,,,,,,,,,
767.8610000000001,,,,,,,,,,,,,,
767.904,,,,,,,,,,,,,,
767.944,104.0,161.6421769732,,88.90410452,,88.90410452,106.503488476,,,,,1.19826420479462,,744.2966064
767.95,,,,,,,,,,,,,,
767.992,,,,,,,,,,,,,,
768.002,,,,,1.21000003814697,,,,741.869995117188,741.869995117188,1.22000002861023,,9.16724852127705,
768.038,,,,,,,,,,,,,,
768.087,,,,,,,,,,,,,,
768.096,104.0,161.6648565917,,88.8496734356,,88.8496734356,106.503488476,,,,,1.19826420479462,,744.4230984000001
768.133,,,,,,,,,,,,,,
768.2330000000001,,,,,,,,,,,,,,
768.248,104.0,161.69207213389998,3125.0,89.5028464484,,89.5028464484,106.503488476,,,,,1.19826420479462,,744.5498952
768.291,,,,,,,,,,,,,,
768.3430000000001,,,,,,,,,,,,,,
768.398,,,,,,,,,,,,,,
768.4010000000001,104.0,161.7147517524,,90.1832350034,,90.1832350034,106.503488476,,,,,1.19826420479462,,744.6763872
768.453,,,,,,,,,,,,,,
768.5110000000001,,,,,,,,,,,,,,
768.553,104.0,161.7419672946,,89.91107958139999,,89.91107958139999,106.503488476,,,,,1.19826420479462,,744.8028792
768.565,,,,,,,,,,,,,,
768.617,,,,,,,,,,,,,,
768.675,,,,,,,,,,,,,,
768.706,104.0,161.7646469131,3125.0,89.493774601,,89.493774601,106.503488476,,,,,1.19826420479462,,744.9293712
768.727,,,,,,,,,,,,,,
768.788,,,,,,,,,,,,,,
768.84,,,,,,,,,,,,,,
768.8580000000001,104.0,161.7873265316,,89.539133838,,89.539133838,106.503488476,,,,,1.19826420479462,,745.056168
768.895,,,,,,,,,,,,,,
768.949,,,,,,,,,,,,,,
769.0010000000001,,,,,1.21000003814697,,,,742.6900024414059,742.6900024414059,1.22000002861023,,8.07615248458336,
769.0039999999999,,,,,,,,,,,,,,
769.01,104.0,161.8145420738,,89.7477863282,,89.7477863282,106.503488476,,,,,1.19826420479462,,745.1826599999999
769.056,,,,,,,,,,,,,,
769.1080000000001,,,,,,,,,,,,,,
769.1569999999999,,,,,,,,,,,,,,
769.163,104.0,161.8372216923,,89.18079586569999,,89.18079586569999,106.503488476,,,,,1.19826420479462,,745.3091519999999
769.209,,,,,,,,,,,,,,
769.2660000000001,,,,,,,,,,,,,,
769.315,104.0,161.8599013108,3125.0,89.6071726935,,89.6071726935,106.503488476,,,,,1.19826420479462,,745.4353392
769.318,,,,,,,,,,,,,,
769.3789999999999,,,,,,,,,,,,,,
769.434,,,,,,,,,,,,,,
769.4680000000001,104.0,161.88711685299998,,89.6434600831,,89.6434600831,106.503488476,,,,,1.19826420479462,,745.5618312
769.492,,,,,,,,,,,,,,
769.544,,,,,,,,,,,,,,
769.605,,,,,,,,,,,,,,
769.62,104.0,161.9097964715,,89.68881932010001,,89.68881932010001,106.503488476,,,,,1.19826420479462,,745.6883232000001
769.66,,,,,,,,,,,,,,
769.7180000000001,,,,,,,,,,,,,,
769.7719999999999,104.0,161.9370120137,3125.0,89.8974718103,,89.8974718103,106.503488476,,,,,1.19826420479462,,745.8148152000001
769.83,,,,,,,,,,,,,,
769.882,,,,,,,,,,,,,,
769.925,104.0,161.9596916322,,89.75232225190001,,89.75232225190001,106.503488476,,,,,1.19826420479462,,745.9410024
769.937,,,,,,,,,,,,,,
769.992,,,,,,,,,,,,,,
770.0010000000001,,,,,1.21000003814697,,,,743.4299926757809,743.4299926757809,1.22000002861023,,8.36167275192358,
770.047,,,,,,,,,,,,,,
770.077,104.0,161.9823712507,,89.902007734,,89.902007734,106.503488476,,,,,1.19826420479462,,746.0674944
770.102,,,,,,,,,,,,,,
770.1560000000001,,,,,,,,,,,,,,
770.211,,,,,,,,,,,,,,
770.23,104.0,162.0095867929,,90.0154058265,,90.0154058265,106.503488476,,,,,1.19826420479462,,746.1936816000001
770.2689999999999,,,,,,,,,,,,,,
770.324,,,,,,,,,,,,,,
770.382,104.0,162.0322664114,3125.0,89.9337591999,,89.9337591999,106.503488476,,,,,1.19826420479462,,746.3198687999999
770.385,,,,,,,,,,,,,,
770.437,,,,,,,,,,,,,,
770.498,,,,,,,,,,,,,,
770.534,104.0,162.0549460299,,89.81582518370001,,89.81582518370001,106.503488476,,,,,1.19826420479462,,746.4463607999999
770.55,,,,,,,,,,,,,,
770.605,,,,,,,,,,,,,,
770.6619999999999,,,,,,,,,,,,,,
770.687,104.0,162.08216157209998,,89.765930023,,89.765930023,106.503488476,,,,,1.19826420479462,,746.5725480000001
770.7689999999999,,,,,,,,,,,,,,
770.8389999999999,104.0,162.10484119059998,3125.0,89.6706756253,,89.6706756253,106.503488476,,,,,1.19826420479462,,746.6987352000001
770.888,,,,,,,,,,,,,,
770.943,,,,,,,,,,,,,,
770.992,104.0,162.1275208091,,89.85664849700001,,89.85664849700001,106.503488476,,,,,1.19826420479462,,746.8249224
770.998,,,,,,,,,,,,,,
771.0010000000001,,,,,1.21000003814697,,,,744.2100219726559,744.2100219726559,1.22000002861023,,7.5357026777600895,
771.053,,,,,,,,,,,,,,
771.107,,,,,,,,,,,,,,
771.1439999999999,104.0,162.1547363513,,89.6434600831,,89.6434600831,106.503488476,,,,,1.19826420479462,,746.9511096
771.1619999999999,,,,,,,,,,,,,,
771.217,,,,,,,,,,,,,,
771.2719999999999,,,,,,,,,,,,,,
771.296,104.0,162.1774159698,,89.62531638829999,,89.62531638829999,106.503488476,,,,,1.19826420479462,,747.0772967999999
771.327,,,,,,,,,,,,,,
771.385,,,,,,,,,,,,,,
771.446,,,,,,,,,,,,,,
771.449,104.0,162.20463151200002,3085.94,89.7931455652,,89.7931455652,106.503488476,,,,,1.19826420479462,,747.203484
771.5010000000001,,,,,,,,,,,,,,
771.552,,,,,,,,,,,,,,
771.6010000000001,104.0,162.2273111305,,89.5119182958,,89.5119182958,106.503488476,,,,,1.19826420479462,,747.3293664
771.61,,,,,,,,,,,,,,
771.665,,,,,,,,,,,,,,
771.72,,,,,,,,,,,,,,
771.7539999999999,104.0,162.249990749,,89.5890289987,,89.5890289987,106.503488476,,,,,1.19826420479462,,747.4555536
771.775,,,,,,,,,,,,,,
771.8330000000001,,,,,,,,,,,,,,
771.9060000000001,104.0,162.2772062912,3125.0,89.3894483559,,89.3894483559,106.503488476,,,,,1.19826420479462,,747.5817408
771.997,,,,,,,,,,,,,,
772.0,,,,,1.21000003814697,,,,744.989990234375,744.989990234375,1.22000002861023,,8.545221981452299,
772.052,,,,,,,,,,,,,,
772.058,104.0,162.29988590969998,,89.4211998218,,89.4211998218,106.503488476,,,,,1.19826420479462,,747.7076232000001
772.1160000000001,,,,,,,,,,,,,,
772.168,,,,,,,,,,,,,,
772.211,104.0,162.3271014519,,89.5436697617,,89.5436697617,106.503488476,,,,,1.19826420479462,,747.8335056
772.2260000000001,,,,,,,,,,,,,,
772.2810000000001,,,,,,,,,,,,,,
772.336,,,,,,,,,,,,,,
772.363,104.0,162.3497810704,,89.53459791430001,,89.53459791430001,106.503488476,,,,,1.19826420479462,,747.9596928
772.3910000000001,,,,,,,,,,,,,,
772.449,,,,,,,,,,,,,,
772.5060000000001,,,,,,,,,,,,,,
772.5160000000001,104.0,162.3724606889,3125.0,89.5164542195,,89.5164542195,106.503488476,,,,,1.19826420479462,,748.0855752
772.567,,,,,,,,,,,,,,
772.622,,,,,,,,,,,,,,
772.668,104.0,162.39967623110002,,89.1898677131,,89.1898677131,106.503488476,,,,,1.19826420479462,,748.2114576
772.686,,,,,,,,,,,,,,
772.7439999999999,,,,,,,,,,,,,,
772.802,,,,,,,,,,,,,,
772.82,104.0,162.4223558496,,89.0038948414,,89.0038948414,106.503488476,,,,,1.19826420479462,,748.33734
772.863,,,,,,,,,,,,,,
772.915,,,,,,,,,,,,,,
772.9730000000001,104.0,162.4450354681,3085.94,88.9403919096,,88.9403919096,106.503488476,,,,,1.19826420479462,,748.4632224
773.0,,,,,1.21000003814697,,,,745.760009765625,745.760009765625,1.22000002861023,,7.51530837295007,
773.0310000000001,,,,,,,,,,,,,,
773.086,,,,,,,,,,,,,,
773.125,104.0,162.4722510103,,88.99935891770001,,88.99935891770001,106.503488476,,,,,1.19826420479462,,748.5891048
773.143,,,,,,,,,,,,,,
773.204,,,,,,,,,,,,,,
773.2589999999999,,,,,,,,,,,,,,
773.278,104.0,162.49493062879998,,88.9358559859,,88.9358559859,106.503488476,,,,,1.19826420479462,,748.7149872
773.317,,,,,,,,,,,,,,
773.3689999999999,,,,,,,,,,,,,,
773.424,,,,,,,,,,,,,,
773.43,104.0,162.51761024729998,,88.6546287165,,88.6546287165,106.503488476,,,,,1.19826420479462,,748.8408696
773.482,,,,,,,,,,,,,,
773.5369999999999,,,,,,,,,,,,,,
773.582,104.0,162.5448257895,3125.0,88.813386046,,88.813386046,106.503488476,,,,,1.19826420479462,,748.9667519999999
773.592,,,,,,,,,,,,,,
773.6460000000001,,,,,,,,,,,,,,
773.707,,,,,,,,,,,,,,
773.735,104.0,162.567505408,,89.02203853620001,,89.02203853620001,106.503488476,,,,,1.19826420479462,,749.0926344
773.7710000000001,,,,,,,,,,,,,,
773.829,,,,,,,,,,,,,,
773.8839999999999,,,,,,,,,,,,,,
773.887,104.0,162.5947209502,,89.1354366287,,89.1354366287,106.503488476,,,,,1.19826420479462,,749.218212
773.939,,,,,,,,,,,,,,
773.997,,,,,,,,,,,,,,
774.0,,,,,1.21000003814697,,,,746.52001953125,746.52001953125,1.22000002861023,,8.39226396601931,
774.04,104.0,162.61740056870002,3085.94,88.92224821479999,,88.92224821479999,106.503488476,,,,,1.19826420479462,,749.3440944
774.052,,,,,,,,,,,,,,
774.1189999999999,,,,,,,,,,,,,,
774.177,,,,,,,,,,,,,,
774.192,104.0,162.6400801872,,88.82699381709999,,88.82699381709999,106.503488476,,,,,1.19826420479462,,749.469672
774.232,,,,,,,,,,,,,,
774.2860000000001,,,,,,,,,,,,,,
774.341,,,,,,,,,,,,,,
774.3439999999999,104.0,162.6672957294,,88.6637005639,,88.6637005639,106.503488476,,,,,1.19826420479462,,749.5955544
774.3960000000001,,,,,,,,,,,,,,
774.451,,,,,,,,,,,,,,
774.497,104.0,162.6899753479,,88.5639102425,,88.5639102425,106.503488476,,,,,1.19826420479462,,749.721132
774.5089999999999,,,,,,,,,,,,,,
774.6189999999999,,,,,,,,,,,,,,
774.6489999999999,104.0,162.71265496639998,3085.94,88.813386046,,88.813386046,106.503488476,,,,,1.19826420479462,,749.8467095999999
774.683,,,,,,,,,,,,,,
774.7410000000001,,,,,,,,,,,,,,
774.7919999999999,,,,,,,,,,,,,,
774.802,104.0,162.7398705086,,88.5457665477,,88.5457665477,106.503488476,,,,,1.19826420479462,,749.9722872000001
774.847,,,,,,,,,,,,,,
774.8989999999999,,,,,,,,,,,,,,
774.951,,,,,,,,,,,,,,
774.954,104.0,162.76255012709998,,88.1828926517,,88.1828926517,106.503488476,,,,,1.19826420479462,,750.0978647999999
775.0,,,,,1.21000003814697,,,,747.2999877929691,747.2999877929691,1.22000002861023,,8.12713800348911,
775.0060000000001,,,,,,,,,,,,,,
775.1060000000001,104.0,162.7897656693,3125.0,88.3098985153,,88.3098985153,106.503488476,,,,,1.19826420479462,,750.2234424
775.1189999999999,,,,,,,,,,,,,,
775.17,,,,,,,,,,,,,,
775.225,,,,,,,,,,,,,,
775.2589999999999,104.0,162.81244528780002,,88.47772769219999,,88.47772769219999,106.503488476,,,,,1.19826420479462,,750.34902
775.28,,,,,,,,,,,,,,
775.329,,,,,,,,,,,,,,
775.3839999999999,,,,,,,,,,,,,,
775.4110000000001,104.0,162.8351249063,,88.58205393729999,,88.58205393729999,106.503488476,,,,,1.19826420479462,,750.4745975999999
775.436,,,,,,,,,,,,,,
775.4839999999999,,,,,,,,,,,,,,
775.539,,,,,,,,,,,,,,
775.564,104.0,162.8623404485,3085.94,88.95853560440001,,88.95853560440001,106.503488476,,,,,1.19826420479462,,750.6001752000001
775.591,,,,,,,,,,,,,,
775.64,,,,,,,,,,,,,,
775.692,,,,,,,,,,,,,,
775.716,104.0,162.885020067,,88.5049432344,,88.5049432344,106.503488476,,,,,1.19826420479462,,750.725448
775.74,,,,,,,,,,,,,,
775.7860000000001,,,,,,,,,,,,,,
775.832,,,,,,,,,,,,,,
775.868,104.0,162.9076996855,,88.10578194879999,,88.10578194879999,106.503488476,,,,,1.19826420479462,,750.8510256
775.8810000000001,,,,,,,,,,,,,,
775.92,,,,,,,,,,,,,,
775.9630000000001,,,,,,,,,,,,,,
775.9989999999999,,,,,1.21000003814697,,,,748.0700073242191,748.0700073242191,1.22000002861023,,8.30049032373211,
776.0210000000001,104.0,162.9349152277,3125.0,88.314434439,,88.314434439,106.503488476,,,,,1.19826420479462,,750.9766032000001
776.039,,,,,,,,,,,,,,
776.085,,,,,,,,,,,,,,
776.173,104.0,162.9575948462,,88.6364850217,,88.6364850217,106.503488476,,,,,1.19826420479462,,751.101876
776.176,,,,,,,,,,,,,,
776.2189999999999,,,,,,,,,,,,,,
776.2739999999999,,,,,,,,,,,,,,
776.32,,,,,,,,,,,,,,
776.326,104.0,162.9802744647,,88.3461859049,,88.3461859049,106.503488476,,,,,1.19826420479462,,751.2271488
776.368,,,,,,,,,,,,,,
776.4169999999999,,,,,,,,,,,,,,
776.4780000000001,104.0,163.0074900069,3085.94,88.4822636159,,88.4822636159,106.503488476,,,,,1.19826420479462,,751.3527263999999
776.515,,,,,,,,,,,,,,
776.566,,,,,,,,,,,,,,
776.618,,,,,,,,,,,,,,
776.63,104.0,163.03016962540002,,88.722667572,,88.722667572,106.503488476,,,,,1.19826420479462,,751.4779992
776.6669999999999,,,,,,,,,,,,,,
776.722,,,,,,,,,,,,,,
776.7739999999999,,,,,,,,,,,,,,
776.783,104.0,163.0528492439,,89.0810055443,,89.0810055443,106.503488476,,,,,1.19826420479462,,751.603272
776.825,,,,,,,,,,,,,,
776.8860000000001,,,,,,,,,,,,,,
776.935,104.0,163.0800647861,,89.3985202033,,89.3985202033,106.503488476,,,,,1.19826420479462,,751.7285448
776.941,,,,,,,,,,,,,,
776.993,,,,,,,,,,,,,,
776.9989999999999,,,,,1.21000003814697,,,,748.8300170898441,748.8300170898441,1.22000002861023,,7.9945752653433,
777.048,,,,,,,,,,,,,,
777.0880000000001,104.0,163.1027444046,3125.0,89.6706756253,,89.6706756253,106.503488476,,,,,1.19826420479462,,751.8538176
777.1030000000001,,,,,,,,,,,,,,
777.2130000000001,,,,,,,,,,,,,,
777.24,104.0,163.1299599468,,89.992726208,,89.992726208,106.503488476,,,,,1.19826420479462,,751.9790904
777.319,,,,,,,,,,,,,,
777.377,,,,,,,,,,,,,,
777.3919999999999,104.0,163.1526395653,,89.87932811549999,,89.87932811549999,106.503488476,,,,,1.19826420479462,,752.1043632
777.438,,,,,,,,,,,,,,
777.545,104.0,163.1753191838,3125.0,89.7387144808,,89.7387144808,106.503488476,,,,,1.19826420479462,,752.229636
777.551,,,,,,,,,,,,,,
777.6089999999999,,,,,,,,,,,,,,
777.6669999999999,,,,,,,,,,,,,,
777.697,104.0,163.202534726,,89.584493075,,89.584493075,106.503488476,,,,,1.19826420479462,,752.354604
777.7189999999999,,,,,,,,,,,,,,
777.7760000000001,,,,,,,,,,,,,,
777.831,,,,,,,,,,,,,,
777.85,104.0,163.22521434450002,,89.62078046459999,,89.62078046459999,106.503488476,,,,,1.19826420479462,,752.4798767999999
777.8860000000001,,,,,,,,,,,,,,
777.944,,,,,,,,,,,,,,
777.9989999999999,,,,,1.21000003814697,,,,749.609985351563,749.609985351563,1.22000002861023,,7.2807736245156,
778.002,104.0,163.2524298867,3085.94,89.7296426334,,89.7296426334,106.503488476,,,,,1.19826420479462,,752.6051496
778.057,,,,,,,,,,,,,,
778.063,,,,,,,,,,,,,,
778.0930000000001,,,,,,,,,,,,,,
778.154,125.28,163.2705735815,,95.5855201301,,95.5855201301,106.503488476,,,,,1.19826420479462,,752.7301176
778.176,,,,,,,,,,,,,,
778.2460000000001,,,,,,,,,,,,,,
778.307,144.0,163.2977891237,3125.0,97.8943052934,,97.8943052934,106.503488476,,,,,1.19826420479462,,752.8550856
778.319,,,,,,,,,,,,,,
778.459,143.48,163.3250046659,,97.5087517789,,97.5087517789,106.503488476,,,,,1.19826420479462,,752.9803584
778.465,,,,,,,,,,,,,,
778.5319999999999,,,,,,,,,,,,,,
778.602,,,,,,,,,,,,,,
778.612,143.64,163.3476842844,,97.023407943,,97.023407943,106.503488476,,,,,1.19826420479462,,753.1053264
778.673,,,,,,,,,,,,,,
778.74,,,,,,,,,,,,,,
778.7639999999999,143.65,163.3703639029,,97.159485654,,97.159485654,106.503488476,,,,,1.19826420479462,,753.2302944
778.81,,,,,,,,,,,,,,
778.8739999999999,,,,,,,,,,,,,,
778.916,143.04,163.3975794451,3085.94,97.159485654,,97.159485654,106.503488476,,,,,1.19826420479462,,753.3552624
778.941,,,,,,,,,,,,,,
778.9989999999999,,,,,1.21000003814697,,,,750.380004882813,750.380004882813,1.22000002861023,,0.999321908167913,
779.008,,,,,,,,,,,,,,
779.069,143.43,163.4202590636,,96.978048706,,96.978048706,106.503488476,,,,,1.19826420479462,,753.4802304
779.072,,,,,,,,,,,,,,
779.1389999999999,,,,,,,,,,,,,,
779.209,,,,,,,,,,,,,,
779.221,143.36,163.4474746058,,96.8056836054,,96.8056836054,106.503488476,,,,,1.19826420479462,,753.6051984000001
779.2760000000001,,,,,,,,,,,,,,
779.3430000000001,,,,,,,,,,,,,,
779.3739999999999,143.43,163.4701542243,3125.0,96.7421806736,,96.7421806736,106.503488476,,,,,1.19826420479462,,753.7301664
779.413,,,,,,,,,,,,,,
779.477,,,,,,,,,,,,,,
779.5260000000001,143.7,163.4928338428,,96.6559981233,,96.6559981233,106.503488476,,,,,1.19826420479462,,753.8551344
779.544,,,,,,,,,,,,,,
779.62,,,,,,,,,,,,,,
779.678,143.5,163.520049385,,96.7195010551,,96.7195010551,106.503488476,,,,,1.19826420479462,,753.9797976
779.688,,,,,,,,,,,,,,
779.755,,,,,,,,,,,,,,
779.825,,,,,,,,,,,,,,
779.831,143.0,163.5427290035,3085.94,96.7195010551,,96.7195010551,106.503488476,,,,,1.19826420479462,,754.1047656000001
779.8919999999999,,,,,,,,,,,,,,
779.9830000000001,143.0,163.565408622,,96.5924951915,,96.5924951915,106.503488476,,,,,1.19826420479462,,754.2297336
780.0010000000001,,,,,1.21000003814697,,,,751.130004882813,751.130004882813,1.22000002861023,,1.30523672343743,
780.0260000000001,,,,,,,,,,,,,,
780.0930000000001,,,,,,,,,,,,,,
780.1360000000001,143.74,163.5926241642,,96.6423903522,,96.6423903522,106.503488476,,,,,1.19826420479462,,754.3543967999999
780.163,,,,,,,,,,,,,,
780.2330000000001,,,,,,,,,,,,,,
780.288,143.0,163.6153037827,,96.7875399106,,96.7875399106,106.503488476,,,,,1.19826420479462,,754.47906
780.3,,,,,,,,,,,,,,
780.367,,,,,,,,,,,,,,
780.44,143.68,163.63798340120002,3125.0,96.8238273002,,96.8238273002,106.503488476,,,,,1.19826420479462,,754.604028
780.5039999999999,,,,,,,,,,,,,,
780.568,,,,,,,,,,,,,,
780.5930000000001,143.91,163.6651989434,,96.8328991476,,96.8328991476,106.503488476,,,,,1.19826420479462,,754.7286912000001
780.6389999999999,,,,,,,,,,,,,,
780.709,,,,,,,,,,,,,,
780.745,143.27,163.6878785619,,96.841970995,,96.841970995,106.503488476,,,,,1.19826420479462,,754.8533544
780.7760000000001,,,,,,,,,,,,,,
780.8430000000001,,,,,,,,,,,,,,
780.898,143.18,163.7150941041,3125.0,97.0188720193,,97.0188720193,106.503488476,,,,,1.19826420479462,,754.9780176
780.916,,,,,,,,,,,,,,
780.995,,,,,,,,,,,,,,
781.0010000000001,,,,,1.21000003814697,,,,751.9099731445309,751.9099731445309,1.22000002861023,,1.13188501099266,
781.05,144.0,163.7377737226,,97.1912371199,,97.1912371199,106.503488476,,,,,1.19826420479462,,755.1026807999999
781.056,,,,,,,,,,,,,,
781.132,,,,,,,,,,,,,,
781.202,143.59,163.7604533411,,96.9417613164,,96.9417613164,106.503488476,,,,,1.19826420479462,,755.227344
781.2760000000001,,,,,,,,,,,,,,
781.3430000000001,,,,,,,,,,,,,,
781.355,143.43,163.7876688833,3085.94,97.0596953326,,97.0596953326,106.503488476,,,,,1.19826420479462,,755.3520072000001
781.413,,,,,,,,,,,,,,
781.507,143.32,163.8103485018,,97.1005186459,,97.1005186459,106.503488476,,,,,1.19826420479462,,755.4766704
781.553,,,,,,,,,,,,,,
781.623,,,,,,,,,,,,,,
781.66,143.5,163.8330281203,,97.1640215777,,97.1640215777,106.503488476,,,,,1.19826420479462,,755.6010288
781.699,,,,,,,,,,,,,,
781.7689999999999,,,,,,,,,,,,,,
781.812,143.64,163.8602436625,,97.25927597540002,,97.25927597540002,106.503488476,,,,,1.19826420479462,,755.725692
781.842,,,,,,,,,,,,,,
781.91,,,,,,,,,,,,,,
781.9639999999999,143.19,163.88292328100002,3125.0,97.5087517789,,97.5087517789,106.503488476,,,,,1.19826420479462,,755.8503552
781.98,,,,,,,,,,,,,,
782.0010000000001,,,,,1.21000003814697,,,,752.6599731445309,752.6599731445309,1.22000002861023,,1.3460254546171102,
782.05,,,,,,,,,,,,,,
782.117,143.55,163.9101388232,,97.1095904933,,97.1095904933,106.503488476,,,,,1.19826420479462,,755.9747136
782.12,,,,,,,,,,,,,,
782.193,,,,,,,,,,,,,,
782.263,,,,,,,,,,,,,,
782.2689999999999,143.71,163.9328184417,,97.1957730436,,97.1957730436,106.503488476,,,,,1.19826420479462,,756.099072
782.3480000000001,,,,,,,,,,,,,,
782.422,143.0,163.9554980602,3125.0,97.2728837465,,97.2728837465,106.503488476,,,,,1.19826420479462,,756.2237352000001
782.574,143.0,163.9827136024,,97.3953536864,,97.3953536864,106.503488476,,,,,1.19826420479462,,756.3480936000001
782.635,,,,,,,,,,,,,,
782.702,,,,,,,,,,,,,,
782.7260000000001,143.45,164.0053932209,,97.1458778829,,97.1458778829,106.503488476,,,,,1.19826420479462,,756.472452
782.775,,,,,,,,,,,,,,
782.8480000000001,,,,,,,,,,,,,,
782.8789999999999,144.0,164.0280728394,,97.0914467985,,97.0914467985,106.503488476,,,,,1.19826420479462,,756.5968104
782.928,,,,,,,,,,,,,,
782.998,,,,,,,,,,,,,,
783.0010000000001,,,,,1.21000003814697,,,,753.4400024414059,753.4400024414059,1.22000002861023,,1.8864750183211,
783.0310000000001,143.67,164.0552883816,3164.06,97.2819555939,,97.2819555939,106.503488476,,,,,1.19826420479462,,756.7211687999999
783.071,,,,,,,,,,,,,,
783.1439999999999,,,,,,,,,,,,,,
783.184,143.48,164.0779680001,,97.0551594089,,97.0551594089,106.503488476,,,,,1.19826420479462,,756.8455272000001
783.217,,,,,,,,,,,,,,
783.293,,,,,,,,,,,,,,
783.336,143.29,164.10518354229998,,97.0098001719,,97.0098001719,106.503488476,,,,,1.19826420479462,,756.9698856000001
783.3660000000001,,,,,,,,,,,,,,
783.452,,,,,,,,,,,,,,
783.488,143.72,164.1278631608,3125.0,96.9100098505,,96.9100098505,106.503488476,,,,,1.19826420479462,,757.094244
783.528,,,,,,,,,,,,,,
783.6410000000001,143.67,164.1505427793,,96.9599050112,,96.9599050112,106.503488476,,,,,1.19826420479462,,757.2182976
783.671,,,,,,,,,,,,,,
783.7439999999999,,,,,,,,,,,,,,
783.793,143.38,164.1777583215,,97.2003089673,,97.2003089673,106.503488476,,,,,1.19826420479462,,757.3426559999999
783.815,,,,,,,,,,,,,,
783.888,,,,,,,,,,,,,,
783.946,143.32,164.20043794,,97.4044255338,,97.4044255338,106.503488476,,,,,1.19826420479462,,757.4670143999999
783.9639999999999,,,,,,,,,,,,,,
784.0,,,,,1.21000003814697,,,,754.2000122070309,754.2000122070309,1.22000002861023,,6.454803550352111,
784.0310000000001,,,,,,,,,,,,,,
784.0980000000001,143.0,164.2231175585,3125.0,97.5994702529,,97.5994702529,106.503488476,,,,,1.19826420479462,,757.591068
784.11,,,,,,,,,,,,,,
784.18,,,,,,,,,,,,,,
784.25,143.19,164.2503331007,,97.5813265581,,97.5813265581,106.503488476,,,,,1.19826420479462,,757.7151216
784.2560000000001,,,,,,,,,,,,,,
784.33,,,,,,,,,,,,,,
784.4,,,,,,,,,,,,,,
784.403,143.67,164.2730127192,,97.1277341881,,97.1277341881,106.503488476,,,,,1.19826420479462,,757.83948
784.47,,,,,,,,,,,,,,
784.549,,,,,,,,,,,,,,
784.555,143.18,164.29569233770002,3125.0,97.431641076,,97.431641076,106.503488476,,,,,1.19826420479462,,757.9635336
784.6160000000001,,,,,,,,,,,,,,
784.7080000000001,144.0,164.3229078799,,97.6675091084,,97.6675091084,106.503488476,,,,,1.19826420479462,,758.0875872
784.7589999999999,,,,,,,,,,,,,,
784.8389999999999,,,,,,,,,,,,,,
784.86,143.68,164.3455874984,,97.4180333049,,97.4180333049,106.503488476,,,,,1.19826420479462,,758.2116407999999
784.909,,,,,,,,,,,,,,
784.982,,,,,,,,,,,,,,
785.0,,,,,1.21000003814697,,,,754.9500122070309,754.9500122070309,1.22000002861023,,6.668943993976559,
785.012,143.14,164.3728030406,,97.2365963569,,97.2365963569,106.503488476,,,,,1.19826420479462,,758.3356944
785.049,,,,,,,,,,,,,,
785.1189999999999,,,,,,,,,,,,,,
785.165,143.68,164.3954826591,3125.0,97.2320604332,,97.2320604332,106.503488476,,,,,1.19826420479462,,758.459748
785.189,,,,,,,,,,,,,,
785.2589999999999,,,,,,,,,,,,,,
785.317,143.38,164.4181622776,,97.3182429835,,97.3182429835,106.503488476,,,,,1.19826420479462,,758.5838016
785.342,,,,,,,,,,,,,,
785.418,,,,,,,,,,,,,,
785.47,143.53,164.4453778198,,96.8964020794,,96.8964020794,106.503488476,,,,,1.19826420479462,,758.7078552
785.4939999999999,,,,,,,,,,,,,,
785.576,,,,,,,,,,,,,,
785.622,143.0,164.4680574383,,97.0914467985,,97.0914467985,106.503488476,,,,,1.19826420479462,,758.831604
785.6560000000001,,,,,,,,,,,,,,
785.7739999999999,143.43,164.4907370568,3164.06,96.8374350713,,96.8374350713,106.503488476,,,,,1.19826420479462,,758.9556576
785.802,,,,,,,,,,,,,,
785.872,,,,,,,,,,,,,,
785.927,143.29,164.51795259899998,,97.0914467985,,97.0914467985,106.503488476,,,,,1.19826420479462,,759.0794063999999
785.942,,,,,,,,,,,,,,
786.0,,,,,1.21000003814697,,,,755.7100219726559,755.7100219726559,1.22000002861023,,6.9136761379353295,
786.012,,,,,,,,,,,,,,
786.079,143.55,164.5406322175,,97.1050545696,,97.1050545696,106.503488476,,,,,1.19826420479462,,759.20346
786.082,,,,,,,,,,,,,,
786.155,,,,,,,,,,,,,,
786.2260000000001,,,,,,,,,,,,,,
786.232,143.64,164.5678477597,3125.0,97.3000992887,,97.3000992887,106.503488476,,,,,1.19826420479462,,759.3272088
786.296,,,,,,,,,,,,,,
786.36,,,,,,,,,,,,,,
786.3839999999999,143.23,164.5905273782,,97.1413419592,,97.1413419592,106.503488476,,,,,1.19826420479462,,759.4509576
786.436,,,,,,,,,,,,,,
786.5060000000001,,,,,,,,,,,,,,
786.5360000000001,143.55,164.6132069967,,96.9644409349,,96.9644409349,106.503488476,,,,,1.19826420479462,,759.5750112000001
786.576,,,,,,,,,,,,,,
786.6460000000001,,,,,,,,,,,,,,
786.689,143.86,164.6404225389,3125.0,96.8374350713,,96.8374350713,106.503488476,,,,,1.19826420479462,,759.69876
786.7130000000001,,,,,,,,,,,,,,
786.841,143.32,164.6631021574,,96.932689469,,96.932689469,106.503488476,,,,,1.19826420479462,,759.8225087999999
786.8560000000001,,,,,,,,,,,,,,
786.927,,,,,,,,,,,,,,
786.9939999999999,143.68,164.6857817759,,97.0778390274,,97.0778390274,106.503488476,,,,,1.19826420479462,,759.9462576000001
786.997,,,,,,,,,,,,,,
787.0,,,,,1.21000003814697,,,,756.4600219726559,756.4600219726559,1.22000002861023,,7.32156223413564,
787.073,,,,,,,,,,,,,,
787.1460000000001,143.0,164.7129973181,,96.7285729025,,96.7285729025,106.503488476,,,,,1.19826420479462,,760.0700063999999
787.1519999999999,,,,,,,,,,,,,,
787.216,,,,,,,,,,,,,,
787.2860000000001,,,,,,,,,,,,,,
787.298,143.0,164.7356769366,3164.06,96.5607437256,,96.5607437256,106.503488476,,,,,1.19826420479462,,760.1934504
787.3530000000001,,,,,,,,,,,,,,
787.423,,,,,,,,,,,,,,
787.451,143.43,164.7583565551,,96.887330232,,96.887330232,106.503488476,,,,,1.19826420479462,,760.3171992
787.493,,,,,,,,,,,,,,
787.564,,,,,,,,,,,,,,
787.6030000000001,143.36,164.7855720973,,96.5516718782,,96.5516718782,106.503488476,,,,,1.19826420479462,,760.440948
787.6310000000001,,,,,,,,,,,,,,
787.695,,,,,,,,,,,,,,
787.7560000000001,143.25,164.8082517158,3125.0,96.8918661557,,96.8918661557,106.503488476,,,,,1.19826420479462,,760.564392
787.762,,,,,,,,,,,,,,
787.8960000000001,,,,,,,,,,,,,,
787.908,143.55,164.835467258,,96.7149651314,,96.7149651314,106.503488476,,,,,1.19826420479462,,760.6881407999999
787.9630000000001,,,,,,,,,,,,,,
787.9989999999999,,,,,1.22000002861023,,,,757.2100219726559,757.2100219726559,1.22000002861023,,7.0666331808911504,
788.03,,,,,,,,,,,,,,
788.06,143.17,164.8581468765,,96.978048706,,96.978048706,106.503488476,,,,,1.19826420479462,,760.8115847999999
788.1,,,,,,,,,,,,,,
788.173,,,,,,,,,,,,,,
788.2130000000001,143.45,164.880826495,,96.8782583846,,96.8782583846,106.503488476,,,,,1.19826420479462,,760.9353336
788.24,,,,,,,,,,,,,,
788.365,143.82,164.9080420372,3125.0,97.1005186459,,97.1005186459,106.503488476,,,,,1.19826420479462,,761.0587776000001
788.38,,,,,,,,,,,,,,
788.454,,,,,,,,,,,,,,
788.518,143.48,164.93072165569998,,96.8737224609,,96.8737224609,106.503488476,,,,,1.19826420479462,,761.1822216
788.53,,,,,,,,,,,,,,
788.5939999999999,,,,,,,,,,,,,,
788.664,,,,,,,,,,,,,,
788.67,143.55,164.9534012742,,96.9100098505,,96.9100098505,106.503488476,,,,,1.19826420479462,,761.3056656
788.7339999999999,,,,,,,,,,,,,,
788.804,,,,,,,,,,,,,,
788.822,143.41,164.9806168164,3125.0,96.8555787661,,96.8555787661,106.503488476,,,,,1.19826420479462,,761.4291096
788.8710000000001,,,,,,,,,,,,,,
788.941,,,,,,,,,,,,,,
788.975,143.45,165.0032964349,,96.9961924008,,96.9961924008,106.503488476,,,,,1.19826420479462,,761.5525536
788.9989999999999,,,,,1.0,,,,757.9500122070309,757.9500122070309,1.22000002861023,,7.04623887608114,
789.008,,,,,,,,,,,,,,
789.085,,,,,,,,,,,,,,
789.127,144.0,165.0305119771,,96.9553690875,,96.9553690875,106.503488476,,,,,1.19826420479462,,761.6759976
789.155,,,,,,,,,,,,,,
789.222,,,,,,,,,,,,,,
789.28,143.18,165.0531915956,3125.0,96.8691865372,,96.8691865372,106.503488476,,,,,1.19826420479462,,761.7994416
789.289,,,,,,,,,,,,,,
789.423,,,,,,,,,,,,,,
789.432,143.65,165.0758712141,,96.751252521,,96.751252521,106.503488476,,,,,1.19826420479462,,761.9228856000001
789.487,,,,,,,,,,,,,,
789.554,,,,,,,,,,,,,,
789.584,144.0,165.1030867563,,96.7149651314,,96.7149651314,106.503488476,,,,,1.19826420479462,,762.0460247999999
789.6210000000001,,,,,,,,,,,,,,
789.694,,,,,,,,,,,,,,
789.737,144.0,165.1257663748,,96.5788874204,,96.5788874204,106.503488476,,,,,1.19826420479462,,762.1694687999999
789.755,,,,,,,,,,,,,,
789.822,,,,,,,,,,,,,,
789.8889999999999,143.46,165.1484459933,3125.0,96.5652796493,,96.5652796493,106.503488476,,,,,1.19826420479462,,762.292608
789.953,,,,,,,,,,,,,,
789.9989999999999,,,,,1.02999997138977,,,,758.719970703125,758.719970703125,1.22000002861023,,7.05643627160544,
790.02,,,,,,,,,,,,,,
790.0419999999999,143.26,165.17566153549998,,96.6378544285,,96.6378544285,106.503488476,,,,,1.19826420479462,,762.4160519999999
790.087,,,,,,,,,,,,,,
790.154,,,,,,,,,,,,,,
790.194,143.82,165.198341154,,96.7467165973,,96.7467165973,106.503488476,,,,,1.19826420479462,,762.5391912
790.2180000000001,,,,,,,,,,,,,,
790.285,,,,,,,,,,,,,,
790.346,143.33,165.2210207725,3125.0,96.7285729025,,96.7285729025,106.503488476,,,,,1.19826420479462,,762.6623304
790.4169999999999,,,,,,,,,,,,,,
790.4839999999999,,,,,,,,,,,,,,
790.4989999999999,143.0,165.2482363147,,96.6061029626,,96.6061029626,106.503488476,,,,,1.19826420479462,,762.7854696
790.557,,,,,,,,,,,,,,
790.6239999999999,,,,,,,,,,,,,,
790.6510000000001,143.43,165.2709159332,,96.6968214366,,96.6968214366,106.503488476,,,,,1.19826420479462,,762.9089136
790.691,,,,,,,,,,,,,,
790.755,,,,,,,,,,,,,,
790.804,143.26,165.2981314754,3125.0,96.4382737857,,96.4382737857,106.503488476,,,,,1.19826420479462,,763.0320528
790.819,,,,,,,,,,,,,,
790.8860000000001,,,,,,,,,,,,,,
790.953,,,,,,,,,,,,,,
790.956,143.87,165.3208110939,,96.6061029626,,96.6061029626,106.503488476,,,,,1.19826420479462,,763.1548872000001
790.9989999999999,,,,,1.21000003814697,,,,759.469970703125,759.469970703125,1.22000002861023,,6.65874708469085,
791.0260000000001,,,,,,,,,,,,,,
791.0930000000001,,,,,,,,,,,,,,
791.1080000000001,143.65,165.34349071239998,,96.7104292077,,96.7104292077,106.503488476,,,,,1.19826420479462,,763.2780263999999
791.163,,,,,,,,,,,,,,
791.227,,,,,,,,,,,,,,
791.2610000000001,143.48,165.37070625459998,3125.0,96.84650691870002,,96.84650691870002,106.503488476,,,,,1.19826420479462,,763.4011656
791.294,,,,,,,,,,,,,,
791.413,143.57,165.3933858731,,96.5834233441,,96.5834233441,106.503488476,,,,,1.19826420479462,,763.5243048
791.425,,,,,,,,,,,,,,
791.4889999999999,,,,,,,,,,,,,,
791.553,,,,,,,,,,,,,,
791.566,143.65,165.4160654916,,96.5516718782,,96.5516718782,106.503488476,,,,,1.19826420479462,,763.6471392000001
791.62,,,,,,,,,,,,,,
791.684,,,,,,,,,,,,,,
791.7180000000001,144.0,165.4432810338,,96.4428097094,,96.4428097094,106.503488476,,,,,1.19826420479462,,763.7702784
791.748,,,,,,,,,,,,,,
791.87,143.71,165.4659606523,3164.06,96.5788874204,,96.5788874204,106.503488476,,,,,1.19826420479462,,763.8931127999999
791.8860000000001,,,,,,,,,,,,,,
791.95,,,,,,,,,,,,,,
792.0010000000001,,,,,1.21000003814697,,,,760.219970703125,760.219970703125,1.23000001907349,,7.21959071008556,
792.0169999999999,,,,,,,,,,,,,,
792.023,143.13,165.4931761945,,96.5743514967,,96.5743514967,106.503488476,,,,,1.19826420479462,,764.016252
792.081,,,,,,,,,,,,,,
792.145,,,,,,,,,,,,,,
792.175,143.65,165.515855813,,96.4473456331,,96.4473456331,106.503488476,,,,,1.19826420479462,,764.1390864
792.212,,,,,,,,,,,,,,
792.273,,,,,,,,,,,,,,
792.328,143.96,165.5385354315,3085.94,96.4745611753,,96.4745611753,106.503488476,,,,,1.19826420479462,,764.2619208
792.3430000000001,,,,,,,,,,,,,,
792.4069999999999,,,,,,,,,,,,,,
792.471,,,,,,,,,,,,,,
792.48,143.67,165.5657509737,,96.5471359545,,96.5471359545,106.503488476,,,,,1.19826420479462,,764.3847552
792.538,,,,,,,,,,,,,,
792.602,,,,,,,,,,,,,,
792.632,144.0,165.58843059219998,,96.5108485649,,96.5108485649,106.503488476,,,,,1.19826420479462,,764.5075896000001
792.663,,,,,,,,,,,,,,
792.727,,,,,,,,,,,,,,
792.785,143.67,165.6111102107,3125.0,96.6469262759,,96.6469262759,106.503488476,,,,,1.19826420479462,,764.6304240000001
792.791,,,,,,,,,,,,,,
792.852,,,,,,,,,,,,,,
792.925,,,,,,,,,,,,,,
792.937,143.13,165.63832575290002,,96.8056836054,,96.8056836054,106.503488476,,,,,1.19826420479462,,764.7532583999999
792.998,,,,,,,,,,,,,,
793.0010000000001,,,,,1.21000003814697,,,,760.969970703125,760.969970703125,1.22000002861023,,6.862690132790999,
793.08,,,,,,,,,,,,,,
793.09,143.1,165.6610053714,,96.3747708539,,96.3747708539,106.503488476,,,,,1.19826420479462,,764.8760927999999
793.1569999999999,,,,,,,,,,,,,,
793.2330000000001,,,,,,,,,,,,,,
793.242,143.62,165.68822091360002,3125.0,96.3294116169,,96.3294116169,106.503488476,,,,,1.19826420479462,,764.9989272
793.306,,,,,,,,,,,,,,
793.3789999999999,,,,,,,,,,,,,,
793.3939999999999,143.65,165.7109005321,,96.3520912354,,96.3520912354,106.503488476,,,,,1.19826420479462,,765.1214568
793.455,,,,,,,,,,,,,,
793.5319999999999,,,,,,,,,,,,,,
793.547,143.52,165.7335801506,,96.6197107337,,96.6197107337,106.503488476,,,,,1.19826420479462,,765.2442912
793.605,,,,,,,,,,,,,,
793.678,,,,,,,,,,,,,,
793.699,143.85,165.7607956928,,96.6968214366,,96.6968214366,106.503488476,,,,,1.19826420479462,,765.3671256
793.7539999999999,,,,,,,,,,,,,,
793.8330000000001,,,,,,,,,,,,,,
793.852,143.25,165.78347531129998,3125.0,96.8691865372,,96.8691865372,106.503488476,,,,,1.19826420479462,,765.4896552
793.919,,,,,,,,,,,,,,
793.995,,,,,,,,,,,,,,
794.0010000000001,,,,,1.13999998569489,,,,766.1900024414059,766.1900024414059,1.22000002861023,,6.38342372663635,
794.0039999999999,143.5,165.8106908535,,96.9644409349,,96.9644409349,106.503488476,,,,,1.19826420479462,,765.6121847999999
794.074,,,,,,,,,,,,,,
794.15,,,,,,,,,,,,,,
794.1560000000001,143.58,165.833370472,,96.8964020794,,96.8964020794,106.503488476,,,,,1.19826420479462,,765.7350192000001
794.227,,,,,,,,,,,,,,
794.303,,,,,,,,,,,,,,
794.309,143.45,165.8560500905,,96.8964020794,,96.8964020794,106.503488476,,,,,1.19826420479462,,765.8575488
794.3789999999999,,,,,,,,,,,,,,
794.461,143.19,165.88326563270002,3125.0,96.8646506135,,96.8646506135,106.503488476,,,,,1.19826420479462,,765.9800784
794.525,,,,,,,,,,,,,,
794.5980000000001,,,,,,,,,,,,,,
794.6139999999999,143.6,165.9059452512,,97.0324797904,,97.0324797904,106.503488476,,,,,1.19826420479462,,766.102608
794.672,,,,,,,,,,,,,,
794.7539999999999,,,,,,,,,,,,,,
794.7660000000001,144.0,165.9286248697,,96.9281535453,,96.9281535453,106.503488476,,,,,1.19826420479462,,766.2251376
794.827,,,,,,,,,,,,,,
794.9,,,,,,,,,,,,,,
794.918,143.52,165.9558404119,3125.0,96.7331088262,,96.7331088262,106.503488476,,,,,1.19826420479462,,766.3476672
794.97,,,,,,,,,,,,,,
795.0010000000001,,,,,1.21000003814697,,,,767.0499877929691,767.0499877929691,1.23000001907349,,7.4133368488999904,
795.04,,,,,,,,,,,,,,
795.071,143.68,165.9785200304,,96.6922855129,,96.6922855129,106.503488476,,,,,1.19826420479462,,766.469892
795.11,,,,,,,,,,,,,,
795.174,,,,,,,,,,,,,,
795.2230000000001,143.43,166.0057355726,,96.7421806736,,96.7421806736,106.503488476,,,,,1.19826420479462,,766.5924216
795.2410000000001,,,,,,,,,,,,,,
795.309,,,,,,,,,,,,,,
795.373,,,,,,,,,,,,,,
795.3760000000001,143.35,166.0284151911,,96.7240369788,,96.7240369788,106.503488476,,,,,1.19826420479462,,766.7149512
795.446,,,,,,,,,,,,,,
795.507,,,,,,,,,,,,,,
795.528,31.41,166.0556307333,3105.47,71.9669654242,,71.9669654242,106.5352399419,,,,,1.19826420479462,,766.837176
795.607,,,,,,,,,,,,,,
795.674,,,,,,,,,,,,,,
795.68,143.02,166.0828462755,,101.3098558395,,101.3098558395,107.4288169108,,,,,1.19826420479462,,766.9597056
795.711,,,,,,,,,,,,,,
795.802,,,,,,,,,,,,,,
795.8330000000001,143.89,166.10098997030002,,100.0579408983,,100.0579408983,107.4288169108,,,,,1.19826420479462,,767.0819303999999
795.8689999999999,,,,,,,,,,,,,,
795.927,,,,,,,,,,,,,,
795.985,143.5,166.1236695888,,97.4180333049,,97.4180333049,107.4288169108,,,,,1.19826420479462,,767.2041552000001
796.0,,,,,1.21000003814697,,,,767.859985351563,767.859985351563,1.23000001907349,,7.9945752653433,
796.064,,,,,,,,,,,,,,
796.138,143.32,166.150885131,3125.0,96.6968214366,,96.6968214366,107.4288169108,,,,,1.19826420479462,,767.3266848
796.18,,,,,,,,,,,,,,
796.238,,,,,,,,,,,,,,
796.29,143.0,166.1735647495,,96.4745611753,,96.4745611753,107.4288169108,,,,,1.19826420479462,,767.4489096
796.296,,,,,,,,,,,,,,
796.3510000000001,,,,,,,,,,,,,,
796.4060000000001,,,,,,,,,,,,,,
796.442,143.0,166.2007802917,,96.3656990065,,96.3656990065,107.4288169108,,,,,1.19826420479462,,767.5711344
796.461,,,,,,,,,,,,,,
796.5160000000001,,,,,,,,,,,,,,
796.595,143.29,166.2234599102,3125.0,96.6559981233,,96.6559981233,107.4288169108,,,,,1.19826420479462,,767.6933592
796.622,,,,,,,,,,,,,,
796.677,,,,,,,,,,,,,,
796.735,,,,,,,,,,,,,,
796.747,143.36,166.2461395287,,96.8964020794,,96.8964020794,107.4288169108,,,,,1.19826420479462,,767.815584
796.793,,,,,,,,,,,,,,
796.857,,,,,,,,,,,,,,
796.9,143.58,166.2733550709,3125.0,97.9940956148,,97.9940956148,107.4288169108,,,,,1.19826420479462,,767.9378088
796.918,,,,,,,,,,,,,,
797.0,,,,,1.20000004768372,,,,768.7100219726559,768.7100219726559,1.23000001907349,,7.01564766198541,
797.034,,,,,,,,,,,,,,
797.052,143.12,166.29603468940002,,98.3116102738,,98.3116102738,107.4288169108,,,,,1.19826420479462,,768.0597288
797.095,,,,,,,,,,,,,,
797.1560000000001,,,,,,,,,,,,,,
797.204,143.36,166.3232502316,,98.7107715594,,98.7107715594,107.4288169108,,,,,1.19826420479462,,768.1819536
797.22,,,,,,,,,,,,,,
797.2810000000001,,,,,,,,,,,,,,
797.342,,,,,,,,,,,,,,
797.357,143.72,166.3459298501,3125.0,98.792418186,,98.792418186,107.4288169108,,,,,1.19826420479462,,768.3041784
797.403,,,,,,,,,,,,,,
797.5089999999999,143.67,166.3686094686,,98.9602473629,,98.9602473629,107.4288169108,,,,,1.19826420479462,,768.4260984
797.54,,,,,,,,,,,,,,
797.6010000000001,,,,,,,,,,,,,,
797.6619999999999,143.88,166.3958250108,,99.1235406161,,99.1235406161,107.4288169108,,,,,1.19826420479462,,768.5483232
797.7260000000001,,,,,,,,,,,,,,
797.79,,,,,,,,,,,,,,
797.814,143.75,166.4185046293,,99.3412649537,,99.3412649537,107.4288169108,,,,,1.19826420479462,,768.6702432
797.857,,,,,,,,,,,,,,
797.966,143.29,166.4457201715,3125.0,99.4637348936,,99.4637348936,107.4288169108,,,,,1.19826420479462,,768.7921632
797.982,,,,,,,,,,,,,,
798.0,,,,,1.20000004768372,,,,769.530029296875,769.530029296875,1.23000001907349,,7.17880210046553,
798.043,,,,,,,,,,,,,,
798.107,,,,,,,,,,,,,,
798.1189999999999,143.83,166.46839979,,99.4183756566,,99.4183756566,107.4288169108,,,,,1.19826420479462,,768.9140832
798.168,,,,,,,,,,,,,,
798.232,,,,,,,,,,,,,,
798.2710000000001,143.56,166.4910794085,,99.2278668612,,99.2278668612,107.4288169108,,,,,1.19826420479462,,769.0360032000001
798.296,,,,,,,,,,,,,,
798.424,143.0,166.5182949507,3125.0,99.2732260982,,99.2732260982,107.4288169108,,,,,1.19826420479462,,769.1579232
798.488,,,,,,,,,,,,,,
798.555,,,,,,,,,,,,,,
798.576,143.0,166.5409745692,,99.4093038092,,99.4093038092,107.4288169108,,,,,1.19826420479462,,769.2798432
798.625,,,,,,,,,,,,,,
798.692,,,,,,,,,,,,,,
798.7280000000001,143.43,166.5681901114,,99.4229115803,,99.4229115803,107.4288169108,,,,,1.19826420479462,,769.4017632
798.7560000000001,,,,,,,,,,,,,,
798.823,,,,,,,,,,,,,,
798.8810000000001,143.35,166.5908697299,3125.0,99.2596183271,,99.2596183271,107.4288169108,,,,,1.19826420479462,,769.5236832
798.89,,,,,,,,,,,,,,
798.951,,,,,,,,,,,,,,
799.0,,,,,1.20000004768372,,,,770.369995117188,770.369995117188,1.23000001907349,,6.83209843245669,
799.012,,,,,,,,,,,,,,
799.033,143.8,166.6135493484,,98.8150978045,,98.8150978045,107.4288169108,,,,,1.19826420479462,,769.6456032000001
799.082,,,,,,,,,,,,,,
799.1460000000001,,,,,,,,,,,,,,
799.186,144.0,166.6407648906,,98.4522239085,,98.4522239085,107.4288169108,,,,,1.19826420479462,,769.7672183999999
799.2130000000001,,,,,,,,,,,,,,
799.2739999999999,,,,,,,,,,,,,,
799.3380000000001,143.58,166.6634445091,3125.0,98.5474783062,,98.5474783062,107.4288169108,,,,,1.19826420479462,,769.8891384
799.3989999999999,,,,,,,,,,,,,,
799.4630000000001,,,,,,,,,,,,,,
799.49,143.46,166.6906600513,,99.0555017606,,99.0555017606,107.4288169108,,,,,1.19826420479462,,770.0107536
799.5269999999999,,,,,,,,,,,,,,
799.5939999999999,,,,,,,,,,,,,,
799.643,143.26,166.7133396698,,99.3276571826,,99.3276571826,107.4288169108,,,,,1.19826420479462,,770.1326736000001
799.658,,,,,,,,,,,,,,
799.722,,,,,,,,,,,,,,
799.7860000000001,,,,,,,,,,,,,,
799.795,143.38,166.7360192883,3125.0,99.2278668612,,99.2278668612,107.4288169108,,,,,1.19826420479462,,770.2542887999999
799.85,,,,,,,,,,,,,,
799.914,,,,,,,,,,,,,,
799.948,143.0,166.76323483049998,,99.3775523433,,99.3775523433,107.4288169108,,,,,1.19826420479462,,770.375904
799.9780000000001,,,,,,,,,,,,,,
799.9989999999999,,,,,1.20000004768372,,,,771.1900024414059,771.1900024414059,1.23000001907349,,11.6961452351504,
800.051,,,,,,,,,,,,,,
800.057,,,,,,,,,,,,,,
800.0939999999999,,,,,,,,,,,,,,
800.1,125.72,166.7904503727,3125.0,97.0914467985,,97.0914467985,107.4288169108,,,,,1.19826420479462,,770.4975192
800.143,,,,,,,,,,,,,,
800.252,104.0,166.8085940675,,93.0000436211,,93.0000436211,107.4288169108,,,,,1.19826420479462,,770.6191344
800.255,,,,,,,,,,,,,,
800.319,,,,,,,,,,,,,,
800.405,104.0,166.8358096097,,91.2264974544,,91.2264974544,107.4288169108,,,,,1.19826420479462,,770.7407496000001
800.447,,,,,,,,,,,,,,
800.515,,,,,,,,,,,,,,
800.557,104.0,166.8584892282,,90.79558470290002,,90.79558470290002,107.4288169108,,,,,1.19826420479462,,770.8623647999999
800.579,,,,,,,,,,,,,,
800.691,,,,,,,,,,,,,,
800.71,104.0,166.8857047704,3125.0,90.5279652046,,90.5279652046,107.4288169108,,,,,1.19826420479462,,770.98398
800.7489999999999,,,,,,,,,,,,,,
800.807,,,,,,,,,,,,,,
800.862,104.0,166.9083843889,,90.4553904254,,90.4553904254,107.4288169108,,,,,1.19826420479462,,771.1055952
800.865,,,,,,,,,,,,,,
800.926,,,,,,,,,,,,,,
800.9780000000001,,,,,,,,,,,,,,
800.9989999999999,,,,,1.20000004768372,,,,772.0399780273441,772.0399780273441,1.21000003814697,,15.0714053555202,
801.0139999999999,104.0,166.9310640074,,90.3147767907,,90.3147767907,107.4288169108,,,,,1.19826420479462,,771.2272104
801.0360000000001,,,,,,,,,,,,,,
801.091,,,,,,,,,,,,,,
801.1669999999999,104.0,166.95827954959998,3125.0,89.8929358866,,89.8929358866,107.4288169108,,,,,1.19826420479462,,771.3485208
801.191,,,,,,,,,,,,,,
801.2489999999999,,,,,,,,,,,,,,
801.298,,,,,,,,,,,,,,
801.319,104.0,166.9809591681,,89.65253193049999,,89.65253193049999,107.4288169108,,,,,1.19826420479462,,771.470136
801.3589999999999,,,,,,,,,,,,,,
801.4110000000001,,,,,,,,,,,,,,
801.462,,,,,,,,,,,,,,
801.472,104.0,167.0036387866,,89.7432504045,,89.7432504045,107.4288169108,,,,,1.19826420479462,,771.5914464
801.5169999999999,,,,,,,,,,,,,,
801.569,,,,,,,,,,,,,,
801.6239999999999,104.0,167.0308543288,,89.7477863282,,89.7477863282,107.4288169108,,,,,1.19826420479462,,771.7127568
801.676,,,,,,,,,,,,,,
801.7280000000001,,,,,,,,,,,,,,
801.7760000000001,104.0,167.0535339473,3125.0,89.80675333629999,,89.80675333629999,107.4288169108,,,,,1.19826420479462,,771.834372
801.789,,,,,,,,,,,,,,
801.837,,,,,,,,,,,,,,
801.8919999999999,,,,,,,,,,,,,,
801.929,104.0,167.08074948950002,,89.6162445409,,89.6162445409,107.4288169108,,,,,1.19826420479462,,771.9556824
801.944,,,,,,,,,,,,,,
801.9960000000001,,,,,,,,,,,,,,
801.9989999999999,,,,,1.20000004768372,,,,772.869995117188,772.869995117188,1.20000004768372,,12.9401983148,
802.054,,,,,,,,,,,,,,
802.081,104.0,167.103429108,,89.7069630149,,89.7069630149,107.4288169108,,,,,1.19826420479462,,772.0769928
802.1060000000001,,,,,,,,,,,,,,
802.2339999999999,104.0,167.1261087265,3125.0,89.3985202033,,89.3985202033,107.4288169108,,,,,1.19826420479462,,772.1983032
802.2610000000001,,,,,,,,,,,,,,
802.316,,,,,,,,,,,,,,
802.3860000000001,104.0,167.1533242687,,89.56181345649999,,89.56181345649999,107.4288169108,,,,,1.19826420479462,,772.3196136
802.423,,,,,,,,,,,,,,
802.477,,,,,,,,,,,,,,
802.535,,,,,,,,,,,,,,
802.538,104.0,167.17600388719998,,89.493774601,,89.493774601,107.4288169108,,,,,1.19826420479462,,772.440924
802.587,,,,,,,,,,,,,,
802.6419999999999,,,,,,,,,,,,,,
802.691,104.0,167.2032194294,3125.0,89.4892386773,,89.4892386773,107.4288169108,,,,,1.19826420479462,,772.5619296
802.7460000000001,,,,,,,,,,,,,,
802.801,,,,,,,,,,,,,,
802.8430000000001,104.0,167.2258990479,,89.7750018704,,89.7750018704,107.4288169108,,,,,1.19826420479462,,772.6832400000001
802.852,,,,,,,,,,,,,,
802.91,,,,,,,,,,,,,,
802.962,,,,,,,,,,,,,,
802.9960000000001,104.0,167.2485786664,,89.69335524379999,,89.69335524379999,107.4288169108,,,,,1.19826420479462,,772.8045503999999
802.9989999999999,,,,,1.20000004768372,,,,773.6900024414059,773.6900024414059,1.20000004768372,,11.0231326901814,
803.0139999999999,,,,,,,,,,,,,,
803.069,,,,,,,,,,,,,,
803.127,,,,,,,,,,,,,,
803.148,104.0,167.27579420860002,,89.6479960068,,89.6479960068,107.4288169108,,,,,1.19826420479462,,772.9255559999999
803.182,,,,,,,,,,,,,,
803.2330000000001,,,,,,,,,,,,,,
803.285,,,,,,,,,,,,,,
803.3,104.0,167.2984738271,3125.0,89.8339688785,,89.8339688785,107.4288169108,,,,,1.19826420479462,,773.0468664
803.34,,,,,,,,,,,,,,
803.395,,,,,,,,,,,,,,
803.45,,,,,,,,,,,,,,
803.453,104.0,167.3256893693,,90.06983691090001,,90.06983691090001,107.4288169108,,,,,1.19826420479462,,773.167872
803.4989999999999,,,,,,,,,,,,,,
803.55,,,,,,,,,,,,,,
803.5989999999999,,,,,,,,,,,,,,
803.605,104.0,167.3483689878,,89.69335524379999,,89.69335524379999,107.4288169108,,,,,1.19826420479462,,773.2888776000001
803.648,,,,,,,,,,,,,,
803.745,,,,,,,,,,,,,,
803.758,104.0,167.37104860629998,3125.0,89.493774601,,89.493774601,107.4288169108,,,,,1.19826420479462,,773.4098832000001
803.791,,,,,,,,,,,,,,
803.837,,,,,,,,,,,,,,
803.8860000000001,,,,,,,,,,,,,,
803.91,104.0,167.3982641485,,90.2331301641,,90.2331301641,107.4288169108,,,,,1.19826420479462,,773.5311936
803.937,,,,,,,,,,,,,,
803.9889999999999,,,,,,,,,,,,,,
804.0010000000001,,,,,1.20000004768372,,,,774.52001953125,774.52001953125,1.20000004768372,,10.5642596163596,
804.047,,,,,,,,,,,,,,
804.062,104.0,167.420943767,,90.2240583167,,90.2240583167,107.4288169108,,,,,1.19826420479462,,773.6521992
804.096,,,,,,,,,,,,,,
804.193,,,,,,,,,,,,,,
804.215,104.0,167.4481593092,3125.0,89.9700465895,,89.9700465895,107.4288169108,,,,,1.19826420479462,,773.7732047999999
804.2389999999999,,,,,,,,,,,,,,
804.285,,,,,,,,,,,,,,
804.334,,,,,,,,,,,,,,
804.367,104.0,167.47083892770002,,90.2875612485,,90.2875612485,107.4288169108,,,,,1.19826420479462,,773.8939056
804.3789999999999,,,,,,,,,,,,,,
804.428,,,,,,,,,,,,,,
804.477,,,,,,,,,,,,,,
804.52,104.0,167.49351854620002,,90.6776506867,,90.6776506867,107.4288169108,,,,,1.19826420479462,,774.0149112
804.529,,,,,,,,,,,,,,
804.581,,,,,,,,,,,,,,
804.672,104.0,167.5207340884,3125.0,90.1424116901,,90.1424116901,107.4288169108,,,,,1.19826420479462,,774.1359167999999
804.681,,,,,,,,,,,,,,
804.73,,,,,,,,,,,,,,
804.7819999999999,,,,,,,,,,,,,,
804.824,104.0,167.5434137069,,90.1015883768,,90.1015883768,107.4288169108,,,,,1.19826420479462,,774.2569223999999
804.827,,,,,,,,,,,,,,
804.87,,,,,,,,,,,,,,
804.919,,,,,,,,,,,,,,
804.965,,,,,,,,,,,,,,
804.977,104.0,167.5660933254,,90.5007496624,,90.5007496624,107.4288169108,,,,,1.19826420479462,,774.3776232000001
805.0010000000001,,,,,1.20000004768372,,,,775.3400268554691,775.3400268554691,1.20000004768372,,10.0645989053949,
805.0160000000001,,,,,,,,,,,,,,
805.1080000000001,,,,,,,,,,,,,,
805.1289999999999,104.0,167.5933088676,3085.94,90.5597166705,,90.5597166705,107.4288169108,,,,,1.19826420479462,,774.4986288
805.154,,,,,,,,,,,,,,
805.2080000000001,,,,,,,,,,,,,,
805.26,,,,,,,,,,,,,,
805.2819999999999,104.0,167.6159884861,,90.5642525942,,90.5642525942,107.4288169108,,,,,1.19826420479462,,774.6193296
805.306,,,,,,,,,,,,,,
805.355,,,,,,,,,,,,,,
805.4069999999999,,,,,,,,,,,,,,
805.434,104.0,167.6432040283,,90.8137283977,,90.8137283977,107.4288169108,,,,,1.19826420479462,,774.7400303999999
805.455,,,,,,,,,,,,,,
805.507,,,,,,,,,,,,,,
805.586,104.0,167.6658836468,3125.0,90.4689981965,,90.4689981965,107.4288169108,,,,,1.19826420479462,,774.8607312
805.6110000000001,,,,,,,,,,,,,,
805.653,,,,,,,,,,,,,,
805.699,,,,,,,,,,,,,,
805.7389999999999,104.0,167.68856326530002,,90.04262136870001,,90.04262136870001,107.4288169108,,,,,1.19826420479462,,774.9817368
805.742,,,,,,,,,,,,,,
805.794,,,,,,,,,,,,,,
805.845,,,,,,,,,,,,,,
805.8910000000001,104.0,167.7157788075,,90.038085445,,90.038085445,107.4288169108,,,,,1.19826420479462,,775.1024376
805.94,,,,,,,,,,,,,,
806.0010000000001,,,,,1.20000004768372,,,,776.1799926757809,776.1799926757809,1.20000004768372,,11.2474695568529,
806.034,,,,,,,,,,,,,,
806.044,104.0,167.738458426,3085.94,90.2285942404,,90.2285942404,107.4288169108,,,,,1.19826420479462,,775.2231383999999
806.0830000000001,,,,,,,,,,,,,,
806.132,,,,,,,,,,,,,,
806.181,,,,,,,,,,,,,,
806.196,104.0,167.7611380445,,90.0970524531,,90.0970524531,107.4288169108,,,,,1.19826420479462,,775.3435344
806.23,,,,,,,,,,,,,,
806.278,,,,,,,,,,,,,,
806.321,,,,,,,,,,,,,,
806.3480000000001,104.0,167.7883535867,,89.2624424923,,89.2624424923,107.4288169108,,,,,1.19826420479462,,775.4642352000001
806.373,,,,,,,,,,,,,,775.4837424
806.419,,,,,,,,,,,,,,775.5197088
806.5010000000001,104.0,167.8110332052,3125.0,89.49831052469999,,89.49831052469999,107.4288169108,,,,,1.19826420479462,,775.5849360000001
806.5189999999999,,,,,,,,,,,,,,
806.574,,,,,,,,,,,,,,
806.623,,,,,,,,,,,,,,
806.653,104.0,167.8382487474,,90.128803919,,90.128803919,107.4288169108,,,,,1.19826420479462,,775.7056368
806.678,,,,,,,,,,,,,,
806.7289999999999,,,,,,,,,,,,,,
806.784,,,,,,,,,,,,,,
806.806,104.0,167.8609283659,,90.2784894011,,90.2784894011,107.4288169108,,,,,1.19826420479462,,775.8260328
806.8389999999999,,,,,,,,,,,,,,
806.8939999999999,,,,,,,,,,,,,,
806.9580000000001,104.0,167.8881439081,3125.0,90.9407342613,,90.9407342613,107.4288169108,,,,,1.19826420479462,,775.9467336
807.0010000000001,,,,,1.20000004768372,,,,777.0,777.0,1.20000004768372,,9.57513558995452,
807.0039999999999,,,,,,,,,,,,,,
807.062,,,,,,,,,,,,,,
807.11,104.0,167.9108235266,,91.2673207677,,91.2673207677,107.4288169108,,,,,1.19826420479462,,776.0671296
807.174,,,,,,,,,,,,,,
807.232,,,,,,,,,,,,,,
807.263,104.0,167.9335031451,,91.5394761897,,91.5394761897,107.4288169108,,,,,1.19826420479462,,776.1875256
807.296,,,,,,,,,,,,,,
807.3510000000001,,,,,,,,,,,,,,
807.409,,,,,,,,,,,,,,
807.415,104.0,167.9607186873,,91.8433830776,,91.8433830776,107.4288169108,,,,,1.19826420479462,,776.3082264
807.467,,,,,,,,,,,,,,
807.568,104.0,167.9833983058,3085.94,91.8433830776,,91.8433830776,107.4288169108,,,,,1.19826420479462,,776.4286224
807.5830000000001,,,,,,,,,,,,,,
807.638,,,,,,,,,,,,,,
807.696,,,,,,,,,,,,,,
807.72,104.0,168.0060779243,,91.5666917319,,91.5666917319,107.4288169108,,,,,1.19826420479462,,776.5490183999999
807.7539999999999,,,,,,,,,,,,,,
807.814,,,,,,,,,,,,,,
807.8660000000001,,,,,,,,,,,,,,
807.872,104.0,168.0332934665,,91.3126800047,,91.3126800047,107.4288169108,,,,,1.19826420479462,,776.6694143999999
807.924,,,,,,,,,,,,,,
807.9789999999999,,,,,,,,,,,,,,
808.0,,,,,1.20000004768372,,,,777.8300170898441,777.8300170898441,1.20000004768372,,9.99321908167913,
808.025,104.0,168.055973085,,90.9361983376,,90.9361983376,107.4288169108,,,,,1.19826420479462,,776.7898104
808.034,,,,,,,,,,,,,,
808.0889999999999,,,,,,,,,,,,,,
808.1469999999999,,,,,,,,,,,,,,
808.177,104.0,168.0831886272,3125.0,91.0904197434,,91.0904197434,107.4288169108,,,,,1.19826420479462,,776.9102063999999
808.205,,,,,,,,,,,,,,
808.2589999999999,,,,,,,,,,,,,,
808.317,,,,,,,,,,,,,,
808.33,104.0,168.1058682457,,91.3671110891,,91.3671110891,107.4288169108,,,,,1.19826420479462,,777.0306024
808.372,,,,,,,,,,,,,,
808.43,,,,,,,,,,,,,,
808.482,104.0,168.1285478642,,91.2900003862,,91.2900003862,107.4288169108,,,,,1.19826420479462,,777.1506936000001
808.485,,,,,,,,,,,,,,
808.549,,,,,,,,,,,,,,
808.6339999999999,104.0,168.15576340639998,3085.94,91.2219615307,,91.2219615307,107.4288169108,,,,,1.19826420479462,,777.2710896000001
808.6619999999999,,,,,,,,,,,,,,
808.717,,,,,,,,,,,,,,
808.7719999999999,,,,,,,,,,,,,,
808.7869999999999,104.0,168.1784430249,,90.8772313295,,90.8772313295,107.4288169108,,,,,1.19826420479462,,777.3911807999999
808.826,,,,,,,,,,,,,,
808.8810000000001,,,,,,,,,,,,,,
808.936,,,,,,,,,,,,,,
808.939,104.0,168.2056585671,,90.4145671121,,90.4145671121,107.4288169108,,,,,1.19826420479462,,777.5115768
808.9910000000001,,,,,,,,,,,,,,
809.0,,,,,1.20000004768372,,,,778.6599731445309,778.6599731445309,1.20000004768372,,10.6662316266482,
809.046,,,,,,,,,,,,,,
809.092,104.0,168.2283381856,,90.5869322127,,90.5869322127,107.4288169108,,,,,1.19826420479462,,777.631668
809.1039999999999,,,,,,,,,,,,,,
809.1619999999999,,,,,,,,,,,,,,
809.217,,,,,,,,,,,,,,
809.2439999999999,104.0,168.2510178041,3125.0,90.6232196023,,90.6232196023,107.4288169108,,,,,1.19826420479462,,777.7517592
809.2739999999999,,,,,,,,,,,,,,
809.326,,,,,,,,,,,,,,
809.3810000000001,,,,,,,,,,,,,,
809.3960000000001,104.0,168.2782333463,,90.38281564620002,,90.38281564620002,107.4288169108,,,,,1.19826420479462,,777.8721552000001
809.433,,,,,,,,,,,,,,
809.488,,,,,,,,,,,,,,
809.54,,,,,,,,,,,,,,
809.549,104.0,168.3009129648,,90.1015883768,,90.1015883768,107.4288169108,,,,,1.19826420479462,,777.9922464
809.591,,,,,,,,,,,,,,
809.692,,,,,,,,,,,,,,
809.701,104.0,168.328128507,3125.0,89.9700465895,,89.9700465895,107.4288169108,,,,,1.19826420479462,,778.1123376
809.75,,,,,,,,,,,,,,
809.799,,,,,,,,,,,,,,
809.8510000000001,,,,,,,,,,,,,,
809.8539999999999,104.0,168.35080812549998,,90.0789087583,,90.0789087583,107.4288169108,,,,,1.19826420479462,,778.2324288
809.8989999999999,,,,,,,,,,,,,,
809.945,,,,,,,,,,,,,,
809.9939999999999,,,,,,,,,,,,,,
810.0,,,,,1.20000004768372,,,,779.47998046875,779.47998046875,1.20000004768372,,10.3093305631151,
810.0060000000001,104.0,168.373487744,,90.00633397909999,,90.00633397909999,107.4288169108,,,,,1.19826420479462,,778.35252
810.043,,,,,,,,,,,,,,
810.0939999999999,,,,,,,,,,,,,,
810.1460000000001,,,,,,,,,,,,,,
810.158,104.0,168.4007032862,3125.0,90.2512738589,,90.2512738589,107.4288169108,,,,,1.19826420479462,,778.4726112000001
810.192,,,,,,,,,,,,,,
810.247,,,,,,,,,,,,,,
810.296,,,,,,,,,,,,,,
810.311,104.0,168.4233829047,,90.2558097826,,90.2558097826,107.4288169108,,,,,1.19826420479462,,778.5927024
810.3439999999999,,,,,,,,,,,,,,
810.393,,,,,,,,,,,,,,
810.442,,,,,,,,,,,,,,
810.4630000000001,104.0,168.4460625232,,90.355600104,,90.355600104,107.4288169108,,,,,1.19826420479462,,778.7124888
810.4939999999999,,,,,,,,,,,,,,
810.5419999999999,,,,,,,,,,,,,,
810.6160000000001,104.0,168.4732780654,3085.94,90.2966330959,,90.2966330959,107.4288169108,,,,,1.19826420479462,,778.83258
810.64,,,,,,,,,,,,,,
810.689,,,,,,,,,,,,,,
810.738,,,,,,,,,,,,,,
810.768,104.0,168.4959576839,,90.1242679953,,90.1242679953,107.4288169108,,,,,1.19826420479462,,778.9526712
810.783,,,,,,,,,,,,,,
810.835,,,,,,,,,,,,,,
810.8810000000001,,,,,,,,,,,,,,
810.92,104.0,168.5231732261,,90.0290135976,,90.0290135976,107.4288169108,,,,,1.19826420479462,,779.0724576
810.926,,,,,,,,,,,,,,
810.972,,,,,,,,,,,,,,
811.0,,,,,1.20000004768372,,,,780.3200073242191,780.3200073242191,1.20000004768372,,11.0537239042771,
811.0210000000001,,,,,,,,,,,,,,
811.067,,,,,,,,,,,,,,
811.073,104.0,168.54585284459998,3125.0,89.9700465895,,89.9700465895,107.4288169108,,,,,1.19826420479462,,779.1925487999999
811.115,,,,,,,,,,,,,,
811.1669999999999,,,,,,,,,,,,,,
811.2130000000001,,,,,,,,,,,,,,
811.225,104.0,168.56853246309998,,89.8838640392,,89.8838640392,107.4288169108,,,,,1.19826420479462,,779.3123352000001
811.262,,,,,,,,,,,,,,
811.307,,,,,,,,,,,,,,
811.3530000000001,,,,,,,,,,,,,,
811.378,104.0,168.5957480053,,89.83850480219999,,89.83850480219999,107.4288169108,,,,,1.19826420479462,,779.4321216
811.4019999999999,,,,,,,,,,,,,,
811.451,,,,,,,,,,,,,,
811.53,104.0,168.6184276238,3125.0,89.62078046459999,,89.62078046459999,107.4288169108,,,,,1.19826420479462,,779.5522128
811.539,,,,,,,,,,,,,,
811.585,,,,,,,,,,,,,,
811.6239999999999,,,,,,,,,,,,,,
811.67,,,,,,,,,,,,,,
811.682,104.0,168.645643166,,89.5890289987,,89.5890289987,107.4288169108,,,,,1.19826420479462,,779.6719992000001
811.7560000000001,,,,,,,,,,,,,,
811.801,,,,,,,,,,,,,,
811.835,104.0,168.66832278450002,,89.53006199059999,,89.53006199059999,107.4288169108,,,,,1.19826420479462,,779.7917856
811.847,,,,,,,,,,,,,,
811.887,,,,,,,,,,,,,,
811.972,,,,,,,,,,,,,,
811.987,104.0,168.691002403,3125.0,89.3985202033,,89.3985202033,107.4288169108,,,,,1.19826420479462,,779.911572
811.9989999999999,,,,,1.20000004768372,,,,781.130004882812,781.130004882812,1.20000004768372,,11.329046776093,
812.015,,,,,,,,,,,,,,
812.06,,,,,,,,,,,,,,
812.1060000000001,,,,,,,,,,,,,,
812.14,104.0,168.7182179452,,89.43480759290001,,89.43480759290001,107.4288169108,,,,,1.19826420479462,,780.0313583999999
812.1489999999999,,,,,,,,,,,,,,
812.191,,,,,,,,,,,,,,
812.237,,,,,,,,,,,,,,
812.2860000000001,,,,,,,,,,,,,,
812.2919999999999,104.0,168.7408975637,,89.6797474727,,89.6797474727,107.4288169108,,,,,1.19826420479462,,780.1511448
812.332,,,,,,,,,,,,,,
812.377,,,,,,,,,,,,,,
812.423,,,,,,,,,,,,,,
812.444,104.0,168.76357718219998,3125.0,89.78407371780001,,89.78407371780001,107.4288169108,,,,,1.19826420479462,,780.2709312000001
812.466,,,,,,,,,,,,,,
812.5110000000001,,,,,,,,,,,,,,
812.557,,,,,,,,,,,,,,
812.597,104.0,168.7907927244,,89.85664849700001,,89.85664849700001,107.4288169108,,,,,1.19826420479462,,780.3904127999999
812.6,,,,,,,,,,,,,,
812.643,,,,,,,,,,,,,,
812.685,,,,,,,,,,,,,,
812.7310000000001,,,,,,,,,,,,,,
812.7489999999999,104.0,168.8134723429,3125.0,89.82489703110001,,89.82489703110001,107.4288169108,,,,,1.19826420479462,,780.5101992000001
812.7710000000001,,,,,,,,,,,,,,
812.819,,,,,,,,,,,,,,
812.865,,,,,,,,,,,,,,
812.9019999999999,104.0,168.8406878851,,89.6978911675,,89.6978911675,107.4288169108,,,,,1.19826420479462,,780.6299856
812.908,,,,,,,,,,,,,,
812.947,,,,,,,,,,,,,,
812.99,,,,,,,,,,,,,,
812.9989999999999,,,,,1.20000004768372,,,,781.969970703125,781.969970703125,1.20000004768372,,11.0129352946571,
813.033,,,,,,,,,,,,,,
813.054,104.0,168.86336750360002,,89.7477863282,,89.7477863282,107.4288169108,,,,,1.19826420479462,,780.7494672
813.075,,,,,,,,,,,,,,
813.118,,,,,,,,,,,,,,
813.206,104.0,168.8860471221,3125.0,89.8929358866,,89.8929358866,107.4288169108,,,,,1.19826420479462,,780.8692536
813.216,,,,,,,,,,,,,,
813.2610000000001,,,,,,,,,,,,,,
813.298,,,,,,,,,,,,,,
813.35,,,,,,,,,,,,,,
813.3589999999999,104.0,168.9132626643,,90.219522393,,90.219522393,107.4288169108,,,,,1.19826420479462,,780.9887352000001
813.3919999999999,,,,,,,,,,,,,,
813.441,,,,,,,,,,,,,,
813.4839999999999,,,,,,,,,,,,,,
813.5110000000001,104.0,168.9359422828,,90.1106602242,,90.1106602242,107.4288169108,,,,,1.19826420479462,,781.1082167999999
813.529,,,,,,,,,,,,,,
813.572,,,,,,,,,,,,,,
813.664,104.0,168.963157825,3125.0,90.1650913086,,90.1650913086,107.4288169108,,,,,1.19826420479462,,781.2280032000001
813.709,,,,,,,,,,,,,,
813.755,,,,,,,,,,,,,,
813.798,,,,,,,,,,,,,,
813.816,104.0,168.9858374435,,90.0516932161,,90.0516932161,107.4288169108,,,,,1.19826420479462,,781.3474848
813.8430000000001,,,,,,,,,,,,,,
813.8889999999999,,,,,,,,,,,,,,
813.9680000000001,104.0,169.008517062,,89.91107958139999,,89.91107958139999,107.4288169108,,,,,1.19826420479462,,781.4669663999999
813.971,,,,,,,,,,,,,,
813.9989999999999,,,,,1.20000004768372,,,,782.7899780273441,782.7899780273441,1.20000004768372,,10.6764290221725,
814.063,,,,,,,,,,,,,,
814.1060000000001,,,,,,,,,,,,,,
814.1210000000001,104.0,169.0357326042,3125.0,89.88839996290001,,89.88839996290001,107.4288169108,,,,,1.19826420479462,,781.586448
814.1389999999999,,,,,,,,,,,,,,
814.182,,,,,,,,,,,,,,
814.2239999999999,,,,,,,,,,,,,,
814.2669999999999,,,,,,,,,,,,,,
814.273,104.0,169.0584122227,,90.3601360277,,90.3601360277,107.4288169108,,,,,1.19826420479462,,781.7059296
814.313,,,,,,,,,,,,,,
814.355,,,,,,,,,,,,,,
814.4010000000001,,,,,,,,,,,,,,
814.426,104.0,169.08109184120002,3125.0,90.3465282566,,90.3465282566,107.4288169108,,,,,1.19826420479462,,781.8254112000001
814.444,,,,,,,,,,,,,,
814.49,,,,,,,,,,,,,,
814.535,,,,,,,,,,,,,,
814.575,,,,,,,,,,,,,,
814.578,104.0,169.1083073834,,89.97911843690001,,89.97911843690001,107.4288169108,,,,,1.19826420479462,,781.9448927999999
814.618,,,,,,,,,,,,,,
814.66,,,,,,,,,,,,,,
814.703,,,,,,,,,,,,,,
814.73,104.0,169.1309870019,,90.3374564092,,90.3374564092,107.4288169108,,,,,1.19826420479462,,782.0640696
814.755,,,,,,,,,,,,,,
814.794,,,,,,,,,,,,,,
814.88,,,,,,,,,,,,,,
814.883,104.0,169.1582025441,3085.94,89.9156155051,,89.9156155051,107.4288169108,,,,,1.19826420479462,,782.1835512
814.922,,,,,,,,,,,,,,
814.965,,,,,,,,,,,,,,
814.9989999999999,,,,,1.20000004768372,,,,783.609985351563,783.609985351563,1.19000005722046,,11.5023986100974,
815.0110000000001,,,,,,,,,,,,,,
815.035,104.0,169.1808821626,,90.04262136870001,,90.04262136870001,107.4288169108,,,,,1.19826420479462,,782.3030328
815.057,,,,,,,,,,,,,,
815.087,,,,,,,,,,,,,,
815.133,,,,,,,,,,,,,,
815.175,,,,,,,,,,,,,,
815.188,104.0,169.2035617811,,90.1877709271,,90.1877709271,107.4288169108,,,,,1.19826420479462,,782.4222096
815.209,,,,,,,,,,,,,,
815.34,104.0,169.2307773233,3125.0,90.5188933572,,90.5188933572,107.4288169108,,,,,1.19826420479462,,782.5416912000001
815.346,,,,,,,,,,,,,,
815.3860000000001,,,,,,,,,,,,,,
815.434,,,,,,,,,,,,,,
815.4739999999999,,,,,,,,,,,,,,
815.492,104.0,169.2534569418,,90.7320817711,,90.7320817711,107.4288169108,,,,,1.19826420479462,,782.6608679999999
815.5139999999999,,,,,,,,,,,,,,
815.563,,,,,,,,,,,,,,
815.6080000000001,,,,,,,,,,,,,,
815.645,104.0,169.280672484,3125.0,90.400959341,,90.400959341,107.4288169108,,,,,1.19826420479462,,782.7800448
815.6510000000001,,,,,,,,,,,,,,
815.697,,,,,,,,,,,,,,
815.7389999999999,,,,,,,,,,,,,,
815.7819999999999,,,,,,,,,,,,,,
815.797,104.0,169.3033521025,,89.88839996290001,,89.88839996290001,107.4288169108,,,,,1.19826420479462,,782.8995263999999
815.825,,,,,,,,,,,,,,
815.8610000000001,,,,,,,,,,,,,,
815.9069999999999,,,,,,,,,,,,,,
815.95,104.0,169.326031721,,90.1333398427,,90.1333398427,107.4288169108,,,,,1.19826420479462,,783.0187032
815.953,,,,,,,,,,,,,,
815.992,,,,,,,,,,,,,,
816.0010000000001,,,,,1.20000004768372,,,,784.4400024414059,784.4400024414059,1.19000005722046,,10.0544015098706,
816.023,,,,,,,,,,,,,,
816.068,,,,,,,,,,,,,,
816.102,104.0,169.3532472632,3125.0,90.3918874936,,90.3918874936,107.4288169108,,,,,1.19826420479462,,783.13788
816.1110000000001,,,,,,,,,,,,,,783.1448904
816.1569999999999,,,,,,,,,,,,,,783.1808568
816.203,,,,,,,,,,,,,,783.2165183999999
816.2389999999999,,,,,,,,,,,,,,783.2451696
816.2539999999999,104.0,169.37728765881002,,90.32929174654,,90.32929174654,107.42836331843,115.354330708661,,,,1.19826420479462,,783.2570568
816.285,,,,,,,,,,,,,,783.2808312000001
816.321,,,,,,,,,,,,,,783.3094824
816.373,,,,,,,,,,,,,,783.3500207999999
816.4069999999999,104.0,169.40042086968,,91.15755141416,,91.15755141416,107.42836331843,143.110236220473,,,,1.19826420479462,,783.3762336
816.465,,,,,,,,,,,,,,783.4213440000001
816.507,,,,,,,,,,,,,,783.454872
816.547,,,,,,,,,,,,,,783.4859616
816.559,104.0,169.4258220424,3125.0,90.08843419807,,90.08843419807,107.42836331843,114.763779527559,,,,1.19826420479462,,783.4954104
816.584,,,,,,,,,,,,,,783.514308
816.632,,,,,,,,,,,,,,783.552408
816.672,,,,,,,,,,,,,,783.5834976
816.702,,,,,,,,,,,,,,783.607272
816.712,104.0,169.45076962275,,90.49984247765998,,90.49984247765998,107.42836331843,134.645669291339,,,,1.19826420479462,,783.6145872000001
816.742,,,,,,,,,,,,,,783.6383616
816.788,,,,,,,,,,,,,,783.6740232000001
816.84,,,,,,,,,,,,,,783.7145616
816.8639999999999,104.0,169.47435642598998,3125.0,90.41864944343,,90.41864944343,107.42836331843,105.118110236221,,,,1.19826420479462,,783.7334592
816.888,,,,,,,,,,,,,,783.7526616
816.928,,,,,,,,,,,,,,783.7837512
816.9739999999999,,,,,,,,,,,,,,783.8194128
817.0010000000001,,,,,1.20000004768372,,,,785.260009765625,785.260009765625,1.19000005722046,,10.8089922465569,
817.007,,,,,,,,,,,,,,783.8456256
817.0160000000001,104.0,169.49975759871,,89.75595099086,,89.75595099086,107.42836331843,127.755905511811,,,,1.19826420479462,,783.8526360000001
817.044,,,,,,,,,,,,,,783.873972
817.0930000000001,,,,,,,,,,,,,,783.912072
817.1410000000001,,,,,,,,,,,,,,783.950172
817.169,104.0,169.52289080958,,90.18504937288,,90.18504937288,107.42836331843,104.133858267717,,,,1.19826420479462,,783.9718128
817.184,,,,,,,,,,,,,,783.9837
817.321,104.0,169.54738479756,3125.0,89.84803024196998,,89.84803024196998,107.42836331843,109.448818897638,,,,1.19826420479462,,784.0906848
817.327,,,,,,,,,,,,,,784.0955616
817.37,,,,,,,,,,,,,,784.1287848
817.413,,,,,,,,,,,,,,784.1623128
817.461,,,,,,,,,,,,,,784.2004128
817.4739999999999,104.0,169.57187878553998,,89.83759761746,,89.83759761746,107.42836331843,111.220472440945,,,,1.19826420479462,,784.2098616000001
817.55,,,,,,,,,,,,,,784.2692976
817.596,,,,,,,,,,,,,,784.3049592
817.6260000000001,104.0,169.59637277352,,89.82489703110001,,89.82489703110001,107.42836331843,110.236220472441,,,,1.19826420479462,,784.3287336
817.6410000000001,,,,,,,,,,,,,,784.3406208
817.742,,,,,,,,,,,,,,784.4192592
817.778,104.0,169.62132035387,3125.0,90.03173515181999,,90.03173515181999,107.42836331843,101.771653543307,,,,1.19826420479462,,784.4479104
817.845,,,,,,,,,,,,,,784.5000312000001
817.8910000000001,,,,,,,,,,,,,,784.5356928
817.931,104.0,169.64626793422,,89.64981037628,,89.64981037628,107.42836331843,101.968503937008,,,,1.19826420479462,,784.5667824
817.943,,,,,,,,,,,,,,784.5762312
817.992,,,,,,,,,,,,,,784.6143312
818.0010000000001,,,,,1.20000004768372,,,,786.0900268554691,786.0900268554691,1.19000005722046,,11.9306794973463,
818.041,,,,,,,,,,,,,,784.6524312000001
818.0830000000001,104.0,169.67030832983,,89.75867254508002,,89.75867254508002,107.42836331843,101.771653543307,,,,1.19826420479462,,784.6856544
818.092,,,,,,,,,,,,,,784.6926647999999
818.1439999999999,,,,,,,,,,,,,,784.7332032
818.2360000000001,104.0,169.69480231781,3125.0,89.41303515914,,89.41303515914,107.42836331843,95.0787401574803,,,,1.19826420479462,,784.8045264
818.2510000000001,,,,,,,,,,,,,,784.8164136
818.303,,,,,,,,,,,,,,784.856952
818.3610000000001,,,,,,,,,,,,,,784.9020624
818.388,104.0,169.71884271342,,89.09098457644001,,89.09098457644001,107.42836331843,96.8503937007874,,,,1.19826420479462,,784.9233984
818.409,,,,,,,,,,,,,,784.9401624
818.461,,,,,,,,,,,,,,784.980396
818.513,,,,,,,,,,,,,,785.0209344
818.54,104.0,169.74333670139998,,89.09143816881,,89.09143816881,107.42836331843,97.0472440944882,,,,1.19826420479462,,785.0422704
818.638,,,,,,,,,,,,,,785.1184704
818.693,104.0,169.76783068938,3125.0,89.63212027385,,89.63212027385,107.42836331843,105.118110236221,,,,1.19826420479462,,785.1611424
818.742,,,,,,,,,,,,,,785.1992424
818.845,104.0,169.79277826973,,89.48833149256001,,89.48833149256001,107.42836331843,102.55905511811,,,,1.19826420479462,,785.2800143999999
818.998,104.0,169.81681866533998,,89.21844403240999,,89.21844403240999,107.42836331843,114.566929133858,,,,1.19826420479462,,785.3988864
819.0010000000001,,,,,1.20000004768372,,,,786.9199829101559,786.9199829101559,1.19000005722046,,11.6859478396261,
819.071,,,,,,,,,,,,,,785.455884
819.15,104.0,169.84131265332,3125.0,89.25699938385999,,89.25699938385999,107.42836331843,112.40157480315,,,,1.19826420479462,,785.5174536000001
819.2510000000001,,,,,,,,,,,,,,785.5957872
819.302,104.0,169.86535304893,,89.48697071545,,89.48697071545,107.42836331843,112.992125984252,,,,1.19826420479462,,785.6363256
819.44,,,,,,,,,,,,,,785.7433103999999
819.455,104.0,169.89030062928,,89.94192386256,,89.94192386256,107.42836331843,111.417322834646,,,,1.19826420479462,,785.7548928
819.485,,,,,,,,,,,,,,785.7786672
819.607,104.0,169.91434102488998,3125.0,90.23948045728,,90.23948045728,107.42836331843,103.740157480315,,,,1.19826420479462,,785.8737647999999
819.76,104.0,169.93883501287,,90.13606139692,,90.13606139692,107.42836331843,107.086614173228,,,,1.19826420479462,,785.992332
819.827,,,,,,,,,,,,,,786.0447576
819.9119999999999,104.0,169.96287540848,,90.05985787876,,90.05985787876,107.42836331843,105.708661417323,,,,1.19826420479462,,786.111204
819.921,,,,,,,,,,,,,,786.1182143999999
820.0,,,,,,,,,,787.72998046875,1.19000005722046,,10.6152456215039,
820.064,104.0,169.98782298883,3125.0,90.03400311366998,,90.03400311366998,107.42836331843,104.527559055118,,,,1.19826420479462,,786.2297712000001
820.1160000000001,,,,,,,,,,,,,,786.2700047999999
820.183,,,,,,,,,,,,,,786.3224303999999
820.217,104.0,170.01186338443998,,90.33654922446,,90.33654922446,107.42836331843,102.55905511811,,,,1.19826420479462,,786.3483384
820.232,,,,,,,,,,,,,,786.3602256
820.278,,,,,,,,,,,,,,786.3958872000001
820.327,,,,,,,,,,,,,,786.4336824
820.3689999999999,104.0,170.03635737242,,89.95462444892,,89.95462444892,107.42836331843,106.889763779528,,,,1.19826420479462,,786.4669056
820.372,,,,,,,,,,,,,,786.4693440000001
820.4119999999999,,,,,,,,,,,,,,786.5001288
820.4939999999999,,,,,,,,,,,,,,786.5641368
820.5219999999999,104.0,170.06039776803,3125.0,90.03445670604,,90.03445670604,107.42836331843,120.866141732284,,,,1.19826420479462,,786.5854727999999
820.546,,,,,,,,,,,,,,786.6046752000001
820.592,,,,,,,,,,,,,,786.640032
820.64,,,,,,,,,,,,,,786.678132
820.674,104.0,170.08579894075,,89.71603486229999,,89.71603486229999,107.42836331843,108.858267716535,,,,1.19826420479462,,786.7040400000001
820.68,,,,,,,,,,,,,,786.7089168
820.7289999999999,,,,,,,,,,,,,,786.746712
820.775,,,,,,,,,,,,,,786.7823736
820.817,,,,,,,,,,,,,,786.8155968
820.826,104.0,170.1107465211,,89.82081469977,,89.82081469977,107.42836331843,114.173228346457,,,,1.19826420479462,,786.8226072000001
820.857,,,,,,,,,,,,,,786.8463816000001
820.903,,,,,,,,,,,,,,786.8820432
820.948,,,,,,,,,,,,,,786.9174
820.9789999999999,104.0,170.13433332434,3125.0,90.24356278861,,90.24356278861,107.42836331843,112.204724409449,,,,1.19826420479462,,786.9411744
820.988,,,,,,,,,,,,,,786.9481847999999
821.0,,,,,1.20000004768372,,,,788.5599975585941,788.5599975585941,1.19000005722046,,11.1251037279929,
821.034,,,,,,,,,,,,,,786.9838464
821.076,,,,,,,,,,,,,,787.0170696
821.1189999999999,,,,,,,,,,,,,,787.0502928
821.1310000000001,104.0,170.15837371995002,,89.89837899503999,,89.89837899503999,107.42836331843,114.763779527559,,,,1.19826420479462,,787.0597416
821.1619999999999,,,,,,,,,,,,,,787.0832112
821.2130000000001,,,,,,,,,,,,,,787.1237496
821.2589999999999,,,,,,,,,,,,,,787.1591063999999
821.284,104.0,170.1833213003,3125.0,89.43979710897,,89.43979710897,107.42836331843,111.220472440945,,,,1.19826420479462,,787.178004
821.302,,,,,,,,,,,,,,787.1923296
821.3480000000001,,,,,,,,,,,,,,787.2279912
821.387,,,,,,,,,,,,,,787.258776
821.43,,,,,,,,,,,,,,787.2919992000001
821.436,104.0,170.20736169591,,89.42891089209,,89.42891089209,107.42836331843,118.503937007874,,,,1.19826420479462,,787.2965712
821.4730000000001,,,,,,,,,,,,,,787.3249176
821.515,,,,,,,,,,,,,,787.3581408
821.561,,,,,,,,,,,,,,787.3938024
821.5880000000001,104.0,170.23230927626005,,89.39806661093,,89.39806661093,107.42836331843,118.110236220472,,,,1.19826420479462,,787.4151383999999
821.6039999999999,,,,,,,,,,,,,,787.4267208
821.6489999999999,,,,,,,,,,,,,,787.4623824
821.735,,,,,,,,,,,,,,787.5288287999999
821.7410000000001,104.0,170.25680326424,3085.938,89.78271294069,,89.78271294069,107.42836331843,114.370078740158,,,,1.19826420479462,,787.5334008
821.78,,,,,,,,,,,,,,787.5641856000001
821.826,,,,,,,,,,,,,,787.5998472
821.875,,,,,,,,,,,,,,787.6376424
821.893,104.0,170.28129725222,,89.91879065169,,89.91879065169,107.42836331843,108.070866141732,,,,1.19826420479462,,787.6516632
821.921,,,,,,,,,,,,,,787.6729992
821.9689999999999,,,,,,,,,,,,,,787.7110992
822.0,,,,,1.20000004768372,,,,789.400024414063,789.400024414063,1.19000005722046,,8.07615248458336,
822.018,,,,,,,,,,,,,,787.7488944
822.046,104.0,170.3057912402,,90.42046381291,,90.42046381291,107.42836331843,104.724409448819,,,,1.19826420479462,,787.7702304
822.067,,,,,,,,,,,,,,787.7866896
822.113,,,,,,,,,,,,,,787.8223512
822.198,104.0,170.33028522818,3125.0,90.73616410243,,90.73616410243,107.42836331843,101.377952755906,,,,1.19826420479462,,787.8884927999999
822.2130000000001,,,,,,,,,,,,,,787.9003799999999
822.262,,,,,,,,,,,,,,787.9381752
822.314,,,,,,,,,,,,,,787.9784087999999
822.35,104.0,170.35477921616,,90.78515207839,,90.78515207839,107.42836331843,97.8346456692914,,,,1.19826420479462,,788.0067552
822.4169999999999,,,,,,,,,,,,,,788.0588759999999
822.4689999999999,,,,,,,,,,,,,,788.0991096
822.503,104.0,170.37927320414,,90.87405618291,,90.87405618291,107.42836331843,97.0472440944882,,,,1.19826420479462,,788.1250176
822.5239999999999,,,,,,,,,,,,,,788.1417816000001
822.576,,,,,,,,,,,,,,788.1820152
822.655,104.0,170.40331359975,3125.0,91.0541323538,,91.0541323538,107.42836331843,98.42519685039368,,,,1.19826420479462,,788.24328
822.68,,,,,,,,,,,,,,788.2621776000001
822.725,,,,,,,,,,,,,,788.2978392000001
822.737,,,,,,,,,,,,,,788.307288
822.7410000000001,,,,,,,,,,,,,,788.3097263999999
822.7710000000001,,,,,,,,,,,,,,788.333196
822.808,111.318,170.4282611801,3125.0,96.58115538225,,96.58115538225,107.42836331843,422.637795275591,,,,1.19826420479462,,788.3615424
822.823,,,,,,,,,,,,,,788.3734296
822.905,,,,,,,,,,,,,,788.4374376000001
822.96,143.0,170.4464048749,,99.56624676922,,99.56624676922,107.42836331843,61.4173228346457,,,,1.19826420479462,,788.4798047999999
822.9810000000001,,,,,,,,,,,,,,788.4965687999999
823.0,,,,,1.20000004768372,,,,790.2000122070309,790.2000122070309,1.20000004768372,,4.46635712954058,
823.054,,,,,,,,,,,,,,788.5532616
823.112,143.2,170.33663552136002,,98.57424025603,,98.57424025603,107.42836331843,68.503937007874,,,,1.19826420479462,,788.5980672000001
823.125,,,,,,,,,,,,,,788.607516
823.198,,,,,,,,,,,,,,788.6642088
823.262,,,,,,,,,,,,,,788.7138912
823.265,143.435,170.3602223246,,98.54067442065,,98.54067442065,107.42836331843,73.8188976377953,,,,1.19826420479462,,788.7163296
823.329,,,,,,,,,,,,,,788.766012
823.4169999999999,143.0,170.38380912783998,3085.938,98.39416408514,,98.39416408514,107.42836331843,82.6771653543307,,,,1.19826420479462,,788.834592
823.445,,,,,,,,,,,,,,788.8556232000001
823.503,,,,,,,,,,,,,,788.9007336
823.567,,,,,,,,,,,,,,788.9501112
823.57,143.4,170.40648874634,,98.45585264746,,98.45585264746,107.42836331843,81.6929133858268,,,,1.19826420479462,,788.9525496
823.6310000000001,,,,,,,,,,,,,,788.9997936000001
823.688,,,,,,,,,,,,,,789.0445992000001
823.722,143.32,170.43007554958,,98.08844282776,,98.08844282776,107.42836331843,81.1023622047244,,,,1.19826420479462,,789.070812
823.7489999999999,,,,,,,,,,,,,,789.0918432
823.8710000000001,,,,,,,,,,,,,,789.1863312
823.8739999999999,143.385,170.45411594518998,3085.938,98.21771665321,,98.21771665321,107.42836331843,85.43307086614179,,,,1.19826420479462,,789.1887696
823.935,,,,,,,,,,,,,,789.2360136
823.9989999999999,,,,,1.20000004768372,,,,791.02001953125,791.02001953125,1.20000004768372,,6.24066310672766,789.285696
824.0269999999999,143.0,170.47679556369,,98.32839319149,,98.32839319149,107.42836331843,80.1181102362205,,,,1.19826420479462,,789.307032
824.06,,,,,,,,,,,,,,789.33294
824.1210000000001,,,,,,,,,,,,,,789.380184
824.179,143.32,170.50038236693,,98.06803117111,,98.06803117111,107.42836331843,81.8897637795276,,,,1.19826420479462,,789.4249896000001
824.188,,,,,,,,,,,,,,789.432
824.2460000000001,,,,,,,,,,,,,,789.4768056
824.332,143.0,170.5235155778,3125.0,98.43090506711,,98.43090506711,107.42836331843,83.2677165354331,,,,1.19826420479462,,789.5429472
824.365,,,,,,,,,,,,,,789.5688552
824.426,,,,,,,,,,,,,,789.6160992
824.4810000000001,,,,,,,,,,,,,,789.6587712
824.4839999999999,143.385,170.54710238104,,98.2299636472,,98.2299636472,107.42836331843,86.41732283464572,,,,1.19826420479462,,789.6609047999999
824.5419999999999,,,,,,,,,,,,,,789.7057103999999
824.6,,,,,,,,,,,,,,789.7505160000001
824.6360000000001,143.5,170.57068918428,3125.0,98.23586034801,,98.23586034801,107.42836331843,85.23622047244099,,,,1.19826420479462,,789.7788624
824.655,,,,,,,,,,,,,,789.793188
824.789,143.154,170.59382239515,,98.27940521553002,,98.27940521553002,107.42836331843,85.0393700787402,,,,1.19826420479462,,789.89682
824.831,,,,,,,,,,,,,,789.9300432
824.8889999999999,,,,,,,,,,,,,,789.9748488
824.941,143.077,170.61740919839,,98.13607002661,,98.13607002661,107.42836331843,87.2047244094488,,,,1.19826420479462,,790.0147776
824.95,,,,,,,,,,,,,,790.0220927999999
824.9989999999999,,,,,1.20000004768372,,,,791.8400268554691,791.8400268554691,1.20000004768372,,6.434409245542099,
825.008,,,,,,,,,,,,,,790.0668984
825.063,,,,,,,,,,,,,,790.1092656000001
825.0939999999999,143.222,170.64099600163,3125.0,98.03990844417,,98.03990844417,107.42836331843,86.41732283464572,,,,1.19826420479462,,790.1327352000001
825.179,,,,,,,,,,,,,,790.1988767999999
825.2310000000001,,,,,,,,,,,,,,790.2388056
825.2460000000001,143.519,170.6641292125,,98.32748600675,,98.32748600675,107.42836331843,90.3543307086614,,,,1.19826420479462,,790.2506927999999
825.295,,,,,,,,,,,,,,790.288488
825.3530000000001,,,,,,,,,,,,,,790.3332936
825.398,143.259,170.68726242337,,98.45358468560998,,98.45358468560998,107.42836331843,86.81102362204729,,,,1.19826420479462,,790.3686504
825.4110000000001,,,,,,,,,,,,,,790.3780992000001
825.4689999999999,,,,,,,,,,,,,,790.4229048
825.523,,,,,,,,,,,,,,790.465272
825.551,143.0,170.71084922661,3125.0,98.33247552282,,98.33247552282,107.42836331843,87.992125984252,,,,1.19826420479462,,790.4863032000001
825.578,,,,,,,,,,,,,,790.5076392000001
825.645,,,,,,,,,,,,,,790.5594552
825.703,143.667,170.73398243748002,,98.28983784004,,98.28983784004,107.42836331843,85.8267716535433,,,,1.19826420479462,,790.6042607999999
825.7610000000001,,,,,,,,,,,,,,790.6490664
825.819,,,,,,,,,,,,,,790.6938719999999
825.8560000000001,143.308,170.75756924072,,98.293466579,,98.293466579,107.42836331843,85.43307086614179,,,,1.19826420479462,,790.7222184
825.877,,,,,,,,,,,,,,790.7386776000001
825.932,,,,,,,,,,,,,,790.7810448
825.9989999999999,,,,,1.20000004768372,,,,792.7000122070309,792.7000122070309,1.20000004768372,,5.64922778099864,
826.008,143.692,170.78070245158997,3125.0,98.5338705351,,98.5338705351,107.42836331843,87.2047244094488,,,,1.19826420479462,,790.8398712000001
826.057,,,,,,,,,,,,,,790.8776664
826.1210000000001,,,,,,,,,,,,,,790.927044
826.16,143.333,170.8047428472,,98.05850573134,,98.05850573134,107.42836331843,76.96850393700791,,,,1.19826420479462,,790.957524
826.179,,,,,,,,,,,,,,790.9718496
826.243,,,,,,,,,,,,,,791.0212272000001
826.304,,,,,,,,,,,,,,791.0684712
826.313,144.0,170.8274224657,,98.15512090615,,98.15512090615,107.42836331843,81.8897637795276,,,,1.19826420479462,,791.0754816000001
826.365,,,,,,,,,,,,,,791.1154104
826.426,,,,,,,,,,,,,,791.1626544
826.465,143.28,170.85146286131,3125.0,98.18142926361,,98.18142926361,107.42836331843,81.496062992126,,,,1.19826420479462,,791.1931344
826.49,,,,,,,,,,,,,,791.212032
826.554,,,,,,,,,,,,,,791.2614096
826.615,,,,,,,,,,,,,,791.3083488
826.618,143.708,170.87504966455,,98.31932134409,,98.31932134409,107.42836331843,79.33070866141729,,,,1.19826420479462,,791.3107872
826.676,,,,,,,,,,,,,,791.3555928
826.7360000000001,,,,,,,,,,,,,,791.4025320000001
826.77,143.417,170.89772928305,,98.72120418391,,98.72120418391,107.42836331843,78.740157480315,,,,1.19826420479462,,791.42844
826.813,,,,,,,,,,,,,,791.4613584
826.88,,,,,,,,,,,,,,791.5131744
826.922,143.391,170.92176967866,3125.0,98.33746503889,,98.33746503889,107.42836331843,75.7874015748032,,,,1.19826420479462,,791.5460927999999
826.947,,,,,,,,,,,,,,791.5649904
826.9989999999999,,,,,0.9499999880790708,,,,793.5,793.5,1.20000004768372,,6.25086050225196,
827.0110000000001,,,,,,,,,,,,,,791.614368
827.075,143.739,170.94490288953,,98.248107342,,98.248107342,107.42836331843,75.984251968504,,,,1.19826420479462,,791.6637456
827.078,,,,,,,,,,,,,,791.6661839999999
827.145,,,,,,,,,,,,,,791.7180000000001
827.2180000000001,,,,,,,,,,,,,,791.774388
827.227,143.435,170.9680361004,,97.80585478125,,97.80585478125,107.42836331843,76.1811023622048,,,,1.19826420479462,,791.7813984000001
827.2760000000001,,,,,,,,,,,,,,791.8191936000001
827.334,,,,,,,,,,,,,,791.8636944
827.38,143.577,170.99116931127,3125.0,97.96325133364,,97.96325133364,107.42836331843,85.23622047244099,,,,1.19826420479462,,791.8990512
827.395,,,,,,,,,,,,,,791.9106336
827.456,,,,,,,,,,,,,,791.9578776000001
827.5169999999999,,,,,,,,,,,,,,792.0048168
827.5319999999999,143.68,171.01475611451,,97.98003425133,,97.98003425133,107.42836331843,80.51181102362209,,,,1.19826420479462,,792.016704
827.581,,,,,,,,,,,,,,792.0541944
827.6419999999999,,,,,,,,,,,,,,792.1011336
827.684,143.44,171.03879651012,,97.8444101327,,97.8444101327,107.42836331843,83.0708661417323,,,,1.19826420479462,,792.134052
827.7,,,,,,,,,,,,,,792.1459392
827.758,,,,,,,,,,,,,,792.1904400000001
827.825,,,,,,,,,,,,,,792.242256
827.837,143.68,171.06192972098998,3125.0,98.0938859362,,98.0938859362,107.42836331843,79.7244094488189,,,,1.19826420479462,,792.2517048
827.8919999999999,,,,,,,,,,,,,,792.294072
827.956,,,,,,,,,,,,,,792.3434496
827.9889999999999,143.739,171.08551652423,,97.82535925316,,97.82535925316,107.42836331843,76.5748031496063,,,,1.19826420479462,,792.3690528
828.0010000000001,,,,,0.9200000166893,,,,794.2999877929691,794.2999877929691,1.20000004768372,,6.393620635922071,
828.02,,,,,,,,,,,,,,792.3925224
828.078,,,,,,,,,,,,,,792.437328
828.1419999999999,144.32,171.10864973510002,,97.78952545593,,97.78952545593,107.42836331843,81.496062992126,,,,1.19826420479462,,792.4867055999999
828.206,,,,,,,,,,,,,,792.5360832
828.2669999999999,,,,,,,,,,,,,,792.5830223999999
828.294,143.88,171.13178294597,3125.0,97.77138176113002,,97.77138176113002,107.42836331843,83.0708661417323,,,,1.19826420479462,,792.6040536
828.328,,,,,,,,,,,,,,792.6299616
828.382,,,,,,,,,,,,,,792.6723288
828.446,143.077,171.15536974921002,,97.65707648389,,97.65707648389,107.42836331843,84.251968503937,,,,1.19826420479462,,792.7214016
828.5010000000001,,,,,,,,,,,,,,792.7637687999999
828.562,,,,,,,,,,,,,,792.810708
828.5989999999999,143.28,171.17850296008,,97.72466174702,,97.72466174702,107.42836331843,83.0708661417323,,,,1.19826420479462,,792.8390544
828.6260000000001,,,,,,,,,,,,,,792.8600856
828.69,,,,,,,,,,,,,,792.9094632
828.7510000000001,143.346,171.20208976331998,3125.0,97.58268733521,,97.58268733521,107.42836331843,83.85826771653551,,,,1.19826420479462,,792.9564024
828.809,,,,,,,,,,,,,,793.0009032
828.867,,,,,,,,,,,,,,793.045404
828.904,143.0,171.22567656656,,97.50603022468,,97.50603022468,107.42836331843,87.0078740157481,,,,1.19826420479462,,793.0737504
828.922,,,,,,,,,,,,,,793.0877712
828.9830000000001,,,,,,,,,,,,,,793.1347103999999
829.0010000000001,,,,,1.20000004768372,,,,795.119995117188,795.119995117188,1.20000004768372,,6.69953569431088,
829.041,,,,,,,,,,,,,,793.1792112
829.056,143.308,171.24835618506,,97.37222047553,,97.37222047553,107.42836331843,86.2204724409449,,,,1.19826420479462,,793.1910984
829.096,,,,,,,,,,,,,,793.2215784
829.135,,,,,,,,,,,,,,793.2520584
829.2080000000001,143.687,171.2719429883,3125.0,97.71150756829,,97.71150756829,107.42836331843,105.118110236221,,,,1.19826420479462,,793.3084464
829.242,,,,,,,,,,,,,,793.3340496000001
829.309,,,,,,,,,,,,,,793.3858656
829.355,,,,,,,,,,,,,,793.4209176
829.3610000000001,143.593,171.29643697628,,97.50829818653,,97.50829818653,107.42836331843,85.6299212598425,,,,1.19826420479462,,793.4257944
829.41,,,,,,,,,,,,,,793.4632847999999
829.471,,,,,,,,,,,,,,793.510224
829.513,143.37,171.31911659478,,97.49559760017,,97.49559760017,107.42836331843,90.5511811023622,,,,1.19826420479462,,793.5428376
829.5160000000001,,,,,,,,,,,,,,793.545276
829.571,,,,,,,,,,,,,,793.5876432
829.666,143.308,171.34134262091,3125.0,98.05487699238,,98.05487699238,107.42836331843,84.64566929133859,,,,1.19826420479462,,793.6601856000001
829.705,,,,,,,,,,,,,,793.6906656
829.7719999999999,,,,,,,,,,,,,,793.7421767999999
829.818,143.696,171.36538301652,,97.80494759651,,97.80494759651,107.42836331843,76.96850393700791,,,,1.19826420479462,,793.7775336
829.836,,,,,,,,,,,,,,793.7915544
829.903,,,,,,,,,,,,,,793.8430656
829.9639999999999,,,,,,,,,,,,,,793.8900047999999
829.97,144.0,171.38896981976,,97.93875734566,,97.93875734566,107.42836331843,78.740157480315,,,,1.19826420479462,,793.8945767999999
830.0010000000001,,,,,1.20000004768372,,,,795.9400024414059,795.9400024414059,1.20000004768372,,6.37322633111205,
830.025,,,,,,,,,,,,,,793.936944
830.123,143.308,171.412556623,3085.938,97.63938638146,,97.63938638146,107.42836331843,83.85826771653551,,,,1.19826420479462,,794.0119248
830.1439999999999,,,,,,,,,,,,,,794.028384
830.205,,,,,,,,,,,,,,794.0750184
830.2539999999999,,,,,,,,,,,,,,794.1125088
830.275,143.517,171.43614342624,,97.65662289152,,97.65662289152,107.42836331843,94.488188976378,,,,1.19826420479462,,794.128968
830.312,,,,,,,,,,,,,,794.1570096
830.367,,,,,,,,,,,,,,794.1993767999999
830.428,143.308,171.45973022948,3125.0,97.57724422677,,97.57724422677,107.42836331843,85.23622047244099,,,,1.19826420479462,,794.246316
830.4860000000001,,,,,,,,,,,,,,794.2908168
830.543,,,,,,,,,,,,,,794.3353176
830.58,143.643,171.48331703271998,,97.70787882933,,97.70787882933,107.42836331843,92.1259842519685,,,,1.19826420479462,,794.3633592
830.586,,,,,,,,,,,,,,794.3679312
830.6469999999999,,,,,,,,,,,,,,794.4148704
830.7080000000001,,,,,,,,,,,,,,794.4618096
830.732,143.615,171.50645024359,,98.03673329758,,98.03673329758,107.42836331843,84.8425196850394,,,,1.19826420479462,,794.4804024
830.763,,,,,,,,,,,,,,794.503872
830.821,,,,,,,,,,,,,,794.5483727999999
830.873,,,,,,,,,,,,,,794.5879967999999
830.885,143.821,171.53003704683002,3164.063,97.71105397592,,97.71105397592,107.42836331843,91.9291338582677,,,,1.19826420479462,,794.5974456
830.934,,,,,,,,,,,,,,794.634936
830.9910000000001,,,,,,,,,,,,,,794.6794368
831.0010000000001,,,,,1.20000004768372,,,,796.760009765625,796.760009765625,1.20000004768372,,6.11829727786757,
831.0369999999999,143.667,171.55362385007,,97.64664385938,,97.64664385938,107.42836331843,88.1889763779528,,,,1.19826420479462,,794.7144887999999
831.043,,,,,,,,,,,,,,794.7193656000001
831.1039999999999,,,,,,,,,,,,,,794.7660000000001
831.1469999999999,,,,,,,,,,,,,,794.7989183999999
831.19,143.357,171.57630346857002,,97.81175148206,,97.81175148206,107.42836331843,94.8818897637796,,,,1.19826420479462,,794.831532
831.211,,,,,,,,,,,,,,794.8479912
831.2660000000001,,,,,,,,,,,,,,794.8900536
831.342,143.345,171.60034386418002,3125.0,97.34908726466,,97.34908726466,107.42836331843,93.503937007874,,,,1.19826420479462,,794.9485752
831.3660000000001,,,,,,,,,,,,,,794.9674727999999
831.424,,,,,,,,,,,,,,795.0116687999999
831.488,,,,,,,,,,,,,,795.0610464
831.4939999999999,143.0,171.62302348268,,97.4633925419,,97.4633925419,107.42836331843,88.1889763779528,,,,1.19826420479462,,795.0656184
831.5369999999999,,,,,,,,,,,,,,795.098232
831.586,,,,,,,,,,,,,,795.1357224
831.635,,,,,,,,,,,,,,795.1732128
831.6469999999999,143.86700000000002,171.64615669354998,3125.0,97.57951218862,,97.57951218862,107.42836331843,99.6062992125984,,,,1.19826420479462,,795.1826616000001
831.699,,,,,,,,,,,,,,795.2222856000001
831.799,143.704,171.67019708916,,97.63983997383,,97.63983997383,107.42836331843,86.6141732283465,,,,1.19826420479462,,795.2994
831.808,,,,,,,,,,,,,,795.3064103999999
831.8689999999999,,,,,,,,,,,,,,795.3533496
831.933,,,,,,,,,,,,,,795.4024224
831.952,143.96,171.69333030003,,98.10840089204,,98.10840089204,107.42836331843,81.6929133858268,,,,1.19826420479462,,795.4164432
832.0,,,,,1.20000004768372,,,,797.5800170898441,797.5800170898441,1.20000004768372,,6.49559215997214,795.4539336
832.074,,,,,,,,,,,,,,795.5100167999999
832.1039999999999,143.0,171.71737069564,,98.74569817189,,98.74569817189,107.42836331843,70.47244094488191,,,,1.19826420479462,,795.5334864
832.1410000000001,,,,,,,,,,,,,,795.5615280000001
832.2560000000001,143.391,171.74005031414,3125.0,98.14060595031,,98.14060595031,107.42836331843,75.984251968504,,,,1.19826420479462,,795.6502247999999
832.2719999999999,,,,,,,,,,,,,,795.6618072000001
832.3389999999999,,,,,,,,,,,,,,795.7133183999999
832.403,,,,,,,,,,,,,,795.7623912
832.409,143.565,171.76318352501002,,98.25218967333,,98.25218967333,107.42836331843,75.59055118110241,,,,1.19826420479462,,795.7669632000001
832.4730000000001,,,,,,,,,,,,,,795.816036
832.534,,,,,,,,,,,,,,795.8629752
832.561,143.208,171.78722392062,,97.99454920717,,97.99454920717,107.42836331843,77.36220472440951,,,,1.19826420479462,,795.8840064
832.6619999999999,,,,,,,,,,,,,,795.9611208
832.7139999999999,143.292,171.81035713148998,3125.0,97.74144466471,,97.74144466471,107.42836331843,78.9370078740158,,,,1.19826420479462,,796.0007448
832.7230000000001,,,,,,,,,,,,,,796.0077552
832.784,,,,,,,,,,,,,,796.0543896
832.845,,,,,,,,,,,,,,796.101024
832.8660000000001,143.481,171.83394393473,,97.40760068039,,97.40760068039,107.42836331843,87.992125984252,,,,1.19826420479462,,796.1174832
832.8960000000001,,,,,,,,,,,,,,796.1409528
832.942,,,,,,,,,,,,,,796.1760048
833.0,,,,,1.20000004768372,,,,798.400024414063,798.400024414063,1.20000004768372,,6.50578955549644,796.2202007999999
833.018,143.931,171.85662355323,3125.0,97.70288931326,,97.70288931326,107.42836331843,97.0472440944882,,,,1.19826420479462,,796.2342216
833.052,,,,,,,,,,,,,,796.2601296
833.171,143.615,171.8797567641,,97.54776072272,,97.54776072272,107.42836331843,86.02362204724409,,,,1.19826420479462,,796.35096
833.232,,,,,,,,,,,,,,796.3975944
833.293,,,,,,,,,,,,,,796.4445336
833.323,143.259,171.90379715971,,97.19985537493,,97.19985537493,107.42836331843,87.2047244094488,,,,1.19826420479462,,796.4676984
833.3480000000001,,,,,,,,,,,,,,796.4862912000001
833.3989999999999,,,,,,,,,,,,,,796.52622
833.457,,,,,,,,,,,,,,796.570416
833.4760000000001,143.393,171.92693037057998,3125.0,97.63394327302,,97.63394327302,107.42836331843,91.14173228346458,,,,1.19826420479462,,796.5844367999999
833.518,,,,,,,,,,,,,,796.6170503999999
833.582,,,,,,,,,,,,,,796.6661232000001
833.628,143.75,171.95097076618998,,97.74235184945,,97.74235184945,107.42836331843,78.9370078740158,,,,1.19826420479462,,796.7011752000001
833.643,,,,,,,,,,,,,,796.7127576
833.698,,,,,,,,,,,,,,796.75482
833.7589999999999,,,,,,,,,,,,,,796.8014544
833.78,143.846,171.97410397706005,,97.67476658632,,97.67476658632,107.42836331843,84.64566929133859,,,,1.19826420479462,,796.8179136
833.82,,,,,,,,,,,,,,796.8480887999999
833.878,,,,,,,,,,,,,,796.8925896000001
833.933,143.56,171.99723718792998,3125.0,97.68066328713002,,97.68066328713002,107.42836331843,82.6771653543307,,,,1.19826420479462,,796.9343472
833.942,,,,,,,,,,,,,,796.9413576000001
834.0,,,,,,,,,,799.2100219726559,1.20000004768372,,5.34331272260983,
834.055,,,,,,,,,,,,,,797.027616
834.085,143.481,172.02082399117,,97.8534819801,,97.8534819801,107.42836331843,87.59842519685041,,,,1.19826420479462,,797.0510856000001
834.113,,,,,,,,,,,,,,797.0721168
834.171,,,,,,,,,,,,,,797.1163128
834.238,143.52,172.04395720204,,98.10431856070998,,98.10431856070998,107.42836331843,83.4645669291339,,,,1.19826420479462,,797.1675192000001
834.2410000000001,,,,,,,,,,,,,,797.1699576000001
834.305,,,,,,,,,,,,,,797.2190304
834.36,,,,,,,,,,,,,,797.2607879999999
834.39,143.0,172.06799759765,3125.0,98.07801020325,,98.07801020325,107.42836331843,84.64566929133859,,,,1.19826420479462,,797.2842576
834.4169999999999,,,,,,,,,,,,,,797.3052888
834.4839999999999,,,,,,,,,,,,,,797.3564952
834.5419999999999,143.542,172.09113080852,,97.99908513087,,97.99908513087,107.42836331843,78.740157480315,,,,1.19826420479462,,797.4006912000001
834.545,,,,,,,,,,,,,,797.4031296
834.6060000000001,,,,,,,,,,,,,,797.449764
834.664,,,,,,,,,,,,,,797.49396
834.695,143.28,172.11426401939,,97.95735463283,,97.95735463283,107.42836331843,84.05511811023621,,,,1.19826420479462,,797.5174296
834.7280000000001,,,,,,,,,,,,,,797.5430328
834.789,,,,,,,,,,,,,,797.5893624
834.847,143.571,172.13785082263,3085.938,97.62759297984002,,97.62759297984002,107.42836331843,90.3543307086614,,,,1.19826420479462,,797.6338632000001
834.887,,,,,,,,,,,,,,797.6640384
834.948,,,,,,,,,,,,,,797.7106727999999
834.99,,,,,,,,,,,,,,797.7432864
835.0,143.233,172.16098403349997,,97.71649708436,,97.71649708436,107.42836331843,98.42519685039368,,800.02001953125,1.20000004768372,1.19826420479462,5.8939599249574,797.7502967999999
835.039,,,,,,,,,,,,,,797.7804719999999
835.1030000000001,,,,,,,,,,,,,,797.8295448
835.1519999999999,143.692,172.183663652,,98.26806540628,,98.26806540628,107.42836331843,86.2204724409449,,,,1.19826420479462,,797.8667303999999
835.1669999999999,,,,,,,,,,,,,,797.8783128
835.2280000000001,,,,,,,,,,,,,,797.9249472
835.304,143.64,172.20770404761,3125.0,97.71150756829,,97.71150756829,107.42836331843,81.29921259842521,,,,1.19826420479462,,797.983164
835.35,,,,,,,,,,,,,,798.018216
835.405,,,,,,,,,,,,,,798.0599736
835.457,143.889,172.23174444321998,,97.68519921083,,97.68519921083,107.42836331843,87.7952755905512,,,,1.19826420479462,,798.0995975999999
835.4630000000001,,,,,,,,,,,,,,798.1041696000001
835.567,,,,,,,,,,,,,,798.1834176
835.6089999999999,143.821,172.25442406172002,,97.8716256749,,97.8716256749,107.42836331843,92.32283464566927,,,,1.19826420479462,,798.2160312000001
835.6210000000001,,,,,,,,,,,,,,798.2251752000001
835.743,,,,,,,,,,,,,,798.318444
835.762,143.69,172.27801086496,3125.0,100.3255603966,,100.3255603966,107.7145801039,189.173228346457,,,,1.19826420479462,,798.3324647999999
835.816,,,,,,,,,,,,,,798.3742223999999
835.914,143.739,172.30250485294,,98.66813387662,,98.66813387662,108.35051660664,75.39370078740158,,,,1.19826420479462,,798.4485936000001
835.948,,,,,,,,,,,,,,798.4741968
835.9989999999999,,,,,,,,,,800.849975585938,1.20000004768372,,6.923873047221051,
836.008,,,,,,,,,,,,,,798.5208312000001
836.066,143.833,172.32518447143997,,98.08572127354,,98.08572127354,108.35051660664,79.33070866141729,,,,1.19826420479462,,798.5650272
836.072,,,,,,,,,,,,,,798.5695992000001
836.13,,,,,,,,,,,,,,798.6137952
836.194,,,,,,,,,,,,,,798.6625632
836.2189999999999,143.615,172.34877127468002,3125.0,98.69398864171,,98.69398864171,108.35051660664,84.8425196850394,,,,1.19826420479462,,798.681156
836.255,,,,,,,,,,,,,,798.7091975999999
836.316,,,,,,,,,,,,,,798.755832
836.3710000000001,143.083,172.37190448555,,99.17116781495,,99.17116781495,108.35051660664,79.9212598425197,,,,1.19826420479462,,798.7975896
836.38,,,,,,,,,,,,,,798.8046
836.444,,,,,,,,,,,,,,798.8533679999999
836.502,,,,,,,,,,,,,,798.897564
836.5239999999999,143.36,172.39503769642,,99.25825754999,,99.25825754999,108.35051660664,82.08661417322841,,,,1.19826420479462,,798.9137184
836.566,,,,,,,,,,,,,,798.946332
836.627,,,,,,,,,,,,,,798.9929664
836.676,143.375,172.41862449965998,3085.938,99.61115241385,,99.61115241385,108.35051660664,79.7244094488189,,,,1.19826420479462,,799.0301519999999
836.691,,,,,,,,,,,,,,799.0417344
836.816,,,,,,,,,,,,,,799.136832
836.828,143.08,172.4422113029,,99.53086656435998,,99.53086656435998,108.35051660664,80.31496062992129,,,,1.19826420479462,,799.1462807999999
836.877,,,,,,,,,,,,,,799.1834664
836.938,,,,,,,,,,,,,,799.229796
836.9810000000001,143.68,172.46579810613997,,99.52315549407,,99.52315549407,108.35051660664,82.08661417322841,,,,1.19826420479462,,799.2624096
836.9989999999999,,,,,,,,,,801.650024414063,1.20000004768372,,7.02584457127112,799.2764304
837.063,,,,,,,,,,,,,,799.3251984
837.13,,,,,,,,,,,,,,799.3764047999999
837.133,143.667,172.48893131701,3125.0,99.6497077653,,99.6497077653,108.35051660664,79.33070866141729,,,,1.19826420479462,,799.3785383999999
837.191,,,,,,,,,,,,,,799.4227344
837.255,,,,,,,,,,,,,,799.4715024000001
837.2860000000001,143.167,172.51206452788003,,99.61750270703,,99.61750270703,108.35051660664,80.51181102362209,,,,1.19826420479462,,799.4946672
837.316,,,,,,,,,,,,,,799.517832
837.38,,,,,,,,,,,,,,799.5666
837.438,143.52,172.53519773875,,99.50864053823,,99.50864053823,108.35051660664,80.51181102362209,,,,1.19826420479462,,799.610796
837.441,,,,,,,,,,,,,,799.6132344
837.502,,,,,,,,,,,,,,799.6595639999999
837.572,,,,,,,,,,,,,,799.712904
837.59,143.417,172.55878454198998,3164.063,99.44423042169,,99.44423042169,108.35051660664,79.9212598425197,,,,1.19826420479462,,799.7269248
837.633,,,,,,,,,,,,,,799.7595384
837.691,,,,,,,,,,,,,,799.8034296
837.743,144.0,172.58191775286,,99.26687580502,,99.26687580502,108.35051660664,82.08661417322841,,,,1.19826420479462,,799.8430536000001
837.758,,,,,,,,,,,,,,799.854636
837.813,,,,,,,,,,,,,,799.8963936000001
837.8710000000001,,,,,,,,,,,,,,799.9405896000001
837.895,143.692,172.60505096373,,99.05867690719,,99.05867690719,108.35051660664,85.6299212598425,,,,1.19826420479462,,799.9591824
837.929,,,,,,,,,,,,,,799.9844807999999
837.987,,,,,,,,,,,,,,800.0286768
837.9989999999999,,,,,,,,,,802.47998046875,1.20000004768372,,6.49559215997214,
838.048,143.37,172.62863776696997,3125.0,99.00787456175,,99.00787456175,108.35051660664,86.41732283464572,,,,1.19826420479462,,800.0750063999999
838.1060000000001,,,,,,,,,,,,,,800.1192024000001
838.163,,,,,,,,,,,,,,800.1633984
838.2,143.28,172.65222457021,,99.36485175694,,99.36485175694,108.35051660664,83.66141732283471,,,,1.19826420479462,,800.1911352000001
838.227,,,,,,,,,,,,,,800.2118616
838.288,,,,,,,,,,,,,,800.258496
838.3489999999999,,,,,,,,,,,,,,800.3048256
838.352,143.68,172.67581137345002,,99.18477558605,,99.18477558605,108.35051660664,82.4803149606299,,,,1.19826420479462,,800.3069592
838.4069999999999,,,,,,,,,,,,,,800.3487167999999
838.4739999999999,,,,,,,,,,,,,,800.3999232000001
838.505,143.96,172.69849099195,3085.938,99.26687580502,,99.26687580502,108.35051660664,81.8897637795276,,,,1.19826420479462,,800.423088
838.538,,,,,,,,,,,,,,800.4486912000001
838.596,,,,,,,,,,,,,,800.4925824
838.654,,,,,,,,,,,,,,800.5367784
838.6569999999999,143.308,172.72253138756,,98.96342250949,,98.96342250949,108.35051660664,84.05511811023621,,,,1.19826420479462,,800.538912
838.712,,,,,,,,,,,,,,800.5806696000001
838.7760000000001,,,,,,,,,,,,,,800.6294376
838.81,143.88,172.74566459843,,98.97793746533002,,98.97793746533002,108.35051660664,82.4803149606299,,,,1.19826420479462,,800.6550407999999
838.8430000000001,,,,,,,,,,,,,,800.6803392
838.9010000000001,,,,,,,,,,,,,,800.7245352000001
838.962,143.56,172.76925140167,3125.0,98.81918013583,,98.81918013583,108.35051660664,82.28346456692921,,,,1.19826420479462,,800.7708647999999
838.9989999999999,,,,,,,,,,801.7899780273441,1.20000004768372,,7.505111463664349,
839.078,,,,,,,,,,,,,,800.8589519999999
839.1139999999999,143.37,172.79283820491,,98.43498739844,,98.43498739844,108.35051660664,87.40157480314959,,,,1.19826420479462,,800.8866887999999
839.1360000000001,,,,,,,,,,,,,,800.9028432
839.194,,,,,,,,,,,,,,800.9470392000001
839.2489999999999,,,,,,,,,,,,,,800.988492
839.2669999999999,143.519,172.81642500815,,97.93921093803002,,97.93921093803002,108.35051660664,87.7952755905512,,,,1.19826420479462,,801.0025128
839.303,,,,,,,,,,,,,,801.0302496
839.316,,,,,,,,,,,,,,801.0396984
839.419,143.622,172.83729025717,3125.0,98.25853996651,,98.25853996651,108.35051660664,,,,,1.19826420479462,,801.1183368
839.425,,,,,,,,,,,,,,801.1229088
839.541,,,,,,,,,,,,,,801.210996
839.572,143.741,172.86269142989,,98.16918226962,,98.16918226962,108.35051660664,,,,,1.19826420479462,,801.2341607999999
839.596,,,,,,,,,,,,,,801.2527536
839.709,,,,,,,,,,,,,,801.3384024000001
839.7239999999999,143.63,172.88582464076,3125.0,97.98411658266,,97.98411658266,108.35051660664,89.1732283464567,,,,1.19826420479462,,801.3499847999999
839.7639999999999,,,,,,,,,,,,,,801.3801599999999
839.822,,,,,,,,,,,,,,801.4240512
839.8760000000001,143.63,172.90941144400003,,98.12835895632,,98.12835895632,108.35051660664,88.97637795275591,,,,1.19826420479462,,801.4658088
839.9889999999999,,,,,,,,,,,,,,801.5514576
840.0010000000001,,,,,,,,,,801.4299926757809,1.20000004768372,,7.505111463664349,
840.029,143.63,172.93254465487,,98.0258470807,,98.0258470807,108.35051660664,88.58267716535441,,,,1.19826420479462,,801.581328
840.047,,,,,,,,,,,,,,801.5953488
840.105,,,,,,,,,,,,,,801.6392400000001
840.163,,,,,,,,,,,,,,801.6831312
840.181,143.643,172.95613145811,3125.0,98.05578417712,,98.05578417712,108.35051660664,89.1732283464567,,,,1.19826420479462,,801.697152
840.2180000000001,,,,,,,,,,,,,,801.7248887999999
840.273,,,,,,,,,,,,,,801.7666464
840.328,,,,,,,,,,,,,,801.8080992
840.334,143.704,172.97971826134997,,97.84304935559,,97.84304935559,108.35051660664,90.9448818897638,,,,1.19826420479462,,801.8129759999999
840.385,,,,,,,,,,,,,,801.8522952000001
840.44,,,,,,,,,,,,,,801.8937480000001
840.4860000000001,143.704,173.00285147222,,97.76639224506,,97.76639224506,108.35051660664,88.7795275590552,,,,1.19826420479462,,801.9284952
840.498,,,,,,,,,,,,,,801.9376392000001
840.559,,,,,,,,,,,,,,801.9839688
840.638,143.25,173.02643827546,3125.0,97.71558989962,,97.71558989962,108.35051660664,90.5511811023622,,,,1.19826420479462,,802.0440143999999
840.669,,,,,,,,,,,,,,802.0671792
840.721,,,,,,,,,,,,,,802.1064984
840.7760000000001,,,,,,,,,,,,,,802.148256
840.791,143.0,173.0500250787,,97.56862597174,,97.56862597174,108.35051660664,93.8976377952756,,,,1.19826420479462,,802.1598384
840.83,,,,,,,,,,,,,,802.1897088
840.882,,,,,,,,,,,,,,802.229028
840.937,,,,,,,,,,,,,,802.2707856000001
840.943,143.25,173.07361188194,3125.0,97.74099107234,,97.74099107234,108.35051660664,92.32283464566927,,,,1.19826420479462,,802.2753576
840.992,,,,,,,,,,,,,,802.3122384
841.0010000000001,,,,,,,,,,802.1799926757809,1.20000004768372,,7.790631731004571,
841.047,,,,,,,,,,,,,,802.353996
841.096,143.286,173.09719868518002,,97.54549276087,,97.54549276087,108.35051660664,92.32283464566927,,,,1.19826420479462,,802.3908767999999
841.0989999999999,,,,,,,,,,,,,,802.3933152000001
841.154,,,,,,,,,,,,,,802.434768
841.2080000000001,,,,,,,,,,,,,,802.4765256000001
841.248,143.893,173.12033189605,,97.79224701015,,97.79224701015,108.35051660664,91.9291338582677,,,,1.19826420479462,,802.506396
841.263,,,,,,,,,,,,,,802.5179784
841.321,,,,,,,,,,,,,,802.5618696
841.3789999999999,,,,,,,,,,,,,,802.6057607999999
841.4,143.692,173.14391869929,3125.0,98.24221064119,,98.24221064119,108.35051660664,85.6299212598425,,,,1.19826420479462,,802.6219152000001
841.437,,,,,,,,,,,,,,802.649652
841.498,,,,,,,,,,,,,,802.6959816000001
841.553,143.0,173.16705191016004,,98.49712955313,,98.49712955313,108.35051660664,87.59842519685041,,,,1.19826420479462,,802.7374344
841.559,,,,,,,,,,,,,,802.7423112
841.623,,,,,,,,,,,,,,802.7907744
841.684,,,,,,,,,,,,,,802.8367992000001
841.705,143.64,173.19109230576998,,97.99092046821,,97.99092046821,108.35051660664,81.496062992126,,,,1.19826420479462,,802.8529536
841.7360000000001,,,,,,,,,,,,,,802.8761184
841.791,,,,,,,,,,,,,,802.9175712
841.8580000000001,143.333,173.21377192427,3125.0,98.09116438198,,98.09116438198,108.35051660664,90.748031496063,,,,1.19826420479462,,802.9684728
841.903,,,,,,,,,,,,,,803.00322
841.9639999999999,,,,,,,,,,,,,,803.0492448
842.0010000000001,,,,,,,,,,802.9299926757809,1.20000004768372,,8.259701714112081,
842.01,143.63,173.23690513514,,97.95281870913,,97.95281870913,108.35051660664,87.59842519685041,,,,1.19826420479462,,803.083992
842.025,,,,,,,,,,,,,,803.0955744
842.074,,,,,,,,,,,,,,803.1324552
842.138,,,,,,,,,,,,,,803.1809184
842.1619999999999,143.286,173.26049193838,,97.74416621893,,97.74416621893,108.35051660664,90.748031496063,,,,1.19826420479462,,803.1995112000001
842.19,,,,,,,,,,,,,,803.2202376
842.2510000000001,,,,,,,,,,,,,,803.2662624
842.315,143.692,173.28407874162,3085.938,97.87253285964,,97.87253285964,108.35051660664,86.81102362204729,,,,1.19826420479462,,803.3147256
842.367,,,,,,,,,,,,,,803.3540448
842.425,,,,,,,,,,,,,,803.3979360000001
842.467,143.37,173.30766554486,,97.80676196599,,97.80676196599,108.35051660664,88.58267716535441,,,,1.19826420479462,,803.4302448
842.4760000000001,,,,,,,,,,,,,,803.4369504
842.5369999999999,,,,,,,,,,,,,,803.48328
842.586,,,,,,,,,,,,,,803.5201607999999
842.62,144.0,173.33079875573003,3085.938,97.70515727511,,97.70515727511,108.35051660664,88.97637795275591,,,,1.19826420479462,,803.5454592
842.6439999999999,,,,,,,,,,,,,,803.564052
842.7719999999999,143.786,173.3539319666,,97.48244342144,,97.48244342144,108.35051660664,89.9606299212599,,,,1.19826420479462,,803.6606736
842.806,,,,,,,,,,,,,,803.6862768
842.86,,,,,,,,,,,,,,803.7277296
842.921,,,,,,,,,,,,,,803.7737544
842.924,143.321,173.37751876983998,,97.60083103001,,97.60083103001,108.35051660664,93.1102362204725,,,,1.19826420479462,,803.7761928
842.9760000000001,,,,,,,,,,,,,,803.8152072
843.0010000000001,,,,,,,,,,803.6699829101559,1.20000004768372,,8.08634939386908,
843.034,,,,,,,,,,,,,,803.8590984
843.077,143.321,173.40110557307997,3125.0,97.48788652988002,,97.48788652988002,108.35051660664,91.14173228346458,,,,1.19826420479462,,803.8914072000001
843.086,,,,,,,,,,,,,,803.8984176
843.1410000000001,,,,,,,,,,,,,,803.9398704
843.196,,,,,,,,,,,,,,803.9813232000001
843.2230000000001,,,,,,,,,,,,,,804.0020496000001
843.2289999999999,129.357,173.42741393054,,99.04053321239,,99.04053321239,108.35051660664,185.23622047244095,,,,1.19826420479462,,804.0066216
843.299,,,,,,,,,,,,,,804.0596568
843.382,104.0,173.4491863643,3085.938,94.81169154688,,94.81169154688,108.35051660664,93.1102362204725,,,,1.19826420479462,,804.121836
843.388,,,,,,,,,,,,,,804.126408
843.427,,,,,,,,,,,,,,804.1565832
843.4639999999999,,,,,,,,,,,,,,804.1840152000001
843.5219999999999,,,,,,,,,,,,,,804.2279063999999
843.534,104.0,173.47005161332,,90.71121652208,,90.71121652208,108.35051660664,112.40157480315,,,,1.19826420479462,,804.2370503999999
843.571,,,,,,,,,,,,,,804.2647872
843.622,,,,,,,,,,,,,,804.3038015999999
843.668,,,,,,,,,,,,,,804.3385488
843.686,104.0,173.49454560130002,,87.96607549884001,,87.96607549884001,108.35051660664,102.755905511811,,,,1.19826420479462,,804.3522648
843.717,,,,,,,,,,,,,,804.3754296
843.775,,,,,,,,,,,,,,804.419016
843.824,,,,,,,,,,,,,,804.4558967999999
843.8389999999999,45.067,173.51813240453998,3125.0,88.50993275046999,,88.50993275046999,108.35051660664,96.6535433070866,,,,1.19826420479462,,804.4674792000001
843.875,,,,,,,,,,,,,,804.495216
843.924,,,,,,,,,,,,,,804.5320968
843.9760000000001,,,,,,,,,,,,,,804.5711112
843.9910000000001,0.0,173.54126561541,,88.60110481684,,88.60110481684,108.35051660664,98.0314960629922,,,,1.19826420479462,,804.5826936000001
844.0,,,,,1.20000004768372,,,,811.0,,,,,
844.028,,,,,,,,,,,,,,804.6101256000001
844.08,,,,,,,,,,,,,,804.6494448
844.1339999999999,,,,,,,,,,,,,,804.6908976
844.1439999999999,0.0,173.56439882628,,88.87053868462,,88.87053868462,108.35051660664,96.8503937007874,,,,1.19826420479462,,804.6976032
844.186,,,,,,,,,,,,,,804.729912
844.232,,,,,,,,,,,,,,804.7646592
844.296,0.0,173.58798562952,3125.0,88.49088187093001,,88.49088187093001,108.35051660664,101.574803149606,,,,1.19826420479462,,804.8128176
844.336,,,,,,,,,,,,,,804.842688
844.3839999999999,,,,,,,,,,,,,,804.8795687999999
844.439,,,,,,,,,,,,,,804.9210216
844.448,0.0,173.61111884038996,,88.86600276092,,88.86600276092,108.35051660664,96.6535433070866,,,,1.19826420479462,,804.928032
844.4939999999999,,,,,,,,,,,,,,804.9624744
844.546,,,,,,,,,,,,,,805.0014888
844.595,,,,,,,,,,,,,,805.0383696
844.6010000000001,0.0,173.63470564363,,88.61244462609001,,88.61244462609001,108.35051660664,100.393700787402,,,,1.19826420479462,,805.0429416000001
844.637,,,,,,,,,,,,,,805.0706784
844.683,,,,,,,,,,,,,,805.1051208
844.7260000000001,,,,,,,,,,,,,,805.1374296
844.753,0.0,173.6578388545,3085.938,88.70996698564001,,88.70996698564001,108.35051660664,112.40157480315,,,,1.19826420479462,,805.158156
844.7710000000001,,,,,,,,,,,,,,805.171872
844.82,,,,,,,,,,,,,,805.2087528
844.863,,,,,,,,,,,,,,805.2407568
844.9060000000001,0.0,173.68187925011003,,89.09325253829,,89.09325253829,108.35051660664,112.795275590551,,,,1.19826420479462,,805.2730656
844.954,,,,,,,,,,,,,,805.3099464
844.997,,,,,,,,,,,,,,805.3419504
845.043,,,,,,,,,,,,,,805.3763928
845.058,0.0,173.70501246098,,88.94628861041001,,88.94628861041001,108.35051660664,109.645669291339,,,,1.19826420479462,,805.3879752
845.082,,,,,,,,,,,,,,805.4062632
845.125,,,,,,,,,,,,,,805.438572
845.21,0.0,173.72905285659002,3125.0,88.93177365457,,88.93177365457,108.35051660664,149.015748031496,,,,1.19826420479462,,805.5028848
845.216,,,,,,,,,,,,,,805.5074568
845.2410000000001,,,,,,,,,,,,,,805.5260496000001
845.284,,,,,,,,,,,,,,805.5580536
845.335,,,,,,,,,,,,,,805.5973727999999
845.363,0.0,173.74991810561002,,89.91833705932,,89.91833705932,108.35051660664,123.031496062992,,,,1.19826420479462,,805.6177944
845.3839999999999,,,,,,,,,,,,,,805.6339488
845.43,,,,,,,,,,,,,,805.6683912000001
845.4789999999999,,,,,,,,,,,,,,805.7052719999999
845.515,0.0,173.77486568596,,88.677308335,,88.677308335,108.35051660664,105.511811023622,,,,1.19826420479462,,805.732704
845.5269999999999,,,,,,,,,,,,,,805.7421528
845.625,,,,,,,,,,,,,,805.8156096
845.668,0.0,173.79890608156998,3125.0,88.59883685499001,,88.59883685499001,108.35051660664,106.692913385827,,,,1.19826420479462,,805.8476136
845.671,,,,,,,,,,,,,,805.850052
845.7130000000001,,,,,,,,,,,,,,805.8820559999999
845.762,,,,,,,,,,,,,,805.9189368
845.811,,,,,,,,,,,,,,805.9558176
845.82,0.0,173.82158570007,,88.75804777686,,88.75804777686,108.35051660664,107.48031496063,,,,1.19826420479462,,805.9625232000001
845.86,,,,,,,,,,,,,,805.9923936
845.905,,,,,,,,,,,,,,806.026836
845.951,,,,,,,,,,,,,,806.0612784
845.972,0.0,173.84517250331,,88.52762285290001,,88.52762285290001,108.35051660664,106.102362204724,,,,1.19826420479462,,806.0774328
845.997,,,,,,,,,,,,,,806.0957208
846.0939999999999,,,,,,,,,,,,,,806.1691776
846.125,0.0,173.86830571418,3125.0,88.6228772506,,88.6228772506,108.35051660664,103.346456692913,,,,1.19826420479462,,806.1923423999999
846.143,,,,,,,,,,,,,,806.2060584
846.2310000000001,,,,,,,,,,,,,,806.2725048
846.2769999999999,0.0,173.89234610979,,88.33620687275999,,88.33620687275999,108.35051660664,116.141732283465,,,,1.19826420479462,,806.3069472
846.314,,,,,,,,,,,,,,806.334684
846.3560000000001,,,,,,,,,,,,,,806.366688
846.408,,,,,,,,,,,,,,806.4057024
846.43,0.0,173.91502572828998,3125.0,88.48816031671,,88.48816031671,108.35051660664,113.188976377953,,,,1.19826420479462,,806.4218568
846.451,,,,,,,,,,,,,,806.4380112000001
846.497,,,,,,,,,,,,,,806.4724536
846.545,,,,,,,,,,,,,,806.5090296
846.582,0.0,173.93861253153,,89.11502497205,,89.11502497205,108.35051660664,110.236220472441,,,,1.19826420479462,,806.5367664
846.5880000000001,,,,,,,,,,,,,,806.5413384
846.637,,,,,,,,,,,,,,806.5779143999999
846.68,,,,,,,,,,,,,,806.6099184
846.7280000000001,,,,,,,,,,,,,,806.6467992
846.7339999999999,0.0,173.96219933477002,,89.30870891404,,89.30870891404,108.35051660664,110.433070866142,,,,1.19826420479462,,806.6513712000001
846.7739999999999,,,,,,,,,,,,,,806.6812416
846.823,,,,,,,,,,,,,,806.7178176
846.887,0.0,173.98533254564,3125.0,89.60127599269,,89.60127599269,108.35051660664,109.842519685039,,,,1.19826420479462,,806.765976
846.914,,,,,,,,,,,,,,806.7867024
846.957,,,,,,,,,,,,,,806.8187063999999
847.0,,,,,,,,,,,,,,806.8510152000001
847.039,0.0,174.00937294125,,89.18623897414,,89.18623897414,108.35051660664,115.748031496063,,,,1.19826420479462,,806.8808856
847.073,,,,,,,,,,,,,,806.9058792000001
847.1,,,,,,,,,,,,,,806.9266056
847.128,,,,,,,,,,,,,,806.9473320000001
847.17,,,,,,,,,,,,,,806.979336
847.192,0.0,174.03114537501,,90.29481872642,,90.29481872642,108.35051660664,146.259842519685,,,,1.19826420479462,,806.9954904
847.216,,,,,,,,,,,,,,807.0137784
847.341,,,,,,,,,,,,,,807.1076568
847.3439999999999,0.0,174.05609295536,3125.0,89.54185539222,,89.54185539222,108.35051660664,121.062992125984,,,,1.19826420479462,,807.1100952
847.368,,,,,,,,,,,,,,807.1283832
847.3960000000001,,,,,,,,,,,,,,807.1491096
847.429,,,,,,,,,,,,,,807.174408
847.4780000000001,,,,,,,,,,,,,,807.2109839999999
847.4960000000001,0.0,174.07741179675,,90.38871234701,,90.38871234701,108.35051660664,141.535433070866,,,,1.19826420479462,,807.2247
847.5269999999999,,,,,,,,,,,,,,807.2475599999999
847.573,,,,,,,,,,,,,,807.2820024
847.615,,,,,,,,,,,,,,807.3140063999999
847.6489999999999,0.0,174.10281296947,3085.938,89.52870121349001,,89.52870121349001,108.35051660664,110.433070866142,,,,1.19826420479462,,807.3393047999999
847.6610000000001,,,,,,,,,,,,,,807.3484488
847.704,,,,,,,,,,,,,,807.3804528
847.752,,,,,,,,,,,,,,807.4173336
847.795,,,,,,,,,,,,,,807.4493376
847.801,0.0,174.12594618034,,89.36313999844,,89.36313999844,108.35051660664,116.535433070866,,,,1.19826420479462,,807.4539096
847.8380000000001,,,,,,,,,,,,,,807.4813416000001
847.883,,,,,,,,,,,,,,807.5157839999999
847.926,,,,,,,,,,,,,,807.547788
847.954,0.0,174.14953298358003,,89.40260253463,,89.40260253463,108.35051660664,114.173228346457,,,,1.19826420479462,,807.5685143999999
847.9689999999999,,,,,,,,,,,,,,807.579792
847.9960000000001,,,,,,,,,,,,,,807.6005183999999
879.9580000000001,,,,,,,,,,,,,,
880.11,,,,,,,,,,,,,,
880.262,,,,,,,,,,,,,,
880.415,,,,,,,,,,,,,,
880.567,,,,,,,,,,,,,,
880.72,,,,,,,,,,,,,,
880.872,,,,,,,,,,,,,,
881.0239999999999,,,,,,,,,,,,,,
881.177,,,,,,,,,,,,,,
881.329,,,,,,,,,,,,,,
881.482,,,,,,,,,,,,,,
881.6339999999999,,,,,,,,,,,,,,
881.7860000000001,,,,,,,,,,,,,,
881.939,,,,,,,,,,,,,,
882.091,,,,,,,,,,,,,,
882.2439999999999,,,,,,,,,,,,,,
882.3960000000001,,,,,,,,,,,,,,
882.548,,,,,,,,,,,,,,
882.701,,,,,,,,,,,,,,
882.8530000000001,,,,,,,,,,,,,,
883.0060000000001,,,,,,,,,,,,,,
883.158,,,,,,,,,,,,,,
883.31,,,,,,,,,,,,,,
883.4630000000001,,,,,,,,,,,,,,
883.615,,,,,,,,,,,,,,
883.768,,,,,,,,,,,,,,
883.92,,,,,,,,,,,,,,
884.072,,,,,,,,,,,,,,
884.225,,,,,,,,,,,,,,
884.377,,,,,,,,,,,,,,
884.53,,,,,,,,,,,,,,
884.682,,,,,,,,,,,,,,
884.834,,,,,,,,,,,,,,
884.987,,,,,,,,,,,,,,
885.1389999999999,,,,,,,,,,,,,,
885.2919999999999,,,,,,,,,,,,,,
885.444,,,,,,,,,,,,,,
885.596,,,,,,,,,,,,,,
885.7489999999999,,,,,,,,,,,,,,
885.9010000000001,,,,,,,,,,,,,,
886.054,,,,,,,,,,,,,,
886.206,,,,,,,,,,,,,,
886.3580000000001,,,,,,,,,,,,,,
886.5110000000001,,,,,,,,,,,,,,
886.663,,,,,,,,,,,,,,
886.816,,,,,,,,,,,,,,
886.9680000000001,,,,,,,,,,,,,,
887.12,,,,,,,,,,,,,,
887.273,,,,,,,,,,,,,,
887.425,,,,,,,,,,,,,,
887.578,,,,,,,,,,,,,,
887.73,,,,,,,,,,,,,,
887.882,,,,,,,,,,,,,,
888.0010000000001,,,,,,,,,,,,,,836.3516927999999
888.035,,,,,,,,,,,,,,
888.154,,,,,,,,,,,,,,836.456544
888.187,,,,,,,,,,,,,,
888.306,,,,,,,,,,,,,,836.5613952000001
888.34,,,,,,,,,,,,,,
888.4580000000001,,,,,,,,,,,,,,836.6659416
888.492,,,,,,,,,,,,,,
888.6110000000001,,,,,,,,,,,,,,836.7707928
888.6439999999999,,,,,,,,,,,,,,
888.763,,,,,,,,,,,,,,836.8756440000001
888.797,,,,,,,,,,,,,,
888.916,,,,,,,,,,,,,,836.9801904
888.949,,,,,,,,,,,,,,
889.068,,,,,,,,,,,,,,837.0850416000001
889.102,,,,,,,,,,,,,,
889.22,,,,,,,,,,,,,,837.189588
889.2539999999999,,,,,,,,,,,,,,
889.373,,,,,,,,,,,,,,837.2944392
889.4060000000001,,,,,,,,,,,,,,
889.525,,,,,,,,,,,,,,837.3989856000001
889.559,,,,,,,,,,,,,,
889.678,,,,,,,,,,,,,,837.5035320000001
889.711,,,,,,,,,,,,,,
889.83,,,,,,,,,,,,,,837.6080784
889.8639999999999,,,,,,,,,,,,,,
889.982,,,,,,,,,,,,,,837.7126248
890.0160000000001,,,,,,,,,,,,,,
890.135,,,,,,,,,,,,,,837.8171712000001
890.168,,,,,,,,,,,,,,
890.2869999999999,,,,,,,,,,,,,,837.9214128
890.321,,,,,,,,,,,,,,
890.44,,,,,,,,,,,,,,838.0259592
890.4730000000001,,,,,,,,,,,,,,
890.592,,,,,,,,,,,,,,838.1302007999999
890.6260000000001,,,,,,,,,,,,,,
890.7439999999999,,,,,,,,,,,,,,838.2347472
890.778,,,,,,,,,,,,,,
890.8969999999999,,,,,,,,,,,,,,838.3389887999999
890.93,,,,,,,,,,,,,,
891.049,,,,,,,,,,,,,,838.4435352
891.0830000000001,,,,,,,,,,,,,,
891.202,,,,,,,,,,,,,,838.5477768
891.235,,,,,,,,,,,,,,
891.3539999999999,,,,,,,,,,,,,,838.6520184
891.388,,,,,,,,,,,,,,
891.5060000000001,,,,,,,,,,,,,,838.75626
891.54,,,,,,,,,,,,,,
891.659,,,,,,,,,,,,,,838.8605016
891.692,,,,,,,,,,,,,,
891.811,,,,,,,,,,,,,,838.9647432
891.845,,,,,,,,,,,,,,
891.9639999999999,,,,,,,,,,,,,,839.0686800000001
891.997,,,,,,,,,,,,,,
892.1160000000001,,,,,,,,,,,,,,839.1729216
892.15,,,,,,,,,,,,,,
892.268,,,,,,,,,,,,,,839.2768583999999
892.302,,,,,,,,,,,,,,
892.421,,,,,,,,,,,,,,839.3811
892.454,,,,,,,,,,,,,,
892.573,,,,,,,,,,,,,,839.4850367999999
892.607,,,,,,,,,,,,,,
892.7260000000001,,,,,,,,,,,,,,839.5889735999999
892.7589999999999,,,,,,,,,,,,,,
892.878,,,,,,,,,,,,,,839.6932152
892.9119999999999,,,,,,,,,,,,,,
893.03,,,,,,,,,,,,,,839.797152
893.064,,,,,,,,,,,,,,
893.183,,,,,,,,,,,,,,839.9010888
893.216,,,,,,,,,,,,,,
893.335,,,,,,,,,,,,,,840.0050256000001
893.3689999999999,,,,,,,,,,,,,,
893.488,,,,,,,,,,,,,,840.1086575999999
893.5210000000001,,,,,,,,,,,,,,
893.64,,,,,,,,,,,,,,840.2125944000001
893.674,,,,,,,,,,,,,,
893.7919999999999,,,,,,,,,,,,,,840.3165312000001
893.826,,,,,,,,,,,,,,
893.945,,,,,,,,,,,,,,840.4201632000002
893.9780000000001,,,,,,,,,,,,,,
894.097,,,,,,,,,,,,,,840.5241
894.1310000000001,,,,,,,,,,,,,,
894.25,,,,,,,,,,,,,,840.627732
894.283,,,,,,,,,,,,,,
894.4019999999999,,,,,,,,,,,,,,840.7313640000001
894.436,,,,,,,,,,,,,,
894.554,,,,,,,,,,,,,,840.834996
894.5880000000001,,,,,,,,,,,,,,
894.707,,,,,,,,,,,,,,840.9389328
894.74,,,,,,,,,,,,,,
894.8589999999999,,,,,,,,,,,,,,841.0425648
894.893,,,,,,,,,,,,,,
895.012,,,,,,,,,,,,,,841.145892
895.045,,,,,,,,,,,,,,
895.164,,,,,,,,,,,,,,841.2495240000001
895.198,,,,,,,,,,,,,,
895.316,,,,,,,,,,,,,,841.353156
895.35,,,,,,,,,,,,,,
895.4689999999999,,,,,,,,,,,,,,841.4567880000001
895.502,,,,,,,,,,,,,,
895.6210000000001,,,,,,,,,,,,,,841.5601152
895.655,,,,,,,,,,,,,,
895.7739999999999,,,,,,,,,,,,,,841.6634424
895.807,,,,,,,,,,,,,,
895.926,,,,,,,,,,,,,,841.7670744
895.96,,,,,,,,,,,,,,
896.078,,,,,,,,,,,,,,841.8704016
896.112,,,,,,,,,,,,,,
896.2310000000001,,,,,,,,,,,,,,841.9737287999999
896.2639999999999,,,,,,,,,,,,,,
896.383,,,,,,,,,,,,,,842.0770560000001
896.4169999999999,,,,,,,,,,,,,,
896.5360000000001,,,,,,,,,,,,,,842.1803832
896.569,,,,,,,,,,,,,,
896.688,,,,,,,,,,,,,,842.2837104
896.722,,,,,,,,,,,,,,
896.84,,,,,,,,,,,,,,842.3870376
896.8739999999999,,,,,,,,,,,,,,
896.993,,,,,,,,,,,,,,842.4903648
897.0260000000001,,,,,,,,,,,,,,
897.145,,,,,,,,,,,,,,842.5933872000002
897.179,,,,,,,,,,,,,,
897.298,,,,,,,,,,,,,,842.6967143999999
897.331,,,,,,,,,,,,,,
897.45,,,,,,,,,,,,,,842.7997367999999
897.4839999999999,,,,,,,,,,,,,,
897.602,,,,,,,,,,,,,,842.9027592
897.6360000000001,,,,,,,,,,,,,,
897.755,,,,,,,,,,,,,,843.0060864
897.788,,,,,,,,,,,,,,
897.9069999999999,,,,,,,,,,,,,,843.1091088
897.941,,,,,,,,,,,,,,
898.06,,,,,,,,,,,,,,843.2121312
898.0930000000001,,,,,,,,,,,,,,
898.212,,,,,,,,,,,,,,843.3151536
898.2460000000001,,,,,,,,,,,,,,
898.3639999999999,,,,,,,,,,,,,,843.418176
898.398,,,,,,,,,,,,,,
898.5169999999999,,,,,,,,,,,,,,843.5208936
898.55,,,,,,,,,,,,,,
898.669,,,,,,,,,,,,,,843.623916
898.703,,,,,,,,,,,,,,
898.822,,,,,,,,,,,,,,843.7269384
898.855,,,,,,,,,,,,,,
898.9739999999999,,,,,,,,,,,,,,843.829656
899.008,,,,,,,,,,,,,,
899.1260000000001,,,,,,,,,,,,,,843.9326784
899.16,,,,,,,,,,,,,,
899.279,,,,,,,,,,,,,,844.0353960000001
899.312,,,,,,,,,,,,,,
899.431,,,,,,,,,,,,,,844.1381136
899.465,,,,,,,,,,,,,,
899.584,,,,,,,,,,,,,,844.2408312000001
899.617,,,,,,,,,,,,,,
899.7360000000001,,,,,,,,,,,,,,844.3435488
899.77,,,,,,,,,,,,,,
899.888,,,,,,,,,,,,,,844.4462663999999
899.922,,,,,,,,,,,,,,
900.041,,,,,,,,,,,,,,844.548984
900.074,0.0,117.5892859988,,86.73593299139999,,86.73593299139999,97.5994702529,,,,1.19826420479462,,,844.5715392000001
900.227,0.0,117.616501541,,86.5771756619,,86.5771756619,97.5994702529,,,,1.19826420479462,,,844.6742568
900.3789999999999,0.0,117.616501541,,86.5771756619,,86.5771756619,97.5994702529,,,,1.19826420479462,,,844.7766696
900.5319999999999,0.0,117.6391811595,,86.4048105613,,86.4048105613,97.5994702529,,,,1.19826420479462,,,844.8793872000001
900.684,0.0,117.6391811595,,86.4048105613,,86.4048105613,97.5994702529,,,,1.19826420479462,,,844.9818
900.836,0.0,117.6573248543,,86.2551250792,,86.2551250792,97.5994702529,,,,1.19826420479462,,,845.0845176000001
900.989,0.0,117.6754685491,,86.26873285030001,,86.26873285030001,97.5994702529,,,,1.19826420479462,,,845.1869303999999
901.141,0.0,117.6754685491,,86.26873285030001,,86.26873285030001,97.5994702529,,,,1.19826420479462,,,845.2893432
901.294,0.0,117.6981481676,,86.318628011,,86.318628011,97.5994702529,,,,1.19826420479462,,,845.3917560000001
901.446,0.0,117.6981481676,,86.318628011,,86.318628011,97.5994702529,,,,1.19826420479462,,,845.4941687999999
901.598,0.0,117.7162918624,,85.9330744965,,85.9330744965,97.5994702529,,,,1.19826420479462,,,845.5965815999999
901.751,0.0,117.7162918624,,85.9330744965,,85.9330744965,97.5994702529,,,,1.19826420479462,,,845.6989944000001
901.903,0.0,117.7389714809,,86.44563387459999,,86.44563387459999,97.5994702529,,,,1.19826420479462,,,845.8014072000001
902.056,0.0,117.7389714809,,86.44563387459999,,86.44563387459999,97.5994702529,,,,1.19826420479462,,,845.9035152
902.208,0.0,117.7571151757,,86.1961580711,,86.1961580711,97.5994702529,,,,1.19826420479462,,,846.0059279999999
902.36,0.0,117.7752588705,,86.01472112309999,,86.01472112309999,97.5994702529,,,,1.19826420479462,,,846.108036
902.513,0.0,117.7752588705,,86.01472112309999,,86.01472112309999,97.5994702529,,,,1.19826420479462,,,846.2104488
902.665,0.0,117.797938489,,85.9013230306,,85.9013230306,97.5994702529,,,,1.19826420479462,,,846.3125568
902.818,0.0,117.797938489,,85.9013230306,,85.9013230306,97.5994702529,,,,1.19826420479462,,,846.4146648
902.97,0.0,117.8160821838,,86.1099755208,,86.1099755208,97.5994702529,,,,1.19826420479462,,,846.5167728
903.122,0.0,117.8160821838,,86.1099755208,,86.1099755208,97.5994702529,,,,1.19826420479462,,,846.6188808
903.275,0.0,117.8387618023,,86.3367717058,,86.3367717058,97.5994702529,,,,1.19826420479462,,,846.7209888
903.427,0.0,117.8387618023,,86.3367717058,,86.3367717058,97.5994702529,,,,1.19826420479462,,,846.8230968
903.58,0.0,117.8569054971,,86.10543959709999,,86.10543959709999,97.5994702529,,,,1.19826420479462,,,846.9249
903.723,,,,,,,,,,,,,,
903.732,0.0,117.8795851156,,86.1190473682,,86.1190473682,97.5994702529,,,,1.19826420479462,,,847.027008
903.884,0.0,117.8795851156,,86.1190473682,,86.1190473682,97.5994702529,,,,1.19826420479462,,,847.1288112
904.037,0.0,117.8977288104,,85.98296965719999,,85.98296965719999,97.5994702529,,,,1.19826420479462,,,847.2309192
904.189,0.0,117.8977288104,,85.98296965719999,,85.98296965719999,97.5994702529,,,,1.19826420479462,,,847.3327224
904.342,0.0,117.9204084289,,85.9738978098,,85.9738978098,97.5994702529,,,,1.19826420479462,,,847.4345256000001
904.494,0.0,117.9204084289,,85.9738978098,,85.9738978098,97.5994702529,,,,1.19826420479462,,,847.5366336000001
904.646,0.0,117.9385521237,,86.14172698670001,,86.14172698670001,97.5994702529,,,,1.19826420479462,,,847.6384367999999
904.799,0.0,117.9385521237,,86.14172698670001,,86.14172698670001,97.5994702529,,,,1.19826420479462,,,847.7399352
904.951,0.0,117.9612317422,,85.8604997173,,85.8604997173,97.5994702529,,,,1.19826420479462,,,847.8417383999999
905.104,0.0,117.979375437,,85.91946672540001,,85.91946672540001,97.5994702529,,,,1.19826420479462,,,847.9435416000001
905.256,0.0,117.979375437,,85.91946672540001,,85.91946672540001,97.5994702529,,,,1.19826420479462,,,848.0453447999998
905.408,0.0,118.0020550555,,85.4885539739,,85.4885539739,97.5994702529,,,,1.19826420479462,,,848.1468432
905.561,0.0,118.0020550555,,85.4885539739,,85.4885539739,97.5994702529,,,,1.19826420479462,,,848.2486464
905.713,0.0,118.0201987503,,85.1574315438,,85.1574315438,97.5994702529,,,,1.19826420479462,,,848.3501447999998
905.866,0.0,118.0201987503,,85.1574315438,,85.1574315438,97.5994702529,,,,1.19826420479462,,,848.4516432
906.018,0.0,118.0428783688,,85.3071170259,,85.3071170259,97.5994702529,,,,1.19826420479462,,,848.5534464
906.17,0.0,118.0428783688,,85.3071170259,,85.3071170259,97.5994702529,,,,1.19826420479462,,,848.6549447999998
906.323,0.0,118.0610220636,,84.8535246559,,84.8535246559,97.5994702529,,,,1.19826420479462,,,848.7564432
906.475,0.0,118.0610220636,,84.8535246559,,84.8535246559,97.5994702529,,,,1.19826420479462,,,848.8579416000001
906.628,0.0,118.08370168209998,,84.6584799368,,84.6584799368,97.5994702529,,,,1.19826420479462,,,848.9591352
906.765,,,,,,,,,,,,,,
906.78,0.0,118.1018453769,,84.9260994351,,84.9260994351,97.5994702529,,,,1.19826420479462,,,849.0606336000001
906.932,0.0,118.1018453769,,84.9260994351,,84.9260994351,97.5994702529,,,,1.19826420479462,,,849.162132
907.085,0.0,118.1245249954,,84.9533149773,,84.9533149773,97.5994702529,,,,1.19826420479462,,,849.2633256000001
907.237,0.0,118.1245249954,,84.9533149773,,84.9533149773,97.5994702529,,,,1.19826420479462,,,849.364824
907.39,0.0,118.1472046139,,85.02588975649999,,85.02588975649999,97.5994702529,,,,1.19826420479462,,,849.4660176000001
907.542,0.0,118.1472046139,,85.02588975649999,,85.02588975649999,97.5994702529,,,,1.19826420479462,,,849.5672112
907.694,0.0,118.1653483087,,85.03042568020001,,85.03042568020001,97.5994702529,,,,1.19826420479462,,,849.6687096
907.847,0.0,118.1653483087,,85.03042568020001,,85.03042568020001,97.5994702529,,,,1.19826420479462,,,849.7699031999999
907.999,0.0,118.1880279272,,84.7582702582,,84.7582702582,97.5994702529,,,,1.19826420479462,,,849.8710968
908.152,0.0,118.1880279272,,84.7582702582,,84.7582702582,97.5994702529,,,,1.19826420479462,,,849.9719856
908.304,0.0,118.206171622,,84.7355906397,,84.7355906397,97.5994702529,,,,1.19826420479462,,,850.0731792000001
908.456,0.0,118.206171622,,84.7355906397,,84.7355906397,97.5994702529,,,,1.19826420479462,,,850.1743728
908.609,0.0,118.2288512405,,84.90341981659999,,84.90341981659999,97.5994702529,,,,1.19826420479462,,,850.2755663999999
908.761,0.0,118.251530859,,85.0122819854,,85.0122819854,97.5994702529,,,,1.19826420479462,,,850.3764552000001
908.914,0.0,118.251530859,,85.0122819854,,85.0122819854,97.5994702529,,,,1.19826420479462,,,850.4773439999999
909.066,0.0,118.2696745538,,84.9805305195,,84.9805305195,97.5994702529,,,,1.19826420479462,,,850.5785376
909.218,0.0,118.2696745538,,84.9805305195,,84.9805305195,97.5994702529,,,,1.19826420479462,,,850.6794264
909.371,0.0,118.2923541723,,85.1619674675,,85.1619674675,97.5994702529,,,,1.19826420479462,,,850.7803152
909.523,0.0,118.2923541723,,85.1619674675,,85.1619674675,97.5994702529,,,,1.19826420479462,,,850.8812039999999
909.676,0.0,118.3104978671,,85.6609190745,,85.6609190745,97.5994702529,,,,1.19826420479462,,,850.9820927999999
909.828,0.0,118.3104978671,,85.6609190745,,85.6609190745,97.5994702529,,,,1.19826420479462,,,851.0829815999999
909.871,,,,,,,,,,,,,,
909.98,0.0,118.3331774856,,85.7879249381,,85.7879249381,97.5994702529,,,,1.19826420479462,,,851.1838704
910.133,0.0,118.3331774856,,85.7879249381,,85.7879249381,97.5994702529,,,,1.19826420479462,,,851.2844544
910.285,0.0,118.3558571041,,85.6246316849,,85.6246316849,97.5994702529,,,,1.19826420479462,,,851.3853432
910.438,0.0,118.3558571041,,85.6246316849,,85.6246316849,97.5994702529,,,,1.19826420479462,,,851.4859272
910.59,0.0,118.3740007989,,85.6427753797,,85.6427753797,97.5994702529,,,,1.19826420479462,,,851.586816
910.742,0.0,118.3966804174,,85.71535015890001,,85.71535015890001,97.5994702529,,,,1.19826420479462,,,851.6874
910.895,0.0,118.3966804174,,85.71535015890001,,85.71535015890001,97.5994702529,,,,1.19826420479462,,,851.7879839999999
911.047,0.0,118.4193600359,,85.7561734722,,85.7561734722,97.5994702529,,,,1.19826420479462,,,851.888568
911.2,0.0,118.4193600359,,85.7561734722,,85.7561734722,97.5994702529,,,,1.19826420479462,,,851.989152
911.352,0.0,118.4375037307,,86.06461628379999,,86.06461628379999,97.5994702529,,,,1.19826420479462,,,852.0897359999999
911.504,0.0,118.4375037307,,86.06461628379999,,86.06461628379999,97.5994702529,,,,1.19826420479462,,,852.1903199999999
911.657,0.0,118.4601833492,,86.0056492757,,86.0056492757,97.5994702529,,,,1.19826420479462,,,852.290904
911.809,0.0,118.4601833492,,86.0056492757,,86.0056492757,97.5994702529,,,,1.19826420479462,,,852.3911832
911.962,0.0,118.4828629677,,85.9648259624,,85.9648259624,97.5994702529,,,,1.19826420479462,,,852.4917672
912.114,0.0,118.4828629677,,85.9648259624,,85.9648259624,97.5994702529,,,,1.19826420479462,,,852.5920464
912.266,0.0,118.5010066625,,85.9648259624,,85.9648259624,97.5994702529,,,,1.19826420479462,,,852.6926304
912.419,0.0,118.5010066625,,85.9648259624,,85.9648259624,97.5994702529,,,,1.19826420479462,,,852.7929096
912.571,0.0,118.523686281,,85.9784337335,,85.9784337335,97.5994702529,,,,1.19826420479462,,,852.8931888000001
912.724,0.0,118.523686281,,85.9784337335,,85.9784337335,97.5994702529,,,,1.19826420479462,,,852.993468
912.876,0.0,118.5463658995,,86.1190473682,,86.1190473682,97.5994702529,,,,1.19826420479462,,,853.0937472
913.013,,,,,,,,,,,,,,
913.028,0.0,118.5645095943,,85.94214634389999,,85.94214634389999,97.5994702529,,,,1.19826420479462,,,853.1940264000001
913.181,0.0,118.5645095943,,85.94214634389999,,85.94214634389999,97.5994702529,,,,1.19826420479462,,,853.2943056
913.333,0.0,118.5871892128,,85.8786434121,,85.8786434121,97.5994702529,,,,1.19826420479462,,,853.3942800000001
913.486,0.0,118.5871892128,,85.8786434121,,85.8786434121,97.5994702529,,,,1.19826420479462,,,853.4945592
913.638,0.0,118.6053329076,,85.96029003870001,,85.96029003870001,97.5994702529,,,,1.19826420479462,,,853.5945336000001
913.79,0.0,118.6053329076,,85.96029003870001,,85.96029003870001,97.5994702529,,,,1.19826420479462,,,853.6948127999999
913.943,0.0,118.6280125261,,85.91039487799999,,85.91039487799999,97.5994702529,,,,1.19826420479462,,,853.7947872000001
914.095,0.0,118.6280125261,,85.91039487799999,,85.91039487799999,97.5994702529,,,,1.19826420479462,,,853.8947616
914.248,0.0,118.6506921446,,85.7879249381,,85.7879249381,97.5994702529,,,,1.19826420479462,,,853.9950408
914.4,0.0,118.6506921446,,85.7879249381,,85.7879249381,97.5994702529,,,,1.19826420479462,,,854.0950152
914.552,0.0,118.6688358394,,85.72895793,,85.72895793,97.5994702529,,,,1.19826420479462,,,854.1946847999999
914.705,0.0,118.6688358394,,85.72895793,,85.72895793,97.5994702529,,,,1.19826420479462,,,854.2946592000001
914.857,0.0,118.6915154579,,85.7516375485,,85.7516375485,97.5994702529,,,,1.19826420479462,,,854.3946336000001
915.01,0.0,118.6915154579,,85.7516375485,,85.7516375485,97.5994702529,,,,1.19826420479462,,,854.494608
915.162,0.0,118.7096591527,,85.6155598375,,85.6155598375,97.5994702529,,,,1.19826420479462,,,854.5942776
915.314,0.0,118.7278028475,,85.77431716699999,,85.77431716699999,97.5994702529,,,,1.19826420479462,,,854.694252
915.467,0.0,118.7278028475,,85.77431716699999,,85.77431716699999,97.5994702529,,,,1.19826420479462,,,854.7939216
915.619,0.0,118.750482466,,85.71535015890001,,85.71535015890001,97.5994702529,,,,1.19826420479462,,,854.8935912000001
915.772,0.0,118.750482466,,85.71535015890001,,85.71535015890001,97.5994702529,,,,1.19826420479462,,,854.9932607999999
915.924,0.0,118.7686261608,,85.6155598375,,85.6155598375,97.5994702529,,,,1.19826420479462,,,855.0929304
916.076,0.0,118.7686261608,,85.6155598375,,85.6155598375,97.5994702529,,,,1.19826420479462,,,855.1926
916.156,,,,,,,,,,,,,,
916.229,0.0,118.7867698556,,85.3887636525,,85.3887636525,97.5994702529,,,,1.19826420479462,,,855.2922696
916.381,0.0,118.7867698556,,85.3887636525,,85.3887636525,97.5994702529,,,,1.19826420479462,,,855.3919392000001
916.534,0.0,118.8094494741,,85.1710393149,,85.1710393149,97.5994702529,,,,1.19826420479462,,,855.4916088
916.686,0.0,118.8094494741,,85.1710393149,,85.1710393149,97.5994702529,,,,1.19826420479462,,,855.5909736
916.838,0.0,118.8230572452,,85.4205151184,,85.4205151184,97.5994702529,,,,1.19826420479462,,,855.6906432
916.991,0.0,118.8366650163,,85.0349616039,,85.0349616039,97.5994702529,,,,1.19826420479462,,,855.7900080000001
917.143,0.0,118.84120094,,82.6989608984,,82.6989608984,97.5994702529,,,,1.19826420479462,,,855.8896776
917.296,0.0,118.8502727874,,80.59429230159999,,80.59429230159999,97.5994702529,,,,1.19826420479462,,,855.9890424
917.448,0.0,118.8593446348,,83.5698582488,,83.5698582488,97.5994702529,,,,1.19826420479462,,,856.0884072
917.491,,,,,,,,,,,,,,
917.594,,,,,,,,,,,,,,
917.6,0.0,118.8638805585,,85.093928612,,85.093928612,97.5994702529,,,,1.19826420479462,,,856.1877720000001
917.753,107.53,118.8729524059,,96.5108485649,,93.5352826177,98.4794394507,,,,1.19826420479462,,,856.2871367999999
917.905,140.0,118.886560177,,96.4700252516,,96.4700252516,98.4794394507,,,,1.19826420479462,,,856.3865016000001
918.058,140.0,118.8956320244,,96.479097099,,96.479097099,98.4794394507,,,,1.19826420479462,,,856.4855616
918.21,140.58,118.9092397955,,96.4246660146,,96.4246660146,98.4794394507,,,,1.19826420479462,,,856.5849264000001
918.362,140.38,118.9183116429,,96.433737862,,96.433737862,98.4794394507,,,,1.19826420479462,,,856.6842912000001
918.515,140.42,118.9273834903,,96.4654893279,,96.4654893279,98.4794394507,,,,1.19826420479462,,,856.7833512
918.667,140.17,118.9409912614,,96.4609534042,,96.4609534042,98.4794394507,,,,1.19826420479462,,,856.8824112
918.82,141.0,118.9500631088,,96.4428097094,,96.4428097094,98.4794394507,,,,1.19826420479462,,,856.981776
918.972,140.67,118.9591349562,,96.4564174805,,96.4564174805,98.4794394507,,,,1.19826420479462,,,857.080836
919.124,141.0,118.9727427273,,96.4609534042,,96.4609534042,98.4794394507,,,,1.19826420479462,,,857.1798960000001
919.277,140.6,118.9818145747,1660.16,96.4292019383,,96.4292019383,98.4794394507,,,,1.19826420479462,,,857.2789560000001
919.429,140.95,118.9908864221,,96.5788874204,,96.5788874204,98.4794394507,,,,1.19826420479462,,,857.378016
919.582,140.2,119.0044941932,,96.6061029626,,96.6061029626,98.4794394507,,,,1.19826420479462,,,857.477076
919.734,140.4,119.0135660406,,96.5834233441,,96.5834233441,98.4794394507,,,,1.19826420479462,,,857.5758312
919.886,140.1,119.022637888,1640.63,96.6061029626,,96.6061029626,98.4794394507,,,,1.19826420479462,,,857.6748912
920.039,140.1,119.0362456591,,96.5879592678,,96.5879592678,98.4794394507,,,,1.19826420479462,,,857.7736464
920.191,140.15,119.0453175065,,96.569815573,,96.569815573,98.4794394507,,,,1.19826420479462,,,857.8727064
920.344,140.55,119.0543893539,,96.569815573,,96.569815573,98.4794394507,,,,1.19826420479462,,,857.9714616
920.496,140.45,119.067997125,,96.5426000308,,96.5426000308,98.4794394507,,,,1.19826420479462,,,858.0702167999999
920.648,140.62,119.0770689724,,96.6197107337,,96.6197107337,98.4794394507,,,,1.19826420479462,,,858.168972
920.801,140.4,119.0861408198,,96.5879592678,,96.5879592678,98.4794394507,,,,1.19826420479462,,,858.2680320000001
920.953,140.25,119.0997485909,,96.660534047,,96.660534047,98.4794394507,,,,1.19826420479462,,,858.3664823999999
921.106,140.29,119.1088204383,1640.63,96.6287825811,,96.6287825811,98.4794394507,,,,1.19826420479462,,,858.4652376
921.258,140.65,119.1178922857,,96.6469262759,,96.6469262759,98.4794394507,,,,1.19826420479462,,,858.5639927999999
921.41,140.35,119.1315000568,,96.6378544285,,96.6378544285,98.4794394507,,,,1.19826420479462,,,858.6627480000001
921.563,140.0,119.1405719042,,96.6015670389,,96.6015670389,98.4794394507,,,,1.19826420479462,,,858.7611983999999
921.715,140.44,119.1496437516,,96.3021960747,,96.3021960747,98.4794394507,,,,1.19826420479462,,,858.8599536
921.868,140.14,119.1632515227,,96.0527202712,,96.0527202712,98.4794394507,,,,1.19826420479462,,,858.9584039999999
922.02,140.43,119.1723233701,,96.0663280423,,96.0663280423,98.4794394507,,,,1.19826420479462,,,859.0568544
922.172,140.57,119.1813952175,,96.1207591267,,96.1207591267,98.4794394507,,,,1.19826420479462,,,859.1553048000001
922.325,141.0,119.1950029886,,96.0799358134,,96.0799358134,98.4794394507,,,,1.19826420479462,,,859.2537552000001
922.477,140.71,119.204074836,,96.0844717371,,96.0844717371,98.4794394507,,,,1.19826420479462,,,859.3522055999999
922.63,140.0,119.2176826071,,96.1026154319,,96.1026154319,98.4794394507,,,,1.19826420479462,,,859.4506560000001
922.782,140.57,119.2267544545,,96.1389028215,,96.1389028215,98.4794394507,,,,1.19826420479462,,,859.5491063999999
922.934,140.57,119.2358263019,,96.1978698296,,96.1978698296,98.4794394507,,,,1.19826420479462,,,859.6475568
923.087,140.0,119.249434073,,96.1207591267,,96.1207591267,98.4794394507,,,,1.19826420479462,,,859.7457024
923.239,140.71,119.2585059204,1640.63,96.1887979822,,96.1887979822,98.4794394507,,,,1.19826420479462,,,859.8441527999998
923.392,140.71,119.2675777678,,96.2477649903,,96.2477649903,98.4794394507,,,,1.19826420479462,,,859.9422983999999
923.544,140.0,119.2811855389,,96.206941677,,96.206941677,98.4794394507,,,,1.19826420479462,,,860.0407488
923.696,140.0,119.2902573863,,96.1751902111,,96.1751902111,98.4794394507,,,,1.19826420479462,,,860.1388944
923.849,140.14,119.2993292337,,96.2024057533,,96.2024057533,98.4794394507,,,,1.19826420479462,,,860.2370400000001
924.001,141.0,119.3129370048,,96.2114776007,,96.2114776007,98.4794394507,,,,1.19826420479462,,,860.3351856
924.154,140.0,119.3220088522,,96.0300406527,,96.0300406527,98.4794394507,,,,1.19826420479462,,,860.4333312000001
924.306,140.33,119.3310806996,,96.0980795082,,96.0980795082,98.4794394507,,,,1.19826420479462,,,860.5314768
924.458,140.33,119.3446884707,,95.9892173394,,95.9892173394,98.4794394507,,,,1.19826420479462,,,860.6293176
924.611,140.0,119.3537603181,,96.0436484238,,96.0436484238,98.4794394507,,,,1.19826420479462,,,860.7274632000001
924.763,140.0,119.3673680892,,96.0391125001,,96.0391125001,98.4794394507,,,,1.19826420479462,,,860.8256087999999
924.916,141.0,119.3764399366,,96.1389028215,,96.1389028215,98.4794394507,,,,1.19826420479462,,,860.9234495999999
925.068,140.33,119.385511784,,96.0844717371,,96.0844717371,98.4794394507,,,,1.19826420479462,,,861.0212903999999
925.22,141.0,119.3945836314,,96.1479746689,,96.1479746689,98.4794394507,,,,1.19826420479462,,,861.119436
925.373,141.0,119.4081914025,,96.1252950504,,96.1252950504,98.4794394507,,,,1.19826420479462,,,861.2172767999999
925.525,140.83,119.4172632499,,96.1343668978,,96.1343668978,98.4794394507,,,,1.19826420479462,,,861.3151176000001
925.678,140.17,119.4263350973,,96.1479746689,,96.1479746689,98.4794394507,,,,1.19826420479462,,,861.4129583999999
925.83,141.0,119.4399428684,,96.0980795082,,96.0980795082,98.4794394507,,,,1.19826420479462,,,861.5107992000001
925.982,140.33,119.4490147158,,96.0799358134,,96.0799358134,98.4794394507,,,,1.19826420479462,,,861.6083351999999
926.135,141.0,119.4626224869,,96.0617921186,,96.0617921186,98.4794394507,,,,1.19826420479462,,,861.706176
926.287,140.67,119.4716943343,,96.0890076608,,96.0890076608,98.4794394507,,,,1.19826420479462,,,861.8040168
926.44,140.0,119.4807661817,,96.1207591267,,96.1207591267,98.4794394507,,,,1.19826420479462,,,861.9015527999999
926.592,140.83,119.4898380291,,96.1434387452,,96.1434387452,98.4794394507,,,,1.19826420479462,,,861.9990888
926.744,140.83,119.5034458002,,96.0391125001,,96.0391125001,98.4794394507,,,,1.19826420479462,,,862.0969296
926.897,140.0,119.5125176476,,96.0527202712,,96.0527202712,98.4794394507,,,,1.19826420479462,,,862.1944656
927.049,140.67,119.5261254187,1640.63,95.9529299498,,95.9529299498,98.4794394507,,,,1.19826420479462,,,862.2920016
927.202,140.0,119.5351972661,,96.0028251105,,96.0028251105,98.4794394507,,,,1.19826420479462,,,862.3895376
927.354,140.5,119.5442691135,,95.9665377209,,95.9665377209,98.4794394507,,,,1.19826420479462,,,862.4870735999999
927.506,141.0,119.5578768846,,95.9620017972,,95.9620017972,98.4794394507,,,,1.19826420479462,,,862.5846096000001
927.659,140.2,119.566948732,,95.9892173394,,95.9892173394,98.4794394507,,,,1.19826420479462,,,862.6818408
927.811,140.33,119.5760205794,,95.9529299498,,95.9529299498,98.4794394507,,,,1.19826420479462,,,862.7793767999999
927.964,140.33,119.5850924268,,95.9302503313,,95.9302503313,98.4794394507,,,,1.19826420479462,,,862.8769127999999
928.116,140.67,119.59870019790002,,96.025504729,,96.025504729,98.4794394507,,,,1.19826420479462,,,862.9741439999999
928.268,140.0,119.6077720453,,95.9892173394,,95.9892173394,98.4794394507,,,,1.19826420479462,,,863.0713752
928.421,141.0,119.6213798164,,96.0118969579,,96.0118969579,98.4794394507,,,,1.19826420479462,,,863.1689112
928.573,140.17,119.6304516638,,96.0527202712,,96.0527202712,98.4794394507,,,,1.19826420479462,,,863.2661424
928.726,140.0,119.6395235112,,95.9529299498,,95.9529299498,98.4794394507,,,,1.19826420479462,,,863.3633735999999
928.878,140.0,119.6531312823,,96.0572561949,,96.0572561949,98.4794394507,,,,1.19826420479462,,,863.4606048
929.03,140.17,119.6622031297,,95.9620017972,,95.9620017972,98.4794394507,,,,1.19826420479462,,,863.557836
929.183,141.0,119.6712749771,,96.0527202712,,96.0527202712,98.4794394507,,,,1.19826420479462,,,863.6550672000001
929.335,140.0,119.6848827482,,95.889427018,,95.889427018,98.4794394507,,,,1.19826420479462,,,863.7519936000001
929.488,140.33,119.6939545956,,95.9846814157,,95.9846814157,98.4794394507,,,,1.19826420479462,,,863.8492248
929.64,141.0,119.703026443,,95.9211784839,,95.9211784839,98.4794394507,,,,1.19826420479462,,,863.9461512
929.792,140.0,119.7166342141,,95.8622114758,,95.8622114758,98.4794394507,,,,1.19826420479462,,,864.0430776000001
929.945,140.0,119.7257060615,,95.9302503313,,95.9302503313,98.4794394507,,,,1.19826420479462,,,864.1403088
930.097,140.0,119.7347779089,,95.8758192469,,95.8758192469,98.4794394507,,,,1.19826420479462,,,864.2372352
930.25,140.0,119.74838568,,95.8213881625,,95.8213881625,98.4794394507,,,,1.19826420479462,,,864.3341616
930.402,140.5,119.7574575274,,95.9710736446,,95.9710736446,98.4794394507,,,,1.19826420479462,,,864.431088
930.554,140.2,119.7710652985,,95.7941726203,,95.7941726203,98.4794394507,,,,1.19826420479462,,,864.5277096000001
930.707,140.8,119.7801371459,,95.8758192469,,95.8758192469,98.4794394507,,,,1.19826420479462,,,864.6246359999999
930.859,140.8,119.7892089933,,95.934786255,,95.934786255,98.4794394507,,,,1.19826420479462,,,864.7215624
931.012,140.0,119.7982808407,1640.63,95.8939629417,,95.8939629417,98.4794394507,,,,1.19826420479462,,,864.818184
931.164,140.0,119.8118886118,,95.9211784839,,95.9211784839,98.4794394507,,,,1.19826420479462,,,864.9151104
931.316,140.33,119.8209604592,,96.0073610342,,96.0073610342,98.4794394507,,,,1.19826420479462,,,865.011732
931.469,140.8,119.8300323066,,95.8168522388,,95.8168522388,98.4794394507,,,,1.19826420479462,,,865.1083536
931.621,140.0,119.8436400777,,95.8349959336,,95.8349959336,98.4794394507,,,,1.19826420479462,,,865.2049752
931.774,140.0,119.8527119251,,95.8712833232,,95.8712833232,98.4794394507,,,,1.19826420479462,,,865.3015968000001
931.926,140.0,119.8617837725,,95.8168522388,,95.8168522388,98.4794394507,,,,1.19826420479462,,,865.3982184
932.078,141.0,119.8753915436,,95.9438581024,,95.9438581024,98.4794394507,,,,1.19826420479462,,,865.4948400000001
932.231,141.0,119.884463391,,95.9075707128,,95.9075707128,98.4794394507,,,,1.19826420479462,,,865.5914616
932.383,140.83,119.8980711621,,95.9665377209,,95.9665377209,98.4794394507,,,,1.19826420479462,,,865.6877784
932.536,140.0,119.9071430095,,95.9710736446,,95.9710736446,98.4794394507,,,,1.19826420479462,,,865.7844
932.688,140.0,119.9162148569,,95.9302503313,,95.9302503313,98.4794394507,,,,1.19826420479462,,,865.8807168
932.84,140.2,119.929822628,,95.9846814157,,95.9846814157,98.4794394507,,,,1.19826420479462,,,865.9770336000001
932.993,140.83,119.9388944754,,95.889427018,,95.889427018,98.4794394507,,,,1.19826420479462,,,866.0733504000001
933.145,140.0,119.9479663228,,95.8984988654,,95.8984988654,98.4794394507,,,,1.19826420479462,,,866.169972
933.298,140.0,119.9570381702,,95.9075707128,,95.9075707128,98.4794394507,,,,1.19826420479462,,,866.265984
933.45,140.0,119.9706459413,,95.8032444677,,95.8032444677,98.4794394507,,,,1.19826420479462,,,866.3623008
933.602,140.67,119.9797177887,,95.798708544,,95.798708544,98.4794394507,,,,1.19826420479462,,,866.4586176000001
933.755,140.67,119.9933255598,,95.7578852307,,95.7578852307,98.4794394507,,,,1.19826420479462,,,866.5549344000001
933.907,140.2,120.0023974072,,95.798708544,,95.798708544,98.4794394507,,,,1.19826420479462,,,866.6509464
934.06,141.0,120.0114692546,,95.9211784839,,95.9211784839,98.4794394507,,,,1.19826420479462,,,866.7472632000001
934.212,140.75,120.0250770257,,95.8531396284,,95.8531396284,98.4794394507,,,,1.19826420479462,,,866.8432752
934.352,,,,,,,,,,,,,,
934.364,140.0,120.0341488731,,95.5492327405,,95.5492327405,98.4794394507,,,,1.19826420479462,,,866.9392872000001
934.517,140.0,120.0432207205,,95.5855201301,,95.5855201301,98.4794394507,,,,1.19826420479462,,,867.0356039999999
934.669,140.0,120.0568284916,,95.5446968168,,95.5446968168,98.4794394507,,,,1.19826420479462,,,867.131616
934.694,,,,,,,,,,,,,,
934.822,140.0,120.065900339,,95.5945919775,,95.5945919775,98.4794394507,,,,1.19826420479462,,,867.227628
934.974,140.4,120.0749721864,,95.662630833,,95.662630833,98.4794394507,,,,1.19826420479462,,,867.3233352
935.065,,,,,,,,,,,,,,
935.126,141.0,120.0885799575,,95.571912359,,95.571912359,98.4794394507,,,,1.19826420479462,,,867.4193472000001
935.279,140.8,120.0976518049,,95.7170619174,,95.7170619174,98.4794394507,,,,1.19826420479462,,,867.5153592
935.407,,,,,,,,,,,,,,
935.431,140.25,120.1067236523,1640.63,95.662630833,,95.662630833,98.4794394507,,,,1.19826420479462,,,867.6110663999999
935.584,141.0,120.1203314234,,95.6218075197,,95.6218075197,98.4794394507,,,,1.19826420479462,,,867.7070784
935.736,141.0,120.1294032708,,95.7488133833,,95.7488133833,98.4794394507,,,,1.19826420479462,,,867.8027856000001
935.745,,,,,,,,,,,,,,
935.888,141.0,120.1384751182,,95.7125259937,,95.7125259937,98.4794394507,,,,1.19826420479462,,,867.8984928
936.041,141.0,120.1520828893,,95.6943822989,,95.6943822989,98.4794394507,,,,1.19826420479462,,,867.9942
936.087,,,,,,,,,,,,,,
936.193,140.8,120.1611547367,,95.6989182226,,95.6989182226,98.4794394507,,,,1.19826420479462,,,868.0899072000001
936.346,140.0,120.1702265841,,95.6671667567,,95.6671667567,98.4794394507,,,,1.19826420479462,,,868.1856144
936.425,,,,,,,,,,,,,,
936.498,140.0,120.1838343552,,95.7170619174,,95.7170619174,98.4794394507,,,,1.19826420479462,,,868.2813216
936.65,140.0,120.1929062026,,95.7034541463,,95.7034541463,98.4794394507,,,,1.19826420479462,,,868.3770287999998
936.766,,,,,,,,,,,,,,
936.803,140.0,120.2065139737,,95.6263434434,,95.6263434434,98.4794394507,,,,1.19826420479462,,,868.4724312000001
936.955,140.0,120.2155858211,,95.6580949093,,95.6580949093,98.4794394507,,,,1.19826420479462,,,868.5681384
937.105,,,,,,,,,,,,,,
937.108,140.0,120.2246576685,,95.6762386041,,95.6762386041,98.4794394507,,,,1.19826420479462,,,868.6635408
937.26,140.0,120.2382654396,,95.7488133833,,95.7488133833,98.4794394507,,,,1.19826420479462,,,868.7592480000001
937.412,140.6,120.247337287,,95.8395318573,,95.8395318573,98.4794394507,,,,1.19826420479462,,,868.8546504000001
937.443,,,,,,,,,,,,,,
937.565,141.0,120.2564091344,,95.8032444677,,95.8032444677,98.4794394507,,,,1.19826420479462,,,868.9500527999999
937.717,141.0,120.2700169055,,95.8349959336,,95.8349959336,98.4794394507,,,,1.19826420479462,,,869.0454552000001
937.818,,,,,,,,,,,,,,
937.87,140.0,120.2790887529,,95.8032444677,,95.8032444677,98.4794394507,,,,1.19826420479462,,,869.1408575999999
938.022,140.0,120.2881606003,,95.8259240862,,95.8259240862,98.4794394507,,,,1.19826420479462,,,869.23626
938.156,,,,,,,,,,,,,,
938.174,140.0,120.3017683714,,95.8077803914,,95.8077803914,98.4794394507,,,,1.19826420479462,,,869.3313575999999
938.327,140.0,120.3108402188,,95.7578852307,,95.7578852307,98.4794394507,,,,1.19826420479462,,,869.42676
938.479,140.0,120.3199120662,,95.6717026804,,95.6717026804,98.4794394507,,,,1.19826420479462,,,869.5218576
938.497,,,,,,,,,,,,,,
938.632,140.5,120.3289839136,,95.5945919775,,95.5945919775,98.4794394507,,,,1.19826420479462,,,869.61726
938.784,141.0,120.3425916847,,95.6081997486,,95.6081997486,98.4794394507,,,,1.19826420479462,,,869.7123575999999
938.836,,,,,,,,,,,,,,
938.936,141.0,120.3516635321,,95.5356249694,,95.5356249694,98.4794394507,,,,1.19826420479462,,,869.8074552000002
939.089,140.6,120.3652713032,,95.6580949093,,95.6580949093,98.4794394507,,,,1.19826420479462,,,869.9025527999999
939.211,,,,,,,,,,,,,,
939.241,140.0,120.3743431506,,95.5855201301,,95.5855201301,98.4794394507,,,,1.19826420479462,,,869.9976504000001
939.394,140.0,120.383414998,,95.6036638249,,95.6036638249,98.4794394507,,,,1.19826420479462,,,870.092748
939.546,140.5,120.3970227691,,95.617271596,,95.617271596,98.4794394507,,,,1.19826420479462,,,870.1878456000001
939.552,,,,,,,,,,,,,,
939.698,141.0,120.4060946165,,95.5401608931,,95.5401608931,98.4794394507,,,,1.19826420479462,,,870.2826384
939.851,141.0,120.4151664639,,95.5900560538,,95.5900560538,98.4794394507,,,,1.19826420479462,,,870.3777359999999
939.903,,,,,,,,,,,,,,
940.003,140.75,120.428774235,,95.5945919775,,95.5945919775,98.4794394507,,,,1.19826420479462,,,870.4725287999998
940.156,140.0,120.4378460824,,95.6717026804,,95.6717026804,98.4794394507,,,,1.19826420479462,,,870.5676264
940.256,,,,,,,,,,,,,,
940.308,140.0,120.4469179298,,95.6399512145,,95.6399512145,98.4794394507,,,,1.19826420479462,,,870.6624191999999
940.46,141.0,120.4605257009,,95.6081997486,,95.6081997486,98.4794394507,,,,1.19826420479462,,,870.7572119999999
940.613,141.0,120.4695975483,1640.63,95.6081997486,,95.6081997486,98.4794394507,,,,1.19826420479462,,,870.8520048
940.765,141.0,120.4832053194,,95.6762386041,,95.6762386041,98.4794394507,,,,1.19826420479462,,,870.9467976
940.918,141.0,120.4922771668,,95.6535589856,,95.6535589856,98.4794394507,,,,1.19826420479462,,,871.0415903999999
941.003,,,,,,,,,,,,,,
941.07,141.0,120.5013490142,,95.6081997486,,95.6081997486,98.4794394507,,,,1.19826420479462,,,871.1363832000001
941.222,140.6,120.5104208616,,95.6081997486,,95.6081997486,98.4794394507,,,,1.19826420479462,,,871.2308712000001
941.36,,,,,,,,,,,,,,
941.375,140.5,120.5240286327,,95.6354152908,,95.6354152908,98.4794394507,,,,1.19826420479462,,,871.3256640000001
941.527,140.5,120.5331004801,,95.6853104515,,95.6853104515,98.4794394507,,,,1.19826420479462,,,871.4201519999999
941.68,140.0,120.5421723275,,95.6580949093,,95.6580949093,98.4794394507,,,,1.19826420479462,,,871.5149447999999
941.75,,,,,,,,,,,,,,
941.832,140.0,120.5557800986,,95.70799007,,95.70799007,98.4794394507,,,,1.19826420479462,,,871.6094327999999
941.984,140.0,120.564851946,,95.6853104515,,95.6853104515,98.4794394507,,,,1.19826420479462,,,871.7039207999999
942.106,,,,,,,,,,,,,,
942.137,140.0,120.5739237934,,95.6671667567,,95.6671667567,98.4794394507,,,,1.19826420479462,,,871.7984088
942.289,140.8,120.5875315645,,95.6535589856,,95.6535589856,98.4794394507,,,,1.19826420479462,,,871.8928968
942.442,140.0,120.5966034119,,95.662630833,,95.662630833,98.4794394507,,,,1.19826420479462,,,871.9873848
942.463,,,,,,,,,,,,,,
942.594,140.0,120.6056752593,,95.6717026804,,95.6717026804,98.4794394507,,,,1.19826420479462,,,872.081568
942.746,140.0,120.6192830304,,95.6762386041,,95.6762386041,98.4794394507,,,,1.19826420479462,,,872.176056
942.82,,,,,,,,,,,,,,
942.899,140.0,120.6283548778,,95.6807745278,,95.6807745278,98.4794394507,,,,1.19826420479462,,,872.2702392000001
943.051,140.0,120.6419626489,,95.7760289255,,95.7760289255,98.4794394507,,,,1.19826420479462,,,872.3647272
943.173,,,,,,,,,,,,,,
943.204,140.0,120.6510344963,,95.7760289255,,95.7760289255,98.4794394507,,,,1.19826420479462,,,872.4589104
943.356,140.0,120.6601063437,,95.6535589856,,95.6535589856,98.4794394507,,,,1.19826420479462,,,872.5530936000001
943.508,140.0,120.6737141148,,95.6853104515,,95.6853104515,98.4794394507,,,,1.19826420479462,,,872.6472767999999
943.563,,,,,,,,,,,,,,
943.661,140.25,120.6827859622,,95.6444871382,,95.6444871382,98.4794394507,,,,1.19826420479462,,,872.74146
943.813,141.0,120.6918578096,,95.6762386041,,95.6762386041,98.4794394507,,,,1.19826420479462,,,872.8356432
943.923,,,,,,,,,,,,,,
943.966,140.6,120.700929657,,95.6399512145,,95.6399512145,98.4794394507,,,,1.19826420479462,,,872.9298264
944.118,140.0,120.7145374281,,95.6580949093,,95.6580949093,98.4794394507,,,,1.19826420479462,,,873.0240096000001
944.27,140.0,120.7236092755,,95.6127356723,,95.6127356723,98.4794394507,,,,1.19826420479462,,,873.1178880000001
944.313,,,,,,,,,,,,,,
944.423,140.0,120.7372170466,,95.6036638249,,95.6036638249,98.4794394507,,,,1.19826420479462,,,873.2117663999999
944.575,140.75,120.746288894,,95.5764482827,,95.5764482827,98.4794394507,,,,1.19826420479462,,,873.3059496
944.667,,,,,,,,,,,,,,
944.728,141.0,120.7553607414,,95.6535589856,,95.6535589856,98.4794394507,,,,1.19826420479462,,,873.399828
944.88,141.0,120.7644325888,,95.6263434434,,95.6263434434,98.4794394507,,,,1.19826420479462,,,873.4937064
945.023,,,,,,,,,,,,,,
945.032,141.0,120.7780403599,,95.5991279012,,95.5991279012,98.4794394507,,,,1.19826420479462,,,873.5875848
945.185,141.0,120.7871122073,,95.5537686642,,95.5537686642,98.4794394507,,,,1.19826420479462,,,873.6814632000002
945.337,141.0,120.7961840547,,95.5945919775,,95.5945919775,98.4794394507,,,,1.19826420479462,,,873.7753416000002
945.38,,,,,,,,,,,,,,
945.49,140.2,120.8052559021,,95.5855201301,,95.5855201301,98.4794394507,,,,1.19826420479462,,,873.8692199999999
945.642,140.0,120.8188636732,,95.6218075197,,95.6218075197,98.4794394507,,,,1.19826420479462,,,873.9627936
945.773,,,,,,,,,,,,,,
945.794,140.0,120.8279355206,,95.5764482827,,95.5764482827,98.4794394507,,,,1.19826420479462,,,874.056672
945.947,140.0,120.837007368,,95.4721220376,,95.4721220376,98.4794394507,,,,1.19826420479462,,,874.1502456000001
946.099,140.2,120.8460792154,1640.63,95.5900560538,,95.5900560538,98.4794394507,,,,1.19826420479462,,,874.244124
946.127,,,,,,,,,,,,,,
946.252,141.0,120.8596869865,,95.4857298087,,95.4857298087,98.4794394507,,,,1.19826420479462,,,874.3376976
946.404,140.75,120.8687588339,,95.571912359,,95.571912359,98.4794394507,,,,1.19826420479462,,,874.4312712000001
946.483,,,,,,,,,,,,,,
946.556,140.0,120.8778306813,,95.5764482827,,95.5764482827,98.4794394507,,,,1.19826420479462,,,874.5248447999999
946.709,141.0,120.8869025287,,95.5220171983,,95.5220171983,98.4794394507,,,,1.19826420479462,,,874.6184184
946.861,141.0,120.8959743761,,95.526553122,,95.526553122,98.4794394507,,,,1.19826420479462,,,874.711992
947.014,141.0,120.9050462235,,95.5401608931,,95.5401608931,98.4794394507,,,,1.19826420479462,,,874.8052607999999
947.166,141.0,120.9186539946,,95.5129453509,,95.5129453509,98.4794394507,,,,1.19826420479462,,,874.8988344
947.196,,,,,,,,,,,,,,
947.318,141.0,120.927725842,,95.5537686642,,95.5537686642,98.4794394507,,,,1.19826420479462,,,874.9921032
947.471,140.25,120.9367976894,,95.4766579613,,95.4766579613,98.4794394507,,,,1.19826420479462,,,875.0856767999999
947.553,,,,,,,,,,,,,,
947.623,140.75,120.9458695368,,95.5038735035,,95.5038735035,98.4794394507,,,,1.19826420479462,,,875.1789456
947.776,141.0,120.9549413842,,95.4902657324,,95.4902657324,98.4794394507,,,,1.19826420479462,,,875.2722143999999
947.928,140.5,120.9685491553,,95.4948016561,,95.4948016561,98.4794394507,,,,1.19826420479462,,,875.3654832000001
947.943,,,,,,,,,,,,,,
948.08,140.5,120.9776210027,,95.4902657324,,95.4902657324,98.4794394507,,,,1.19826420479462,,,875.458752
948.233,141.0,120.9866928501,,95.4948016561,,95.4948016561,98.4794394507,,,,1.19826420479462,,,875.5520207999999
948.3,,,,,,,,,,,,,,
948.385,141.0,121.0003006212,,95.5356249694,,95.5356249694,98.4794394507,,,,1.19826420479462,,,875.6452896
948.538,141.0,121.0093724686,,95.5583045879,,95.5583045879,98.4794394507,,,,1.19826420479462,,,875.7382536
948.656,,,,,,,,,,,,,,
948.69,141.0,121.018444316,,95.5038735035,,95.5038735035,98.4794394507,,,,1.19826420479462,,,875.8315223999999
948.842,141.0,121.0275161634,,95.6399512145,,95.6399512145,98.4794394507,,,,1.19826420479462,,,875.9244864
948.995,141.0,121.0365880108,,95.5855201301,,95.5855201301,98.4794394507,,,,1.19826420479462,,,876.0177552000001
949.01,,,,,,,,,,,,,,
949.147,141.0,121.0456598582,,95.4993375798,,95.4993375798,98.4794394507,,,,1.19826420479462,,,876.1107192
949.3,141.0,121.0592676293,,95.4494424191,,95.4494424191,98.4794394507,,,,1.19826420479462,,,876.2036832
949.403,,,,,,,,,,,,,,
949.452,141.0,121.0683394767,,95.4721220376,,95.4721220376,98.4794394507,,,,1.19826420479462,,,876.2966472
949.604,141.0,121.0774113241,,95.5356249694,,95.5356249694,98.4794394507,,,,1.19826420479462,,,876.3896112
949.757,141.0,121.0864831715,,95.4585142665,,95.4585142665,98.4794394507,,,,1.19826420479462,,,876.4825752
949.76,,,,,,,,,,,,,,
949.909,140.4,121.0955550189,,95.2861491659,,95.2861491659,98.4794394507,,,,1.19826420479462,,,876.5752344
950.062,140.0,121.10916279,,95.4857298087,,95.4857298087,98.4794394507,,,,1.19826420479462,,,876.6681983999999
950.113,,,,,,,,,,,,,,
950.214,140.25,121.1182346374,,95.4403705717,,95.4403705717,98.4794394507,,,,1.19826420479462,,,876.7608575999999
950.366,140.6,121.1273064848,,95.5764482827,,95.5764482827,98.4794394507,,,,1.19826420479462,,,876.8538216
950.507,,,,,,,,,,,,,,
950.519,140.0,121.1363783322,,95.5038735035,,95.5038735035,98.4794394507,,,,1.19826420479462,,,876.9464808
950.671,140.0,121.1499861033,,95.4721220376,,95.4721220376,98.4794394507,,,,1.19826420479462,,,877.0391400000001
950.824,140.5,121.1590579507,,95.3995472584,,95.3995472584,98.4794394507,,,,1.19826420479462,,,877.1317992
950.86,,,,,,,,,,,,,,
950.976,140.4,121.1681297981,,95.3723317162,,95.3723317162,98.4794394507,,,,1.19826420479462,,,877.2244583999999
951.128,140.25,121.1772016455,,95.3496520977,,95.3496520977,98.4794394507,,,,1.19826420479462,,,877.3171176000001
951.217,,,,,,,,,,,,,,
951.281,141.0,121.1862734929,1640.63,95.3360443266,,95.3360443266,98.4794394507,,,,1.19826420479462,,,877.4097767999999
951.433,140.8,121.199881264,,95.3632598688,,95.3632598688,98.4794394507,,,,1.19826420479462,,,877.502436
951.573,,,,,,,,,,,,,,
951.586,140.25,121.2089531114,,95.4267628006,,95.4267628006,98.4794394507,,,,1.19826420479462,,,877.5947904
951.738,141.0,121.2180249588,,95.3995472584,,95.3995472584,98.4794394507,,,,1.19826420479462,,,877.6874495999999
951.89,140.25,121.2270968062,,95.3587239451,,95.3587239451,98.4794394507,,,,1.19826420479462,,,877.7798039999999
951.964,,,,,,,,,,,,,,
952.043,140.0,121.2361686536,,95.3859394873,,95.3859394873,98.4794394507,,,,1.19826420479462,,,877.8721583999999
952.195,140.0,121.2497764247,,95.3814035636,,95.3814035636,98.4794394507,,,,1.19826420479462,,,877.9645127999999
952.32,,,,,,,,,,,,,,
952.348,140.0,121.2588482721,,95.4312987243,,95.4312987243,98.4794394507,,,,1.19826420479462,,,878.0568672
952.5,140.0,121.2679201195,,95.3632598688,,95.3632598688,98.4794394507,,,,1.19826420479462,,,878.1492216
952.652,140.0,121.2769919669,,95.3995472584,,95.3995472584,98.4794394507,,,,1.19826420479462,,,878.241576
952.686,,,,,,,,,,,,,,
952.805,140.75,121.290599738,,95.3950113347,,95.3950113347,98.4794394507,,,,1.19826420479462,,,878.3339304
952.957,141.0,121.2996715854,,95.3042928607,,95.3042928607,98.4794394507,,,,1.19826420479462,,,878.4259800000001
953.088,,,,,,,,,,,,,,
953.11,141.0,121.3087434328,,95.2362540052,,95.2362540052,98.4794394507,,,,1.19826420479462,,,878.5183344000001
953.262,140.25,121.3178152802,,95.2861491659,,95.2861491659,98.4794394507,,,,1.19826420479462,,,878.610384
953.414,140.0,121.3268871276,,95.2634695474,,95.2634695474,98.4794394507,,,,1.19826420479462,,,878.7027383999999
953.436,,,,,,,,,,,,,,
953.567,140.0,121.335958975,,95.3768676399,,95.3768676399,98.4794394507,,,,1.19826420479462,,,878.794788
953.719,140.0,121.3495667461,,95.299756937,,95.299756937,98.4794394507,,,,1.19826420479462,,,878.8868376
953.768,,,,,,,,,,,,,,
953.872,140.8,121.3586385935,,95.4494424191,,95.4494424191,98.4794394507,,,,1.19826420479462,,,878.9788872000001
954.024,141.0,121.3677104409,,95.4993375798,,95.4993375798,98.4794394507,,,,1.19826420479462,,,879.0709367999999
954.122,,,,,,,,,,,,,,
954.176,140.75,121.3767822883,,95.4675861139,,95.4675861139,98.4794394507,,,,1.19826420479462,,,879.1626815999999
954.329,140.2,121.3858541357,,95.526553122,,95.526553122,98.4794394507,,,,1.19826420479462,,,879.2547312
954.442,,,,,,,,,,,,,,
954.481,141.0,121.3994619068,,95.4449064954,,95.4449064954,98.4794394507,,,,1.19826420479462,,,879.3467808
954.634,140.0,121.4085337542,,95.4948016561,,95.4948016561,98.4794394507,,,,1.19826420479462,,,879.4385256
954.762,,,,,,,,,,,,,,
954.786,141.0,121.4176056016,,95.4721220376,,95.4721220376,98.4794394507,,,,1.19826420479462,,,879.5302704
954.938,140.6,121.426677449,,95.4948016561,,95.4948016561,98.4794394507,,,,1.19826420479462,,,879.62232
955.085,,,,,,,,,,,,,,
955.091,140.0,121.4402852201,,95.4449064954,,95.4449064954,98.4794394507,,,,1.19826420479462,,,879.7140648
955.243,140.75,121.4493570675,,95.5084094272,,95.5084094272,98.4794394507,,,,1.19826420479462,,,879.8058096000001
955.396,140.2,121.4584289149,,95.4176909532,,95.4176909532,98.4794394507,,,,1.19826420479462,,,879.8975544
955.548,141.0,121.4675007623,,95.3950113347,,95.3950113347,98.4794394507,,,,1.19826420479462,,,879.9892992
955.7,141.0,121.4765726097,,95.4222268769,,95.4222268769,98.4794394507,,,,1.19826420479462,,,880.0807392
955.722,,,,,,,,,,,,,,
955.853,141.0,121.4901803808,,95.4675861139,,95.4675861139,98.4794394507,,,,1.19826420479462,,,880.1724839999999
956.005,141.0,121.4992522282,,95.5401608931,,95.5401608931,98.4794394507,,,,1.19826420479462,,,880.263924
956.017,,,,,,,,,,,,,,880.2712392000001
956.145,,,,,,,,,,,,,,880.3483536
956.158,140.85,121.5083240756,1640.63,95.7851007729,,95.7851007729,98.4794394507,,,,1.19826420479462,,,880.3556687999999
956.216,,,,,,,,,,,,,,
956.31,141.0,121.517395923,,96.070863966,,96.070863966,98.4794394507,,,,1.19826420479462,,,880.4471087999999
956.344,,,,,,,,,,,,,,
956.368,,,,,,,,,,,,,,
956.462,140.62,121.5264677704,,96.1434387452,,96.1434387452,98.4794394507,,,,1.19826420479462,,,880.5385488
956.52,,,,,,,,,,,,,,
956.615,140.88,121.5355396178,,95.9937532631,,95.9937532631,98.4794394507,,,,1.19826420479462,,,880.6299888
956.746,,,,,,,,,,,,,,
956.767,140.0,121.5491473889,,95.6535589856,,95.6535589856,98.4794394507,,,,1.19826420479462,,,880.7214287999999
956.92,140.0,121.5582192363,,95.5809842064,,95.5809842064,98.4794394507,,,,1.19826420479462,,,880.8128687999999
957.011,,,,,,,,,,,,,,
957.072,140.0,121.5672910837,,95.4993375798,,95.4993375798,98.4794394507,,,,1.19826420479462,,,880.9043088
957.224,140.0,121.5763629311,,95.5900560538,,95.5900560538,98.4794394507,,,,1.19826420479462,,,880.9957488
957.279,,,,,,,,,,,,,,
957.377,140.67,121.5854347785,,95.5038735035,,95.5038735035,98.4794394507,,,,1.19826420479462,,,881.0868839999999
957.483,,,,,,,,,,,,,,
957.514,,,,,,,,,,,,,,
957.529,51.95,121.5990425496,1640.63,79.650820172,,79.650820172,98.4975831455,,,,1.19826420479462,,,881.178324
957.554,,,,,,,,,,,,,,
957.618,,,,,,,,,,,,,,
957.682,140.35,121.608114397,,97.4134973812,,97.4134973812,99.382088267,,,,1.19826420479462,,,881.2694592
957.715,,,,,,,,,,,,,,
957.74,,,,,,,,,,,,,,
957.791,,,,,,,,,,,,,,
957.834,140.4,121.6171862444,1640.63,97.5450391685,,97.5450391685,99.382088267,,,,1.19826420479462,,,881.3605944
957.837,,,,,,,,,,,,,,
957.864,,,,,,,,,,,,,,
957.886,,,,,,,,,,,,,,
957.907,,,,,,,,,,,,,,
957.974,,,,,,,,,,,,,,
957.986,140.54,121.6262580918,,97.5495750922,,97.5495750922,99.382088267,,,,1.19826420479462,,,881.4517296
957.996,,,,,,,,,,,,,,
958.017,,,,,,,,,,,,,,
958.038,,,,,,,,,,,,,,
958.063,,,,,,,,,,,,,,
958.084,,,,,,,,,,,,,,
958.105,,,,,,,,,,,,,,
958.127,,,,,,,,,,,,,,
958.139,140.83,121.6353299392,1679.69,97.5767906344,,97.5767906344,99.382088267,,,,1.19826420479462,,,881.5428648
958.151,,,,,,,,,,,,,,
958.172,,,,,,,,,,,,,,
958.194,,,,,,,,,,,,,,
958.215,,,,,,,,,,,,,,
958.239,,,,,,,,,,,,,,
958.291,140.35,121.6444017866,,97.5767906344,,97.5767906344,99.382088267,,,,1.19826420479462,,,881.6339999999999
958.306,,,,,,,,,,,,,,
958.331,,,,,,,,,,,,,,
958.352,,,,,,,,,,,,,,
958.373,,,,,,,,,,,,,,
958.398,,,,,,,,,,,,,,
958.422,,,,,,,,,,,,,,
958.444,140.6,121.6580095577,1679.69,97.5858624818,,97.5858624818,99.382088267,,,,1.19826420479462,,,881.7251352
958.447,,,,,,,,,,,,,,
958.477,,,,,,,,,,,,,,
958.508,,,,,,,,,,,,,,
958.538,,,,,,,,,,,,,,
958.569,,,,,,,,,,,,,,
958.596,140.63,121.6670814051,,97.5541110159,,97.5541110159,99.382088267,,,,1.19826420479462,,,881.8162704
958.599,,,,,,,,,,,,,,
958.626,,,,,,,,,,,,,,
958.687,,,,,,,,,,,,,,
958.718,,,,,,,,,,,,,,
958.745,,,,,,,,,,,,,,
958.748,140.31,121.6761532525,,97.5631828633,,97.5631828633,99.382088267,,,,1.19826420479462,,,881.9074056
958.776,,,,,,,,,,,,,,
958.806,,,,,,,,,,,,,,
958.837,,,,,,,,,,,,,,
958.864,,,,,,,,,,,,,,
958.895,,,,,,,,,,,,,,
958.901,140.25,121.6852250999,1679.69,97.5541110159,,97.5541110159,99.382088267,,,,1.19826420479462,,,881.9982359999999
958.925,,,,,,,,,,,,,,
958.959,,,,,,,,,,,,,,
958.986,,,,,,,,,,,,,,
959.017,,,,,,,,,,,,,,
959.047,,,,,,,,,,,,,,
959.053,140.17,121.6942969473,,97.5450391685,,97.5450391685,99.382088267,,,,1.19826420479462,,,882.0890663999999
959.081,,,,,,,,,,,,,,
959.139,,,,,,,,,,,,,,
959.169,,,,,,,,,,,,,,
959.2,,,,,,,,,,,,,,
959.206,140.33,121.7079047184,,97.5586469396,,97.5586469396,99.382088267,,,,1.19826420479462,,,882.1802016
959.23,,,,,,,,,,,,,,
959.257,,,,,,,,,,,,,,
959.264,,,,,,,,,,,,,,
959.267,,,,,,,,,,,,,,
959.358,140.37,121.7169765658,,97.3681381442,,97.3681381442,99.382088267,,,,1.19826420479462,,,882.271032
959.51,140.37,121.7169765658,,97.3681381442,,97.3681381442,99.382088267,,,,1.19826420479462,,,882.3618624
959.663,140.37,121.7169765658,,97.3681381442,,97.3681381442,99.382088267,,,,1.19826420479462,,,882.4526927999999
959.815,140.37,121.7169765658,,97.3681381442,,97.3681381442,99.382088267,,,,1.19826420479462,,,882.5435232000001
959.968,140.37,121.7169765658,,97.3681381442,,97.3681381442,99.382088267,,,,1.19826420479462,,,882.6343536
960.12,140.37,121.7169765658,,97.3681381442,,97.3681381442,99.382088267,,,,1.19826420479462,,,882.7248792000001
960.272,140.37,121.7169765658,,97.3681381442,,97.3681381442,99.382088267,,,,1.19826420479462,,,882.8157096000001
960.425,140.37,121.7169765658,,97.3681381442,,97.3681381442,99.382088267,,,,1.19826420479462,,,882.9062352
960.577,140.37,121.7169765658,,97.3681381442,,97.3681381442,99.382088267,,,,1.19826420479462,,,882.9970655999999
960.73,140.37,121.7169765658,,97.3681381442,,97.3681381442,99.382088267,,,,1.19826420479462,,,883.0875912
960.882,140.37,121.7169765658,,97.3681381442,,97.3681381442,99.382088267,,,,1.19826420479462,,,883.1781168
961.034,140.37,121.7169765658,,97.3681381442,,97.3681381442,99.382088267,,,,1.19826420479462,,,883.2686424000001
961.187,140.37,121.7169765658,,97.3681381442,,97.3681381442,99.382088267,,,,1.19826420479462,,,883.359168
961.339,140.37,121.7169765658,,97.3681381442,,97.3681381442,99.382088267,,,,1.19826420479462,,,883.4496936
961.492,140.37,121.7169765658,,97.3681381442,,97.3681381442,99.382088267,,,,1.19826420479462,,,883.5399143999999
961.644,140.37,121.7169765658,,97.3681381442,,97.3681381442,99.382088267,,,,1.19826420479462,,,883.63044
961.796,140.37,121.7169765658,,97.3681381442,,97.3681381442,99.382088267,,,,1.19826420479462,,,883.7206607999999
961.949,140.37,121.7169765658,,97.3681381442,,97.3681381442,99.382088267,,,,1.19826420479462,,,883.8111864
962.101,140.37,121.7169765658,,97.3681381442,,97.3681381442,99.382088267,,,,1.19826420479462,,,883.9014072000001
962.19,,,,,,,,,,,,,,
962.254,140.43,121.9074853612,1718.75,97.3363866783,,97.3363866783,99.382088267,,,,1.19826420479462,,,883.9916279999999
962.257,,,,,,,,,,,,,,
962.284,,,,,,,,,,,,,,
962.302,,,,,,,,,,,,,,
962.406,140.48,121.9165572086,,97.4044255338,,97.4044255338,99.382088267,,,,1.19826420479462,,,884.0818488
962.421,,,,,,,,,,,,,,
962.443,,,,,,,,,,,,,,
962.467,,,,,,,,,,,,,,
962.488,,,,,,,,,,,,,,
962.513,,,,,,,,,,,,,,
962.534,,,,,,,,,,,,,,
962.558,140.37,121.925629056,1718.75,97.3454585257,,97.3454585257,99.382088267,,,,1.19826420479462,,,884.1720696000001
962.58,,,,,,,,,,,,,,
962.604,,,,,,,,,,,,,,
962.625,,,,,,,,,,,,,,
962.65,,,,,,,,,,,,,,
962.671,,,,,,,,,,,,,,
962.711,140.52,121.9347009034,,97.2683478228,,97.2683478228,99.382088267,,,,1.19826420479462,,,884.2622903999999
962.72,,,,,,,,,,,,,,
962.744,,,,,,,,,,,,,,
962.766,,,,,,,,,,,,,,
962.79,,,,,,,,,,,,,,
962.814,,,,,,,,,,,,,,
962.836,,,,,,,,,,,,,,
962.86,,,,,,,,,,,,,,
962.863,140.61,121.9483086745,1718.75,97.2365963569,,97.2365963569,99.382088267,,,,1.19826420479462,,,884.3525112
962.881,,,,,,,,,,,,,,
962.906,,,,,,,,,,,,,,
962.952,,,,,,,,,,,,,,
962.973,,,,,,,,,,,,,,
962.997,,,,,,,,,,,,,,
963.016,140.42,121.9573805219,,97.1685575014,,97.1685575014,99.382088267,,,,1.19826420479462,,,884.4424272
963.019,,,,,,,,,,,,,,
963.043,,,,,,,,,,,,,,
963.089,,,,,,,,,,,,,,
963.11,,,,,,,,,,,,,,
963.134,,,,,,,,,,,,,,
963.159,,,,,,,,,,,,,,
963.168,140.4,121.9664523693,,97.0959827222,,97.0959827222,99.382088267,,,,1.19826420479462,,,884.532648
963.183,,,,,,,,,,,,,,
963.259,,,,,,,,,,,,,,
963.305,,,,,,,,,,,,,,
963.32,140.6,121.9755242167,1679.69,97.0279438667,,97.0279438667,99.382088267,,,,1.19826420479462,,,884.622564
963.333,,,,,,,,,,,,,,
963.357,,,,,,,,,,,,,,
963.381,,,,,,,,,,,,,,
963.43,,,,,,,,,,,,,,
963.455,,,,,,,,,,,,,,
963.473,140.54,121.9891319878,,96.9553690875,,96.9553690875,99.382088267,,,,1.19826420479462,,,884.7127847999999
963.479,,,,,,,,,,,,,,
963.503,,,,,,,,,,,,,,
963.528,,,,,,,,,,,,,,
963.552,,,,,,,,,,,,,,
963.576,,,,,,,,,,,,,,
963.598,,,,,,,,,,,,,,
963.622,,,,,,,,,,,,,,
963.625,140.32,121.9982038352,1679.69,96.9599050112,,96.9599050112,99.382088267,,,,1.19826420479462,,,884.8027007999999
963.647,,,,,,,,,,,,,,
963.671,,,,,,,,,,,,,,
963.695,,,,,,,,,,,,,,
963.72,,,,,,,,,,,,,,
963.744,,,,,,,,,,,,,,
963.778,140.41,122.0072756826,,96.9462972401,,96.9462972401,99.382088267,,,,1.19826420479462,,,884.8926167999999
963.793,,,,,,,,,,,,,,
963.82,,,,,,,,,,,,,,
963.842,,,,,,,,,,,,,,
963.866,,,,,,,,,,,,,,
963.89,,,,,,,,,,,,,,
963.918,,,,,,,,,,,,,,
963.93,140.48,122.01634753,,96.9599050112,,96.9599050112,99.382088267,,,,1.19826420479462,,,884.9825328
963.942,,,,,,,,,,,,,,
963.967,,,,,,,,,,,,,,
963.991,,,,,,,,,,,,,,
964.04,,,,,,,,,,,,,,
964.064,,,,,,,,,,,,,,
964.082,140.59,122.0254193774,1679.69,96.9735127823,,96.9735127823,99.382088267,,,,1.19826420479462,,,885.0724488
964.088,,,,,,,,,,,,,,
964.162,,,,,,,,,,,,,,
964.186,,,,,,,,,,,,,,
964.21,,,,,,,,,,,,,,
964.232,,,,,,,,,,,,,,
964.235,140.43,122.0390271485,,97.0098001719,,97.0098001719,99.0600376843,,,,1.19826420479462,,,885.1623648
964.256,,,,,,,,,,,,,,
964.305,,,,,,,,,,,,,,
964.329,,,,,,,,,,,,,,
964.357,,,,,,,,,,,,,,
964.387,140.3,122.0480989959,1679.69,96.9961924008,,96.9961924008,95.9982891868,,,,1.19826420479462,,,885.251976
964.405,,,,,,,,,,,,,,
964.43,,,,,,,,,,,,,,
964.454,,,,,,,,,,,,,,
964.54,140.71,122.0571708433,,96.9961924008,,96.9961924008,95.9982891868,,,,1.19826420479462,,,885.341892
964.552,,,,,,,,,,,,,,
964.582,,,,,,,,,,,,,,
964.613,,,,,,,,,,,,,,
964.643,,,,,,,,,,,,,,
964.674,,,,,,,,,,,,,,
964.692,140.52,122.0662426907,1679.69,96.9961924008,,96.9961924008,95.9982891868,,,,1.19826420479462,,,885.431808
964.701,,,,,,,,,,,,,,
964.732,,,,,,,,,,,,,,
964.762,,,,,,,,,,,,,,
964.823,,,,,,,,,,,,,,
964.844,140.29,122.0753145381,,96.9417613164,,96.9417613164,95.9982891868,,,,1.19826420479462,,,885.5214192
964.854,,,,,,,,,,,,,,
964.884,,,,,,,,,,,,,,
964.972,,,,,,,,,,,,,,
964.997,140.35,122.0889223092,,96.9417613164,,96.9417613164,95.9982891868,,,,1.19826420479462,,,885.6110304
965.003,,,,,,,,,,,,,,
965.033,,,,,,,,,,,,,,
965.091,,,,,,,,,,,,,,
965.122,,,,,,,,,,,,,,
965.149,140.69,122.0979941566,1679.69,96.9190816979,,96.9190816979,95.9982891868,,,,1.19826420479462,,,885.7006416000002
965.155,,,,,,,,,,,,,,
965.186,,,,,,,,,,,,,,
965.216,,,,,,,,,,,,,,
965.283,,,,,,,,,,,,,,
965.302,140.25,122.107066004,,96.9462972401,,96.9462972401,95.9982891868,,,,1.19826420479462,,,885.7902527999998
965.314,,,,,,,,,,,,,,
965.347,,,,,,,,,,,,,,
965.442,,,,,,,,,,,,,,
965.454,140.54,122.1161378514,,96.9599050112,,96.9599050112,95.9982891868,,,,1.19826420479462,,,885.8798640000001
965.475,,,,,,,,,,,,,,
965.518,,,,,,,,,,,,,,
965.564,,,,,,,,,,,,,,
965.606,140.28,122.1252096988,,96.9190816979,,96.9190816979,95.9982891868,,,,1.19826420479462,,,885.9694752
965.609,,,,,,,,,,,,,,
965.655,,,,,,,,,,,,,,
965.704,,,,,,,,,,,,,,
965.75,,,,,,,,,,,,,,
965.759,140.52,122.1388174699,1679.69,96.9190816979,,96.9190816979,95.9982891868,,,,1.19826420479462,,,886.0590864
965.795,,,,,,,,,,,,,,
965.89,,,,,,,,,,,,,,
965.911,140.22,122.1478893173,,96.9190816979,,96.9190816979,95.9982891868,,,,1.19826420479462,,,886.1483927999999
965.936,,,,,,,,,,,,,,
965.981,,,,,,,,,,,,,,
966.064,140.64,122.1569611647,,96.9961924008,,96.9961924008,95.9982891868,,,,1.19826420479462,,,886.2380039999999
966.076,,,,,,,,,,,,,,
966.122,,,,,,,,,,,,,,
966.17,,,,,,,,,,,,,,
966.216,140.18,122.1660330121,,96.9462972401,,96.9462972401,95.9982891868,,,,1.19826420479462,,,886.3273104
966.219,,,,,,,,,,,,,,
966.265,,,,,,,,,,,,,,
966.283,,,,,,,,,,,,,,
966.301,,,,,,,,,,,,,,
966.32,,,,,,,,,,,,,,
966.341,,,,,,,,,,,,,,
966.368,140.59,122.1796407832,1679.69,96.9644409349,,96.9644409349,95.9982891868,,,,1.19826420479462,,,886.4169216
966.378,,,,,,,,,,,,,,
966.387,,,,,,,,,,,,,,
966.408,,,,,,,,,,,,,,
966.487,,,,,,,,,,,,,,
966.521,140.67,122.1841767069,1679.69,96.887330232,,96.887330232,95.9982891868,,,,1.19826420479462,,,886.506228
966.545,,,,,,,,,,,,,,
966.573,,,,,,,,,,,,,,
966.6,,,,,,,,,,,,,,
966.67,,,,,,,,,,,,,,
966.673,140.31,122.197784478,,97.0052642482,,97.0052642482,95.9982891868,,,,1.19826420479462,,,886.5955344
966.695,,,,,,,,,,,,,,
966.722,,,,,,,,,,,,,,
966.746,,,,,,,,,,,,,,
966.771,,,,,,,,,,,,,,
966.795,,,,,,,,,,,,,,
966.826,140.64,122.2068563254,1679.69,96.9145457742,,96.9145457742,95.9982891868,,,,1.19826420479462,,,886.6848408
966.835,,,,,,,,,,,,,,
966.871,,,,,,,,,,,,,,
966.917,,,,,,,,,,,,,,
966.948,,,,,,,,,,,,,,
966.957,,,,,,,,,,,,,,
966.96,,,,,,,,,,,,,,
966.966,,,,,,,,,,,,,,
966.975,,,,,,,,,,,,,,
966.978,140.52,122.2204640965,1679.69,94.8325567959,,94.8325567959,95.9982891868,,,,1.19826420479462,,,886.7741472000001
966.987,,,,,,,,,,,,,,
966.99,,,,,,,,,,,,,,
966.993,,,,,,,,,,,,,,
966.999,,,,,,,,,,,,,,
967.015,,,,,,,,,,,,,,
967.018,,,,,,,,,,,,,,
967.124,,,,,,,,,,,,,,
967.127,,,,,,,,,,,,,,
967.13,140.46,122.2250000202,1676.43,93.9616594455,,93.9616594455,96.070863966,,,,1.19826420479462,,,886.8634536000001
967.136,,,,,,,,,,,,,,
967.14,,,,,,,,,,,,,,
967.152,,,,,,,,,,,,,,
967.155,,,,,,,,,,,,,,
967.164,,,,,,,,,,,,,,
967.17,,,,,,,,,,,,,,
967.173,,,,,,,,,,,,,,
967.179,,,,,,,,,,,,,,
967.191,,,,,,,,,,,,,,
967.204,,,,,,,,,,,,,,
967.216,,,,,,,,,,,,,,
967.283,140.41,122.2386077913,1653.65,93.0726184003,,93.0726184003,97.4996799315,,,,1.19826420479462,,,886.9524552000001
967.289,,,,,,,,,,,,,,
967.295,,,,,,,,,,,,,,
967.301,,,,,,,,,,,,,,
967.31,,,,,,,,,,,,,,
967.322,,,,,,,,,,,,,,
967.347,,,,,,,,,,,,,,
967.353,,,,,,,,,,,,,,
967.356,,,,,,,,,,,,,,
967.365,,,,,,,,,,,,,,
967.371,,,,,,,,,,,,,,
967.396,,,,,,,,,,,,,,
967.42,,,,,,,,,,,,,,
967.435,140.39,122.2476796387,1679.69,93.7212554894,,93.7212554894,97.4996799315,,,,1.19826420479462,,,887.0417616000001
967.441,,,,,,,,,,,,,,
967.457,,,,,,,,,,,,,,
967.475,,,,,,,,,,,,,,
967.481,,,,,,,,,,,,,,
967.487,,,,,,,,,,,,,,
967.505,,,,,,,,,,,,,,
967.511,,,,,,,,,,,,,,
967.517,,,,,,,,,,,,,,
967.524,,,,,,,,,,,,,,
967.53,,,,,,,,,,,,,,
967.536,,,,,,,,,,,,,,
967.548,,,,,,,,,,,,,,
967.566,,,,,,,,,,,,,,
967.588,140.4,122.2567514861,1640.63,93.576105931,,93.576105931,97.4996799315,,,,1.19826420479462,,,887.1307632000002
967.591,,,,,,,,,,,,,,
967.594,,,,,,,,,,,,,,
967.6,,,,,,,,,,,,,,
967.606,,,,,,,,,,,,,,
967.633,,,,,,,,,,,,,,
967.639,,,,,,,,,,,,,,
967.646,,,,,,,,,,,,,,
967.652,,,,,,,,,,,,,,
967.658,,,,,,,,,,,,,,
967.679,,,,,,,,,,,,,,
967.7,,,,,,,,,,,,,,
967.706,,,,,,,,,,,,,,
967.731,,,,,,,,,,,,,,
967.74,140.62,122.2658233335,1679.69,93.5806418547,,93.5806418547,97.4996799315,,,,1.19826420479462,,,887.2200696000001
967.749,,,,,,,,,,,,,,
967.761,,,,,,,,,,,,,,
967.777,,,,,,,,,,,,,,
967.807,,,,,,,,,,,,,,
967.813,,,,,,,,,,,,,,
967.819,,,,,,,,,,,,,,
967.825,,,,,,,,,,,,,,
967.831,,,,,,,,,,,,,,
967.838,,,,,,,,,,,,,,
967.859,,,,,,,,,,,,,,
967.886,,,,,,,,,,,,,,
967.892,140.29,122.2794311046,1718.75,95.9121066365,,95.9121066365,97.4996799315,,,,1.19826420479462,,,887.3090712000002
967.895,,,,,,,,,,,,,,
967.902,,,,,,,,,,,,,,
967.914,,,,,,,,,,,,,,
967.926,,,,,,,,,,,,,,
967.947,,,,,,,,,,,,,,
967.956,,,,,,,,,,,,,,
967.972,,,,,,,,,,,,,,
967.987,,,,,,,,,,,,,,
968.014,,,,,,,,,,,,,,
968.033,,,,,,,,,,,,,,
968.045,140.45,122.288502952,1679.69,96.9417613164,,96.9417613164,97.4996799315,,,,1.19826420479462,,,887.3980728
968.048,,,,,,,,,,,,,,
968.066,,,,,,,,,,,,,,
968.081,,,,,,,,,,,,,,
968.097,,,,,,,,,,,,,,
968.118,,,,,,,,,,,,,,
968.136,,,,,,,,,,,,,,
968.155,,,,,,,,,,,,,,
968.194,,,,,,,,,,,,,,
968.197,140.43,122.2975747994,1679.69,95.7760289255,,95.7760289255,97.4996799315,,,,1.19826420479462,,,887.4867696
968.212,,,,,,,,,,,,,,
968.234,,,,,,,,,,,,,,
968.249,,,,,,,,,,,,,,
968.31,,,,,,,,,,,,,,
968.331,,,,,,,,,,,,,,
968.347,,,,,,,,,,,,,,
968.35,140.54,122.3066466468,,95.4630501902,,95.4630501902,97.4996799315,,,,1.19826420479462,,,887.5757712000001
968.365,,,,,,,,,,,,,,
968.386,,,,,,,,,,,,,,
968.404,,,,,,,,,,,,,,
968.426,,,,,,,,,,,,,,
968.447,,,,,,,,,,,,,,
968.484,,,,,,,,,,,,,,
968.502,140.18,122.3157184942,1679.69,95.1818229208,,95.1818229208,97.4996799315,,,,1.19826420479462,,,887.6647728
968.508,,,,,,,,,,,,,,
968.529,,,,,,,,,,,,,,
968.621,,,,,,,,,,,,,,
968.642,,,,,,,,,,,,,,
968.654,140.38,122.3293262653,,94.9640985832,,94.9640985832,97.4996799315,,,,1.19826420479462,,,887.7537743999999
968.667,,,,,,,,,,,,,,
968.694,,,,,,,,,,,,,,
968.718,,,,,,,,,,,,,,
968.746,,,,,,,,,,,,,,
968.773,,,,,,,,,,,,,,
968.798,,,,,,,,,,,,,,
968.807,140.45,122.3383981127,1679.69,94.6556557716,,94.6556557716,97.4996799315,,,,1.19826420479462,,,887.842776
968.822,,,,,,,,,,,,,,
968.846,,,,,,,,,,,,,,
968.868,,,,,,,,,,,,,,
968.898,,,,,,,,,,,,,,
968.959,140.47,122.3474699601,,94.7236946271,,94.7236946271,97.4996799315,,,,1.19826420479462,,,887.9317776
968.981,,,,,,,,,,,,,,
969.005,,,,,,,,,,,,,,
969.032,,,,,,,,,,,,,,
969.057,,,,,,,,,,,,,,
969.078,,,,,,,,,,,,,,
969.109,,,,,,,,,,,,,,
969.112,140.4,122.3565418075,,94.3381411126,,94.3381411126,97.4996799315,,,,1.19826420479462,,,888.0204743999999
969.13,,,,,,,,,,,,,,
969.154,,,,,,,,,,,,,,
969.182,,,,,,,,,,,,,,
969.224,,,,,,,,,,,,,,
969.252,,,,,,,,,,,,,,
969.264,140.52,122.3656136549,1679.69,94.3880362733,,94.3880362733,97.4996799315,,,,1.19826420479462,,,888.109476
969.273,,,,,,,,,,,,,,
969.343,,,,,,,,,,,,,,
969.368,,,,,,,,,,,,,,
969.395,,,,,,,,,,,,,,
969.416,140.54,122.379221426,,94.4742188236,,94.4742188236,97.4996799315,,,,1.19826420479462,,,888.1981728000001
969.419,,,,,,,,,,,,,,
969.444,,,,,,,,,,,,,,
969.468,,,,,,,,,,,,,,
969.493,,,,,,,,,,,,,,
969.517,,,,,,,,,,,,,,
969.538,,,,,,,,,,,,,,
969.569,140.46,122.3882932734,1679.69,94.3608207311,,94.3608207311,97.4996799315,,,,1.19826420479462,,,888.2871743999999
969.587,,,,,,,,,,,,,,
969.608,,,,,,,,,,,,,,
969.636,,,,,,,,,,,,,,
969.721,140.28,122.3973651208,,94.3789644259,,94.3789644259,97.4996799315,,,,1.19826420479462,,,888.3758712000001
969.727,,,,,,,,,,,,,,
969.752,,,,,,,,,,,,,,
969.779,,,,,,,,,,,,,,
969.8,,,,,,,,,,,,,,
969.822,,,,,,,,,,,,,,
969.846,,,,,,,,,,,,,,
969.864,,,,,,,,,,,,,,
969.874,140.26,122.4064369682,1679.69,94.3336051889,,94.3336051889,97.4996799315,,,,1.19826420479462,,,888.4648728
969.889,,,,,,,,,,,,,,
969.935,,,,,,,,,,,,,,
969.959,,,,,,,,,,,,,,
969.986,,,,,,,,,,,,,,
970.026,140.79,122.4155088156,,94.5377217554,,94.5377217554,97.4996799315,,,,1.19826420479462,,,888.5535696000001
970.038,,,,,,,,,,,,,,
970.06,,,,,,,,,,,,,,
970.084,,,,,,,,,,,,,,
970.111,,,,,,,,,,,,,,
970.133,,,,,,,,,,,,,,
970.157,,,,,,,,,,,,,,
970.178,140.58,122.4291165867,,94.5921528398,,94.5921528398,97.4996799315,,,,1.19826420479462,,,888.6422663999999
970.188,,,,,,,,,,,,,,
970.209,,,,,,,,,,,,,,
970.236,,,,,,,,,,,,,,
970.258,,,,,,,,,,,,,,
970.309,,,,,,,,,,,,,,
970.328,,,,,,,,,,,,,,
970.331,140.59,122.4381884341,1679.69,94.4016440444,,94.4016440444,97.4996799315,,,,1.19826420479462,,,888.7309632000001
970.352,,,,,,,,,,,,,,
970.422,,,,,,,,,,,,,,
970.45,,,,,,,,,,,,,,
970.474,,,,,,,,,,,,,,
970.483,140.32,122.4472602815,,94.6375120768,,94.6375120768,97.4996799315,,,,1.19826420479462,,,888.81966
970.505,,,,,,,,,,,,,,
970.565,,,,,,,,,,,,,,
970.596,,,,,,,,,,,,,,
970.63,,,,,,,,,,,,,,
970.636,140.52,122.4563321289,1679.69,94.4787547473,,94.4787547473,97.4996799315,,,,1.19826420479462,,,888.9086616000001
970.657,,,,,,,,,,,,,,
970.684,,,,,,,,,,,,,,
970.706,,,,,,,,,,,,,,
970.733,,,,,,,,,,,,,,
970.761,,,,,,,,,,,,,,
970.788,140.43,122.4699399,,94.4696828999,,94.4696828999,97.4996799315,,,,1.19826420479462,,,888.9973583999999
970.806,,,,,,,,,,,,,,
970.834,,,,,,,,,,,,,,
970.855,,,,,,,,,,,,,,
970.886,,,,,,,,,,,,,,
970.907,,,,,,,,,,,,,,
970.928,,,,,,,,,,,,,,
970.94,140.41,122.4790117474,,94.4061799681,,94.4061799681,97.4996799315,,,,1.19826420479462,,,889.0860552000001
970.956,,,,,,,,,,,,,,
970.977,,,,,,,,,,,,,,
971.026,,,,,,,,,,,,,,
971.047,,,,,,,,,,,,,,
971.068,,,,,,,,,,,,,,
971.093,140.69,122.4880835948,1679.69,94.2292789438,,94.2292789438,97.4996799315,,,,1.19826420479462,,,889.1744472000001
971.096,,,,,,,,,,,,,,
971.117,,,,,,,,,,,,,,
971.184,,,,,,,,,,,,,,
971.209,,,,,,,,,,,,,,
971.233,,,,,,,,,,,,,,
971.245,140.28,122.4971554422,,94.2020634016,,94.2020634016,97.4996799315,,,,1.19826420479462,,,889.2631439999999
971.254,,,,,,,,,,,,,,
971.279,,,,,,,,,,,,,,
971.297,,,,,,,,,,,,,,
971.321,,,,,,,,,,,,,,
971.346,,,,,,,,,,,,,,
971.367,,,,,,,,,,,,,,
971.392,,,,,,,,,,,,,,
971.398,140.63,122.5062272896,1640.63,94.2202070964,,94.2202070964,97.4996799315,,,,1.19826420479462,,,889.3518408
971.413,,,,,,,,,,,,,,
971.431,,,,,,,,,,,,,,
971.459,,,,,,,,,,,,,,
971.523,,,,,,,,,,,,,,
971.544,,,,,,,,,,,,,,
971.55,140.49,122.5198350607,,94.2701022571,,94.2701022571,97.4996799315,,,,1.19826420479462,,,889.4405376
971.565,,,,,,,,,,,,,,
971.59,,,,,,,,,,,,,,
971.608,,,,,,,,,,,,,,
971.629,,,,,,,,,,,,,,
971.654,,,,,,,,,,,,,,
971.675,,,,,,,,,,,,,,
971.696,,,,,,,,,,,,,,
971.702,140.49,122.5289069081,1679.69,94.2383507912,,94.2383507912,97.4996799315,,,,1.19826420479462,,,889.5289296
971.742,,,,,,,,,,,,,,
971.766,,,,,,,,,,,,,,
971.791,,,,,,,,,,,,,,
971.855,140.47,122.5379787555,,94.1612400883,,94.1612400883,97.4996799315,,,,1.19826420479462,,,889.6176264000001
971.858,,,,,,,,,,,,,,
971.879,,,,,,,,,,,,,,
971.894,,,,,,,,,,,,,,
971.971,,,,,,,,,,,,,,
971.995,,,,,,,,,,,,,,
972.007,140.54,122.5470506029,1679.69,94.1612400883,,94.1612400883,97.4996799315,,,,1.19826420479462,,,889.7063232
972.019,,,,,,,,,,,,,,
972.041,,,,,,,,,,,,,,
972.065,,,,,,,,,,,,,,
972.086,,,,,,,,,,,,,,
972.108,,,,,,,,,,,,,,
972.132,,,,,,,,,,,,,,
972.16,140.41,122.5561224503,,94.2338148675,,94.2338148675,97.4996799315,,,,1.19826420479462,,,889.7947152
972.184,,,,,,,,,,,,,,
972.205,,,,,,,,,,,,,,
972.227,,,,,,,,,,,,,,
972.251,,,,,,,,,,,,,,
972.272,,,,,,,,,,,,,,
972.294,,,,,,,,,,,,,,
972.312,140.12,122.5697302214,,94.4016440444,,94.4016440444,97.4996799315,,,,1.19826420479462,,,889.8834119999999
972.321,,,,,,,,,,,,,,
972.342,,,,,,,,,,,,,,
972.388,,,,,,,,,,,,,,
972.413,,,,,,,,,,,,,,
972.437,,,,,,,,,,,,,,
972.458,,,,,,,,,,,,,,
972.464,140.55,122.5788020688,1718.75,94.3517488837,,94.3517488837,97.4996799315,,,,1.19826420479462,,,889.9718039999999
972.48,,,,,,,,,,,,,,
972.504,,,,,,,,,,,,,,
972.525,,,,,,,,,,,,,,
972.55,,,,,,,,,,,,,,
972.571,,,,,,,,,,,,,,
972.592,,,,,,,,,,,,,,
972.617,140.26,122.5878739162,,94.2292789438,,94.2292789438,97.4996799315,,,,1.19826420479462,,,890.0601960000001
972.638,,,,,,,,,,,,,,
972.705,,,,,,,,,,,,,,
972.727,,,,,,,,,,,,,,
972.754,,,,,,,,,,,,,,
972.769,140.21,122.5969457636,1679.69,94.2791741045,,94.2791741045,97.4996799315,,,,1.19826420479462,,,890.1488927999999
972.775,,,,,,,,,,,,,,
972.803,,,,,,,,,,,,,,
972.87,,,,,,,,,,,,,,
972.894,,,,,,,,,,,,,,
972.919,,,,,,,,,,,,,,
972.922,140.17,122.606017611,,94.2474226386,,94.2474226386,97.4996799315,,,,1.19826420479462,,,890.2372847999999
972.94,,,,,,,,,,,,,,
972.961,,,,,,,,,,,,,,
972.989,,,,,,,,,,,,,,
973.007,,,,,,,,,,,,,,
973.028,,,,,,,,,,,,,,
973.053,,,,,,,,,,,,,,
973.074,140.74,122.6196253821,1640.63,94.2202070964,,94.2202070964,97.4996799315,,,,1.19826420479462,,,890.3256767999999
973.077,,,,,,,,,,,,,,
973.098,,,,,,,,,,,,,,
973.123,,,,,,,,,,,,,,
973.147,,,,,,,,,,,,,,
973.214,,,,,,,,,,,,,,
973.226,140.46,122.6286972295,,94.2202070964,,94.2202070964,97.4996799315,,,,1.19826420479462,,,890.4140687999999
973.242,,,,,,,,,,,,,,
973.26,,,,,,,,,,,,,,
973.287,,,,,,,,,,,,,,
973.309,,,,,,,,,,,,,,
973.33,,,,,,,,,,,,,,
973.354,,,,,,,,,,,,,,
973.373,,,,,,,,,,,,,,
973.379,140.26,122.6377690769,1640.63,94.2519585623,,94.2519585623,97.4996799315,,,,1.19826420479462,,,890.5024607999999
973.394,,,,,,,,,,,,,,
973.44,,,,,,,,,,,,,,
973.461,,,,,,,,,,,,,,
973.489,,,,,,,,,,,,,,
973.531,140.54,122.6468409243,,94.2247430201,,94.2247430201,97.4996799315,,,,1.19826420479462,,,890.5908527999999
973.534,,,,,,,,,,,,,,
973.556,,,,,,,,,,,,,,
973.577,,,,,,,,,,,,,,
973.601,,,,,,,,,,,,,,
973.626,,,,,,,,,,,,,,
973.647,,,,,,,,,,,,,,
973.668,,,,,,,,,,,,,,
973.684,140.54,122.6559127717,1679.69,94.256494486,,94.256494486,97.4996799315,,,,1.19826420479462,,,890.6792447999999
973.693,,,,,,,,,,,,,,
973.714,,,,,,,,,,,,,,
973.735,,,,,,,,,,,,,,
973.784,,,,,,,,,,,,,,
973.806,,,,,,,,,,,,,,
973.827,,,,,,,,,,,,,,
973.836,140.44,122.6695205428,,94.2292789438,,94.2292789438,97.4996799315,,,,1.19826420479462,,,890.7676367999999
973.851,,,,,,,,,,,,,,
973.873,,,,,,,,,,,,,,
973.897,,,,,,,,,,,,,,
973.918,,,,,,,,,,,,,,
973.943,,,,,,,,,,,,,,
973.964,,,,,,,,,,,,,,
973.988,140.22,122.6785923902,,94.2746381808,,94.2746381808,97.4996799315,,,,1.19826420479462,,,890.8560287999999
974.013,,,,,,,,,,,,,,
974.08,,,,,,,,,,,,,,
974.098,,,,,,,,,,,,,,
974.119,,,,,,,,,,,,,,
974.141,140.42,122.6876642376,1679.69,94.0932012328,,94.0932012328,97.4996799315,,,,1.19826420479462,,,890.9444207999999
974.144,,,,,,,,,,,,,,
974.165,,,,,,,,,,,,,,
974.229,,,,,,,,,,,,,,
974.251,,,,,,,,,,,,,,
974.272,,,,,,,,,,,,,,
974.293,140.67,122.696736085,,94.1294886224,,94.1294886224,97.4996799315,,,,1.19826420479462,,,891.032508
974.296,,,,,,,,,,,,,,
974.318,,,,,,,,,,,,,,
974.339,,,,,,,,,,,,,,
974.363,,,,,,,,,,,,,,
974.382,,,,,,,,,,,,,,
974.403,,,,,,,,,,,,,,
974.424,,,,,,,,,,,,,,
974.446,140.51,122.7103438561,1679.69,94.0932012328,,94.0932012328,97.4996799315,,,,1.19826420479462,,,891.1209
974.467,,,,,,,,,,,,,,
974.491,,,,,,,,,,,,,,
974.558,,,,,,,,,,,,,,
974.58,,,,,,,,,,,,,,
974.598,140.26,122.7194157035,,94.2610304097,,94.2610304097,97.4996799315,,,,1.19826420479462,,,891.209292
974.607,,,,,,,,,,,,,,
974.628,,,,,,,,,,,,,,
974.65,,,,,,,,,,,,,,
974.674,,,,,,,,,,,,,,
974.696,,,,,,,,,,,,,,
974.717,,,,,,,,,,,,,,
974.735,,,,,,,,,,,,,,
974.75,140.11,122.7284875509,1679.69,94.120416775,,94.120416775,97.4996799315,,,,1.19826420479462,,,891.2973792000001
974.756,,,,,,,,,,,,,,
974.778,,,,,,,,,,,,,,
974.796,,,,,,,,,,,,,,
974.817,,,,,,,,,,,,,,
974.881,,,,,,,,,,,,,,
974.903,140.55,122.7375593983,,94.0705216143,,94.0705216143,97.4996799315,,,,1.19826420479462,,,891.3857712000001
974.906,,,,,,,,,,,,,,
974.921,,,,,,,,,,,,,,
974.942,,,,,,,,,,,,,,
974.964,,,,,,,,,,,,,,
974.988,,,,,,,,,,,,,,
975.009,,,,,,,,,,,,,,
975.031,,,,,,,,,,,,,,
975.052,,,,,,,,,,,,,,
975.055,140.5,122.7466312457,1679.69,94.120416775,,94.120416775,97.4996799315,,,,1.19826420479462,,,891.4738583999999
975.07,,,,,,,,,,,,,,
975.089,,,,,,,,,,,,,,
975.116,,,,,,,,,,,,,,
975.134,,,,,,,,,,,,,,
975.195,,,,,,,,,,,,,,
975.208,140.7,122.7602390168,,94.1340245461,,94.1340245461,97.4996799315,,,,1.19826420479462,,,891.5619456000001
975.214,,,,,,,,,,,,,,
975.238,,,,,,,,,,,,,,
975.256,,,,,,,,,,,,,,
975.278,,,,,,,,,,,,,,
975.302,,,,,,,,,,,,,,
975.32,,,,,,,,,,,,,,
975.342,,,,,,,,,,,,,,
975.36,140.49,122.7693108642,1679.69,94.1521682409,,94.1521682409,97.4996799315,,,,1.19826420479462,,,891.6503376000001
975.363,,,,,,,,,,,,,,
975.384,,,,,,,,,,,,,,
975.409,,,,,,,,,,,,,,
975.427,,,,,,,,,,,,,,
975.451,,,,,,,,,,,,,,
975.512,140.44,122.7783827116,,94.1567041646,,94.1567041646,97.4996799315,,,,1.19826420479462,,,891.7384248
975.515,,,,,,,,,,,,,,
975.534,,,,,,,,,,,,,,
975.555,,,,,,,,,,,,,,
975.579,,,,,,,,,,,,,,
975.598,,,,,,,,,,,,,,
975.619,,,,,,,,,,,,,,
975.643,,,,,,,,,,,,,,
975.662,,,,,,,,,,,,,,
975.665,140.25,122.787454559,1679.69,94.1430963935,,94.1430963935,97.4996799315,,,,1.19826420479462,,,891.8265119999999
975.683,,,,,,,,,,,,,,
975.707,,,,,,,,,,,,,,
975.729,,,,,,,,,,,,,,
975.75,,,,,,,,,,,,,,
975.775,,,,,,,,,,,,,,
975.817,140.54,122.7965264064,,94.1793837831,,94.1793837831,97.4996799315,,,,1.19826420479462,,,891.9145992000001
975.823,,,,,,,,,,,,,,
975.845,,,,,,,,,,,,,,
975.866,,,,,,,,,,,,,,
975.89,,,,,,,,,,,,,,
975.912,,,,,,,,,,,,,,
975.936,,,,,,,,,,,,,,
975.957,,,,,,,,,,,,,,
975.97,140.5,122.8055982538,1640.63,94.2202070964,,94.2202070964,97.4996799315,,,,1.19826420479462,,,892.0026864
975.979,,,,,,,,,,,,,,
976.003,,,,,,,,,,,,,,
976.046,,,,,,,,,,,,,,
976.07,,,,,,,,,,,,,,
976.088,,,,,,,,,,,,,,
976.122,140.25,122.8192060249,,94.1249526987,,94.1249526987,97.4996799315,,,,1.19826420479462,,,892.0907735999999
976.131,,,,,,,,,,,,,,
976.152,,,,,,,,,,,,,,
976.174,,,,,,,,,,,,,,
976.22,,,,,,,,,,,,,,
976.241,,,,,,,,,,,,,,
976.265,,,,,,,,,,,,,,
976.274,140.35,122.8282778723,,94.1340245461,,94.1340245461,97.4996799315,,,,1.19826420479462,,,892.1788607999999
976.287,,,,,,,,,,,,,,
976.308,,,,,,,,,,,,,,
976.326,,,,,,,,,,,,,,
976.372,,,,,,,,,,,,,,
976.393,,,,,,,,,,,,,,
976.418,,,,,,,,,,,,,,
976.427,140.36,122.8373497197,1679.69,94.1884556305,,94.1884556305,97.4996799315,,,,1.19826420479462,,,892.2669480000001
976.436,,,,,,,,,,,,,,
976.457,,,,,,,,,,,,,,
976.479,,,,,,,,,,,,,,
976.497,,,,,,,,,,,,,,
976.518,,,,,,,,,,,,,,
976.543,,,,,,,,,,,,,,
976.561,,,,,,,,,,,,,,
976.579,140.11,122.8464215671,,94.1839197068,,94.1839197068,97.4996799315,,,,1.19826420479462,,,892.3550352
976.582,,,,,,,,,,,,,,
976.607,,,,,,,,,,,,,,
976.643,,,,,,,,,,,,,,
976.686,,,,,,,,,,,,,,
976.71,,,,,,,,,,,,,,
976.729,,,,,,,,,,,,,,
976.732,140.32,122.8554934145,1679.69,94.2292789438,,94.2292789438,97.4996799315,,,,1.19826420479462,,,892.4431224
976.75,,,,,,,,,,,,,,
976.771,,,,,,,,,,,,,,
976.793,,,,,,,,,,,,,,
976.814,,,,,,,,,,,,,,
976.835,,,,,,,,,,,,,,
976.854,,,,,,,,,,,,,,
976.875,,,,,,,,,,,,,,
976.884,140.37,122.8691011856,,94.2746381808,,94.2746381808,97.4996799315,,,,1.19826420479462,,,892.5312096000001
976.893,,,,,,,,,,,,,,
976.954,,,,,,,,,,,,,,
976.997,,,,,,,,,,,,,,
977.018,,,,,,,,,,,,,,
977.036,140.51,122.878173033,1640.63,94.3562848074,,94.3562848074,97.4996799315,,,,1.19826420479462,,,892.618992
977.042,,,,,,,,,,,,,,
977.103,,,,,,,,,,,,,,
977.125,,,,,,,,,,,,,,
977.149,,,,,,,,,,,,,,
977.167,,,,,,,,,,,,,,
977.189,140.32,122.8872448804,,94.4333955103,,94.4333955103,97.4996799315,,,,1.19826420479462,,,892.7070792000002
977.213,,,,,,,,,,,,,,
977.274,,,,,,,,,,,,,,
977.292,,,,,,,,,,,,,,
977.314,,,,,,,,,,,,,,
977.341,140.25,122.8963167278,1640.63,94.4787547473,,94.4787547473,97.4996799315,,,,1.19826420479462,,,892.7951663999999
977.353,,,,,,,,,,,,,,
977.399,,,,,,,,,,,,,,
977.42,,,,,,,,,,,,,,
977.445,,,,,,,,,,,,,,
977.46,,,,,,,,,,,,,,
977.484,,,,,,,,,,,,,,
977.494,140.53,122.9053885752,,94.5422576791,,94.5422576791,97.4996799315,,,,1.19826420479462,,,892.8829488
977.503,,,,,,,,,,,,,,
977.524,,,,,,,,,,,,,,
977.567,,,,,,,,,,,,,,
977.585,,,,,,,,,,,,,,
977.606,,,,,,,,,,,,,,
977.625,,,,,,,,,,,,,,
977.646,140.19,122.9189963463,1679.69,94.5876169161,,94.5876169161,97.4996799315,,,,1.19826420479462,,,892.9710359999999
977.667,,,,,,,,,,,,,,
977.71,,,,,,,,,,,,,,
977.731,,,,,,,,,,,,,,
977.756,,,,,,,,,,,,,,
977.774,,,,,,,,,,,,,,
977.795,,,,,,,,,,,,,,
977.798,140.52,122.9280681937,,94.6465839242,,94.6465839242,97.4996799315,,,,1.19826420479462,,,893.0588184000001
977.817,,,,,,,,,,,,,,
977.832,,,,,,,,,,,,,,
977.875,,,,,,,,,,,,,,
977.896,,,,,,,,,,,,,,
977.917,,,,,,,,,,,,,,
977.942,,,,,,,,,,,,,,
977.951,140.31,122.9371400411,1679.69,94.6375120768,,94.6375120768,97.4996799315,,,,1.19826420479462,,,893.1466008
977.96,,,,,,,,,,,,,,
977.981,,,,,,,,,,,,,,
978.048,,,,,,,,,,,,,,
978.067,,,,,,,,,,,,,,
978.091,,,,,,,,,,,,,,
978.103,140.11,122.9462118885,,94.664727619,,94.664727619,97.4996799315,,,,1.19826420479462,,,893.2346880000001
978.109,,,,,,,,,,,,,,
978.131,,,,,,,,,,,,,,
978.155,,,,,,,,,,,,,,
978.173,,,,,,,,,,,,,,
978.192,,,,,,,,,,,,,,
978.216,,,,,,,,,,,,,,
978.256,140.34,122.9552837359,1679.69,94.6239043057,,94.6239043057,97.4996799315,,,,1.19826420479462,,,893.3224704
978.371,,,,,,,,,,,,,,
978.393,,,,,,,,,,,,,,
978.408,140.49,122.9643555833,,94.6692635427,,94.6692635427,97.4996799315,,,,1.19826420479462,,,893.4102527999999
978.414,,,,,,,,,,,,,,
978.438,,,,,,,,,,,,,,
978.457,,,,,,,,,,,,,,
978.502,,,,,,,,,,,,,,
978.524,,,,,,,,,,,,,,
978.545,,,,,,,,,,,,,,
978.56,140.85,122.9779633544,1679.69,94.6737994664,,94.6737994664,97.4996799315,,,,1.19826420479462,,,893.4980352
978.566,,,,,,,,,,,,,,
978.585,,,,,,,,,,,,,,
978.606,,,,,,,,,,,,,,
978.673,,,,,,,,,,,,,,
978.695,,,,,,,,,,,,,,
978.713,140.5,122.9870352018,,94.7010150086,,94.7010150086,97.4996799315,,,,1.19826420479462,,,893.5858176
978.716,,,,,,,,,,,,,,
978.74,,,,,,,,,,,,,,
978.765,,,,,,,,,,,,,,
978.789,,,,,,,,,,,,,,
978.81,,,,,,,,,,,,,,
978.832,,,,,,,,,,,,,,
978.856,,,,,,,,,,,,,,
978.865,140.39,122.9961070492,1679.69,94.7010150086,,94.7010150086,97.4996799315,,,,1.19826420479462,,,893.6736
978.874,,,,,,,,,,,,,,
978.896,,,,,,,,,,,,,,
978.92,,,,,,,,,,,,,,
978.938,,,,,,,,,,,,,,
979.002,,,,,,,,,,,,,,
979.018,140.62,123.0051788966,,94.6737994664,,94.6737994664,97.4996799315,,,,1.19826420479462,,,893.7613823999999
979.024,,,,,,,,,,,,,,
979.048,,,,,,,,,,,,,,
979.066,,,,,,,,,,,,,,
979.088,,,,,,,,,,,,,,
979.112,,,,,,,,,,,,,,
979.13,,,,,,,,,,,,,,
979.155,,,,,,,,,,,,,,
979.17,140.54,123.014250744,1679.69,94.6828713138,,94.6828713138,97.4996799315,,,,1.19826420479462,,,893.8491648
979.176,,,,,,,,,,,,,,
979.2,,,,,,,,,,,,,,
979.222,,,,,,,,,,,,,,
979.243,,,,,,,,,,,,,,
979.268,,,,,,,,,,,,,,
979.322,140.51,123.0233225914,,94.6556557716,,94.6556557716,97.4996799315,,,,1.19826420479462,,,893.9369472000001
979.332,,,,,,,,,,,,,,
979.35,,,,,,,,,,,,,,
979.371,,,,,,,,,,,,,,
979.396,,,,,,,,,,,,,,
979.414,,,,,,,,,,,,,,
979.432,,,,,,,,,,,,,,
979.457,,,,,,,,,,,,,,
979.475,140.37,123.0369303625,1679.69,94.6284402294,,94.6284402294,97.4996799315,,,,1.19826420479462,,,894.0247296
979.496,,,,,,,,,,,,,,
979.521,,,,,,,,,,,,,,
979.539,,,,,,,,,,,,,,
979.557,,,,,,,,,,,,,,
979.581,,,,,,,,,,,,,,
979.627,140.52,123.0460022099,,94.619368382,,94.619368382,97.4996799315,,,,1.19826420479462,,,894.1122072000001
979.649,,,,,,,,,,,,,,
979.673,,,,,,,,,,,,,,
979.691,,,,,,,,,,,,,,
979.713,,,,,,,,,,,,,,
979.737,,,,,,,,,,,,,,
979.755,,,,,,,,,,,,,,
979.777,,,,,,,,,,,,,,
979.78,140.49,123.0550740573,1679.69,94.5785450687,,94.5785450687,97.4996799315,,,,1.19826420479462,,,894.1999896
979.801,,,,,,,,,,,,,,
979.819,,,,,,,,,,,,,,
979.841,,,,,,,,,,,,,,
979.868,,,,,,,,,,,,,,
979.886,,,,,,,,,,,,,,
979.914,,,,,,,,,,,,,,
979.932,140.41,123.0641459047,,94.5694732213,,94.5694732213,97.4996799315,,,,1.19826420479462,,,894.287772
979.959,,,,,,,,,,,,,,
979.978,,,,,,,,,,,,,,
979.999,,,,,,,,,,,,,,
980.023,,,,,,,,,,,,,,
980.042,,,,,,,,,,,,,,
980.066,,,,,,,,,,,,,,
980.084,140.37,123.0732177521,1679.69,94.6239043057,,94.6239043057,97.4996799315,,,,1.19826420479462,,,894.3752496
980.09,,,,,,,,,,,,,,
980.109,,,,,,,,,,,,,,
980.13,,,,,,,,,,,,,,
980.173,,,,,,,,,,,,,,
980.197,,,,,,,,,,,,,,
980.219,,,,,,,,,,,,,,
980.237,140.25,123.0868255232,,94.6420480005,,94.6420480005,97.4996799315,,,,1.19826420479462,,,894.463032
980.261,,,,,,,,,,,,,,
980.304,,,,,,,,,,,,,,
980.325,,,,,,,,,,,,,,
980.35,,,,,,,,,,,,,,
980.371,,,,,,,,,,,,,,
980.389,140.4,123.0958973706,,94.6828713138,,94.6828713138,97.4996799315,,,,1.19826420479462,,,894.5505096
980.395,,,,,,,,,,,,,,
980.414,,,,,,,,,,,,,,
980.456,,,,,,,,,,,,,,
980.502,,,,,,,,,,,,,,
980.52,,,,,,,,,,,,,,
980.542,140.49,123.104969218,1679.69,94.7373023982,,94.7373023982,97.4996799315,,,,1.19826420479462,,,894.6379872000001
980.545,,,,,,,,,,,,,,
980.612,,,,,,,,,,,,,,
980.636,,,,,,,,,,,,,,
980.654,,,,,,,,,,,,,,
980.679,,,,,,,,,,,,,,
980.694,140.43,123.1140410654,,94.5921528398,,94.5921528398,97.4996799315,,,,1.19826420479462,,,894.7257696
980.703,,,,,,,,,,,,,,
980.724,,,,,,,,,,,,,,
980.792,,,,,,,,,,,,,,
980.837,,,,,,,,,,,,,,
980.846,140.36,123.1231129128,1679.69,94.5513295265,,94.5513295265,97.4996799315,,,,1.19826420479462,,,894.8132472000001
980.862,,,,,,,,,,,,,,
980.883,,,,,,,,,,,,,,
980.947,,,,,,,,,,,,,,
980.968,,,,,,,,,,,,,,
980.99,,,,,,,,,,,,,,
980.999,140.31,123.1321847602,,94.5467936028,,94.5467936028,97.4996799315,,,,1.19826420479462,,,894.9007247999999
981.011,,,,,,,,,,,,,,
981.032,,,,,,,,,,,,,,
981.057,,,,,,,,,,,,,,
981.075,,,,,,,,,,,,,,
981.096,,,,,,,,,,,,,,
981.118,,,,,,,,,,,,,,
981.151,140.25,123.1457925313,1679.69,94.5422576791,,94.5422576791,97.4996799315,,,,1.19826420479462,,,894.9882024
981.16,,,,,,,,,,,,,,
981.203,,,,,,,,,,,,,,
981.291,,,,,,,,,,,,,,
981.304,140.61,123.1548643787,,94.5558654502,,94.5558654502,97.4996799315,,,,1.19826420479462,,,895.07568
981.313,,,,,,,,,,,,,,
981.337,,,,,,,,,,,,,,
981.358,,,,,,,,,,,,,,
981.38,,,,,,,,,,,,,,
981.404,,,,,,,,,,,,,,
981.422,,,,,,,,,,,,,,
981.441,,,,,,,,,,,,,,
981.456,140.65,123.1639362261,1679.69,94.4968984421,,94.4968984421,97.4996799315,,,,1.19826420479462,,,895.1631576
981.468,,,,,,,,,,,,,,
981.486,,,,,,,,,,,,,,
981.508,,,,,,,,,,,,,,
981.535,,,,,,,,,,,,,,
981.599,,,,,,,,,,,,,,
981.608,140.78,123.1730080735,,94.5195780606,,94.5195780606,97.4996799315,,,,1.19826420479462,,,895.2506352
981.618,,,,,,,,,,,,,,
981.642,,,,,,,,,,,,,,
981.685,,,,,,,,,,,,,,
981.706,,,,,,,,,,,,,,
981.727,,,,,,,,,,,,,,
981.752,,,,,,,,,,,,,,
981.761,140.59,123.1820799209,1679.69,94.5604013739,,94.5604013739,97.4996799315,,,,1.19826420479462,,,895.3381127999999
981.773,,,,,,,,,,,,,,
981.794,,,,,,,,,,,,,,
981.819,,,,,,,,,,,,,,
981.837,,,,,,,,,,,,,,
981.858,,,,,,,,,,,,,,
981.913,140.1,123.195687692,,94.6148324583,,94.6148324583,97.4996799315,,,,1.19826420479462,,,895.4255903999999
981.925,,,,,,,,,,,,,,
981.95,,,,,,,,,,,,,,
981.968,,,,,,,,,,,,,,
981.989,,,,,,,,,,,,,,
982.014,,,,,,,,,,,,,,
982.035,,,,,,,,,,,,,,
982.056,,,,,,,,,,,,,,
982.066,140.3,123.2047595394,1679.69,94.6375120768,,94.6375120768,97.4996799315,,,,1.19826420479462,,,895.513068
982.081,,,,,,,,,,,,,,
982.099,,,,,,,,,,,,,,
982.142,,,,,,,,,,,,,,
982.169,,,,,,,,,,,,,,
982.188,,,,,,,,,,,,,,
982.218,140.33,123.2138313868,,94.6692635427,,94.6692635427,97.4996799315,,,,1.19826420479462,,,895.6005456
982.242,,,,,,,,,,,,,,
982.264,,,,,,,,,,,,,,
982.288,,,,,,,,,,,,,,
982.312,,,,,,,,,,,,,,
982.331,,,,,,,,,,,,,,
982.352,,,,,,,,,,,,,,
982.37,140.42,123.2229032342,,94.7191587034,,94.7191587034,97.4996799315,,,,1.19826420479462,,,895.6877184
982.376,,,,,,,,,,,,,,
982.398,,,,,,,,,,,,,,
982.444,,,,,,,,,,,,,,
982.465,,,,,,,,,,,,,,
982.486,,,,,,,,,,,,,,
982.511,,,,,,,,,,,,,,
982.523,140.29,123.2319750816,1640.63,94.6828713138,,94.6828713138,97.4996799315,,,,1.19826420479462,,,895.775196
982.529,,,,,,,,,,,,,,
982.581,,,,,,,,,,,,,,
982.602,,,,,,,,,,,,,,
982.626,,,,,,,,,,,,,,
982.648,,,,,,,,,,,,,,
982.675,140.38,123.241046929,,94.7236946271,,94.7236946271,97.4996799315,,,,1.19826420479462,,,895.8626736
982.697,,,,,,,,,,,,,,
982.767,,,,,,,,,,,,,,
982.788,,,,,,,,,,,,,,
982.812,,,,,,,,,,,,,,
982.828,140.38,123.2546547001,1679.69,94.755446093,,94.755446093,97.4996799315,,,,1.19826420479462,,,895.9498464
982.837,,,,,,,,,,,,,,
982.861,,,,,,,,,,,,,,
982.889,,,,,,,,,,,,,,
982.956,,,,,,,,,,,,,,
982.974,,,,,,,,,,,,,,
982.98,140.23,123.2637265475,,94.6012246872,,94.6012246872,97.4996799315,,,,1.19826420479462,,,896.037324
982.995,,,,,,,,,,,,,,
983.041,,,,,,,,,,,,,,
983.062,,,,,,,,,,,,,,
983.087,,,,,,,,,,,,,,
983.108,,,,,,,,,,,,,,
983.132,140.2,123.2727983949,1679.69,94.664727619,,94.664727619,97.4996799315,,,,1.19826420479462,,,896.1244968000001
983.135,,,,,,,,,,,,,,
983.154,,,,,,,,,,,,,,
983.181,,,,,,,,,,,,,,
983.199,,,,,,,,,,,,,,
983.218,,,,,,,,,,,,,,
983.285,140.49,123.2818702423,,94.69194316120002,,94.69194316120002,97.4996799315,,,,1.19826420479462,,,896.2116696
983.288,,,,,,,,,,,,,,
983.309,,,,,,,,,,,,,,
983.334,,,,,,,,,,,,,,
983.358,,,,,,,,,,,,,,
983.382,,,,,,,,,,,,,,
983.404,,,,,,,,,,,,,,
983.428,,,,,,,,,,,,,,
983.437,140.4,123.2909420897,1523.44,94.6737994664,,94.6737994664,97.4996799315,,,,1.19826420479462,,,896.2991472000001
983.452,,,,,,,,,,,,,,
983.474,,,,,,,,,,,,,,
983.495,,,,,,,,,,,,,,
983.547,,,,,,,,,,,,,,
983.574,,,,,,,,,,,,,,
983.59,134.95,123.3000139371,,94.619368382,,94.619368382,97.4996799315,,,,1.19826420479462,,,896.38632
983.599,,,,,,,,,,,,,,
983.62,,,,,,,,,,,,,,
983.644,,,,,,,,,,,,,,
983.666,,,,,,,,,,,,,,
983.69,,,,,,,,,,,,,,
983.712,,,,,,,,,,,,,,
983.736,,,,,,,,,,,,,,
983.742,134.68,123.3136217082,,94.6874072375,,94.6874072375,97.4996799315,,,,1.19826420479462,,,896.4734927999999
983.76,,,,,,,,,,,,,,
983.779,,,,,,,,,,,,,,
983.803,,,,,,,,,,,,,,
983.827,,,,,,,,,,,,,,
983.852,,,,,,,,,,,,,,
983.876,,,,,,,,,,,,,,
983.894,134.33,123.3226935556,1523.44,94.6012246872,,94.6012246872,97.4996799315,,,,1.19826420479462,,,896.5606656
983.9,,,,,,,,,,,,,,
983.922,,,,,,,,,,,,,,
983.971,,,,,,,,,,,,,,
983.995,,,,,,,,,,,,,,
984.019,,,,,,,,,,,,,,
984.047,134.59,123.331765403,,94.5921528398,,94.5921528398,97.4996799315,,,,1.19826420479462,,,896.6478384
984.068,,,,,,,,,,,,,,
984.093,,,,,,,,,,,,,,
984.114,,,,,,,,,,,,,,
984.138,,,,,,,,,,,,,,
984.166,,,,,,,,,,,,,,
984.199,134.85,123.3408372504,1523.44,94.6329761531,,94.6329761531,97.4996799315,,,,1.19826420479462,,,896.7350111999999
984.217,,,,,,,,,,,,,,
984.239,,,,,,,,,,,,,,
984.263,,,,,,,,,,,,,,
984.288,,,,,,,,,,,,,,
984.352,134.68,123.3499090978,,94.619368382,,94.619368382,97.4996799315,,,,1.19826420479462,,,896.822184
984.358,,,,,,,,,,,,,,
984.376,,,,,,,,,,,,,,
984.397,,,,,,,,,,,,,,
984.422,,,,,,,,,,,,,,
984.446,,,,,,,,,,,,,,
984.467,,,,,,,,,,,,,,
984.498,,,,,,,,,,,,,,
984.504,134.51,123.3635168689,1523.44,94.6692635427,,94.6692635427,97.4996799315,,,,1.19826420479462,,,896.9093568
984.519,,,,,,,,,,,,,,
984.562,,,,,,,,,,,,,,
984.605,,,,,,,,,,,,,,
984.656,139.48,123.3725887163,,95.6399512145,,95.6399512145,97.4996799315,,,,1.19826420479462,,,896.9965296
984.678,,,,,,,,,,,,,,
984.693,,,,,,,,,,,,,,
984.775,,,,,,,,,,,,,,
984.781,,,,,,,,,,,,,,
984.809,140.38,123.3816605637,1679.69,94.9323471173,,94.9323471173,97.4996799315,,,,1.19826420479462,,,897.0837024
984.873,,,,,,,,,,,,,,
984.897,,,,,,,,,,,,,,
984.925,,,,,,,,,,,,,,
984.958,,,,,,,,,,,,,,
984.961,140.46,123.3907324111,,94.3744285022,,94.3744285022,97.4996799315,,,,1.19826420479462,,,897.1705704
984.986,,,,,,,,,,,,,,
985.016,,,,,,,,,,,,,,
985.047,,,,,,,,,,,,,,
985.074,,,,,,,,,,,,,,
985.104,,,,,,,,,,,,,,
985.114,140.14,123.3998042585,1679.69,94.0932012328,,94.0932012328,97.4996799315,,,,1.19826420479462,,,897.2577432
985.135,,,,,,,,,,,,,,
985.159,,,,,,,,,,,,,,
985.193,,,,,,,,,,,,,,
985.223,,,,,,,,,,,,,,
985.254,,,,,,,,,,,,,,
985.266,140.51,123.4088761059,,94.2202070964,,94.2202070964,97.4996799315,,,,1.19826420479462,,,897.3446111999999
985.278,,,,,,,,,,,,,,
985.333,,,,,,,,,,,,,,
985.357,,,,,,,,,,,,,,
985.385,,,,,,,,,,,,,,
985.415,,,,,,,,,,,,,,
985.418,140.68,123.422483877,,94.3199974178,,94.3199974178,97.4996799315,,,,1.19826420479462,,,897.431784
985.443,,,,,,,,,,,,,,
985.467,,,,,,,,,,,,,,
985.498,,,,,,,,,,,,,,
985.525,,,,,,,,,,,,,,
985.571,140.13,123.4315557244,1679.69,94.3063896467,,94.3063896467,97.4996799315,,,,1.19826420479462,,,897.518652
985.58,,,,,,,,,,,,,,
985.607,,,,,,,,,,,,,,
985.632,,,,,,,,,,,,,,
985.665,,,,,,,,,,,,,,
985.72,,,,,,,,,,,,,,
985.723,140.4,123.4406275718,,94.2701022571,,94.2701022571,97.4996799315,,,,1.19826420479462,,,897.6058247999999
985.751,,,,,,,,,,,,,,
985.781,,,,,,,,,,,,,,
985.805,,,,,,,,,,,,,,
985.833,,,,,,,,,,,,,,
985.863,,,,,,,,,,,,,,
985.876,140.56,123.4496994192,,94.3063896467,,94.3063896467,97.4996799315,,,,1.19826420479462,,,897.6926927999999
985.888,,,,,,,,,,,,,,
985.915,,,,,,,,,,,,,,
985.946,,,,,,,,,,,,,,
985.998,,,,,,,,,,,,,,
986.028,140.4,123.4587712666,1679.69,94.3562848074,,94.3562848074,97.4996799315,,,,1.19826420479462,,,897.7798656
986.052,,,,,,,,,,,,,,
986.135,,,,,,,,,,,,,,
986.162,,,,,,,,,,,,,,
986.18,140.54,123.4723790377,,94.3426770363,,94.3426770363,97.4996799315,,,,1.19826420479462,,,897.8667336000001
986.193,,,,,,,,,,,,,,
986.22,,,,,,,,,,,,,,
986.251,,,,,,,,,,,,,,
986.278,,,,,,,,,,,,,,
986.308,,,,,,,,,,,,,,
986.333,140.49,123.4814508851,1640.63,94.3245333415,,94.3245333415,97.4996799315,,,,1.19826420479462,,,897.9536016000001
986.36,,,,,,,,,,,,,,
986.415,,,,,,,,,,,,,,
986.443,,,,,,,,,,,,,,
986.473,,,,,,,,,,,,,,
986.485,140.5,123.4905227325,,94.2882459519,,94.2882459519,97.4996799315,,,,1.19826420479462,,,898.0404696
986.497,,,,,,,,,,,,,,
986.525,,,,,,,,,,,,,,
986.555,,,,,,,,,,,,,,
986.58,,,,,,,,,,,,,,
986.607,,,,,,,,,,,,,,
986.638,140.54,123.4995945799,,94.3290692652,,94.3290692652,97.4996799315,,,,1.19826420479462,,,898.1273376
986.662,,,,,,,,,,,,,,
986.686,,,,,,,,,,,,,,
986.741,,,,,,,,,,,,,,
986.769,,,,,,,,,,,,,,
986.79,140.37,123.5086664273,1640.63,94.3381411126,,94.3381411126,97.4996799315,,,,1.19826420479462,,,898.2142056
986.799,,,,,,,,,,,,,,
986.827,,,,,,,,,,,,,,
986.857,,,,,,,,,,,,,,
986.884,,,,,,,,,,,,,,
986.942,140.51,123.5177382747,,94.2882459519,,94.2882459519,97.4996799315,,,,1.19826420479462,,,898.3010736
986.967,,,,,,,,,,,,,,
986.997,,,,,,,,,,,,,,
987.025,,,,,,,,,,,,,,
987.052,,,,,,,,,,,,,,
987.083,,,,,,,,,,,,,,
987.095,140.51,123.5313460458,,94.2383507912,,94.2383507912,97.4996799315,,,,1.19826420479462,,,898.3879416000001
987.107,,,,,,,,,,,,,,
987.134,,,,,,,,,,,,,,
987.165,,,,,,,,,,,,,,
987.189,,,,,,,,,,,,,,
987.247,140.36,123.5404178932,1640.63,94.2973177993,,94.2973177993,97.4996799315,,,,1.19826420479462,,,898.4748096000001
987.275,,,,,,,,,,,,,,
987.302,,,,,,,,,,,,,,
987.384,,,,,,,,,,,,,,
987.4,140.33,123.5494897406,,94.2973177993,,94.2973177993,97.4996799315,,,,1.19826420479462,,,898.5616776
987.415,,,,,,,,,,,,,,
987.442,,,,,,,,,,,,,,
987.473,,,,,,,,,,,,,,
987.497,,,,,,,,,,,,,,
987.531,,,,,,,,,,,,,,
987.552,140.24,123.558561588,1640.63,94.3789644259,,94.3789644259,97.4996799315,,,,1.19826420479462,,,898.6485456
987.555,,,,,,,,,,,,,,
987.579,,,,,,,,,,,,,,
987.61,,,,,,,,,,,,,,
987.634,,,,,,,,,,,,,,
987.662,,,,,,,,,,,,,,
987.692,,,,,,,,,,,,,,
987.704,140.72,123.5676334354,,94.437931434,,94.437931434,97.4996799315,,,,1.19826420479462,,,898.7351087999999
987.714,,,,,,,,,,,,,,
987.771,,,,,,,,,,,,,,
987.796,,,,,,,,,,,,,,
987.823,,,,,,,,,,,,,,
987.854,,,,,,,,,,,,,,
987.857,140.61,123.5812412065,,94.3789644259,,94.3789644259,97.4996799315,,,,1.19826420479462,,,898.8219767999999
987.878,,,,,,,,,,,,,,
987.906,,,,,,,,,,,,,,
987.96,,,,,,,,,,,,,,
987.988,,,,,,,,,,,,,,
988.009,141.0,123.5903130539,1640.63,94.2837100282,,94.2837100282,97.4996799315,,,,1.19826420479462,,,898.90854
988.018,,,,,,,,,,,,,,
988.046,,,,,,,,,,,,,,
988.073,,,,,,,,,,,,,,
988.101,,,,,,,,,,,,,,
988.131,,,,,,,,,,,,,,
988.162,140.21,123.59938490129998,,94.2791741045,,94.2791741045,97.4996799315,,,,1.19826420479462,,,898.995408
988.18,,,,,,,,,,,,,,
988.204,,,,,,,,,,,,,,
988.229,,,,,,,,,,,,,,
988.256,,,,,,,,,,,,,,
988.287,,,,,,,,,,,,,,
988.311,,,,,,,,,,,,,,
988.314,147.46,123.6084567487,,94.3971081207,,94.3971081207,97.4996799315,,,,1.19826420479462,,,899.0819712000001
988.335,,,,,,,,,,,,,,
988.363,,,,,,,,,,,,,,
988.384,,,,,,,,,,,,,,
988.412,,,,,,,,,,,,,,
988.442,,,,,,,,,,,,,,
988.466,141.08,123.6175285961,1562.5,94.4152518155,,94.4152518155,97.4996799315,,,,1.19826420479462,,,899.1688392000001
988.491,,,,,,,,,,,,,,
988.543,,,,,,,,,,,,,,
988.594,,,,,,,,,,,,,,
988.619,141.05,123.6266004435,,94.4424673577,,94.4424673577,97.4996799315,,,,1.19826420479462,,,899.2554024
988.622,,,,,,,,,,,,,,
988.646,,,,,,,,,,,,,,
988.674,,,,,,,,,,,,,,
988.701,,,,,,,,,,,,,,
988.722,,,,,,,,,,,,,,
988.75,,,,,,,,,,,,,,
988.771,140.57,123.6402082146,1328.13,94.437931434,,94.437931434,97.4996799315,,,,1.19826420479462,,,899.3419656
988.777,,,,,,,,,,,,,,
988.805,,,,,,,,,,,,,,
988.829,,,,,,,,,,,,,,
988.857,,,,,,,,,,,,,,
988.878,,,,,,,,,,,,,,
988.905,,,,,,,,,,,,,,
988.924,140.93,123.649280062,,94.4424673577,,94.4424673577,97.4996799315,,,,1.19826420479462,,,899.4288336000001
988.933,,,,,,,,,,,,,,
988.957,,,,,,,,,,,,,,
989.012,,,,,,,,,,,,,,
989.076,140.67,123.6583519094,,94.2655663334,,94.2655663334,97.4996799315,,,,1.19826420479462,,,899.5153968000001
989.085,,,,,,,,,,,,,,
989.134,,,,,,,,,,,,,,
989.228,140.76,123.6674237568,,94.2701022571,,94.2701022571,97.4996799315,,,,1.19826420479462,,,899.60196
989.234,,,,,,,,,,,,,,
989.381,140.74,123.6764956042,,94.1748478594,,94.1748478594,97.4996799315,,,,1.19826420479462,,,899.6885232000001
989.384,,,,,,,,,,,,,,
989.533,140.24,123.6901033753,,94.1294886224,,94.1294886224,97.4996799315,,,,1.19826420479462,,,899.7750864
989.558,,,,,,,,,,,,,,
989.609,,,,,,,,,,,,,,
989.686,140.27,123.6991752227,,94.120416775,,94.120416775,97.4996799315,,,,1.19826420479462,,,899.8616496
989.71,,,,,,,,,,,,,,
989.838,140.84,123.7082470701,,94.029698301,,94.029698301,97.4996799315,,,,1.19826420479462,,,899.9482127999999
989.85,,,,,,,,,,,,,,
989.99,140.32,123.7173189175,,93.9616594455,,93.9616594455,97.4996799315,,,,1.19826420479462,,,900.0344712000001
989.993,,,,,,,,,,,,,,
990.07,,,,,,,,,,,,,,
990.143,140.44,123.7263907649,,93.9616594455,,93.9616594455,97.4996799315,,,,1.19826420479462,,,900.1210344000001
990.158,,,,,,,,,,,,,,
990.295,140.46,123.7354626123,,94.0115546062,,94.0115546062,97.4996799315,,,,1.19826420479462,,,900.2075976
990.301,,,,,,,,,,,,,,
990.371,,,,,,,,,,,,,,
990.448,140.55,123.7490703834,,93.9208361322,,93.9208361322,97.4996799315,,,,1.19826420479462,,,900.2941607999999
990.466,,,,,,,,,,,,,,
990.6,140.26,123.7581422308,,93.9525875981,,93.9525875981,97.4996799315,,,,1.19826420479462,,,900.3804192
990.609,,,,,,,,,,,,,,
990.752,140.32,123.7672140782,,93.9798031403,,93.9798031403,97.4996799315,,,,1.19826420479462,,,900.4669823999999
990.777,,,,,,,,,,,,,,
990.823,,,,,,,,,,,,,,
990.905,140.55,123.7762859256,,93.8800128189,,93.8800128189,97.4996799315,,,,1.19826420479462,,,900.5532408
990.92,,,,,,,,,,,,,,
991.057,140.39,123.785357773,,93.8527972767,,93.8527972767,97.4996799315,,,,1.19826420479462,,,900.6398039999999
991.063,,,,,,,,,,,,,,
991.094,,,,,,,,,,,,,,
991.21,140.47,123.7944296204,,93.8890846663,,93.8890846663,97.4996799315,,,,1.19826420479462,,,900.7260624
991.237,,,,,,,,,,,,,,
991.28,,,,,,,,,,,,,,
991.362,140.64,123.8080373915,,93.8845487426,,93.8845487426,97.4996799315,,,,1.19826420479462,,,900.8123207999998
991.377,,,,,,,,,,,,,,
991.423,,,,,,,,,,,,,,
991.514,140.2,123.8171092389,,93.8890846663,,93.8890846663,97.4996799315,,,,1.19826420479462,,,900.8985792
991.52,,,,,,,,,,,,,,
991.569,,,,,,,,,,,,,,
991.667,140.46,123.8261810863,,93.8618691241,,93.8618691241,97.4996799315,,,,1.19826420479462,,,900.9851424
991.691,,,,,,,,,,,,,,
991.734,,,,,,,,,,,,,,
991.819,140.69,123.8352529337,,93.9344439033,,93.9344439033,97.4996799315,,,,1.19826420479462,,,901.0714008
991.834,,,,,,,,,,,,,,
991.853,,,,,,,,,,,,,,
991.972,141.52,123.8443247811,,93.848261353,,93.848261353,97.4996799315,,,,1.19826420479462,,,901.1576592
991.975,,,,,,,,,,,,,,
992.054,,,,,,,,,,,,,,
992.124,147.38,123.8579325522,,93.6895040235,,93.6895040235,97.4996799315,,,,1.19826420479462,,,901.2439176
992.13,,,,,,,,,,,,,,
992.276,145.18,123.8670043996,,93.7212554894,,93.7212554894,97.4996799315,,,,1.19826420479462,,,901.330176
992.279,,,,,,,,,,,,,,
992.31,,,,,,,,,,,,,,
992.429,140.67,123.876076247,,93.6758962524,,93.6758962524,97.4996799315,,,,1.19826420479462,,,901.4164344
992.432,,,,,,,,,,,,,,
992.459,,,,,,,,,,,,,,
992.49,,,,,,,,,,,,,,
992.581,140.57,123.8851480944,,93.6441447865,,93.6441447865,97.4996799315,,,,1.19826420479462,,,901.502388
992.593,,,,,,,,,,,,,,
992.618,,,,,,,,,,,,,,
992.648,,,,,,,,,,,,,,
992.67,,,,,,,,,,,,,,
992.734,140.33,123.8942199418,,93.666824405,,93.666824405,97.4996799315,,,,1.19826420479462,,,901.5886464
992.746,,,,,,,,,,,,,,
992.77,,,,,,,,,,,,,,
992.801,,,,,,,,,,,,,,
992.825,,,,,,,,,,,,,,
992.849,,,,,,,,,,,,,,
992.88,,,,,,,,,,,,,,
992.886,140.29,123.9032917892,,93.6849680998,,93.6849680998,97.4996799315,,,,1.19826420479462,,,901.6749048
992.904,,,,,,,,,,,,,,
992.932,,,,,,,,,,,,,,
992.959,,,,,,,,,,,,,,
992.99,,,,,,,,,,,,,,
993.017,,,,,,,,,,,,,,
993.038,140.63,123.9168995603,1679.69,93.5942496258,,93.5942496258,97.4996799315,,,,1.19826420479462,,,901.7611632000002
993.041,,,,,,,,,,,,,,
993.072,,,,,,,,,,,,,,
993.148,,,,,,,,,,,,,,
993.173,,,,,,,,,,,,,,
993.191,140.25,123.9259714077,,93.5942496258,,93.5942496258,97.4996799315,,,,1.19826420479462,,,901.8471168
993.197,,,,,,,,,,,,,,
993.227,,,,,,,,,,,,,,
993.249,,,,,,,,,,,,,,
993.27,,,,,,,,,,,,,,
993.301,,,,,,,,,,,,,,
993.322,,,,,,,,,,,,,,
993.343,140.35,123.9350432551,1679.69,93.5806418547,,93.5806418547,97.4996799315,,,,1.19826420479462,,,901.9333752
993.349,,,,,,,,,,,,,,
993.38,,,,,,,,,,,,,,
993.404,,,,,,,,,,,,,,
993.432,,,,,,,,,,,,,,
993.462,,,,,,,,,,,,,,
993.496,140.3,123.9441151025,,93.4899233807,,93.4899233807,97.4996799315,,,,1.19826420479462,,,902.0193288
993.517,,,,,,,,,,,,,,
993.541,,,,,,,,,,,,,,
993.572,,,,,,,,,,,,,,
993.596,,,,,,,,,,,,,,
993.624,,,,,,,,,,,,,,
993.648,140.18,123.9531869499,,93.4989952281,,93.4989952281,97.4996799315,,,,1.19826420479462,,,902.1055872000002
993.654,,,,,,,,,,,,,,
993.675,,,,,,,,,,,,,,
993.703,,,,,,,,,,,,,,
993.733,,,,,,,,,,,,,,
993.755,,,,,,,,,,,,,,
993.782,,,,,,,,,,,,,,
993.8,140.48,123.966794721,1679.69,93.5806418547,,93.5806418547,97.4996799315,,,,1.19826420479462,,,902.1915408
993.81,,,,,,,,,,,,,,
993.834,,,,,,,,,,,,,,
993.861,,,,,,,,,,,,,,
993.941,,,,,,,,,,,,,,
993.953,140.68,123.9758665684,,93.5443544651,,93.5443544651,97.4996799315,,,,1.19826420479462,,,902.2774944
993.992,,,,,,,,,,,,,,
994.02,,,,,,,,,,,,,,
994.047,,,,,,,,,,,,,,
994.081,,,,,,,,,,,,,,
994.105,140.33,123.9849384158,1679.69,93.4491000674,,93.4491000674,97.4996799315,,,,1.19826420479462,,,902.3637528
994.133,,,,,,,,,,,,,,
994.16,,,,,,,,,,,,,,
994.184,,,,,,,,,,,,,,
994.212,,,,,,,,,,,,,,
994.242,,,,,,,,,,,,,,
994.258,140.72,123.9940102632,,93.4627078385,,93.4627078385,97.4996799315,,,,1.19826420479462,,,902.4497064
994.267,,,,,,,,,,,,,,
994.325,,,,,,,,,,,,,,
994.349,,,,,,,,,,,,,,
994.376,,,,,,,,,,,,,,
994.404,,,,,,,,,,,,,,
994.41,140.58,124.0030821106,,93.4581719148,,93.4581719148,97.4996799315,,,,1.19826420479462,,,902.53566
994.428,,,,,,,,,,,,,,
994.456,,,,,,,,,,,,,,
994.532,,,,,,,,,,,,,,
994.559,,,,,,,,,,,,,,
994.562,140.47,124.012153958,1679.69,93.4989952281,,93.4989952281,97.4996799315,,,,1.19826420479462,,,902.6216136
994.587,,,,,,,,,,,,,,
994.611,,,,,,,,,,,,,,
994.636,,,,,,,,,,,,,,
994.663,,,,,,,,,,,,,,
994.715,140.0,124.0257617291,,93.3130223564,,93.3130223564,97.4996799315,,,,1.19826420479462,,,902.7075672
994.724,,,,,,,,,,,,,,
994.736,,,,,,,,,,,,,,
994.739,,,,,,,,,,,,,,
994.742,,,,,,,,,,,,,,
994.745,,,,,,,,,,,,,,
994.748,,,,,,,,,,,,,,
994.751,,,,,,,,,,,,,,
994.754,,,,,,,,,,,,,,
994.757,,,,,,,,,,,,,,
994.761,,,,,,,,,,,,,,
994.764,,,,,,,,,,,,,,
994.821,,,,,,,,,,,,,,
994.828,,,,,,,,,,,,,,
994.867,140.71,124.0302976528,1666.67,91.3580392417,,91.3580392417,97.4996799315,,,,1.19826420479462,,,902.7935208
994.87,,,,,,,,,,,,,,
994.873,,,,,,,,,,,,,,
994.879,,,,,,,,,,,,,,
994.882,,,,,,,,,,,,,,
994.898,,,,,,,,,,,,,,
994.916,,,,,,,,,,,,,,
994.919,,,,,,,,,,,,,,
994.928,,,,,,,,,,,,,,
995.007,,,,,,,,,,,,,,
995.02,141.44,124.0393695002,1606.45,90.7547613896,,90.7547613896,97.4996799315,,,,1.19826420479462,,,902.8794744
995.044,,,,,,,,,,,,,,
995.047,,,,,,,,,,,,,,
995.05,,,,,,,,,,,,,,
995.062,,,,,,,,,,,,,,
995.071,,,,,,,,,,,,,,
995.087,,,,,,,,,,,,,,
995.172,141.47,124.0484413476,1728.52,89.1036851628,,89.1036851628,97.4996799315,,,,1.19826420479462,,,902.965428
995.175,,,,,,,,,,,,,,
995.184,,,,,,,,,,,,,,
995.202,,,,,,,,,,,,,,
995.324,141.54,124.0620491187,,89.30326580559999,,89.30326580559999,97.4996799315,,,,1.19826420479462,,,903.0513816
995.33,,,,,,,,,,,,,,
995.337,,,,,,,,,,,,,,
995.349,,,,,,,,,,,,,,
995.355,,,,,,,,,,,,,,
995.361,,,,,,,,,,,,,,
995.382,,,,,,,,,,,,,,
995.388,,,,,,,,,,,,,,
995.398,,,,,,,,,,,,,,
995.407,,,,,,,,,,,,,,
995.416,,,,,,,,,,,,,,
995.425,,,,,,,,,,,,,,
995.434,,,,,,,,,,,,,,
995.462,,,,,,,,,,,,,,
995.477,141.44,124.0711209661,1679.69,89.221619179,,89.221619179,97.4996799315,,,,1.19826420479462,,,903.1370304
995.483,,,,,,,,,,,,,,
995.492,,,,,,,,,,,,,,
995.504,,,,,,,,,,,,,,
995.51,,,,,,,,,,,,,,
995.519,,,,,,,,,,,,,,
995.529,,,,,,,,,,,,,,
995.544,,,,,,,,,,,,,,
995.553,,,,,,,,,,,,,,
995.562,,,,,,,,,,,,,,
995.587,,,,,,,,,,,,,,
995.611,,,,,,,,,,,,,,
995.62,,,,,,,,,,,,,,
995.629,141.43,124.0847287372,1679.69,89.0764696206,,89.0764696206,97.4996799315,,,,1.19826420479462,,,903.222984
995.635,,,,,,,,,,,,,,
995.654,,,,,,,,,,,,,,
995.669,,,,,,,,,,,,,,
995.675,,,,,,,,,,,,,,
995.684,,,,,,,,,,,,,,
995.708,,,,,,,,,,,,,,
995.718,,,,,,,,,,,,,,
995.727,,,,,,,,,,,,,,
995.736,,,,,,,,,,,,,,
995.742,,,,,,,,,,,,,,
995.745,,,,,,,,,,,,,,
995.772,,,,,,,,,,,,,,
995.782,141.42,124.0938005846,1679.69,88.9131763674,,88.9131763674,97.4996799315,,,,1.19826420479462,,,903.3089376
995.788,,,,,,,,,,,,,,
995.806,,,,,,,,,,,,,,
995.833,,,,,,,,,,,,,,
995.84,,,,,,,,,,,,,,
995.846,,,,,,,,,,,,,,
995.852,,,,,,,,,,,,,,
995.861,,,,,,,,,,,,,,
995.885,,,,,,,,,,,,,,
995.891,,,,,,,,,,,,,,
995.9,,,,,,,,,,,,,,
995.91,,,,,,,,,,,,,,
995.919,,,,,,,,,,,,,,
995.934,141.52,124.102872432,1679.69,88.8451375119,,88.8451375119,97.4996799315,,,,1.19826420479462,,,903.3945864
995.94,,,,,,,,,,,,,,
995.949,,,,,,,,,,,,,,
995.961,,,,,,,,,,,,,,
995.992,,,,,,,,,,,,,,
996.025,,,,,,,,,,,,,,
996.044,,,,,,,,,,,,,,
996.086,141.44,124.1119442794,2343.75,90.809192474,,90.809192474,97.4996799315,,,,1.19826420479462,,,903.48054
996.096,,,,,,,,,,,,,,
996.178,,,,,,,,,,,,,,
996.239,141.87,124.1255520505,,90.8318720925,,90.8318720925,97.4996799315,,,,1.19826420479462,,,903.5661888
996.242,,,,,,,,,,,,,,
996.391,141.56,124.1300879742,,89.5209901432,,89.5209901432,97.4996799315,,,,1.19826420479462,,,903.6521424
996.394,,,,,,,,,,,,,,
996.544,141.33,124.1436957453,,95.526553122,,95.526553122,97.4996799315,,,,1.19826420479462,,,903.7377912
996.559,,,,,,,,,,,,,,
996.696,141.46,124.1527675927,,95.5991279012,,95.5991279012,97.4996799315,,,,1.19826420479462,,,903.82344
996.702,,,,,,,,,,,,,,
996.848,141.67,124.1618394401,,95.2634695474,,95.2634695474,97.4996799315,,,,1.19826420479462,,,903.9090888
996.87,,,,,,,,,,,,,,
997.001,141.35,124.1709112875,,94.8234849485,,94.8234849485,97.4996799315,,,,1.19826420479462,,,903.9950424
997.007,,,,,,,,,,,,,,
997.037,,,,,,,,,,,,,,
997.053,,,,,,,,,,,,,,
997.153,140.7,124.1799831349,1679.69,96.4428097094,,96.4428097094,97.4996799315,,,,1.19826420479462,,,904.0806912
997.202,,,,,,,,,,,,,,
997.306,141.33,124.193590906,,94.8370927196,,94.8370927196,97.4996799315,,,,1.19826420479462,,,904.16634
997.312,,,,,,,,,,,,,,
997.37,,,,,,,,,,,,,,
997.458,141.39,124.2026627534,,92.2697599054,,92.2697599054,97.4996799315,,,,1.19826420479462,,,904.2519888
997.479,,,,,,,,,,,,,,
997.528,,,,,,,,,,,,,,
997.571,,,,,,,,,,,,,,
997.61,141.73,124.2117346008,,89.4620231351,,89.4620231351,97.4996799315,,,,1.19826420479462,,,904.3376376
997.632,,,,,,,,,,,,,,
997.696,,,,,,,,,,,,,,
997.757,,,,,,,,,,,,,,
997.763,141.25,124.2208064482,1796.88,88.47772769219999,,88.47772769219999,97.4996799315,,,,1.19826420479462,,,904.4229816
997.815,,,,,,,,,,,,,,
997.915,141.31,124.2298782956,,88.2463955835,,88.2463955835,97.4996799315,,,,1.19826420479462,,,904.5086304
997.933,,,,,,,,,,,,,,
998.068,142.0,124.2434860667,,88.2781470494,,88.2781470494,97.4996799315,,,,1.19826420479462,,,904.5942792
998.119,,,,,,,,,,,,,,
998.18,,,,,,,,,,,,,,
998.22,141.36,124.2525579141,,88.2101081939,,88.2101081939,97.4996799315,,,,1.19826420479462,,,904.679928
998.238,,,,,,,,,,,,,,
998.302,,,,,,,,,,,,,,
998.363,,,,,,,,,,,,,,
998.372,141.6,124.2616297615,,88.45504807370001,,88.45504807370001,97.4996799315,,,,1.19826420479462,,,904.765272
998.424,,,,,,,,,,,,,,
998.482,,,,,,,,,,,,,,
998.525,141.2,124.2707016089,,88.3734014471,,88.3734014471,97.4996799315,,,,1.19826420479462,,,904.8509208
998.546,,,,,,,,,,,,,,
998.613,,,,,,,,,,,,,,
998.677,141.35,124.2797734563,1796.88,88.0014557037,,88.0014557037,97.4996799315,,,,1.19826420479462,,,904.9362648
998.683,,,,,,,,,,,,,,
998.817,,,,,,,,,,,,,,
998.83,141.45,124.2888453037,,87.6249740366,,87.6249740366,97.4996799315,,,,1.19826420479462,,,905.0219136
998.884,,,,,,,,,,,,,,
998.952,,,,,,,,,,,,,,
998.982,141.42,124.3024530748,,87.57054295219999,,87.57054295219999,97.4996799315,,,,1.19826420479462,,,905.1072576
999.0,,,,,1.25999999046326,,,,904.859985351563,,,,,
999.016,,,,,,,,,,,,,,
999.08,,,,,,,,,,,,,,
999.134,141.43,124.3115249222,,87.7610517476,,87.7610517476,97.4996799315,,,,1.19826420479462,,,905.1929064
999.147,,,,,,,,,,,,,,
999.223,,,,,,,,,,,,,,
999.287,141.0,124.3205967696,,87.85630614530001,,87.85630614530001,97.4996799315,,,,1.19826420479462,,,905.2782504
999.29,,,,,,,,,,,,,,
999.36,,,,,,,,,,,,,,
999.433,,,,,,,,,,,,,,
999.439,141.48,124.329668617,,87.9697042378,,87.9697042378,97.4996799315,,,,1.19826420479462,,,905.3635944
999.503,,,,,,,,,,,,,,
999.573,,,,,,,,,,,,,,
999.592,141.36,124.3387404644,1796.88,88.0286712459,,88.0286712459,97.4996799315,,,,1.19826420479462,,,905.4489384
999.64,,,,,,,,,,,,,,
999.707,,,,,,,,,,,,,,
999.744,141.43,124.3523482355,,88.0468149407,,88.0468149407,97.4996799315,,,,1.19826420479462,,,905.5345872
999.774,,,,,,,,,,,,,,
999.842,,,,,,,,,,,,,,
999.896,142.0,124.3614200829,,87.8744498401,,87.8744498401,97.4996799315,,,,1.19826420479462,,,905.6199312
999.912,,,,,,,,,,,,,,
999.982,,,,,,,,,,,,,,
1000.0,,,,,1.25999999046326,,,,905.4099731445308,,,,,
1000.049,141.5,124.3704919303,,88.44597622629999,,88.44597622629999,97.4996799315,,,,1.19826420479462,,,905.7052752
1000.052,,,,,,,,,,,,,,
1000.125,,,,,,,,,,,,,,
1000.201,141.0,124.3795637777,,88.87688897780001,,88.87688897780001,97.4996799315,,,,1.19826420479462,,,905.7906192
1000.262,,,,,,,,,,,,,,
1000.335,,,,,,,,,,,,,,
1000.338,,,,,,,,,,,,,,
1000.354,141.3,124.3931715488,1835.94,90.4327108069,,90.4327108069,97.4996799315,,,,1.19826420479462,,,905.8756584
1000.381,,,,,,,,,,,,,,
1000.476,,,,,,,,,,,,,,
1000.506,141.0,124.4022433962,,90.2013786982,,90.2013786982,97.4996799315,,,,1.19826420479462,,,905.9610024
1000.552,,,,,,,,,,,,,,
1000.625,,,,,,,,,,,,,,
1000.658,141.48,124.4113152436,,87.94248869559999,,87.94248869559999,97.4996799315,,,,1.19826420479462,,,906.0463464
1000.701,,,,,,,,,,,,,,
1000.777,,,,,,,,,,,,,,
1000.811,141.4,124.420387091,,87.6385818077,,87.6385818077,97.4996799315,,,,1.19826420479462,,,906.1316904
1000.844,,,,,,,,,,,,,,
1000.917,,,,,,,,,,,,,,
1000.924,,,,,,,,,,,,,,
1000.945,,,,,,,,,,,,,,
1000.963,141.48,124.4294589384,,91.126707133,,91.126707133,97.8444101327,,,,1.19826420479462,,,906.2167296
1000.985,,,,,,,,,,,,,,
1001.0,,,,,1.25999999046326,,,,905.940002441406,,,,,
1001.116,141.32,124.4385307858,,91.4669014105,,91.4669014105,98.4068646715,,,,1.19826420479462,,,906.3020736
1001.174,,,,,,,,,,,,,,
1001.241,,,,,,,,,,,,,,
1001.268,141.82,124.4476026332,,89.97458251319999,,89.97458251319999,98.4068646715,,,,1.19826420479462,,,906.3874176
1001.311,,,,,,,,,,,,,,
1001.381,,,,,,,,,,,,,,
1001.42,141.36,124.4612104043,,90.1106602242,,90.1106602242,98.4068646715,,,,1.19826420479462,,,906.4724568
1001.451,,,,,,,,,,,,,,
1001.521,,,,,,,,,,,,,,
1001.573,141.36,124.4702822517,,91.2446411492,,91.2446411492,98.4068646715,,,,1.19826420479462,,,906.557496
1001.588,,,,,,,,,,,,,,
1001.683,,,,,,,,,,,,,,
1001.725,141.0,124.4793540991,1757.81,91.7572005273,,91.7572005273,98.4068646715,,,,1.19826420479462,,,906.64284
1001.78,,,,,,,,,,,,,,
1001.878,141.38,124.4884259465,,90.3601360277,,90.3601360277,98.4068646715,,,,1.19826420479462,,,906.7278792
1001.972,,,,,,,,,,,,,,
1002.0,,,,,1.25999999046326,,,,906.47998046875,,,,,
1002.03,141.12,124.4974977939,,88.8814249015,,88.8814249015,98.4068646715,,,,1.19826420479462,,,906.8129184
1002.045,,,,,,,,,,,,,,
1002.121,,,,,,,,,,,,,,
1002.182,141.38,124.5065696413,,88.61834132690001,,88.61834132690001,98.4068646715,,,,1.19826420479462,,,906.8982624
1002.192,,,,,,,,,,,,,,
1002.262,,,,,,,,,,,,,,
1002.335,141.0,124.5201774124,,88.5457665477,,88.5457665477,98.4068646715,,,,1.19826420479462,,,906.9833016
1002.338,,,,,,,,,,,,,,
1002.414,,,,,,,,,,,,,,
1002.487,141.0,124.5292492598,,89.12182885760001,,89.12182885760001,98.4068646715,,,,1.19826420479462,,,907.0683408
1002.566,,,,,,,,,,,,,,
1002.64,141.42,124.5383211072,,89.8203611074,,89.8203611074,98.4068646715,,,,1.19826420479462,,,907.15338
1002.655,,,,,,,,,,,,,,
1002.752,,,,,,,,,,,,,,
1002.792,141.5,124.5473929546,,89.28965803450001,,89.28965803450001,98.4068646715,,,,1.19826420479462,,,907.2384192
1002.859,,,,,,,,,,,,,,
1002.944,141.53,124.556464802,,88.8496734356,,88.8496734356,98.4068646715,,,,1.19826420479462,,,907.3234584
1002.954,,,,,,,,,,,,,,
1002.999,,,,,1.25999999046326,,,,907.010009765625,,,,,
1003.048,,,,,,,,,,,,,,
1003.097,141.0,124.5700725731,1796.88,88.89049674889999,,88.89049674889999,98.4068646715,,,,1.19826420479462,,,907.4081928
1003.139,,,,,,,,,,,,,,
1003.249,141.0,124.5791444205,,89.040182231,,89.040182231,98.4068646715,,,,1.19826420479462,,,907.493232
1003.331,,,,,,,,,,,,,,
1003.402,141.81,124.5882162679,,88.6954520298,,88.6954520298,98.4068646715,,,,1.19826420479462,,,907.5782712
1003.423,,,,,,,,,,,,,,
1003.514,,,,,,,,,,,,,,
1003.554,141.82,124.5972881153,,87.4208574701,,87.4208574701,98.4068646715,,,,1.19826420479462,,,907.6633104
1003.606,,,,,,,,,,,,,,
1003.706,143.22,124.6063599627,,85.7969967855,,85.7969967855,98.4068646715,,,,1.19826420479462,,,907.7480448
1003.764,,,,,,,,,,,,,,
1003.841,,,,,,,,,,,,,,
1003.859,154.15,124.6154318101,,85.1937189334,,85.1937189334,98.4068646715,,,,1.19826420479462,,,907.833084
1003.917,,,,,,,,,,,,,,
1003.99,,,,,,,,,,,,,,
1003.999,,,,,1.26999998092651,,,,907.5499877929692,,,,,
1004.011,155.57,124.6290395812,,85.0394975276,,85.0394975276,98.4068646715,,,,1.19826420479462,,,907.9178184
1004.036,,,,,,,,,,,,,,
1004.084,,,,,,,,,,,,,,
1004.136,,,,,,,,,,,,,,
1004.164,155.5,124.6381114286,2148.44,86.83572331280001,,86.83572331280001,98.4068646715,,,,1.19826420479462,,,908.0028576
1004.185,,,,,,,,,,,,,,
1004.237,,,,,,,,,,,,,,
1004.289,,,,,,,,,,,,,,
1004.316,155.5,124.647183276,,87.6159021892,,87.6159021892,98.4068646715,,,,1.19826420479462,,,908.087592
1004.34,,,,,,,,,,,,,,
1004.395,,,,,,,,,,,,,,
1004.447,,,,,,,,,,,,,,
1004.468,155.28,124.6562551234,,87.6748691973,,87.6748691973,98.4068646715,,,,1.19826420479462,,,908.1723264
1004.499,,,,,,,,,,,,,,
1004.609,,,,,,,,,,,,,,
1004.621,155.0,124.6653269708,,87.56147110479999,,87.56147110479999,98.4068646715,,,,1.19826420479462,,,908.2573656
1004.657,,,,,,,,,,,,,,
1004.715,,,,,,,,,,,,,,
1004.767,,,,,,,,,,,,,,
1004.773,155.0,124.6789347419,,87.4843604019,,87.4843604019,98.4068646715,,,,1.19826420479462,,,908.3421
1004.819,,,,,,,,,,,,,,
1004.871,,,,,,,,,,,,,,
1004.926,155.11,124.6880065893,,87.6204381129,,87.6204381129,98.4068646715,,,,1.19826420479462,,,908.4268344
1004.977,,,,,,,,,,,,,,
1004.999,,,,,1.25999999046326,,,,908.080017089844,,,,,
1005.029,,,,,,,,,,,,,,
1005.078,155.13,124.6970784367,2148.44,87.6249740366,,87.6249740366,98.4068646715,,,,1.19826420479462,,,908.5115688
1005.127,,,,,,,,,,,,,,
1005.182,,,,,,,,,,,,,,
1005.23,155.27,124.7061502841,,87.56147110479999,,87.56147110479999,98.4068646715,,,,1.19826420479462,,,908.5963032
1005.233,,,,,,,,,,,,,,
1005.288,,,,,,,,,,,,,,
1005.383,155.29,124.7152221315,,87.2983875302,,87.2983875302,98.4068646715,,,,1.19826420479462,,,908.6810376
1005.395,,,,,,,,,,,,,,
1005.447,,,,,,,,,,,,,,
1005.502,,,,,,,,,,,,,,
1005.535,155.21,124.7242939789,,87.38003415680001,,87.38003415680001,98.4068646715,,,,1.19826420479462,,,908.765772
1005.553,,,,,,,,,,,,,,
1005.605,,,,,,,,,,,,,,
1005.654,,,,,,,,,,,,,,
1005.688,155.4,124.73790175,,87.2621001406,,87.2621001406,98.4068646715,,,,1.19826420479462,,,908.8505064
1005.706,,,,,,,,,,,,,,
1005.761,,,,,,,,,,,,,,
1005.813,,,,,,,,,,,,,,
1005.84,155.33,124.7469735974,2148.44,87.4163215464,,87.4163215464,98.4068646715,,,,1.19826420479462,,,908.9352408
1005.864,,,,,,,,,,,,,,
1005.913,,,,,,,,,,,,,,
1005.968,,,,,,,,,,,,,,
1005.992,166.97,124.7560454448,,87.8018750609,,87.8018750609,98.4068646715,,,,1.19826420479462,,,909.0196704
1005.998,,,,,1.26999998092651,,,,908.609985351563,,,,,
1006.02,,,,,,,,,,,,,,
1006.078,,,,,,,,,,,,,,
1006.145,170.3,124.7651172922,,87.91527315340001,,87.91527315340001,98.4068646715,,,,1.19826420479462,,,909.1044048
1006.191,,,,,,,,,,,,,,
1006.245,,,,,,,,,,,,,,
1006.297,170.15,124.7741891396,,87.8699139164,,87.8699139164,98.4068646715,,,,1.19826420479462,,,909.1891392
1006.306,,,,,,,,,,,,,,
1006.361,,,,,,,,,,,,,,
1006.416,,,,,,,,,,,,,,
1006.45,170.63,124.7877969107,,87.87898576379999,,87.87898576379999,98.4068646715,,,,1.19826420479462,,,909.2735688
1006.471,,,,,,,,,,,,,,
1006.575,,,,,,,,,,,,,,
1006.602,171.0,124.7968687581,2148.44,87.8835216875,,87.8835216875,98.4068646715,,,,1.19826420479462,,,909.3583032
1006.632,,,,,,,,,,,,,,
1006.684,,,,,,,,,,,,,,
1006.733,,,,,,,,,,,,,,
1006.754,182.59,124.8059406055,,88.0241353222,,88.0241353222,98.4068646715,,,,1.19826420479462,,,909.4427328
1006.791,,,,,,,,,,,,,,
1006.846,,,,,,,,,,,,,,
1006.901,,,,,,,,,,,,,,
1006.907,185.64,124.8150124529,,88.08310233030001,,88.08310233030001,98.4068646715,,,,1.19826420479462,,,909.5274672
1006.956,,,,,,,,,,,,,,
1007.001,,,,,1.26999998092651,,,,909.130004882812,,,,,
1007.007,,,,,,,,,,,,,,
1007.059,185.39,124.8240843003,,88.2554674309,,88.2554674309,98.4068646715,,,,1.19826420479462,,,909.6118968
1007.12,,,,,,,,,,,,,,
1007.181,,,,,,,,,,,,,,
1007.212,185.0,124.8376920714,,88.3371140575,,88.3371140575,98.4068646715,,,,1.19826420479462,,,909.6963264
1007.239,,,,,,,,,,,,,,
1007.3,,,,,,,,,,,,,,
1007.364,185.68,124.8467639188,2148.44,87.87898576379999,,87.87898576379999,98.4068646715,,,,1.19826420479462,,,909.780756
1007.425,,,,,,,,,,,,,,
1007.486,,,,,,,,,,,,,,
1007.516,185.68,124.8558357662,,87.4888963256,,87.4888963256,98.4068646715,,,,1.19826420479462,,,909.8654904
1007.547,,,,,,,,,,,,,,
1007.608,,,,,,,,,,,,,,
1007.669,185.68,124.8649076136,,87.4571448597,,87.4571448597,98.4068646715,,,,1.19826420479462,,,909.94992
1007.733,,,,,,,,,,,,,,
1007.791,,,,,,,,,,,,,,
1007.821,185.62,124.8785153847,,87.47075263079999,,87.47075263079999,98.4068646715,,,,1.19826420479462,,,910.0343496
1007.855,,,,,,,,,,,,,,
1007.916,,,,,,,,,,,,,,
1007.974,185.36,124.8875872321,,87.4888963256,,87.4888963256,98.4068646715,,,,1.19826420479462,,,910.1187792000002
1007.977,,,,,,,,,,,,,,
1008.001,,,,,1.26999998092651,,,,909.6799926757808,,,,,
1008.041,,,,,,,,,,,,,,
1008.102,,,,,,,,,,,,,,
1008.126,185.4,124.8966590795,,87.37549823309999,,87.37549823309999,98.4068646715,,,,1.19826420479462,,,910.2032088
1008.163,,,,,,,,,,,,,,
1008.224,,,,,,,,,,,,,,
1008.278,185.13,124.9057309269,,87.4798244782,,87.4798244782,98.4068646715,,,,1.19826420479462,,,910.2876384
1008.288,,,,,,,,,,,,,,
1008.349,,,,,,,,,,,,,,
1008.419,,,,,,,,,,,,,,
1008.431,185.68,124.9148027743,2148.44,87.5569351811,,87.5569351811,98.4068646715,,,,1.19826420479462,,,910.3717632
1008.48,,,,,,,,,,,,,,
1008.544,,,,,,,,,,,,,,
1008.583,185.29,124.9284105454,,87.6204381129,,87.6204381129,98.4068646715,,,,1.19826420479462,,,910.4561928
1008.605,,,,,,,,,,,,,,
1008.669,,,,,,,,,,,,,,
1008.733,,,,,,,,,,,,,,
1008.736,185.96,124.9374823928,,87.5796147996,,87.5796147996,98.4068646715,,,,1.19826420479462,,,910.5406224
1008.797,,,,,,,,,,,,,,
1008.861,,,,,,,,,,,,,,
1008.888,185.62,124.9465542402,,87.5750788759,,87.5750788759,98.4068646715,,,,1.19826420479462,,,910.6247472
1008.922,,,,,,,,,,,,,,
1008.986,,,,,,,,,,,,,,
1009.001,,,,,1.26999998092651,,,,910.190002441406,,,,,
1009.04,185.71,124.9556260876,,87.5841507233,,87.5841507233,98.4068646715,,,,1.19826420479462,,,910.7091768
1009.046,,,,,,,,,,,,,,
1009.111,,,,,,,,,,,,,,
1009.175,,,,,,,,,,,,,,
1009.193,185.58,124.9692338587,,87.5206477915,,87.5206477915,98.4068646715,,,,1.19826420479462,,,910.7936064
1009.239,,,,,,,,,,,,,,
1009.299,,,,,,,,,,,,,,
1009.345,186.0,124.9783057061,2148.44,87.4344652412,,87.4344652412,98.4068646715,,,,1.19826420479462,,,910.8777312
1009.357,,,,,,,,,,,,,,
1009.424,,,,,,,,,,,,,,
1009.482,,,,,,,,,,,,,,
1009.498,186.16,124.9873775535,,87.53879148629998,,87.53879148629998,98.4068646715,,,,1.19826420479462,,,910.961856
1009.546,,,,,,,,,,,,,,
1009.616,,,,,,,,,,,,,,
1009.65,191.54,124.9964494009,,87.6476536551,,87.6476536551,98.4068646715,,,,1.19826420479462,,,911.0462856
1009.674,,,,,,,,,,,,,,
1009.802,193.04,125.0055212483,,87.6657973499,,87.6657973499,98.4068646715,,,,1.19826420479462,,,911.1304104
1009.808,,,,,,,,,,,,,,
1009.869,,,,,,,,,,,,,,
1009.937,,,,,,,,,,,,,,
1009.955,193.74,125.0191290194,,87.7610517476,,87.7610517476,98.4068646715,,,,1.19826420479462,,,911.2145352
1010.001,,,,,1.26999998092651,,,,910.719970703125,910.719970703125,,1.25999999046326,6.74032430393091,
1010.065,,,,,,,,,,,,,,
1010.107,193.71,125.0282008668,,87.72476435799999,,87.72476435799999,98.4068646715,,,,1.19826420479462,,,911.29866
1010.132,,,,,,,,,,,,,,
1010.196,,,,,,,,,,,,,,
1010.26,193.33,125.0372727142,2343.75,87.6249740366,,87.6249740366,98.4068646715,,,,1.19826420479462,,,911.3830896
1010.324,,,,,,,,,,,,,,
1010.388,,,,,,,,,,,,,,
1010.412,193.0,125.0463445616,,87.65218957879999,,87.65218957879999,98.4068646715,,,,1.19826420479462,,,911.4672144
1010.452,,,,,,,,,,,,,,
1010.516,,,,,,,,,,,,,,
1010.564,193.75,125.055416409,,87.73383620540001,,87.73383620540001,98.4068646715,,,,1.19826420479462,,,911.5513392
1010.58,,,,,,,,,,,,,,
1010.647,,,,,,,,,,,,,,
1010.717,193.46,125.0690241801,,87.7610517476,,87.7610517476,98.4068646715,,,,1.19826420479462,,,911.635464
1010.775,,,,,,,,,,,,,,
1010.839,,,,,,,,,,,,,,
1010.869,193.0,125.0780960275,,87.679405121,,87.679405121,98.4068646715,,,,1.19826420479462,,,911.719284
1010.906,,,,,,,,,,,,,,
1010.97,,,,,,,,,,,,,,
1011.0,,,,,1.26999998092651,,,,911.239990234375,911.239990234375,,1.25999999046326,5.96533974867316,
1011.022,193.83,125.0871678749,,87.6249740366,,87.6249740366,98.4068646715,,,,1.19826420479462,,,911.8034088
1011.034,,,,,,,,,,,,,,
1011.104,,,,,,,,,,,,,,
1011.171,,,,,,,,,,,,,,
1011.174,193.52,125.0962397223,2343.75,87.84723429790002,,87.84723429790002,98.4068646715,,,,1.19826420479462,,,911.8875336
1011.235,,,,,,,,,,,,,,
1011.302,,,,,,,,,,,,,,
1011.326,193.43,125.1098474934,,88.0195993985,,88.0195993985,98.4068646715,,,,1.19826420479462,,,911.9716584
1011.369,,,,,,,,,,,,,,
1011.439,,,,,,,,,,,,,,
1011.479,193.32,125.1189193408,,88.29175482049999,,88.29175482049999,98.4068646715,,,,1.19826420479462,,,912.0554784
1011.509,,,,,,,,,,,,,,
1011.579,,,,,,,,,,,,,,
1011.631,193.62,125.1279911882,,88.8088501223,,88.8088501223,98.4068646715,,,,1.19826420479462,,,912.1396032
1011.653,,,,,,,,,,,,,,
1011.784,193.58,125.1370630356,,88.8859608252,,88.8859608252,98.4068646715,,,,1.19826420479462,,,912.2234232
1011.814,,,,,,,,,,,,,,
1011.89,,,,,,,,,,,,,,
1011.936,193.62,125.146134883,,88.4187606841,,88.4187606841,98.4068646715,,,,1.19826420479462,,,912.307548
1011.963,,,,,,,,,,,,,,
1012.0,,,,,1.26999998092651,,,,911.77001953125,911.77001953125,,1.25999999046326,6.301846021157711,
1012.037,,,,,,,,,,,,,,
1012.088,194.0,125.1597426541,,87.951560543,,87.951560543,98.4068646715,,,,1.19826420479462,,,912.391368
1012.107,,,,,,,,,,,,,,
1012.241,193.5,125.1688145015,,87.5932225707,,87.5932225707,98.4068646715,,,,1.19826420479462,,,912.4754928
1012.256,,,,,,,,,,,,,,
1012.326,,,,,,,,,,,,,,
1012.393,193.0,125.1778863489,2343.75,87.52971963889999,,87.52971963889999,98.4068646715,,,,1.19826420479462,,,912.5593127999998
1012.472,,,,,,,,,,,,,,
1012.546,193.35,125.1869581963,,88.405152913,,88.405152913,98.4068646715,,,,1.19826420479462,,,912.6431328
1012.631,,,,,,,,,,,,,,
1012.698,193.44,125.2005659674,,89.37130466110001,,89.37130466110001,98.4068646715,,,,1.19826420479462,,,912.7269528
1012.716,,,,,,,,,,,,,,
1012.805,,,,,,,,,,,,,,
1012.85,193.11,125.2096378148,,88.86781713040001,,88.86781713040001,98.4068646715,,,,1.19826420479462,,,912.8107728
1012.881,,,,,,,,,,,,,,
1012.948,,,,,,,,,,,,,,
1013.0,,,,,1.26999998092651,,,,912.280029296875,912.280029296875,,1.25999999046326,5.50646764732853,
1013.003,193.38,125.2187096622,,87.91073722969999,,87.91073722969999,98.4068646715,,,,1.19826420479462,,,912.8948976
1013.027,,,,,,,,,,,,,,
1013.1,,,,,,,,,,,,,,
1013.155,193.0,125.2277815096,,87.2757079117,,87.2757079117,98.4068646715,,,,1.19826420479462,,,912.9787176
1013.173,,,,,,,,,,,,,,
1013.244,,,,,,,,,,,,,,
1013.308,193.45,125.236853357,,86.99901656600001,,86.99901656600001,98.4068646715,,,,1.19826420479462,,,913.0622328
1013.317,,,,,,,,,,,,,,
1013.387,,,,,,,,,,,,,,
1013.457,,,,,,,,,,,,,,
1013.46,193.0,125.2504611281,2343.75,87.0806631926,,87.0806631926,98.4068646715,,,,1.19826420479462,,,913.1460528
1013.527,,,,,,,,,,,,,,
1013.597,,,,,,,,,,,,,,
1013.612,193.73,125.2595329755,,86.94004955790001,,86.94004955790001,98.4068646715,,,,1.19826420479462,,,913.2298728
1013.667,,,,,,,,,,,,,,
1013.737,,,,,,,,,,,,,,
1013.765,193.68,125.2686048229,,86.8946903209,,86.8946903209,98.4068646715,,,,1.19826420479462,,,913.3136928
1013.804,,,,,,,,,,,,,,
1013.875,,,,,,,,,,,,,,
1013.917,193.32,125.2776766703,,86.9445854816,,86.9445854816,98.4068646715,,,,1.19826420479462,,,913.3975127999998
1013.945,,,,,,,,,,,,,,
1013.999,,,,,1.26999998092651,,,,912.789978027344,912.789978027344,,1.25999999046326,6.22026880191765,
1014.018,,,,,,,,,,,,,,
1014.07,193.38,125.2912844414,,86.8946903209,,86.8946903209,98.4068646715,,,,1.19826420479462,,,913.481028
1014.088,,,,,,,,,,,,,,
1014.155,,,,,,,,,,,,,,
1014.222,193.82,125.3003562888,,86.85840293129999,,86.85840293129999,98.4068646715,,,,1.19826420479462,,,913.564848
1014.231,,,,,,,,,,,,,,
1014.304,,,,,,,,,,,,,,
1014.371,,,,,,,,,,,,,,
1014.374,193.36,125.3094281362,,86.80850777059999,,86.80850777059999,98.4068646715,,,,1.19826420479462,,,913.6483632
1014.441,,,,,,,,,,,,,,
1014.512,,,,,,,,,,,,,,
1014.527,193.41,125.3184999836,2343.75,86.8221155417,,86.8221155417,98.4068646715,,,,1.19826420479462,,,913.7321832
1014.585,,,,,,,,,,,,,,
1014.655,,,,,,,,,,,,,,
1014.679,193.0,125.327571831,,86.74500483879999,,86.74500483879999,98.4068646715,,,,1.19826420479462,,,913.8156984
1014.722,,,,,,,,,,,,,,
1014.795,,,,,,,,,,,,,,
1014.832,193.0,125.34117960209998,,86.7404689151,,86.7404689151,98.4068646715,,,,1.19826420479462,,,913.8995184
1014.865,,,,,,,,,,,,,,
1014.935,,,,,,,,,,,,,,
1014.984,193.38,125.3502514495,,86.8720107024,,86.8720107024,98.4068646715,,,,1.19826420479462,,,913.9830336
1014.999,,,,,1.26999998092651,,,,913.309997558594,913.309997558594,,1.25999999046326,6.56697246992649,
1015.008,,,,,,,,,,,,,,
1015.136,193.0,125.3593232969,,86.94004955790001,,86.94004955790001,98.4068646715,,,,1.19826420479462,,,914.0665488
1015.152,,,,,,,,,,,,,,
1015.219,,,,,,,,,,,,,,
1015.289,193.0,125.3683951443,,87.34374676719999,,87.34374676719999,98.4068646715,,,,1.19826420479462,,,914.150064
1015.365,,,,,,,,,,,,,,
1015.438,,,,,,,,,,,,,,
1015.441,193.67,125.3774669917,,88.5548383951,,88.5548383951,98.4068646715,,,,1.19826420479462,,,914.233884
1015.514,,,,,,,,,,,,,,
1015.594,193.2,125.3910747628,2343.75,89.0038948414,,89.0038948414,98.4068646715,,,,1.19826420479462,,,914.3173992
1015.67,,,,,,,,,,,,,,
1015.746,193.95,125.4001466102,,88.89956859629999,,88.89956859629999,98.4068646715,,,,1.19826420479462,,,914.4009144
1015.819,,,,,,,,,,,,,,
1015.898,193.5,125.4092184576,,88.6682364876,,88.6682364876,98.4068646715,,,,1.19826420479462,,,914.4844296
1015.901,,,,,,,,,,,,,,
1015.975,,,,,,,,,,,,,,
1015.999,,,,,1.26999998092651,,,,913.830017089844,913.830017089844,,1.25999999046326,6.342634630777741,
1016.048,,,,,,,,,,,,,,
1016.051,193.52,125.418290305,,88.2645392783,,88.2645392783,98.4068646715,,,,1.19826420479462,,,914.56764
1016.118,,,,,,,,,,,,,,
1016.191,,,,,,,,,,,,,,
1016.203,193.05,125.4318980761,,87.8290906031,,87.8290906031,98.4068646715,,,,1.19826420479462,,,914.6511552
1016.261,,,,,,,,,,,,,,
1016.331,,,,,,,,,,,,,,
1016.356,193.05,125.4409699235,,87.6385818077,,87.6385818077,98.4068646715,,,,1.19826420479462,,,914.7346704
1016.401,,,,,,,,,,,,,,
1016.474,,,,,,,,,,,,,,
1016.508,193.71,125.4500417709,,87.4843604019,,87.4843604019,98.4068646715,,,,1.19826420479462,,,914.8181856
1016.545,,,,,,,,,,,,,,
1016.615,,,,,,,,,,,,,,
1016.66,193.95,125.4591136183,2343.75,87.4253933938,,87.4253933938,98.4068646715,,,,1.19826420479462,,,914.901396
1016.685,,,,,,,,,,,,,,
1016.752,,,,,,,,,,,,,,
1016.813,193.23,125.4681854657,,87.47075263079999,,87.47075263079999,98.4068646715,,,,1.19826420479462,,,914.9849112
1016.825,,,,,,,,,,,,,,
1016.892,,,,,,,,,,,,,,
1016.962,,,,,,,,,,,,,,
1016.965,193.55,125.4817932368,,87.5161118678,,87.5161118678,98.4068646715,,,,1.19826420479462,,,915.0684264
1016.999,,,,,1.26999998092651,,,,914.3400268554692,914.3400268554692,,1.25999999046326,5.373904422944139,
1017.032,,,,,,,,,,,,,,
1017.105,,,,,,,,,,,,,,
1017.118,193.73,125.4908650842,,87.4208574701,,87.4208574701,98.4068646715,,,,1.19826420479462,,,915.1516368
1017.172,,,,,,,,,,,,,,
1017.246,,,,,,,,,,,,,,
1017.27,193.45,125.4999369316,,87.3936419279,,87.3936419279,98.4068646715,,,,1.19826420479462,,,915.2348472
1017.316,,,,,,,,,,,,,,
1017.383,,,,,,,,,,,,,,
1017.422,193.82,125.509008779,,87.2348845984,,87.2348845984,98.4068646715,,,,1.19826420479462,,,915.3183624
1017.45,,,,,,,,,,,,,,
1017.52,,,,,,,,,,,,,,
1017.575,193.32,125.5180806264,,87.316531225,,87.316531225,98.4068646715,,,,1.19826420479462,,,915.4015728
1017.59,,,,,,,,,,,,,,
1017.66,,,,,,,,,,,,,,
1017.727,193.18,125.5316883975,2343.75,87.3074593776,,87.3074593776,98.4068646715,,,,1.19826420479462,,,915.4847832
1017.797,,,,,,,,,,,,,,
1017.864,,,,,,,,,,,,,,
1017.88,193.65,125.5407602449,,87.2439564458,,87.2439564458,98.4068646715,,,,1.19826420479462,,,915.5682984
1017.931,,,,,,,,,,,,,,
1018.002,,,,,1.26999998092651,,,,914.849975585938,914.849975585938,,1.25999999046326,6.67914138950086,
1018.032,193.18,125.5498320923,,87.28024383540001,,87.28024383540001,98.4068646715,,,,1.19826420479462,,,915.6515088
1018.066,,,,,,,,,,,,,,
1018.136,,,,,,,,,,,,,,
1018.184,193.57,125.5589039397,,87.3573545383,,87.3573545383,98.4068646715,,,,1.19826420479462,,,915.7347192
1018.203,,,,,,,,,,,,,,
1018.27,,,,,,,,,,,,,,
1018.337,193.82,125.5725117108,,87.4616807834,,87.4616807834,98.4068646715,,,,1.19826420479462,,,915.8179296
1018.404,,,,,,,,,,,,,,
1018.468,,,,,,,,,,,,,,
1018.489,193.65,125.5815835582,,87.3981778516,,87.3981778516,98.4068646715,,,,1.19826420479462,,,915.90114
1018.538,,,,,,,,,,,,,,
1018.602,,,,,,,,,,,,,,
1018.642,193.83,125.5906554056,,87.3573545383,,87.3573545383,98.4068646715,,,,1.19826420479462,,,915.9843504
1018.672,,,,,,,,,,,,,,
1018.736,,,,,,,,,,,,,,
1018.794,193.39,125.599727253,2343.75,87.21674090360001,,87.21674090360001,98.4068646715,,,,1.19826420479462,,,916.0675608
1018.809,,,,,,,,,,,,,,
1018.876,,,,,,,,,,,,,,
1018.94,,,,,,,,,,,,,,
1018.946,193.65,125.6087991004,,87.3845700805,,87.3845700805,98.4068646715,,,,1.19826420479462,,,916.1504664
1019.001,,,,,1.27999997138977,,,,915.369995117188,915.369995117188,,1.25999999046326,6.393620635922071,
1019.007,,,,,,,,,,,,,,
1019.074,,,,,,,,,,,,,,
1019.099,193.65,125.6224068715,,87.2983875302,,87.2983875302,98.4068646715,,,,1.19826420479462,,,916.2336768
1019.145,,,,,,,,,,,,,,
1019.251,193.22,125.6314787189,,87.3074593776,,87.3074593776,98.4068646715,,,,1.19826420479462,,,916.3168872
1019.279,,,,,,,,,,,,,,
1019.343,,,,,,,,,,,,,,
1019.404,193.35,125.6405505663,,87.3256030724,,87.3256030724,98.4068646715,,,,1.19826420479462,,,916.3997928
1019.41,,,,,,,,,,,,,,
1019.474,,,,,,,,,,,,,,
1019.541,,,,,,,,,,,,,,
1019.556,193.65,125.6496224137,,87.4208574701,,87.4208574701,98.4068646715,,,,1.19826420479462,,,916.4830032
1019.608,,,,,,,,,,,,,,
1019.678,,,,,,,,,,,,,,
1019.708,193.82,125.6632301848,2343.75,87.23942052209999,,87.23942052209999,98.4068646715,,,,1.19826420479462,,,916.5659088
1019.742,,,,,,,,,,,,,,
1019.809,,,,,,,,,,,,,,
1019.861,193.67,125.6723020322,,87.1305583533,,87.1305583533,98.4068646715,,,,1.19826420479462,,,916.6491192
1019.876,,,,,,,,,,,,,,
1019.943,,,,,,,,,,,,,,
1020.001,,,,,1.27999997138977,,,,915.869995117188,915.869995117188,,1.25999999046326,6.363028935587749,
1020.01,,,,,,,,,,,,,,
1020.013,193.05,125.6813738796,,87.18498943770001,,87.18498943770001,98.4068646715,,,,1.19826420479462,,,916.7320248
1020.074,,,,,,,,,,,,,,
1020.138,,,,,,,,,,,,,,
1020.166,193.71,125.690445727,,86.9581932527,,86.9581932527,98.4068646715,,,,1.19826420479462,,,916.8149304
1020.205,,,,,,,,,,,,,,
1020.269,,,,,,,,,,,,,,
1020.318,193.65,125.6995175744,,86.8810825498,,86.8810825498,98.4068646715,,,,1.19826420479462,,,916.8981408
1020.339,,,,,,,,,,,,,,
1020.403,,,,,,,,,,,,,,
1020.47,193.58,125.7131253455,,86.9264417868,,86.9264417868,98.4068646715,,,,1.19826420479462,,,916.9810464
1020.531,,,,,,,,,,,,,,
1020.595,,,,,,,,,,,,,,
1020.623,193.35,125.7221971929,,86.99448064229999,,86.99448064229999,98.4068646715,,,,1.19826420479462,,,917.063952
1020.659,,,,,,,,,,,,,,
1020.723,,,,,,,,,,,,,,
1020.775,193.42,125.7312690403,2343.75,86.99448064229999,,86.99448064229999,98.4068646715,,,,1.19826420479462,,,917.1468576
1020.79,,,,,,,,,,,,,,
1020.854,,,,,,,,,,,,,,
1020.918,,,,,,,,,,,,,,
1020.928,193.33,125.7403408877,,87.02623210819999,,87.02623210819999,98.4068646715,,,,1.19826420479462,,,917.2297632
1020.982,,,,,,,,,,,,,,
1021.001,,,,,1.26999998092651,,,,916.380004882813,916.380004882813,,1.25999999046326,6.668943993976559,
1021.046,,,,,,,,,,,,,,
1021.08,193.67,125.75394865879998,,87.0398398793,,87.0398398793,98.4068646715,,,,1.19826420479462,,,917.3126688
1021.11,,,,,,,,,,,,,,
1021.232,193.22,125.7630205062,,87.1305583533,,87.1305583533,98.4068646715,,,,1.19826420479462,,,917.3955744
1021.238,,,,,,,,,,,,,,
1021.306,,,,,,,,,,,,,,
1021.37,,,,,,,,,,,,,,
1021.385,193.67,125.7720923536,,87.1305583533,,87.1305583533,98.4068646715,,,,1.19826420479462,,,917.47848
1021.434,,,,,,,,,,,,,,
1021.498,,,,,,,,,,,,,,
1021.537,193.58,125.781164201,,86.96726510010001,,86.96726510010001,98.4068646715,,,,1.19826420479462,,,917.5613856
1021.559,,,,,,,,,,,,,,
1021.632,,,,,,,,,,,,,,
1021.69,193.91,125.7902360484,2343.75,86.8856184735,,86.8856184735,98.4068646715,,,,1.19826420479462,,,917.6439864
1021.696,,,,,,,,,,,,,,
1021.76,,,,,,,,,,,,,,
1021.824,,,,,,,,,,,,,,
1021.842,192.75,125.8038438195,,86.9445854816,,86.9445854816,98.4068646715,,,,1.19826420479462,,,917.726892
1021.891,,,,,,,,,,,,,,
1021.955,,,,,,,,,,,,,,
1021.994,193.43,125.8129156669,,87.2303486747,,87.2303486747,98.4068646715,,,,1.19826420479462,,,917.8097976
1022.0,,,,,1.27999997138977,,,,916.900024414062,916.900024414062,,1.25999999046326,6.883084437601019,
1022.022,,,,,,,,,,,,,,
1022.086,,,,,,,,,,,,,,
1022.147,193.38,125.8219875143,,87.28931568280001,,87.28931568280001,98.4068646715,,,,1.19826420479462,,,917.8923984
1022.153,,,,,,,,,,,,,,
1022.217,,,,,,,,,,,,,,
1022.284,,,,,,,,,,,,,,
1022.299,193.35,125.8310593617,,87.2621001406,,87.2621001406,98.4068646715,,,,1.19826420479462,,,917.975304
1022.348,,,,,,,,,,,,,,
1022.412,,,,,,,,,,,,,,
1022.452,192.92,125.8401312091,,87.044375803,,87.044375803,98.4068646715,,,,1.19826420479462,,,918.0579048
1022.476,,,,,,,,,,,,,,
1022.54,,,,,,,,,,,,,,
1022.604,193.0,125.8537389802,2343.75,86.9173699394,,86.9173699394,98.4068646715,,,,1.19826420479462,,,918.1405056
1022.671,,,,,,,,,,,,,,
1022.735,,,,,,,,,,,,,,
1022.756,193.0,125.8628108276,,86.83572331280001,,86.83572331280001,98.4068646715,,,,1.19826420479462,,,918.2234112
1022.799,,,,,,,,,,,,,,
1022.863,,,,,,,,,,,,,,
1022.909,193.78,125.871882675,,86.7903640758,,86.7903640758,98.4068646715,,,,1.19826420479462,,,918.306012
1022.93,,,,,,,,,,,,,,
1022.997,,,,,,,,,,,,,,
1023.0,,,,,1.27999997138977,,,,917.390014648438,917.390014648438,,1.25999999046326,6.69953569431088,
1023.061,193.0,125.8809545224,,86.9037621683,,86.9037621683,98.4068646715,,,,1.19826420479462,,,918.3886128
1023.204,,,,,,,,,,,,,,
1023.214,193.43,125.8945622935,,87.0398398793,,87.0398398793,98.4068646715,,,,1.19826420479462,,,918.4712136
1023.268,,,,,,,,,,,,,,
1023.332,,,,,,,,,,,,,,
1023.366,193.63,125.9036341409,,87.12602242959998,,87.12602242959998,98.4068646715,,,,1.19826420479462,,,918.5538144
1023.4,,,,,,,,,,,,,,
1023.47,,,,,,,,,,,,,,
1023.518,193.55,125.9127059883,,87.1305583533,,87.1305583533,98.4068646715,,,,1.19826420479462,,,918.6364152
1023.537,,,,,,,,,,,,,,
1023.604,,,,,,,,,,,,,,
1023.668,,,,,,,,,,,,,,
1023.671,193.57,125.9217778357,2343.75,86.953657329,,86.953657329,98.4068646715,,,,1.19826420479462,,,918.719016
1023.732,,,,,,,,,,,,,,
1023.796,,,,,,,,,,,,,,
1023.823,193.54,125.9308496831,,87.06251949780001,,87.06251949780001,98.4068646715,,,,1.19826420479462,,,918.8016168
1023.86,,,,,,,,,,,,,,
1023.927,,,,,,,,,,,,,,
1023.976,193.57,125.9444574542,,87.1623098192,,87.1623098192,98.4068646715,,,,1.19826420479462,,,918.8842176
1023.991,,,,,,,,,,,,,,
1024.0,,,,,1.27999997138977,,,,917.890014648438,917.890014648438,,1.25999999046326,7.168605191179809,
1024.055,,,,,,,,,,,,,,
1024.128,193.67,125.9535293016,,87.18045351399999,,87.18045351399999,98.4068646715,,,,1.19826420479462,,,918.9668184
1024.189,,,,,,,,,,,,,,
1024.253,,,,,,,,,,,,,,
1024.28,193.17,125.962601149,,87.1214865059,,87.1214865059,98.4068646715,,,,1.19826420479462,,,919.0494192
1024.317,,,,,,,,,,,,,,
1024.381,,,,,,,,,,,,,,
1024.433,193.7,125.9716729964,,87.1985972088,,87.1985972088,98.4068646715,,,,1.19826420479462,,,919.1317152
1024.454,,,,,,,,,,,,,,
1024.524,,,,,,,,,,,,,,
1024.585,193.48,125.9852807675,2343.75,87.1623098192,,87.1623098192,98.4068646715,,,,1.19826420479462,,,919.214316
1024.588,,,,,,,,,,,,,,
1024.652,,,,,,,,,,,,,,
1024.722,,,,,,,,,,,,,,
1024.738,193.17,125.9943526149,,87.5115759441,,87.5115759441,98.4068646715,,,,1.19826420479462,,,919.296612
1024.789,,,,,,,,,,,,,,
1024.853,,,,,,,,,,,,,,
1024.89,193.78,126.0034244623,,87.23942052209999,,87.23942052209999,98.4068646715,,,,1.19826420479462,,,919.3792128
1024.92,,,,,,,,,,,,,,
1024.991,,,,,,,,,,,,,,
1025.0,,,,,1.26999998092651,,,,918.400024414062,918.400024414062,,1.25999999046326,6.74032430393091,
1025.042,193.36,126.0124963097,,87.225812751,,87.225812751,98.4068646715,,,,1.19826420479462,,,919.4615088
1025.058,,,,,,,,,,,,,,
1025.192,,,,,,,,,,,,,,
1025.195,193.0,126.0215681571,,86.9581932527,,86.9581932527,98.4068646715,,,,1.19826420479462,,,919.5441096
1025.262,,,,,,,,,,,,,,
1025.323,,,,,,,,,,,,,,
1025.347,193.35,126.0351759282,,86.7631485336,,86.7631485336,98.4068646715,,,,1.19826420479462,,,919.6264056
1025.39,,,,,,,,,,,,,,
1025.457,,,,,,,,,,,,,,
1025.5,193.61,126.0442477756,,86.7858281521,,86.7858281521,98.4068646715,,,,1.19826420479462,,,919.7087016
1025.524,,,,,,,,,,,,,,
1025.591,,,,,,,,,,,,,,
1025.652,193.52,126.053319623,2343.75,86.8311873891,,86.8311873891,98.4068646715,,,,1.19826420479462,,,919.7913024
1025.655,,,,,,,,,,,,,,
1025.725,,,,,,,,,,,,,,
1025.792,,,,,,,,,,,,,,
1025.804,193.45,126.06239147040002,,86.9808728712,,86.9808728712,98.4068646715,,,,1.19826420479462,,,919.8735984
1025.865,,,,,,,,,,,,,,
1025.929,,,,,,,,,,,,,,
1025.957,193.17,126.0714633178,,86.9899447186,,86.9899447186,98.4068646715,,,,1.19826420479462,,,919.9558944
1025.999,,,,,1.00999999046326,,,,918.900024414063,918.900024414063,,1.25999999046326,6.38342372663635,
1026.067,,,,,,,,,,,,,,
1026.109,193.3,126.0850710889,,86.99448064229999,,86.99448064229999,98.4068646715,,,,1.19826420479462,,,920.0381904
1026.134,,,,,,,,,,,,,,
1026.198,,,,,,,,,,,,,,
1026.262,193.57,126.0941429363,,87.08973504,,87.08973504,98.4068646715,,,,1.19826420479462,,,920.1204864
1026.265,,,,,,,,,,,,,,
1026.329,,,,,,,,,,,,,,
1026.393,,,,,,,,,,,,,,
1026.414,194.0,126.1032147837,,87.225812751,,87.225812751,98.4068646715,,,,1.19826420479462,,,920.2027824
1026.457,,,,,,,,,,,,,,
1026.518,,,,,,,,,,,,,,
1026.566,194.0,126.1122866311,,87.28024383540001,,87.28024383540001,98.4068646715,,,,1.19826420479462,,,920.2847736
1026.582,,,,,,,,,,,,,,
1026.652,,,,,,,,,,,,,,
1026.719,193.55,126.1258944022,2343.75,87.3482826909,,87.3482826909,98.4068646715,,,,1.19826420479462,,,920.3670696
1026.786,,,,,,,,,,,,,,
1026.856,,,,,,,,,,,,,,
1026.871,193.39,126.1349662496,,87.3074593776,,87.3074593776,98.4068646715,,,,1.19826420479462,,,920.4493656
1026.923,,,,,,,,,,,,,,
1026.987,,,,,,,,,,,,,,
1026.999,,,,,0.7799999713897701,,,,919.400024414063,919.400024414063,,1.25999999046326,6.76071860874092,
1027.024,193.35,126.144038097,,87.08519911629999,,87.08519911629999,98.4068646715,,,,1.19826420479462,,,920.5316616
1027.0510000000002,,,,,,,,,,,,,,
1027.1760000000002,193.7,126.1531099444,,86.9718010238,,86.9718010238,98.4068646715,,,,1.19826420479462,,,920.6136528
1027.191,,,,,,,,,,,,,,
1027.252,,,,,,,,,,,,,,
1027.325,,,,,,,,,,,,,,
1027.328,193.48,126.1621817918,,87.0035524897,,87.0035524897,98.4068646715,,,,1.19826420479462,,,920.6959488
1027.392,,,,,,,,,,,,,,
1027.472,,,,,,,,,,,,,,
1027.481,193.71,126.1757895629,,86.7586126099,,86.7586126099,98.4068646715,,,,1.19826420479462,,,920.77794
1027.548,,,,,,,,,,,,,,
1027.618,,,,,,,,,,,,,,
1027.633,193.15,126.1848614103,2343.75,86.49552903530001,,86.49552903530001,98.4068646715,,,,1.19826420479462,,,920.860236
1027.691,,,,,,,,,,,,,,
1027.767,,,,,,,,,,,,,,
1027.786,193.48,126.1939332577,,86.545424196,,86.545424196,98.4068646715,,,,1.19826420479462,,,920.9422272
1027.844,,,,,,,,,,,,,,
1027.914,,,,,,,,,,,,,,
1027.938,193.52,126.2030051051,,86.84479516020001,,86.84479516020001,98.4068646715,,,,1.19826420479462,,,921.0242184
1027.987,,,,,,,,,,,,,,
1027.999,,,,,0.9100000262260428,,,,919.9099731445308,919.9099731445308,,1.25999999046326,6.281451716347691,
1028.066,,,,,,,,,,,,,,
1028.09,193.7,126.2166128762,,86.99448064229999,,86.99448064229999,98.4068646715,,,,1.19826420479462,,,921.1065144
1028.139,,,,,,,,,,,,,,
1028.243,193.4,126.2256847236,,86.8221155417,,86.8221155417,98.4068646715,,,,1.19826420479462,,,921.1885056
1028.292,,,,,,,,,,,,,,
1028.359,,,,,,,,,,,,,,
1028.395,193.36,126.234756571,,86.54996011969999,,86.54996011969999,98.4068646715,,,,1.19826420479462,,,921.2704968
1028.429,,,,,,,,,,,,,,
1028.502,,,,,,,,,,,,,,
1028.548,193.0,126.2438284184,,86.6043912041,,86.6043912041,98.4068646715,,,,1.19826420479462,,,921.352488
1028.572,,,,,,,,,,,,,,
1028.636,,,,,,,,,,,,,,
1028.7,193.86,126.2529002658,,86.72232522030001,,86.72232522030001,98.4068646715,,,,1.19826420479462,,,921.4344792000002
1028.7089999999998,,,,,,,,,,,,,,
1028.782,,,,,,,,,,,,,,
1028.849,,,,,,,,,,,,,,
1028.852,193.27,126.2665080369,2343.75,86.5681038145,,86.5681038145,98.4068646715,,,,1.19826420479462,,,921.5164704
1028.923,,,,,,,,,,,,,,
1028.996,,,,,,,,,,,,,,
1028.999,,,,,1.26999998092651,,,,920.400024414063,920.400024414063,,1.25999999046326,6.79130982283666,
1029.005,193.48,126.2755798843,,86.7903640758,,86.7903640758,98.4068646715,,,,1.19826420479462,,,921.5984616
1029.075,,,,,,,,,,,,,,
1029.145,,,,,,,,,,,,,,
1029.157,193.43,126.2846517317,,86.6860378307,,86.6860378307,98.4068646715,,,,1.19826420479462,,,921.6804528
1029.224,,,,,,,,,,,,,,
1029.31,194.0,126.2937235791,,86.7586126099,,86.7586126099,98.4068646715,,,,1.19826420479462,,,921.762444
1029.371,,,,,,,,,,,,,,
1029.444,,,,,,,,,,,,,,
1029.462,193.62,126.3027954265,,86.7994359232,,86.7994359232,98.4068646715,,,,1.19826420479462,,,921.8441304
1029.517,,,,,,,,,,,,,,
1029.593,,,,,,,,,,,,,,
1029.614,193.5,126.3164031976,,86.6996456018,,86.6996456018,98.4068646715,,,,1.19826420479462,,,921.9261216
1029.6660000000002,,,,,,,,,,,,,,
1029.739,,,,,,,,,,,,,,
1029.767,193.48,126.325475045,,86.5635678908,,86.5635678908,98.4068646715,,,,1.19826420479462,,,922.0081127999998
1029.819,,,,,,,,,,,,,,
1029.892,,,,,,,,,,,,,,
1029.919,193.0,126.3345468924,2343.75,86.6633582122,,86.6633582122,98.4068646715,,,,1.19826420479462,,,922.0897992
1030.001,,,,,1.25999999046326,,,,920.890014648438,920.890014648438,,1.25999999046326,7.25018241041987,
1030.029,,,,,,,,,,,,,,
1030.072,193.43,126.3436187398,,86.9718010238,,86.9718010238,98.4068646715,,,,1.19826420479462,,,922.1717904
1030.096,,,,,,,,,,,,,,
1030.163,,,,,,,,,,,,,,
1030.224,193.61,126.3572265109,,87.0126243371,,87.0126243371,98.4068646715,,,,1.19826420479462,,,922.2534768
1030.23,,,,,,,,,,,,,,
1030.294,,,,,,,,,,,,,,
1030.376,194.0,126.3662983583,,87.09427096370001,,87.09427096370001,98.4068646715,,,,1.19826420479462,,,922.3351632
1030.431,,,,,,,,,,,,,,
1030.489,,,,,,,,,,,,,,
1030.529,193.63,126.3753702057,,87.06251949780001,,87.06251949780001,98.4068646715,,,,1.19826420479462,,,922.4171544
1030.562,,,,,,,,,,,,,,
1030.626,,,,,,,,,,,,,,
1030.681,193.43,126.3844420531,,87.0670554215,,87.0670554215,98.4068646715,,,,1.19826420479462,,,922.4988408
1030.693,,,,,,,,,,,,,,
1030.757,,,,,,,,,,,,,,
1030.8239999999998,,,,,,,,,,,,,,
1030.8339999999998,193.35,126.3935139005,2343.75,87.1124146585,,87.1124146585,98.4068646715,,,,1.19826420479462,,,922.5805272
1030.892,,,,,,,,,,,,,,
1030.9589999999998,,,,,,,,,,,,,,
1030.986,193.52,126.4071216716,,87.08519911629999,,87.08519911629999,98.4068646715,,,,1.19826420479462,,,922.6622136
1031.001,,,,,1.25999999046326,,,,921.380004882813,921.380004882813,,1.25999999046326,7.19919640527554,
1031.026,,,,,,,,,,,,,,
1031.09,,,,,,,,,,,,,,
1031.138,193.57,126.416193519,,87.044375803,,87.044375803,98.4068646715,,,,1.19826420479462,,,922.7439
1031.157,,,,,,,,,,,,,,
1031.224,,,,,,,,,,,,,,
1031.288,,,,,,,,,,,,,,
1031.2910000000002,193.65,126.4252653664,,87.0715913452,,87.0715913452,98.4068646715,,,,1.19826420479462,,,922.8255864
1031.358,,,,,,,,,,,,,,
1031.422,,,,,,,,,,,,,,
1031.443,193.57,126.4343372138,,87.1305583533,,87.1305583533,98.4068646715,,,,1.19826420479462,,,922.9072728
1031.492,,,,,,,,,,,,,,
1031.559,,,,,,,,,,,,,,
1031.596,193.59,126.4479449849,,87.0534476504,,87.0534476504,98.4068646715,,,,1.19826420479462,,,922.9889592
1031.623,,,,,,,,,,,,,,
1031.69,,,,,,,,,,,,,,
1031.748,193.65,126.4570168323,,87.08973504,,87.08973504,98.4068646715,,,,1.19826420479462,,,923.0706456
1031.754,,,,,,,,,,,,,,
1031.827,,,,,,,,,,,,,,
1031.891,,,,,,,,,,,,,,
1031.9,193.67,126.4660886797,2343.75,87.1940612851,,87.1940612851,98.4068646715,,,,1.19826420479462,,,923.152332
1031.958,,,,,,,,,,,,,,
1032.001,,,,,1.25999999046326,,,,921.869995117188,921.869995117188,,1.25999999046326,6.90347874241103,
1032.022,,,,,,,,,,,,,,
1032.053,193.48,126.4751605271,,87.08973504,,87.08973504,98.4068646715,,,,1.19826420479462,,,923.2340184
1032.089,,,,,,,,,,,,,,
1032.159,,,,,,,,,,,,,,
1032.205,193.18,126.4842323745,,87.16684574290001,,87.16684574290001,98.4068646715,,,,1.19826420479462,,,923.3154
1032.223,,,,,,,,,,,,,,923.3251536
1032.294,,,,,,,,,,,,,,923.362644
1032.358,193.65,126.4978401456,,87.1305583533,,87.1305583533,98.4068646715,,,,1.19826420479462,,,923.3970864
1032.425,,,,,,,,,,,,,,
1032.492,,,,,,,,,,,,,,
1032.51,193.61,126.506911993,,87.3392108435,,87.3392108435,98.4068646715,,,,1.19826420479462,,,923.478468
1032.559,,,,,,,,,,,,,,
1032.626,,,,,,,,,,,,,,
1032.662,193.78,126.5159838404,,87.41178562270001,,87.41178562270001,98.4068646715,,,,1.19826420479462,,,923.5601544
1032.693,,,,,,,,,,,,,,
1032.763,,,,,,,,,,,,,,
1032.815,193.32,126.5250556878,,87.5025040967,,87.5025040967,98.4068646715,,,,1.19826420479462,,,923.641536
1032.833,,,,,,,,,,,,,,
1032.9,,,,,,,,,,,,,,
1032.967,193.0,126.5341275352,2343.75,87.1305583533,,87.1305583533,98.4068646715,,,,1.19826420479462,,,923.7232224
1032.97,,,,,,,,,,,,,,
1033.001,,,,,1.25999999046326,,,,922.369995117188,922.369995117188,,1.25999999046326,6.363028935587749,
1033.034,,,,,,,,,,,,,,
1033.098,,,,,,,,,,,,,,
1033.12,193.42,126.5477353063,,86.953657329,,86.953657329,98.4068646715,,,,1.19826420479462,,,923.804604
1033.171,,,,,,,,,,,,,,
1033.229,,,,,,,,,,,,,,
1033.272,193.43,126.5568071537,,86.9899447186,,86.9899447186,98.4068646715,,,,1.19826420479462,,,923.8859856
1033.302,,,,,,,,,,,,,,
1033.424,193.21,126.5658790011,,86.9808728712,,86.9808728712,98.4068646715,,,,1.19826420479462,,,923.9673672
1033.43,,,,,,,,,,,,,,
1033.495,,,,,,,,,,,,,,
1033.565,,,,,,,,,,,,,,
1033.577,194.0,126.5749508485,,87.15323797180001,,87.15323797180001,98.4068646715,,,,1.19826420479462,,,924.0490536
1033.626,,,,,,,,,,,,,,
1033.693,,,,,,,,,,,,,,
1033.729,194.0,126.5885586196,,87.14870204809999,,87.14870204809999,98.4068646715,,,,1.19826420479462,,,924.1304352
1033.763,,,,,,,,,,,,,,
1033.83,,,,,,,,,,,,,,
1033.882,193.55,126.597630467,2343.75,87.0035524897,,87.0035524897,98.4068646715,,,,1.19826420479462,,,924.2118168
1033.897,,,,,,,,,,,,,,
1033.964,,,,,,,,,,,,,,
1034.0,,,,,1.25999999046326,,,,922.859985351563,922.859985351563,,1.25999999046326,7.3317596296599294,
1034.028,,,,,,,,,,,,,,
1034.034,194.0,126.6067023144,,87.0126243371,,87.0126243371,98.4068646715,,,,1.19826420479462,,,924.2931984
1034.098,,,,,,,,,,,,,,
1034.162,,,,,,,,,,,,,,
1034.186,193.13,126.6157741618,,87.15323797180001,,87.15323797180001,98.4068646715,,,,1.19826420479462,,,924.3742752
1034.226,,,,,,,,,,,,,,
1034.293,,,,,,,,,,,,,,
1034.339,193.7,126.6248460092,,87.08973504,,87.08973504,98.4068646715,,,,1.19826420479462,,,924.4556568
1034.36,,,,,,,,,,,,,,
1034.424,,,,,,,,,,,,,,
1034.488,,,,,,,,,,,,,,
1034.491,193.52,126.6384537803,,87.18045351399999,,87.18045351399999,98.4068646715,,,,1.19826420479462,,,924.5370384
1034.555,,,,,,,,,,,,,,
1034.616,,,,,,,,,,,,,,
1034.644,193.33,126.6475256277,,87.4163215464,,87.4163215464,98.4068646715,,,,1.19826420479462,,,924.61842
1034.683,,,,,,,,,,,,,,
1034.747,,,,,,,,,,,,,,
1034.796,193.0,126.6565974751,,87.59775849440001,,87.59775849440001,98.4068646715,,,,1.19826420479462,,,924.6994968
1034.817,,,,,,,,,,,,,,
1034.89,,,,,,,,,,,,,,
1034.948,193.0,126.6656693225,2343.75,87.32106714870001,,87.32106714870001,98.4068646715,,,,1.19826420479462,,,924.7808784
1034.951,,,,,,,,,,,,,,
1035.0,,,,,1.25999999046326,,,,923.3400268554692,923.3400268554692,,1.25999999046326,6.26105741153768,
1035.012,,,,,,,,,,,,,,
1035.079,,,,,,,,,,,,,,
1035.101,193.74,126.6747411699,,87.2439564458,,87.2439564458,98.4068646715,,,,1.19826420479462,,,924.86226
1035.147,,,,,,,,,,,,,,
1035.211,,,,,,,,,,,,,,
1035.253,193.44,126.688348941,,87.1033428111,,87.1033428111,98.4068646715,,,,1.19826420479462,,,924.9433368
1035.275,,,,,,,,,,,,,,
1035.406,193.65,126.6974207884,,87.08973504,,87.08973504,98.4068646715,,,,1.19826420479462,,,925.0247184
1035.47,,,,,,,,,,,,,,
1035.54,,,,,,,,,,,,,,
1035.558,193.78,126.7064926358,,87.0534476504,,87.0534476504,98.4068646715,,,,1.19826420479462,,,925.1057952
1035.604,,,,,,,,,,,,,,
1035.71,193.78,126.7155644832,,87.044375803,,87.044375803,98.4068646715,,,,1.19826420479462,,,925.186872
1035.738,,,,,,,,,,,,,,
1035.802,,,,,,,,,,,,,,
1035.863,193.74,126.7291722543,2343.75,87.0806631926,,87.0806631926,98.4068646715,,,,1.19826420479462,,,925.2679488
1035.869,,,,,,,,,,,,,,
1035.936,,,,,,,,,,,,,,
1036.0,,,,,1.26999998092651,,,,923.830017089844,923.830017089844,,1.25999999046326,6.821901523170969,
1036.003,,,,,,,,,,,,,,
1036.015,193.39,126.7382441017,,87.0216961845,,87.0216961845,98.4068646715,,,,1.19826420479462,,,925.3493304
1036.067,,,,,,,,,,,,,,
1036.128,,,,,,,,,,,,,,
1036.168,193.67,126.7473159491,,87.18952536139999,,87.18952536139999,98.4068646715,,,,1.19826420479462,,,925.4304072
1036.195,,,,,,,,,,,,,,
1036.268,,,,,,,,,,,,,,
1036.32,194.0,126.7563877965,,87.1305583533,,87.1305583533,98.4068646715,,,,1.19826420479462,,,925.511484
1036.335,,,,,,,,,,,,,,
1036.472,193.73,126.7654596439,,87.0988068874,,87.0988068874,98.4068646715,,,,1.19826420479462,,,925.5925608
1036.543,,,,,,,,,,,,,,
1036.613,,,,,,,,,,,,,,
1036.625,193.0,126.779067415,,87.15777389549999,,87.15777389549999,98.4068646715,,,,1.19826420479462,,,925.6736376
1036.68,,,,,,,,,,,,,,
1036.747,,,,,,,,,,,,,,
1036.777,193.65,126.7881392624,,87.3392108435,,87.3392108435,98.4068646715,,,,1.19826420479462,,,925.7547144
1036.811,,,,,,,,,,,,,,
1036.881,,,,,,,,,,,,,,
1036.93,193.09,126.7972111098,2343.75,87.4480730123,,87.4480730123,98.4068646715,,,,1.19826420479462,,,925.8354864
1036.951,,,,,,,,,,,,,,
1037.0,,,,,1.25999999046326,,,,924.309997558594,924.309997558594,,1.25999999046326,6.689338298786581,
1037.018,,,,,,,,,,,,,,
1037.082,193.23,126.8062829572,,87.0126243371,,87.0126243371,98.4068646715,,,,1.19826420479462,,,925.9165632000002
1037.152,,,,,,,,,,,,,,
1037.219,,,,,,,,,,,,,,
1037.234,194.0,126.8198907283,,86.89922624459999,,86.89922624459999,98.4068646715,,,,1.19826420479462,,,925.99764
1037.286,,,,,,,,,,,,,,
1037.387,193.65,126.8289625757,,86.7994359232,,86.7994359232,98.4068646715,,,,1.19826420479462,,,926.0787168
1037.414,,,,,,,,,,,,,,
1037.481,,,,,,,,,,,,,,
1037.539,193.17,126.8380344231,,86.8221155417,,86.8221155417,98.4068646715,,,,1.19826420479462,,,926.1594888
1037.542,,,,,,,,,,,,,,
1037.606,,,,,,,,,,,,,,
1037.673,,,,,,,,,,,,,,
1037.692,193.5,126.8471062705,,86.85840293129999,,86.85840293129999,98.4068646715,,,,1.19826420479462,,,926.2405656
1037.743,,,,,,,,,,,,,,
1037.807,,,,,,,,,,,,,,
1037.844,193.43,126.8561781179,2343.75,87.0353039556,,87.0353039556,98.4068646715,,,,1.19826420479462,,,926.3213376
1037.874,,,,,,,,,,,,,,
1037.935,,,,,,,,,,,,,,
1037.996,193.75,126.869785889,,86.9763369475,,86.9763369475,98.4068646715,,,,1.19826420479462,,,926.4024144
1037.999,,,,,1.25999999046326,,,,924.7999877929692,924.7999877929692,,1.25999999046326,7.05643627160544,
1038.063,,,,,,,,,,,,,,
1038.127,,,,,,,,,,,,,,
1038.149,193.33,126.8788577364,,86.9445854816,,86.9445854816,98.4068646715,,,,1.19826420479462,,,926.4831864
1038.188,,,,,,,,,,,,,,
1038.237,,,,,,,,,,,,,,
1038.3010000000002,193.31,126.8879295838,,87.1985972088,,87.1985972088,98.4068646715,,,,1.19826420479462,,,926.5639584
1038.304,,,,,,,,,,,,,,
1038.371,,,,,,,,,,,,,,
1038.435,,,,,,,,,,,,,,
1038.454,193.78,126.8970014312,,86.96726510010001,,86.96726510010001,98.4068646715,,,,1.19826420479462,,,926.6450352
1038.502,,,,,,,,,,,,,,
1038.569,,,,,,,,,,,,,,
1038.606,193.39,126.9106092023,,86.953657329,,86.953657329,98.4068646715,,,,1.19826420479462,,,926.7258072
1038.636,,,,,,,,,,,,,,
1038.7,,,,,,,,,,,,,,
1038.758,193.0,126.9196810497,,86.9763369475,,86.9763369475,98.4068646715,,,,1.19826420479462,,,926.8065792
1038.768,,,,,,,,,,,,,,
1038.832,,,,,,,,,,,,,,
1038.893,,,,,,,,,,,,,,
1038.911,193.33,126.9287528971,2343.75,87.3664263857,,87.3664263857,98.4068646715,,,,1.19826420479462,,,926.8873512
1038.957,,,,,,,,,,,,,,
1038.999,,,,,1.25999999046326,,,,925.27001953125,925.27001953125,,1.25999999046326,7.26037931970559,
1039.033,,,,,,,,,,,,,,
1039.063,193.57,126.9378247445,,87.54332741,,87.54332741,98.4068646715,,,,1.19826420479462,,,926.9681232
1039.1,,,,,,,,,,,,,,
1039.17,,,,,,,,,,,,,,
1039.216,193.0,126.9468965919,,87.1441661244,,87.1441661244,98.4068646715,,,,1.19826420479462,,,927.0488952
1039.231,,,,,,,,,,,,,,
1039.362,,,,,,,,,,,,,,
1039.368,193.0,126.960504363,,87.09427096370001,,87.09427096370001,98.4068646715,,,,1.19826420479462,,,927.1296672
1039.429,,,,,,,,,,,,,,
1039.493,,,,,,,,,,,,,,
1039.52,193.75,126.9695762104,,87.08973504,,87.08973504,98.4068646715,,,,1.19826420479462,,,927.2104392
1039.554,,,,,,,,,,,,,,
1039.618,,,,,,,,,,,,,,
1039.673,193.0,126.9786480578,,87.15323797180001,,87.15323797180001,98.4068646715,,,,1.19826420479462,,,927.2909064
1039.6760000000002,,,,,,,,,,,,,,
1039.74,,,,,,,,,,,,,,
1039.8010000000002,,,,,,,,,,,,,,
1039.825,193.0,126.9877199052,2343.75,87.2757079117,,87.2757079117,98.4068646715,,,,1.19826420479462,,,927.3716784
1039.865,,,,,,,,,,,,,,
1039.929,,,,,,,,,,,,,,
1039.978,193.46,126.9967917526,,87.13509427700001,,87.13509427700001,98.4068646715,,,,1.19826420479462,,,927.4524504
1039.996,,,,,,,,,,,,,,
1039.999,,,,,1.26999998092651,,,,925.75,925.75,,1.25999999046326,6.8524927372667,
1040.06,,,,,,,,,,,,,,
1040.124,,,,,,,,,,,,,,
1040.13,193.48,127.0103995237,,87.0806631926,,87.0806631926,98.4068646715,,,,1.19826420479462,,,927.5329176
1040.185,,,,,,,,,,,,,,
1040.282,193.24,127.0194713711,,87.2621001406,,87.2621001406,98.4068646715,,,,1.19826420479462,,,927.6136896
1040.307,,,,,,,,,,,,,,
1040.368,,,,,,,,,,,,,,
1040.435,193.24,127.0285432185,,87.2666360643,,87.2666360643,98.4068646715,,,,1.19826420479462,,,927.6941568
1040.441,,,,,,,,,,,,,,
1040.502,,,,,,,,,,,,,,
1040.563,,,,,,,,,,,,,,
1040.587,193.83,127.0376150659,,87.1305583533,,87.1305583533,98.4068646715,,,,1.19826420479462,,,927.7749288
1040.627,,,,,,,,,,,,,,
1040.694,,,,,,,,,,,,,,
1040.74,193.33,127.051222837,2343.75,87.05798357409999,,87.05798357409999,98.4068646715,,,,1.19826420479462,,,927.855396
1040.755,,,,,,,,,,,,,,
1040.819,,,,,,,,,,,,,,
1040.88,,,,,,,,,,,,,,
1040.892,193.68,127.0602946844,,86.7948999995,,86.7948999995,98.4068646715,,,,1.19826420479462,,,927.9358632
1040.941,,,,,,,,,,,,,,
1040.98,,,,,,,,,,,,,,
1040.999,,,,,1.26999998092651,,,,926.22998046875,926.22998046875,,1.25999999046326,8.29029292820782,
1041.044,193.4,127.0693665318,,90.1832350034,,90.1832350034,98.7515948727,,,,1.19826420479462,,,928.0163304
1041.09,,,,,,,,,,,,,,
1041.16,,,,,,,,,,,,,,
1041.197,193.6,127.0784383792,,90.1015883768,,90.1015883768,99.3140494115,,,,1.19826420479462,,,928.0971024
1041.227,,,,,,,,,,,,,,
1041.297,,,,,,,,,,,,,,
1041.349,193.68,127.0875102266,,88.74081126680001,,88.74081126680001,99.3140494115,,,,1.19826420479462,,,928.1775696
1041.367,,,,,,,,,,,,,,
1041.428,,,,,,,,,,,,,,
1041.486,,,,,,,,,,,,,,
1041.502,193.68,127.1011179977,,88.3779373708,,88.3779373708,99.3140494115,,,,1.19826420479462,,,928.2580368
1041.544,,,,,,,,,,,,,,
1041.605,,,,,,,,,,,,,,
1041.654,193.0,127.1101898451,,88.5956617084,,88.5956617084,99.3140494115,,,,1.19826420479462,,,928.338504
1041.669,,,,,,,,,,,,,,
1041.724,,,,,,,,,,,,,,
1041.8,,,,,,,,,,,,,,
1041.806,193.35,127.1192616925,2343.75,88.6682364876,,88.6682364876,99.3140494115,,,,1.19826420479462,,,928.4189712
1041.87,,,,,,,,,,,,,,
1041.937,,,,,,,,,,,,,,
1041.9589999999998,193.09,127.1283335399,,88.1919644991,,88.1919644991,99.3140494115,,,,1.19826420479462,,,928.4994384
1042.001,,,,,,,,,,926.710021972656,,1.25999999046326,4.50714573916062,
1042.065,,,,,,,,,,,,,,
1042.111,193.74,127.141941311,,88.0468149407,,88.0468149407,99.3140494115,,,,1.19826420479462,,,928.5796008
1042.133,,,,,,,,,,,,,,
1042.193,,,,,,,,,,,,,,
1042.258,,,,,,,,,,,,,,
1042.264,193.4,127.1510131584,,87.7973391372,,87.7973391372,99.3140494115,,,,1.19826420479462,,,928.660068
1042.322,,,,,,,,,,,,,,
1042.382,,,,,,,,,,,,,,
1042.4160000000002,193.08,127.1600850058,,87.6431177314,,87.6431177314,99.3140494115,,,,1.19826420479462,,,928.7405352
1042.446,,,,,,,,,,,,,,
1042.51,,,,,,,,,,,,,,
1042.568,194.0,127.1691568532,,87.5841507233,,87.5841507233,99.3140494115,,,,1.19826420479462,,,928.8210024
1042.571,,,,,,,,,,,,,,
1042.635,,,,,,,,,,,,,,
1042.696,,,,,,,,,,,,,,
1042.721,193.67,127.1782287006,,87.6975488158,,87.6975488158,99.3140494115,,,,1.19826420479462,,,928.9011648
1042.757,,,,,,,,,,,,,,
1042.821,,,,,,,,,,,,,,
1042.873,193.68,127.1918364717,2343.75,87.8018750609,,87.8018750609,99.3140494115,,,,1.19826420479462,,,928.981632
1042.885,,,,,,,,,,,,,,
1043.001,,,,,1.25999999046326,,,,927.1799926757808,927.1799926757808,,1.25999999046326,6.485395250686429,
1043.01,,,,,,,,,,,,,,
1043.026,193.25,127.2009083191,,87.7383721291,,87.7383721291,99.3140494115,,,,1.19826420479462,,,929.0617944
1043.0739999999998,,,,,,,,,,,,,,
1043.144,,,,,,,,,,,,,,
1043.178,194.0,127.2099801665,,87.69301289209999,,87.69301289209999,99.3140494115,,,,1.19826420479462,,,929.1419568
1043.208,,,,,,,,,,,,,,
1043.33,193.54,127.2190520139,,87.679405121,,87.679405121,99.3140494115,,,,1.19826420479462,,,929.222424
1043.333,,,,,,,,,,,,,,
1043.401,,,,,,,,,,,,,,
1043.461,,,,,,,,,,,,,,
1043.483,193.63,127.2281238613,,87.6385818077,,87.6385818077,99.3140494115,,,,1.19826420479462,,,929.3025864
1043.529,,,,,,,,,,,,,,
1043.593,,,,,,,,,,,,,,
1043.635,193.39,127.2417316324,,87.4798244782,,87.4798244782,99.3140494115,,,,1.19826420479462,,,929.3827488
1043.653,,,,,,,,,,,,,,
1043.717,,,,,,,,,,,,,,
1043.782,,,,,,,,,,,,,,
1043.788,193.0,127.2508034798,2343.75,87.4843604019,,87.4843604019,99.3140494115,,,,1.19826420479462,,,929.4629112
1043.842,,,,,,,,,,,,,,
1043.906,,,,,,,,,,,,,,
1043.94,193.75,127.2598753272,,87.56600702850001,,87.56600702850001,99.3140494115,,,,1.19826420479462,,,929.5433784
1043.967,,,,,,,,,,,,,,
1044.001,,,,,1.25999999046326,,,,927.650024414063,927.650024414063,,1.25999999046326,6.964661656841081,
1044.034,,,,,,,,,,,,,,
1044.092,193.75,127.2689471746,,87.67033327360001,,87.67033327360001,99.3140494115,,,,1.19826420479462,,,929.6235408
1044.095,,,,,,,,,,,,,,
1044.159,,,,,,,,,,,,,,
1044.245,193.4,127.2825549457,,87.5569351811,,87.5569351811,99.3140494115,,,,1.19826420479462,,,929.7037032
1044.281,,,,,,,,,,,,,,
1044.345,,,,,,,,,,,,,,
1044.397,193.75,127.2916267931,,87.46621670709999,,87.46621670709999,99.3140494115,,,,1.19826420479462,,,929.7838656
1044.406,,,,,,,,,,,,,,
1044.467,,,,,,,,,,,,,,
1044.531,,,,,,,,,,,,,,
1044.55,193.0,127.3006986405,,87.40724969899999,,87.40724969899999,99.3140494115,,,,1.19826420479462,,,929.8637232
1044.595,,,,,,,,,,,,,,
1044.659,,,,,,,,,,,,,,
1044.702,193.92,127.3097704879,2343.75,87.4344652412,,87.4344652412,99.3140494115,,,,1.19826420479462,,,929.9438856
1044.723,,,,,,,,,,,,,,
1044.784,,,,,,,,,,,,,,
1044.848,,,,,,,,,,,,,,
1044.854,193.58,127.3188423353,,87.4888963256,,87.4888963256,99.3140494115,,,,1.19826420479462,,,930.024048
1044.909,,,,,,,,,,,,,,
1044.97,,,,,,,,,,,,,,
1045.001,,,,,1.25999999046326,,,,928.119995117188,928.119995117188,,1.25999999046326,7.168605191179809,
1045.007,194.0,127.3324501064,,87.4480730123,,87.4480730123,99.3140494115,,,,1.19826420479462,,,930.1042104
1045.031,,,,,,,,,,,,,,
1045.089,,,,,,,,,,,,,,
1045.159,193.63,127.3415219538,,87.53879148629998,,87.53879148629998,99.3140494115,,,,1.19826420479462,,,930.184068
1045.208,,,,,,,,,,,,,,
1045.269,,,,,,,,,,,,,,
1045.312,193.68,127.3505938012,,87.5206477915,,87.5206477915,99.3140494115,,,,1.19826420479462,,,930.2642304
1045.33,,,,,,,,,,,,,,
1045.388,,,,,,,,,,,,,,
1045.4489999999998,,,,,,,,,,,,,,
1045.464,193.52,127.3596656486,,87.5251837152,,87.5251837152,99.3140494115,,,,1.19826420479462,,,930.344088
1045.513,,,,,,,,,,,,,,
1045.577,,,,,,,,,,,,,,
1045.616,193.13,127.368737496,2343.75,87.4616807834,,87.4616807834,99.3140494115,,,,1.19826420479462,,,930.4242504
1045.644,,,,,,,,,,,,,,
1045.705,,,,,,,,,,,,,,
1045.769,193.32,127.3823452671,,87.28024383540001,,87.28024383540001,99.3140494115,,,,1.19826420479462,,,930.504108
1045.833,,,,,,,,,,,,,,
1045.894,,,,,,,,,,,,,,
1045.921,193.0,127.3914171145,,87.4208574701,,87.4208574701,99.3140494115,,,,1.19826420479462,,,930.5839656
1045.958,,,,,,,,,,,,,,
1046.0,,,,,1.25999999046326,,,,928.599975585938,928.599975585938,,1.25999999046326,6.301846021157711,
1046.025,,,,,,,,,,,,,,
1046.0739999999998,193.08,127.4004889619,,87.4798244782,,87.4798244782,99.3140494115,,,,1.19826420479462,,,930.664128
1046.083,,,,,,,,,,,,,,
1046.15,,,,,,,,,,,,,,
1046.214,,,,,,,,,,,,,,
1046.226,194.0,127.4095608093,,87.4616807834,,87.4616807834,99.3140494115,,,,1.19826420479462,,,930.7439856
1046.275,,,,,,,,,,,,,,
1046.336,,,,,,,,,,,,,,
1046.378,193.58,127.4231685804,,87.5115759441,,87.5115759441,99.3140494115,,,,1.19826420479462,,,930.8238432
1046.406,,,,,,,,,,,,,,
1046.47,,,,,,,,,,,,,,
1046.531,193.46,127.4322404278,2343.75,87.47075263079999,,87.47075263079999,99.3140494115,,,,1.19826420479462,,,930.9037008
1046.534,,,,,,,,,,,,,,
1046.598,,,,,,,,,,,,,,
1046.659,,,,,,,,,,,,,,
1046.683,193.33,127.4413122752,,87.5025040967,,87.5025040967,99.3140494115,,,,1.19826420479462,,,930.9835584
1046.723,,,,,,,,,,,,,,
1046.79,,,,,,,,,,,,,,
1046.836,193.96,127.4503841226,,87.50704002040001,,87.50704002040001,99.3140494115,,,,1.19826420479462,,,931.063416
1046.851,,,,,,,,,,,,,,
1046.915,,,,,,,,,,,,,,
1046.979,,,,,,,,,,,,,,
1046.988,193.08,127.45945597,,87.5750788759,,87.5750788759,99.3140494115,,,,1.19826420479462,,,931.1432736
1047.0,,,,,1.25999999046326,,,,929.0700073242192,929.0700073242192,,1.25999999046326,6.64854968916655,
1047.04,,,,,,,,,,,,,,
1047.107,,,,,,,,,,,,,,
1047.14,193.29,127.4730637411,,87.50704002040001,,87.50704002040001,99.3140494115,,,,1.19826420479462,,,931.2231312
1047.171,,,,,,,,,,,,,,
1047.232,,,,,,,,,,,,,,
1047.293,193.24,127.4821355885,,87.4253933938,,87.4253933938,99.3140494115,,,,1.19826420479462,,,931.3029888
1047.357,,,,,,,,,,,,,,
1047.421,,,,,,,,,,,,,,
1047.445,193.61,127.4912074359,,87.3891060042,,87.3891060042,99.3140494115,,,,1.19826420479462,,,931.3825416
1047.482,,,,,,,,,,,,,,
1047.543,,,,,,,,,,,,,,
1047.598,193.68,127.5002792833,2343.75,87.5161118678,,87.5161118678,99.3140494115,,,,1.19826420479462,,,931.4623992
1047.607,,,,,,,,,,,,,,
1047.671,,,,,,,,,,,,,,
1047.732,,,,,,,,,,,,,,
1047.75,193.4,127.5138870544,,87.5841507233,,87.5841507233,99.3140494115,,,,1.19826420479462,,,931.5422568
1047.796,,,,,,,,,,,,,,
1047.863,,,,,,,,,,,,,,
1047.902,193.42,127.5229589018,,87.6204381129,,87.6204381129,99.3140494115,,,,1.19826420479462,,,931.6218096
1047.927,,,,,,,,,,,,,,
1048.0,,,,,1.25999999046326,,,,929.539978027344,929.539978027344,,1.25999999046326,7.08702748570117,
1048.052,,,,,,,,,,,,,,
1048.055,193.04,127.5320307492,,87.53879148629998,,87.53879148629998,99.3140494115,,,,1.19826420479462,,,931.7016672
1048.113,,,,,,,,,,,,,,
1048.177,,,,,,,,,,,,,,
1048.207,194.0,127.5411025966,,87.6068303418,,87.6068303418,99.3140494115,,,,1.19826420479462,,,931.78122
1048.235,,,,,,,,,,,,,,
1048.302,,,,,,,,,,,,,,
1048.36,193.79,127.550174444,,87.6159021892,,87.6159021892,99.3140494115,,,,1.19826420479462,,,931.8610776
1048.363,,,,,,,,,,,,,,
1048.424,,,,,,,,,,,,,,
1048.488,,,,,,,,,,,,,,
1048.512,193.08,127.5637822151,2343.75,87.5841507233,,87.5841507233,99.3140494115,,,,1.19826420479462,,,931.9406304
1048.552,,,,,,,,,,,,,,
1048.613,,,,,,,,,,,,,,
1048.664,193.56,127.5728540625,,87.6657973499,,87.6657973499,99.3140494115,,,,1.19826420479462,,,932.0201832
1048.674,,,,,,,,,,,,,,
1048.738,,,,,,,,,,,,,,
1048.799,,,,,,,,,,,,,,
1048.817,193.33,127.5819259099,,87.66126142620001,,87.66126142620001,99.3140494115,,,,1.19826420479462,,,932.099736
1048.859,,,,,,,,,,,,,,
1048.969,193.88,127.5909977573,,87.8744498401,,87.8744498401,99.3140494115,,,,1.19826420479462,,,932.1795936
1048.987,,,,,,,,,,,,,,
1049.0,,,,,1.26999998092651,,,,930.0,930.0,,1.25999999046326,7.59688559219013,
1049.058,,,,,,,,,,,,,,
1049.122,193.48,127.6000696047,,88.5004073107,,88.5004073107,99.3140494115,,,,1.19826420479462,,,932.2591464
1049.125,,,,,,,,,,,,,,
1049.213,,,,,,,,,,,,,,
1049.274,193.0,127.6136773758,,90.2784894011,,90.2784894011,99.3140494115,,,,1.19826420479462,,,932.3386992
1049.283,,,,,,,,,,,,,,
1049.368,,,,,,,,,,,,,,
1049.4260000000002,194.0,127.6227492232,,90.9543420324,,90.9543420324,99.3140494115,,,,1.19826420479462,,,932.418252
1049.448,,,,,,,,,,,,,,
1049.527,,,,,,,,,,,,,,
1049.579,193.84,127.6318210706,2343.75,90.9679498035,,90.9679498035,99.3140494115,,,,1.19826420479462,,,932.4975
1049.606,,,,,,,,,,,,,,
1049.685,,,,,,,,,,,,,,
1049.731,193.63,127.640892918,,90.6504351445,,90.6504351445,99.3140494115,,,,1.19826420479462,,,932.5770528
1049.765,,,,,,,,,,,,,,
1049.841,,,,,,,,,,,,,,
1049.884,193.29,127.6545006891,,89.7069630149,,89.7069630149,99.3140494115,,,,1.19826420479462,,,932.6566056
1049.908,,,,,,,,,,,,,,
1049.975,,,,,,,,,,,,,,
1049.999,,,,,1.26999998092651,,,,930.47998046875,930.47998046875,,1.25999999046326,6.944267352031059,
1050.036,193.45,127.6635725365,,88.64102094540002,,88.64102094540002,99.3140494115,,,,1.19826420479462,,,932.7361584
1050.042,,,,,,,,,,,,,,
1050.106,,,,,,,,,,,,,,
1050.173,,,,,,,,,,,,,,
1050.188,193.0,127.6726443839,,87.87898576379999,,87.87898576379999,99.3140494115,,,,1.19826420479462,,,932.8154064
1050.234,,,,,,,,,,,,,,
1050.3010000000002,,,,,,,,,,,,,,
1050.341,193.42,127.6817162313,,87.8290906031,,87.8290906031,99.3140494115,,,,1.19826420479462,,,932.8949592
1050.362,,,,,,,,,,,,,,
1050.423,,,,,,,,,,,,,,
1050.49,,,,,,,,,,,,,,
1050.493,193.5,127.6907880787,2343.75,87.770123595,,87.770123595,99.3140494115,,,,1.19826420479462,,,932.974512
1050.554,,,,,,,,,,,,,,
1050.621,,,,,,,,,,,,,,
1050.646,193.39,127.7043958498,,87.7066206632,,87.7066206632,99.3140494115,,,,1.19826420479462,,,933.05376
1050.682,,,,,,,,,,,,,,
1050.752,,,,,,,,,,,,,,
1050.798,193.52,127.7134676972,,87.72476435799999,,87.72476435799999,99.3140494115,,,,1.19826420479462,,,933.1333128
1050.81,,,,,,,,,,,,,,
1050.88,,,,,,,,,,,,,,
1050.944,,,,,,,,,,,,,,
1050.95,193.04,127.7225395446,,87.6748691973,,87.6748691973,99.3140494115,,,,1.19826420479462,,,933.2125608
1050.999,,,,,1.26999998092651,,,,930.919982910156,930.919982910156,,1.25999999046326,3.6403868122578,
1051.008,,,,,,,,,,,,,,
1051.069,,,,,,,,,,,,,,
1051.103,193.58,127.731611392,,87.7066206632,,87.7066206632,99.3140494115,,,,1.19826420479462,,,933.2918088
1051.133,,,,,,,,,,,,,,
1051.197,,,,,,,,,,,,,,
1051.255,193.61,127.7452191631,,87.75651582389999,,87.75651582389999,99.3140494115,,,,1.19826420479462,,,933.3710568
1051.261,,,,,,,,,,,,,,
1051.322,,,,,,,,,,,,,,
1051.386,,,,,,,,,,,,,,
1051.408,194.0,127.7542910105,,87.7156925106,,87.7156925106,99.3140494115,,,,1.19826420479462,,,933.4506096
1051.447,,,,,,,,,,,,,,
1051.511,,,,,,,,,,,,,,
1051.56,193.67,127.7633628579,2343.75,87.75651582389999,,87.75651582389999,99.3140494115,,,,1.19826420479462,,,933.5298576
1051.572,,,,,,,,,,,,,,
1051.636,,,,,,,,,,,,,,
1051.7,,,,,,,,,,,,,,
1051.712,193.4,127.7724347053,,87.7111565869,,87.7111565869,99.3140494115,,,,1.19826420479462,,,933.6091056
1051.761,,,,,,,,,,,,,,
1051.822,,,,,,,,,,,,,,
1051.865,193.42,127.7815065527,,87.6657973499,,87.6657973499,99.3140494115,,,,1.19826420479462,,,933.6883536
1051.889,,,,,,,,,,,,,,
1051.999,,,,,1.26999998092651,,,,931.390014648438,931.390014648438,,1.25999999046326,7.59688559219013,
1052.011,,,,,,,,,,,,,,
1052.017,193.33,127.7951143238,,87.62950996030001,,87.62950996030001,99.3140494115,,,,1.19826420479462,,,933.7676016
1052.075,,,,,,,,,,,,,,
1052.139,,,,,,,,,,,,,,
1052.17,194.0,127.8041861712,,87.7111565869,,87.7111565869,99.3140494115,,,,1.19826420479462,,,933.8468496
1052.2,,,,,,,,,,,,,,
1052.27,,,,,,,,,,,,,,
1052.322,193.44,127.8132580186,,87.7111565869,,87.7111565869,99.3140494115,,,,1.19826420479462,,,933.9257928
1052.325,,,,,,,,,,,,,,
1052.395,,,,,,,,,,,,,,
1052.456,,,,,,,,,,,,,,
1052.474,193.0,127.822329866,2343.75,87.57054295219999,,87.57054295219999,99.3140494115,,,,1.19826420479462,,,934.0050408
1052.52,,,,,,,,,,,,,,
1052.581,,,,,,,,,,,,,,
1052.627,193.33,127.8359376371,,87.65218957879999,,87.65218957879999,99.3140494115,,,,1.19826420479462,,,934.0842888
1052.645,,,,,,,,,,,,,,
1052.7089999999998,,,,,,,,,,,,,,
1052.773,,,,,,,,,,,,,,
1052.779,193.58,127.8450094845,,87.75651582389999,,87.75651582389999,99.3140494115,,,,1.19826420479462,,,934.1635368
1052.8339999999998,,,,,,,,,,,,,,
1052.932,193.4,127.8540813319,,87.99691978,,87.99691978,99.3140494115,,,,1.19826420479462,,,934.24248
1052.962,,,,,,,,,,,,,,
1052.999,,,,,1.26999998092651,,,,931.8400268554692,931.8400268554692,,1.25999999046326,6.577169379212201,
1053.026,,,,,,,,,,,,,,
1053.0839999999998,193.67,127.8631531793,,88.07403048290001,,88.07403048290001,99.3140494115,,,,1.19826420479462,,,934.321728
1053.09,,,,,,,,,,,,,,
1053.154,,,,,,,,,,,,,,
1053.218,,,,,,,,,,,,,,
1053.236,193.13,127.8722250267,,88.0241353222,,88.0241353222,99.3140494115,,,,1.19826420479462,,,934.4006712
1053.282,,,,,,,,,,,,,,
1053.346,,,,,,,,,,,,,,
1053.389,193.5,127.8858327978,2343.75,87.91527315340001,,87.91527315340001,99.3140494115,,,,1.19826420479462,,,934.4799192
1053.41,,,,,,,,,,,,,,
1053.474,,,,,,,,,,,,,,
1053.5410000000002,194.0,127.8949046452,,87.8109469083,,87.8109469083,99.3140494115,,,,1.19826420479462,,,934.5588624
1053.602,,,,,,,,,,,,,,
1053.6660000000002,,,,,,,,,,,,,,
1053.694,193.08,127.9039764926,,87.7791954424,,87.7791954424,99.3140494115,,,,1.19826420479462,,,934.6378056
1053.73,,,,,,,,,,,,,,
1053.803,,,,,,,,,,,,,,
1053.846,193.83,127.91304834,,87.8018750609,,87.8018750609,99.3140494115,,,,1.19826420479462,,,934.7167488
1053.864,,,,,,,,,,,,,,
1053.928,,,,,,,,,,,,,,
1053.986,,,,,,,,,,,,,,
1053.998,193.58,127.9266561111,,87.91527315340001,,87.91527315340001,99.3140494115,,,,1.19826420479462,,,934.7959968
1054.001,,,,,1.25,,,,932.2999877929692,932.2999877929692,,1.25999999046326,7.37254823927996,
1054.053,,,,,,,,,,,,,,
1054.114,,,,,,,,,,,,,,
1054.151,193.67,127.9357279585,,87.8653779927,,87.8653779927,99.3140494115,,,,1.19826420479462,,,934.87494
1054.178,,,,,,,,,,,,,,
1054.242,,,,,,,,,,,,,,
1054.303,193.54,127.9447998059,2343.75,87.85177022159999,,87.85177022159999,99.3140494115,,,,1.19826420479462,,,934.9538832
1054.306,,,,,,,,,,,,,,
1054.37,,,,,,,,,,,,,,
1054.434,,,,,,,,,,,,,,
1054.456,193.29,127.9538716533,,87.7610517476,,87.7610517476,99.3140494115,,,,1.19826420479462,,,935.0328264
1054.498,,,,,,,,,,,,,,
1054.562,,,,,,,,,,,,,,
1054.608,193.25,127.9629435007,,87.6975488158,,87.6975488158,99.3140494115,,,,1.19826420479462,,,935.1117696
1054.626,,,,,,,,,,,,,,
1054.684,,,,,,,,,,,,,,
1054.751,,,,,,,,,,,,,,
1054.76,193.5,127.9765512718,,87.73383620540001,,87.73383620540001,99.3140494115,,,,1.19826420479462,,,935.1907128
1054.815,,,,,,,,,,,,,,
1054.879,,,,,,,,,,,,,,
1054.913,193.67,127.9856231192,,87.7202284343,,87.7202284343,99.3140494115,,,,1.19826420479462,,,935.2693512
1054.94,,,,,,,,,,,,,,
1055.001,,,,,0.790000021457672,,,,932.77001953125,932.77001953125,,1.25999999046326,7.158407795655509,
1055.007,,,,,,,,,,,,,,
1055.065,193.29,127.9946949666,,87.7202284343,,87.7202284343,99.3140494115,,,,1.19826420479462,,,935.3482944
1055.068,,,,,,,,,,,,,,
1055.132,,,,,,,,,,,,,,
1055.19,,,,,,,,,,,,,,
1055.218,193.6,128.003766814,,87.85177022159999,,87.85177022159999,99.3140494115,,,,1.19826420479462,,,935.4272376
1055.26,,,,,,,,,,,,,,
1055.3239999999998,,,,,,,,,,,,,,
1055.37,193.33,128.0128386614,2343.75,87.8336265268,,87.8336265268,99.3140494115,,,,1.19826420479462,,,935.505876
1055.385,,,,,,,,,,,,,,
1055.446,,,,,,,,,,,,,,
1055.51,,,,,,,,,,,,,,
1055.522,193.0,128.0264464325,,87.75651582389999,,87.75651582389999,99.3140494115,,,,1.19826420479462,,,935.5848192
1055.568,,,,,,,,,,,,,,
1055.629,,,,,,,,,,,,,,
1055.675,193.2,128.0355182799,,87.7791954424,,87.7791954424,99.3140494115,,,,1.19826420479462,,,935.6634576
1055.687,,,,,,,,,,,,,,
1055.809,,,,,,,,,,,,,,
1055.827,193.28,128.04459012729998,,87.7837313661,,87.7837313661,99.3140494115,,,,1.19826420479462,,,935.7424008
1055.873,,,,,,,,,,,,,,
1055.931,,,,,,,,,,,,,,
1055.98,193.6,128.0536619747,,87.6884769684,,87.6884769684,99.3140494115,,,,1.19826420479462,,,935.8210392
1055.995,,,,,,,,,,,,,,
1056.001,,,,,0.7599999904632572,,,,933.219970703125,933.219970703125,,1.25999999046326,7.209393800799839,
1056.053,,,,,,,,,,,,,,
1056.114,,,,,,,,,,,,,,
1056.132,193.42,128.0672697458,,87.67033327360001,,87.67033327360001,99.3140494115,,,,1.19826420479462,,,935.8999824
1056.175,,,,,,,,,,,,,,
1056.233,,,,,,,,,,,,,,
1056.284,193.72,128.0763415932,2343.75,87.679405121,,87.679405121,99.3140494115,,,,1.19826420479462,,,935.9786207999998
1056.294,,,,,,,,,,,,,,
1056.351,,,,,,,,,,,,,,
1056.412,,,,,,,,,,,,,,
1056.437,193.32,128.0854134406,,87.7111565869,,87.7111565869,99.3140494115,,,,1.19826420479462,,,936.0572592
1056.473,,,,,,,,,,,,,,
1056.534,,,,,,,,,,,,,,
1056.589,193.08,128.094485288,,87.6975488158,,87.6975488158,99.3140494115,,,,1.19826420479462,,,936.1358976
1056.592,,,,,,,,,,,,,,
1056.717,,,,,,,,,,,,,,
1056.742,193.68,128.1035571354,,87.6884769684,,87.6884769684,99.3140494115,,,,1.19826420479462,,,936.214536
1056.778,,,,,,,,,,,,,,
1056.839,,,,,,,,,,,,,,
1056.894,193.62,128.1171649065,,87.68394104469999,,87.68394104469999,99.3140494115,,,,1.19826420479462,,,936.2931744
1056.958,,,,,,,,,,,,,,
1057.001,,,,,0.7599999904632572,,,,933.669982910156,933.669982910156,,1.25999999046326,6.99525335717539,
1057.016,,,,,,,,,,,,,,
1057.046,193.68,128.1262367539,,87.7474439765,,87.7474439765,99.3140494115,,,,1.19826420479462,,,936.3718127999998
1057.077,,,,,,,,,,,,,,
1057.135,,,,,,,,,,,,,,
1057.196,,,,,,,,,,,,,,
1057.1989999999998,193.77,128.13530860129998,2343.75,87.72476435799999,,87.72476435799999,99.3140494115,,,,1.19826420479462,,,936.4504512
1057.254,,,,,,,,,,,,,,
1057.315,,,,,,,,,,,,,,
1057.351,193.12,128.14438044870002,,87.7293002817,,87.7293002817,99.3140494115,,,,1.19826420479462,,,936.5290896
1057.376,,,,,,,,,,,,,,
1057.433,,,,,,,,,,,,,,
1057.494,,,,,,,,,,,,,,
1057.504,193.69,128.1534522961,,87.6385818077,,87.6385818077,99.3140494115,,,,1.19826420479462,,,936.607728
1057.555,,,,,,,,,,,,,,
1057.613,,,,,,,,,,,,,,
1057.656,193.42,128.1670600672,,87.69301289209999,,87.69301289209999,99.3140494115,,,,1.19826420479462,,,936.6863664
1057.674,,,,,,,,,,,,,,
1057.732,,,,,,,,,,,,,,
1057.79,,,,,,,,,,,,,,
1057.808,193.4,128.17613191459998,,87.70208473950001,,87.70208473950001,99.3140494115,,,,1.19826420479462,,,936.7647
1057.848,,,,,,,,,,,,,,
1057.915,,,,,,,,,,,,,,
1057.961,193.65,128.185203762,,87.7610517476,,87.7610517476,99.3140494115,,,,1.19826420479462,,,936.8433384
1057.973,,,,,,,,,,,,,,
1058.0,,,,,0.7599999904632572,,,,934.119995117188,934.119995117188,,1.25999999046326,7.22978810560986,
1058.034,,,,,,,,,,,,,,
1058.092,,,,,,,,,,,,,,
1058.113,193.23,128.1942756094,2343.75,87.8290906031,,87.8290906031,99.3140494115,,,,1.19826420479462,,,936.921672
1058.153,,,,,,,,,,,,,,
1058.211,,,,,,,,,,,,,,
1058.266,193.08,128.2078833805,,87.8699139164,,87.8699139164,99.3140494115,,,,1.19826420479462,,,937.0003104
1058.275,,,,,,,,,,,,,,
1058.333,,,,,,,,,,,,,,
1058.391,,,,,,,,,,,,,,
1058.418,193.12,128.2169552279,,87.8653779927,,87.8653779927,99.3140494115,,,,1.19826420479462,,,937.078644
1058.452,,,,,,,,,,,,,,
1058.509,,,,,,,,,,,,,,
1058.564,,,,,,,,,,,,,,
1058.57,194.0,128.2260270753,,87.3346749198,,87.3346749198,99.3140494115,,,,1.19826420479462,,,937.1572824
1058.622,,,,,,,,,,,,,,
1058.68,,,,,,,,,,,,,,
1058.723,193.26,128.23509892270002,,87.3573545383,,87.3573545383,99.3140494115,,,,1.19826420479462,,,937.235616
1058.738,,,,,,,,,,,,,,
1058.796,,,,,,,,,,,,,,
1058.854,,,,,,,,,,,,,,
1058.875,193.5,128.2441707701,2343.75,87.31199530129999,,87.31199530129999,99.3140494115,,,,1.19826420479462,,,937.3139496
1058.97,,,,,,,,,,,,,,
1059.0,,,,,0.790000021457672,,,,934.5700073242192,934.5700073242192,,1.25999999046326,7.209393800799839,
1059.028,193.65,128.2577785412,,87.44353708860001,,87.44353708860001,99.3140494115,,,,1.19826420479462,,,937.392588
1059.086,,,,,,,,,,,,,,
1059.146,,,,,,,,,,,,,,
1059.18,193.35,128.2668503886,,87.47528855450001,,87.47528855450001,99.3140494115,,,,1.19826420479462,,,937.4709216
1059.201,,,,,,,,,,,,,,
1059.262,,,,,,,,,,,,,,
1059.332,193.0,128.275922236,,87.3891060042,,87.3891060042,99.3140494115,,,,1.19826420479462,,,937.5492552
1059.384,,,,,,,,,,,,,,
1059.442,,,,,,,,,,,,,,
1059.485,193.22,128.2849940834,,87.40724969899999,,87.40724969899999,99.3140494115,,,,1.19826420479462,,,937.6275888
1059.5,,,,,,,,,,,,,,
1059.558,,,,,,,,,,,,,,
1059.619,,,,,,,,,,,,,,
1059.637,193.69,128.29860185450002,,87.3528186146,,87.3528186146,99.3140494115,,,,1.19826420479462,,,937.7059224
1059.674,,,,,,,,,,,,,,
1059.732,,,,,,,,,,,,,,
1059.79,193.23,128.3076737019,2343.75,87.28024383540001,,87.28024383540001,99.3140494115,,,,1.19826420479462,,,937.784256
1059.848,,,,,,,,,,,,,,
1059.905,,,,,,,,,,,,,,
1059.942,193.69,128.3167455493,,87.2847797591,,87.2847797591,99.3140494115,,,,1.19826420479462,,,937.8625896
1059.966,,,,,,,,,,,,,,
1060.0,,,,,0.7699999809265129,,,,935.02001953125,935.02001953125,,1.25999999046326,6.37322633111205,
1060.021,,,,,,,,,,,,,,
1060.082,,,,,,,,,,,,,,
1060.094,194.0,128.3258173967,,87.21674090360001,,87.21674090360001,99.3140494115,,,,1.19826420479462,,,937.9409232
1060.137,,,,,,,,,,,,,,
1060.247,193.65,128.3348892441,,87.3891060042,,87.3891060042,99.3140494115,,,,1.19826420479462,,,938.0192568
1060.256,,,,,,,,,,,,,,
1060.314,,,,,,,,,,,,,,
1060.375,,,,,,,,,,,,,,
1060.399,193.23,128.3484970152,,87.3936419279,,87.3936419279,99.3140494115,,,,1.19826420479462,,,938.0975904
1060.433,,,,,,,,,,,,,,
1060.491,,,,,,,,,,,,,,
1060.549,,,,,,,,,,,,,,
1060.552,193.08,128.3575688626,,87.3573545383,,87.3573545383,99.3140494115,,,,1.19826420479462,,,938.175924
1060.61,,,,,,,,,,,,,,
1060.674,,,,,,,,,,,,,,
1060.704,193.65,128.36664071,2343.75,87.31199530129999,,87.31199530129999,99.3140494115,,,,1.19826420479462,,,938.2542576
1060.734,,,,,,,,,,,,,,
1060.792,,,,,,,,,,,,,,
1060.847,,,,,,,,,,,,,,
1060.856,194.0,128.3757125574,,87.4027137753,,87.4027137753,99.3140494115,,,,1.19826420479462,,,938.3325912
1060.908,,,,,,,,,,,,,,
1060.969,,,,,,,,,,,,,,
1061.0,,,,,0.7799999713897701,,,,935.460021972656,935.460021972656,,1.25999999046326,6.71992999912089,
1061.009,194.0,128.3893203285,,87.4480730123,,87.4480730123,99.3140494115,,,,1.19826420479462,,,938.4109248
1061.027,,,,,,,,,,,,,,
1061.146,,,,,,,,,,,,,,
1061.161,193.64,128.3983921759,,87.7293002817,,87.7293002817,99.3140494115,,,,1.19826420479462,,,938.4892584
1061.204,,,,,,,,,,,,,,
1061.262,,,,,,,,,,,,,,
1061.314,193.81,128.4074640233,,87.69301289209999,,87.69301289209999,99.3140494115,,,,1.19826420479462,,,938.567592
1061.323,,,,,,,,,,,,,,
1061.384,,,,,,,,,,,,,,
1061.442,,,,,,,,,,,,,,
1061.466,193.31,128.4165358707,,87.46621670709999,,87.46621670709999,99.3140494115,,,,1.19826420479462,,,938.6459256
1061.5,,,,,,,,,,,,,,
1061.557,,,,,,,,,,,,,,
1061.615,,,,,,,,,,,,,,
1061.618,193.19,128.4256077181,2343.75,87.316531225,,87.316531225,99.3140494115,,,,1.19826420479462,,,938.7242592
1061.673,,,,,,,,,,,,,,
1061.731,,,,,,,,,,,,,,
1061.771,193.65,128.4392154892,,87.2983875302,,87.2983875302,99.3140494115,,,,1.19826420479462,,,938.8025928
1061.789,,,,,,,,,,,,,,
1061.85,,,,,,,,,,,,,,
1061.908,,,,,,,,,,,,,,
1061.923,193.54,128.4482873366,,87.40724969899999,,87.40724969899999,99.3140494115,,,,1.19826420479462,,,938.8809264
1061.966,,,,,,,,,,,,,,
1061.999,,,,,0.7799999713897701,,,,935.9099731445308,935.9099731445308,,1.25999999046326,7.43373115371001,
1062.027,,,,,,,,,,,,,,
1062.076,193.62,128.45735918399998,,87.4027137753,,87.4027137753,99.3140494115,,,,1.19826420479462,,,938.95926
1062.088,,,,,,,,,,,,,,
1062.146,,,,,,,,,,,,,,
1062.204,,,,,,,,,,,,,,
1062.228,193.38,128.4664310314,,87.5161118678,,87.5161118678,99.3140494115,,,,1.19826420479462,,,939.0375936
1062.268,,,,,,,,,,,,,,
1062.326,,,,,,,,,,,,,,
1062.38,193.0,128.4755028788,,87.5523992574,,87.5523992574,99.3140494115,,,,1.19826420479462,,,939.1159272
1062.383,,,,,,,,,,,,,,
1062.444,,,,,,,,,,,,,,
1062.502,,,,,,,,,,,,,,
1062.533,193.56,128.4891106499,2343.75,87.5932225707,,87.5932225707,99.3140494115,,,,1.19826420479462,,,939.1942608
1062.563,,,,,,,,,,,,,,
1062.621,,,,,,,,,,,,,,
1062.682,,,,,,,,,,,,,,
1062.685,193.69,128.4981824973,,87.4344652412,,87.4344652412,99.3140494115,,,,1.19826420479462,,,939.2725944
1062.743,,,,,,,,,,,,,,
1062.798,,,,,,,,,,,,,,
1062.838,193.38,128.5072543447,,87.1985972088,,87.1985972088,99.3140494115,,,,1.19826420479462,,,939.350928
1062.856,,,,,,,,,,,,,,
1062.917,,,,,,,,,,,,,,
1062.978,,,,,,,,,,,,,,
1062.99,194.0,128.5163261921,,87.3392108435,,87.3392108435,99.3140494115,,,,1.19826420479462,,,939.4292616
1062.999,,,,,0.7599999904632572,,,,936.359985351563,936.359985351563,,1.25999999046326,6.71992999912089,
1063.042,,,,,,,,,,,,,,
1063.1,,,,,,,,,,,,,,
1063.142,193.62,128.5299339632,,87.452608936,,87.452608936,99.3140494115,,,,1.19826420479462,,,939.5075952
1063.158,,,,,,,,,,,,,,
1063.219,,,,,,,,,,,,,,
1063.283,,,,,,,,,,,,,,
1063.295,193.56,128.5390058106,2343.75,87.4934322493,,87.4934322493,99.3140494115,,,,1.19826420479462,,,939.5859288
1063.344,,,,,,,,,,,,,,
1063.411,,,,,,,,,,,,,,
1063.447,193.67,128.54807765799998,,87.43900116489999,,87.43900116489999,99.3140494115,,,,1.19826420479462,,,939.6642624
1063.475,,,,,,,,,,,,,,
1063.536,,,,,,,,,,,,,,
1063.6,193.25,128.55714950540002,,87.41178562270001,,87.41178562270001,99.3140494115,,,,1.19826420479462,,,939.742596
1063.661,,,,,,,,,,,,,,
1063.722,,,,,,,,,,,,,,
1063.752,193.72,128.5662213528,,87.452608936,,87.452608936,99.3140494115,,,,1.19826420479462,,,939.8209296
1063.786,,,,,,,,,,,,,,
1063.846,,,,,,,,,,,,,,
1063.904,193.32,128.5798291239,,87.41178562270001,,87.41178562270001,99.3140494115,,,,1.19826420479462,,,939.8992632
1063.91,,,,,,,,,,,,,,
1063.971,,,,,,,,,,,,,,
1063.999,,,,,0.7699999809265129,,,,936.7999877929692,936.7999877929692,,1.25999999046326,7.270576715229889,
1064.032,,,,,,,,,,,,,,
1064.057,193.56,128.58890097129998,,87.2983875302,,87.2983875302,99.3140494115,,,,1.19826420479462,,,939.9775968
1064.096,,,,,,,,,,,,,,
1064.154,,,,,,,,,,,,,,
1064.2089999999998,193.5,128.5979728187,,87.2530282932,,87.2530282932,99.3140494115,,,,1.19826420479462,,,940.0559304
1064.218,,,,,,,,,,,,,,
1064.279,,,,,,,,,,,,,,
1064.34,,,,,,,,,,,,,,
1064.362,193.28,128.6070446661,2343.75,87.4843604019,,87.4843604019,99.3140494115,,,,1.19826420479462,,,940.134264
1064.468,,,,,,,,,,,,,,
1064.514,193.22,128.6206524372,,88.7816345801,,88.7816345801,99.3140494115,,,,1.19826420479462,,,940.2125976
1064.544,,,,,,,,,,,,,,
1064.627,,,,,,,,,,,,,,
1064.6660000000002,193.83,128.6297242846,,90.1650913086,,90.1650913086,99.3140494115,,,,1.19826420479462,,,940.2909312
1064.706,,,,,,,,,,,,,,
1064.819,193.74,128.638796132,,89.8430407259,,89.8430407259,99.3140494115,,,,1.19826420479462,,,940.3692648
1064.868,,,,,,,,,,,,,,
1064.956,,,,,,,,,,,,,,
1064.971,193.53,128.64786797940002,,89.18079586569999,,89.18079586569999,99.3140494115,,,,1.19826420479462,,,940.4479032
1064.999,,,,,0.7799999713897701,,,,937.239990234375,937.239990234375,,1.25999999046326,7.37254823927996,
1065.026,,,,,,,,,,,,,,
1065.114,,,,,,,,,,,,,,
1065.124,193.6,128.6569398268,,89.0991492391,,89.0991492391,99.3140494115,,,,1.19826420479462,,,940.5262368
1065.188,,,,,,,,,,,,,,
1065.276,193.58,128.6705475979,,89.1354366287,,89.1354366287,99.3140494115,,,,1.19826420479462,,,940.6045704
1065.355,,,,,,,,,,,,,,
1065.428,193.58,128.6796194453,2343.75,88.64102094540002,,88.64102094540002,99.3140494115,,,,1.19826420479462,,,940.682904
1065.434,,,,,,,,,,,,,,
1065.508,,,,,,,,,,,,,,
1065.581,193.5,128.6886912927,,87.9016653823,,87.9016653823,99.3140494115,,,,1.19826420479462,,,940.7612376
1065.651,,,,,,,,,,,,,,
1065.721,,,,,,,,,,,,,,
1065.733,193.61,128.6977631401,,87.4571448597,,87.4571448597,99.3140494115,,,,1.19826420479462,,,940.8395712
1065.782,,,,,,,,,,,,,,
1065.852,,,,,,,,,,,,,,
1065.886,193.0,128.7068349875,,87.3891060042,,87.3891060042,99.3140494115,,,,1.19826420479462,,,940.9179048
1065.9160000000002,,,,,,,,,,,,,,
1065.98,,,,,,,,,,,,,,
1066.001,,,,,0.790000021457672,,,,937.6799926757808,937.6799926757808,,1.25999999046326,6.923873047221051,
1066.038,193.35,128.7204427586,,87.41178562270001,,87.41178562270001,99.3140494115,,,,1.19826420479462,,,940.9962384
1066.047,,,,,,,,,,,,,,
1066.114,,,,,,,,,,,,,,
1066.178,,,,,,,,,,,,,,
1066.19,193.78,128.729514606,,87.52971963889999,,87.52971963889999,99.3140494115,,,,1.19826420479462,,,941.074572
1066.245,,,,,,,,,,,,,,
1066.309,,,,,,,,,,,,,,
1066.343,193.38,128.7385864534,,87.57054295219999,,87.57054295219999,99.3140494115,,,,1.19826420479462,,,941.1529056
1066.37,,,,,,,,,,,,,,
1066.431,,,,,,,,,,,,,,
1066.495,193.64,128.7476583008,2343.75,87.815482832,,87.815482832,99.3140494115,,,,1.19826420479462,,,941.2312392
1066.568,,,,,,,,,,,,,,
1066.632,,,,,,,,,,,,,,
1066.648,193.35,128.7612660719,,87.7383721291,,87.7383721291,99.3140494115,,,,1.19826420479462,,,941.3095728
1066.693,,,,,,,,,,,,,,
1066.76,,,,,,,,,,,,,,
1066.8,193.0,128.7703379193,,87.8835216875,,87.8835216875,99.3140494115,,,,1.19826420479462,,,941.3879064
1066.827,,,,,,,,,,,,,,
1066.952,193.22,128.7794097667,,88.1556771095,,88.1556771095,99.3140494115,,,,1.19826420479462,,,941.46624
1066.968,,,,,,,,,,,,,,
1067.001,,,,,1.08000004291534,,,,938.130004882813,938.130004882813,,1.25999999046326,5.09858106488964,
1067.038,,,,,,,,,,,,,,
1067.105,193.4,128.7884816141,,88.6999879535,,88.6999879535,99.3140494115,,,,1.19826420479462,,,941.5445736
1067.114,,,,,,,,,,,,,,
1067.1989999999998,,,,,,,,,,,,,,
1067.257,193.44,128.7975534615,,89.62531638829999,,89.62531638829999,99.3140494115,,,,1.19826420479462,,,941.6229072
1067.2910000000002,,,,,,,,,,,,,,
1067.379,,,,,,,,,,,,,,
1067.41,193.65,128.8111612326,,90.6640429156,,90.6640429156,99.3140494115,,,,1.19826420479462,,,941.7015456
1067.477,,,,,,,,,,,,,,
1067.562,193.0,128.82023308,2343.75,90.6640429156,,90.6640429156,99.3140494115,,,,1.19826420479462,,,941.7798792
1067.5739999999998,,,,,,,,,,,,,,
1067.672,,,,,,,,,,,,,,
1067.714,193.62,128.8293049274,,91.4124703261,,91.4124703261,99.3140494115,,,,1.19826420479462,,,941.8582127999998
1067.769,,,,,,,,,,,,,,
1067.867,193.6,128.8383767748,,91.43514994459998,,91.43514994459998,99.3140494115,,,,1.19826420479462,,,941.9365464
1067.964,,,,,,,,,,,,,,
1068.001,,,,,1.16999995708466,,,,938.5499877929692,938.5499877929692,,1.25999999046326,6.38342372663635,
1068.019,193.56,128.8519845459,,90.0199417502,,90.0199417502,99.3140494115,,,,1.19826420479462,,,942.01488
1068.053,,,,,,,,,,,,,,
1068.172,193.85,128.8610563933,,88.813386046,,88.813386046,99.3140494115,,,,1.19826420479462,,,942.0932136
1068.205,,,,,,,,,,,,,,
1068.272,,,,,,,,,,,,,,
1068.3239999999998,194.0,128.87012824069998,,87.6567255025,,87.6567255025,99.3140494115,,,,1.19826420479462,,,942.1715472
1068.336,,,,,,,,,,,,,,
1068.394,,,,,,,,,,,,,,
1068.458,,,,,,,,,,,,,,
1068.476,194.0,128.8792000881,,87.6476536551,,87.6476536551,99.3140494115,,,,1.19826420479462,,,942.2498808
1068.522,,,,,,,,,,,,,,
1068.592,,,,,,,,,,,,,,
1068.629,193.38,128.8882719355,,87.68394104469999,,87.68394104469999,99.3140494115,,,,1.19826420479462,,,942.3282144
1068.653,,,,,,,,,,,,,,
1068.714,,,,,,,,,,,,,,
1068.769,,,,,,,,,,,,,,
1068.781,193.32,128.9018797066,2343.75,87.46621670709999,,87.46621670709999,99.3140494115,,,,1.19826420479462,,,942.406548
1068.839,,,,,,,,,,,,,,
1068.906,,,,,,,,,,,,,,
1068.934,193.09,128.910951554,,87.3709623094,,87.3709623094,99.3140494115,,,,1.19826420479462,,,942.4848816
1068.976,,,,,,,,,,,,,,
1069.001,,,,,0.7699999809265129,,,,938.989990234375,938.989990234375,,1.25999999046326,4.5989203539249806,
1069.046,,,,,,,,,,,,,,
1069.086,193.35,128.9200234014,,87.11695058219999,,87.11695058219999,99.3140494115,,,,1.19826420479462,,,942.5632152
1069.11,,,,,,,,,,,,,,
1069.238,193.17,128.9290952488,,87.2076690562,,87.2076690562,99.3140494115,,,,1.19826420479462,,,942.6418536
1069.241,,,,,,,,,,,,,,
1069.309,,,,,,,,,,,,,,
1069.376,,,,,,,,,,,,,,
1069.391,193.39,128.9381670962,,87.3664263857,,87.3664263857,99.3140494115,,,,1.19826420479462,,,942.7201872000002
1069.443,,,,,,,,,,,,,,
1069.504,,,,,,,,,,,,,,
1069.543,193.58,128.9517748673,,87.4253933938,,87.4253933938,99.3140494115,,,,1.19826420479462,,,942.7985208
1069.565,,,,,,,,,,,,,,
1069.625,,,,,,,,,,,,,,
1069.693,,,,,,,,,,,,,,
1069.696,193.25,128.96084671469998,2343.75,87.53425556260001,,87.53425556260001,99.3140494115,,,,1.19826420479462,,,942.8768544
1069.757,,,,,,,,,,,,,,
1069.818,,,,,,,,,,,,,,
1069.848,193.33,128.9699185621,,87.4163215464,,87.4163215464,99.3140494115,,,,1.19826420479462,,,942.955188
1069.882,,,,,,,,,,,,,,
1069.946,,,,,,,,,,,,,,
1070.0,193.29,128.9789904095,,87.4163215464,0.7799999713897701,87.4163215464,99.3140494115,,939.419982910156,939.419982910156,1.19826420479462,1.25999999046326,6.38342372663635,943.0335216
1070.01,,,,,,,,,,,,,,
1070.077,,,,,,,,,,,,,,
1070.153,193.3,128.9925981806,,87.3981778516,,87.3981778516,99.3140494115,,,,1.19826420479462,,,943.1118552000002
1070.214,,,,,,,,,,,,,,
1070.278,,,,,,,,,,,,,,
1070.305,193.75,129.00167002799998,,87.54786333370001,,87.54786333370001,99.3140494115,,,,1.19826420479462,,,943.1901888
1070.342,,,,,,,,,,,,,,
1070.409,,,,,,,,,,,,,,
1070.458,193.87,129.01074187540002,,87.5932225707,,87.5932225707,99.3140494115,,,,1.19826420479462,,,943.2685224
1070.473,,,,,,,,,,,,,,
1070.54,,,,,,,,,,,,,,
1070.601,,,,,,,,,,,,,,
1070.61,193.33,129.0198137228,2343.75,87.4253933938,,87.4253933938,99.3140494115,,,,1.19826420479462,,,943.346856
1070.665,,,,,,,,,,,,,,
1070.726,,,,,,,,,,,,,,
1070.762,193.33,129.0288855702,,87.54332741,,87.54332741,99.3140494115,,,,1.19826420479462,,,943.4254944
1070.787,,,,,,,,,,,,,,
1070.848,,,,,,,,,,,,,,
1070.915,193.52,129.0424933413,,87.5569351811,,87.5569351811,99.3140494115,,,,1.19826420479462,,,943.503828
1070.979,,,,,,,,,,,,,,
1071.0,,,,,0.8100000023841859,,,,939.880004882813,939.880004882813,,1.25999999046326,5.955142839387451,
1071.04,,,,,,,,,,,,,,
1071.067,194.0,129.0515651887,,87.43900116489999,,87.43900116489999,99.3140494115,,,,1.19826420479462,,,943.5821616
1071.104,,,,,,,,,,,,,,
1071.165,,,,,,,,,,,,,,
1071.22,193.29,129.06063703610002,,87.5251837152,,87.5251837152,99.3140494115,,,,1.19826420479462,,,943.6604952
1071.226,,,,,,,,,,,,,,
1071.293,,,,,,,,,,,,,,
1071.357,,,,,,,,,,,,,,
1071.372,194.0,129.0697088835,,87.5523992574,,87.5523992574,99.3140494115,,,,1.19826420479462,,,943.7388288
1071.421,,,,,,,,,,,,,,
1071.485,,,,,,,,,,,,,,
1071.524,193.25,129.0833166546,,87.44353708860001,,87.44353708860001,99.3140494115,,,,1.19826420479462,,,943.8171624
1071.549,,,,,,,,,,,,,,
1071.619,,,,,,,,,,,,,,
1071.677,193.91,129.092388502,2343.75,87.4480730123,,87.4480730123,99.3140494115,,,,1.19826420479462,,,943.895496
1071.68,,,,,,,,,,,,,,
1071.744,,,,,,,,,,,,,,
1071.814,,,,,,,,,,,,,,
1071.829,193.5,129.1014603494,,87.361890462,,87.361890462,99.3140494115,,,,1.19826420479462,,,943.9738296
1071.878,,,,,,,,,,,,,,
1071.939,,,,,,,,,,,,,,
1071.982,193.25,129.1105321968,,87.4299293175,,87.4299293175,99.3140494115,,,,1.19826420479462,,,944.052468
1072.0,,,,,0.790000021457672,,,,940.280029296875,940.280029296875,,1.25999999046326,8.259701714112081,
1072.003,,,,,,,,,,,,,,
1072.125,,,,,,,,,,,,,,
1072.134,193.2,129.1196040442,,87.54786333370001,,87.54786333370001,99.3140494115,,,,1.19826420479462,,,944.1308016
1072.189,,,,,,,,,,,,,,
1072.253,,,,,,,,,,,,,,
1072.286,193.42,129.1332118153,,87.4208574701,,87.4208574701,99.3140494115,,,,1.19826420479462,,,944.2091352
1072.317,,,,,,,,,,,,,,
1072.381,,,,,,,,,,,,,,
1072.439,193.75,129.1422836627,,87.40724969899999,,87.40724969899999,99.3140494115,,,,1.19826420479462,,,944.2874688
1072.445,,,,,,,,,,,,,,
1072.509,,,,,,,,,,,,,,
1072.573,,,,,,,,,,,,,,
1072.591,193.78,129.1513555101,2343.75,87.3845700805,,87.3845700805,99.3140494115,,,,1.19826420479462,,,944.3658024
1072.634,,,,,,,,,,,,,,
1072.695,,,,,,,,,,,,,,
1072.744,193.72,129.1604273575,,87.5115759441,,87.5115759441,99.3140494115,,,,1.19826420479462,,,944.444136
1072.756,,,,,,,,,,,,,,
1072.82,,,,,,,,,,,,,,
1072.878,,,,,,,,,,,,,,
1072.896,193.36,129.1694992049,,87.57054295219999,,87.57054295219999,99.3140494115,,,,1.19826420479462,,,944.5224696
1072.942,,,,,,,,,,,,,,
1073.0,,,,,0.790000021457672,,,,940.710021972656,940.710021972656,,1.25999999046326,10.1359787291107,
1073.048,193.0,129.183106976,,87.56147110479999,,87.56147110479999,99.3140494115,,,,1.19826420479462,,,944.6008032
1073.067,,,,,,,,,,,,,,
1073.128,,,,,,,,,,,,,,
1073.195,,,,,,,,,,,,,,
1073.201,193.58,129.1921788234,,87.56147110479999,,87.56147110479999,99.3140494115,,,,1.19826420479462,,,944.6794416
1073.265,,,,,,,,,,,,,,
1073.329,,,,,,,,,,,,,,
1073.353,193.25,129.2012506708,,87.37549823309999,,87.37549823309999,99.3140494115,,,,1.19826420479462,,,944.7577752
1073.39,,,,,,,,,,,,,,
1073.451,,,,,,,,,,,,,,
1073.506,193.4,129.2103225182,2343.75,87.452608936,,87.452608936,99.3140494115,,,,1.19826420479462,,,944.8361088
1073.512,,,,,,,,,,,,,,
1073.576,,,,,,,,,,,,,,
1073.637,,,,,,,,,,,,,,
1073.658,193.4,129.2239302893,,87.4344652412,,87.4344652412,99.3140494115,,,,1.19826420479462,,,944.9144424
1073.701,,,,,,,,,,,,,,
1073.765,,,,,,,,,,,,,,
1073.81,193.75,129.2330021367,,87.4299293175,,87.4299293175,99.3140494115,,,,1.19826420479462,,,944.992776
1073.826,,,,,,,,,,,,,,
1073.887,,,,,,,,,,,,,,
1073.963,193.36,129.2420739841,,87.4571448597,,87.4571448597,99.3140494115,,,,1.19826420479462,,,945.0711096
1073.999,,,,,0.8199999928474421,,,,941.140014648438,941.140014648438,,1.25999999046326,5.86336822462309,
1074.012,,,,,,,,,,,,,,
1074.073,,,,,,,,,,,,,,
1074.115,193.38,129.2511458315,,87.452608936,,87.452608936,99.3140494115,,,,1.19826420479462,,,945.1494432
1074.137,,,,,,,,,,,,,,
1074.201,,,,,,,,,,,,,,
1074.262,,,,,,,,,,,,,,
1074.268,193.42,129.2602176789,,87.3664263857,,87.3664263857,99.3140494115,,,,1.19826420479462,,,945.2280816
1074.326,,,,,,,,,,,,,,
1074.42,193.8,129.27382545,2343.75,87.3845700805,,87.3845700805,99.3140494115,,,,1.19826420479462,,,945.3064152
1074.45,,,,,,,,,,,,,,
1074.511,,,,,,,,,,,,,,
1074.572,193.29,129.28289729739998,,87.41178562270001,,87.41178562270001,99.3140494115,,,,1.19826420479462,,,945.3847488
1074.575,,,,,,,,,,,,,,
1074.639,,,,,,,,,,,,,,
1074.703,,,,,,,,,,,,,,
1074.725,193.96,129.2919691448,,87.4798244782,,87.4798244782,99.3140494115,,,,1.19826420479462,,,945.4630824
1074.767,,,,,,,,,,,,,,
1074.835,,,,,,,,,,,,,,
1074.877,193.13,129.3010409922,,87.4934322493,,87.4934322493,99.3140494115,,,,1.19826420479462,,,945.541416
1074.895,,,,,,,,,,,,,,
1074.9589999999998,,,,,,,,,,,,,,
1074.999,,,,,0.8000000119209291,,,,941.5700073242192,941.5700073242192,,1.25999999046326,8.39226396601931,
1075.024,,,,,,,,,,,,,,
1075.03,193.0,129.31011283959998,,87.72476435799999,,87.72476435799999,99.3140494115,,,,1.19826420479462,,,945.6197496
1075.088,,,,,,,,,,,,,,
1075.148,,,,,,,,,,,,,,
1075.182,193.38,129.3237206107,,87.7429080528,,87.7429080528,99.3140494115,,,,1.19826420479462,,,945.6980832
1075.216,,,,,,,,,,,,,,
1075.276,,,,,,,,,,,,,,
1075.3339999999998,193.67,129.3327924581,,87.6657973499,,87.6657973499,99.3140494115,,,,1.19826420479462,,,945.7767216
1075.34,,,,,,,,,,,,,,
1075.405,,,,,,,,,,,,,,
1075.469,,,,,,,,,,,,,,
1075.487,193.67,129.3418643055,2343.75,87.6476536551,,87.6476536551,99.3140494115,,,,1.19826420479462,,,945.8550552000002
1075.536,,,,,,,,,,,,,,
1075.6,,,,,,,,,,,,,,
1075.639,193.78,129.3509361529,,87.4934322493,,87.4934322493,99.3140494115,,,,1.19826420479462,,,945.9333888
1075.664,,,,,,,,,,,,,,
1075.725,,,,,,,,,,,,,,
1075.786,,,,,,,,,,,,,,
1075.792,193.84,129.364543924,,87.3528186146,,87.3528186146,99.3140494115,,,,1.19826420479462,,,946.0117224
1075.85,,,,,,,,,,,,,,
1075.907,,,,,,,,,,,,,,
1075.944,194.0,129.37361577139998,,87.41178562270001,,87.41178562270001,99.3140494115,,,,1.19826420479462,,,946.090056
1075.974,,,,,,,,,,,,,,
1075.999,,,,,0.790000021457672,,,,941.989990234375,941.989990234375,,1.25999999046326,7.851814645434611,
1076.038,,,,,,,,,,,,,,
1076.096,193.29,129.3826876188,,87.2666360643,,87.2666360643,99.3140494115,,,,1.19826420479462,,,946.1683896
1076.16,,,,,,,,,,,,,,
1076.224,,,,,,,,,,,,,,
1076.249,193.84,129.3917594662,,87.2348845984,,87.2348845984,99.3140494115,,,,1.19826420479462,,,946.247028
1076.285,,,,,,,,,,,,,,
1076.352,,,,,,,,,,,,,,
1076.401,193.25,129.4008313136,2343.75,87.316531225,,87.316531225,99.3140494115,,,,1.19826420479462,,,946.3253616
1076.4160000000002,,,,,,,,,,,,,,
1076.474,,,,,,,,,,,,,,
1076.5410000000002,,,,,,,,,,,,,,
1076.554,193.75,129.4144390847,,87.27117198799999,,87.27117198799999,99.3140494115,,,,1.19826420479462,,,946.4036952
1076.605,,,,,,,,,,,,,,
1076.663,,,,,,,,,,,,,,
1076.706,193.0,129.4235109321,,87.31199530129999,,87.31199530129999,99.3140494115,,,,1.19826420479462,,,946.4820288
1076.727,,,,,,,,,,,,,,
1076.855,,,,,,,,,,,,,,
1076.858,193.42,129.4325827795,,87.3664263857,,87.3664263857,99.3140494115,,,,1.19826420479462,,,946.5603624
1076.9160000000002,,,,,,,,,,,,,,
1076.977,,,,,,,,,,,,,,
1076.999,,,,,0.8000000119209291,,,,942.4099731445308,942.4099731445308,,1.25999999046326,6.597563684022219,
1077.011,193.76,129.4416546269,,87.4163215464,,87.4163215464,99.3140494115,,,,1.19826420479462,,,946.638696
1077.0410000000002,,,,,,,,,,,,,,
1077.099,,,,,,,,,,,,,,
1077.163,193.58,129.455262398,,87.40724969899999,,87.40724969899999,99.3140494115,,,,1.19826420479462,,,946.7173344
1077.227,,,,,,,,,,,,,,
1077.288,,,,,,,,,,,,,,
1077.316,193.32,129.4643342454,2343.75,87.3845700805,,87.3845700805,99.3140494115,,,,1.19826420479462,,,946.795668
1077.352,,,,,,,,,,,,,,
1077.41,,,,,,,,,,,,,,
1077.468,193.04,129.47340609280002,,87.43900116489999,,87.43900116489999,99.3140494115,,,,1.19826420479462,,,946.8740016
1077.523,,,,,,,,,,,,,,
1077.587,,,,,,,,,,,,,,
1077.62,193.4,129.4824779402,,87.5841507233,,87.5841507233,99.3140494115,,,,1.19826420479462,,,946.9523352
1077.648,,,,,,,,,,,,,,
1077.764,,,,,,,,,,,,,,
1077.773,193.69,129.4915497876,,87.361890462,,87.361890462,99.3140494115,,,,1.19826420479462,,,947.0306688
1077.831,,,,,,,,,,,,,,
1077.886,,,,,,,,,,,,,,
1077.925,194.0,129.5051575587,,87.2938516065,,87.2938516065,99.3140494115,,,,1.19826420479462,,,947.1093072
1077.9589999999998,,,,,,,,,,,,,,
1078.001,,,,,0.790000021457672,,,,942.8400268554692,942.8400268554692,,1.25999999046326,7.03604196679542,
1078.011,,,,,,,,,,,,,,
1078.072,,,,,,,,,,,,,,
1078.078,193.58,129.5142294061,,87.2076690562,,87.2076690562,99.3140494115,,,,1.19826420479462,,,947.1876408
1078.129,,,,,,,,,,,,,,
1078.193,,,,,,,,,,,,,,
1078.23,193.4,129.5233012535,2343.75,87.3482826909,,87.3482826909,99.3140494115,,,,1.19826420479462,,,947.2659744
1078.257,,,,,,,,,,,,,,
1078.315,,,,,,,,,,,,,,
1078.376,,,,,,,,,,,,,,
1078.382,193.69,129.5323731009,,87.18952536139999,,87.18952536139999,99.3140494115,,,,1.19826420479462,,,947.344308
1078.434,,,,,,,,,,,,,,
1078.498,,,,,,,,,,,,,,
1078.535,193.68,129.545980872,,87.2983875302,,87.2983875302,99.3140494115,,,,1.19826420479462,,,947.4226416
1078.559,,,,,,,,,,,,,,
1078.684,,,,,,,,,,,,,,
1078.687,193.33,129.5550527194,,87.25756421690001,,87.25756421690001,99.3140494115,,,,1.19826420479462,,,947.50128
1078.745,,,,,,,,,,,,,,
1078.809,,,,,,,,,,,,,,
1078.84,193.27,129.5641245668,,87.2212768273,,87.2212768273,99.3140494115,,,,1.19826420479462,,,947.5796136
1078.861,,,,,,,,,,,,,,
1078.922,,,,,,,,,,,,,,
1078.983,,,,,,,,,,,,,,
1078.992,193.48,129.5731964142,,87.4208574701,,87.4208574701,99.3140494115,,,,1.19826420479462,,,947.6579472
1079.001,,,,,0.8000000119209291,,,,943.25,943.25,,1.25999999046326,8.60640440964376,
1079.047,,,,,,,,,,,,,,
1079.105,,,,,,,,,,,,,,
1079.144,193.64,129.5822682616,2343.75,87.1759175903,,87.1759175903,99.3140494115,,,,1.19826420479462,,,947.7362808
1079.169,,,,,,,,,,,,,,
1079.227,,,,,,,,,,,,,,
1079.282,,,,,,,,,,,,,,
1079.297,193.33,129.5958760327,,87.12602242959998,,87.12602242959998,99.3140494115,,,,1.19826420479462,,,947.8146144
1079.339,,,,,,,,,,,,,,
1079.394,,,,,,,,,,,,,,
1079.4489999999998,193.35,129.6049478801,,87.38003415680001,,87.38003415680001,99.3140494115,,,,1.19826420479462,,,947.8932528
1079.458,,,,,,,,,,,,,,
1079.571,,,,,,,,,,,,,,
1079.602,193.52,129.6140197275,,87.1985972088,,87.1985972088,99.3140494115,,,,1.19826420479462,,,947.9715864
1079.629,,,,,,,,,,,,,,
1079.684,,,,,,,,,,,,,,
1079.748,,,,,,,,,,,,,,
1079.754,193.32,129.6230915749,,87.44353708860001,,87.44353708860001,99.3140494115,,,,1.19826420479462,,,948.04992
1079.809,,,,,,,,,,,,,,
1079.867,,,,,,,,,,,,,,
1079.906,193.35,129.63216342229998,,87.3346749198,,87.3346749198,99.3140494115,,,,1.19826420479462,,,948.1282536
1079.925,,,,,,,,,,,,,,
1079.983,,,,,,,,,,,,,,
1080.001,,,,,0.790000021457672,,,,943.669982910156,943.669982910156,,1.25999999046326,7.68866020695449,
1080.044,,,,,,,,,,,,,,
1080.059,193.62,129.6457711934,2343.75,87.54332741,,87.54332741,99.3140494115,,,,1.19826420479462,,,948.2065872000002
1080.108,,,,,,,,,,,,,,
1080.172,,,,,,,,,,,,,,
1080.211,193.83,129.6548430408,,87.3392108435,,87.3392108435,99.3140494115,,,,1.19826420479462,,,948.2852256
1080.236,,,,,,,,,,,,,,
1080.3,,,,,,,,,,,,,,
1080.364,193.61,129.6639148882,,87.1305583533,,87.1305583533,99.3140494115,,,,1.19826420479462,,,948.3635592
1080.367,,,,,,,,,,,,,,
1080.495,,,,,,,,,,,,,,
1080.516,193.25,129.6729867356,,86.9355136342,,86.9355136342,99.3140494115,,,,1.19826420479462,,,948.4418928
1080.556,,,,,,,,,,,,,,
1080.62,,,,,,,,,,,,,,
1080.668,193.67,129.6865945067,,86.89015439719999,,86.89015439719999,99.3140494115,,,,1.19826420479462,,,948.5202264
1080.681,,,,,,,,,,,,,,
1080.751,,,,,,,,,,,,,,
1080.809,,,,,,,,,,,,,,
1080.821,193.4,129.6956663541,,86.9219058631,,86.9219058631,99.3140494115,,,,1.19826420479462,,,948.59856
1080.876,,,,,,,,,,,,,,
1080.934,,,,,,,,,,,,,,
1080.973,193.36,129.7047382015,2343.75,86.34130762950001,,86.34130762950001,99.3140494115,,,,1.19826420479462,,,948.6771984
1080.976,,,,,,,,,,,,,,
1081.001,,,,,0.7799999713897701,,,,944.080017089844,944.080017089844,,1.25999999046326,7.158407795655509,
1081.007,,,,,,,,,,,,,,
1081.089,,,,,,,,,,,,,,
1081.126,193.27,129.7138100489,,91.126707133,,91.126707133,99.9672224243,,,,1.19826420479462,,,948.755532
1081.129,,,,,,,,,,,,,,
1081.278,193.32,129.72288189629998,,90.1514835375,,90.1514835375,100.2212341515,,,,1.19826420479462,,,948.8338656
1081.3239999999998,,,,,,,,,,,,,,
1081.43,193.0,129.7364896674,,89.12182885760001,,89.12182885760001,100.2212341515,,,,1.19826420479462,,,948.9121992
1081.443,,,,,,,,,,,,,,
1081.501,,,,,,,,,,,,,,
1081.583,193.81,129.7455615148,,89.7114989386,,89.7114989386,100.2212341515,,,,1.19826420479462,,,948.9905328
1081.622,,,,,,,,,,,,,,
1081.68,,,,,,,,,,,,,,
1081.735,193.31,129.7546333622,2343.75,89.81128926,,89.81128926,100.2212341515,,,,1.19826420479462,,,949.0691712
1081.741,,,,,,,,,,,,,,
1081.802,,,,,,,,,,,,,,
1081.888,193.4,129.7637052096,,89.78407371780001,,89.78407371780001,100.2212341515,,,,1.19826420479462,,,949.1475048
1081.921,,,,,,,,,,,,,,
1081.988,,,,,,,,,,,,,,
1082.0,,,,,0.7799999713897701,,,,944.52001953125,944.52001953125,,1.25999999046326,6.83209843245669,
1082.04,193.65,129.7773129807,,89.5527416091,,89.5527416091,100.2212341515,,,,1.19826420479462,,,949.2258384
1082.058,,,,,,,,,,,,,,
1082.192,193.59,129.78638482809998,,89.1626521709,,89.1626521709,100.2212341515,,,,1.19826420479462,,,949.304172
1082.202,,,,,,,,,,,,,,
1082.269,,,,,,,,,,,,,,
1082.336,,,,,,,,,,,,,,
1082.345,193.26,129.7954566755,,89.1581162472,,89.1581162472,100.2212341515,,,,1.19826420479462,,,949.3828104
1082.406,,,,,,,,,,,,,,
1082.473,,,,,,,,,,,,,,
1082.497,193.45,129.8045285229,,89.21708325530001,,89.21708325530001,100.2212341515,,,,1.19826420479462,,,949.461144
1082.543,,,,,,,,,,,,,,
1082.61,,,,,,,,,,,,,,
1082.65,193.0,129.8136003703,2343.75,89.2442987975,,89.2442987975,100.2212341515,,,,1.19826420479462,,,949.5394776
1082.674,,,,,,,,,,,,,,
1082.741,,,,,,,,,,,,,,
1082.802,193.45,129.8272081414,,89.3894483559,,89.3894483559,100.2212341515,,,,1.19826420479462,,,949.6178112
1082.808,,,,,,,,,,,,,,
1082.878,,,,,,,,,,,,,,
1082.948,,,,,,,,,,,,,,
1082.954,193.55,129.8362799888,,89.59810084610001,,89.59810084610001,100.2212341515,,,,1.19826420479462,,,949.6964496
1083.0,,,,,0.8000000119209291,,,,944.9099731445308,944.9099731445308,,1.25999999046326,5.129172765223951,
1083.018,,,,,,,,,,,,,,
1083.092,,,,,,,,,,,,,,
1083.107,193.64,129.8453518362,,89.6978911675,,89.6978911675,100.2212341515,,,,1.19826420479462,,,949.7747832
1083.159,,,,,,,,,,,,,,
1083.229,,,,,,,,,,,,,,
1083.259,193.64,129.8544236836,,89.39398427959999,,89.39398427959999,100.2212341515,,,,1.19826420479462,,,949.8531168
1083.296,,,,,,,,,,,,,,
1083.363,,,,,,,,,,,,,,
1083.412,193.64,129.863495531,,89.35769689,,89.35769689,100.2212341515,,,,1.19826420479462,,,949.9314504
1083.433,,,,,,,,,,,,,,
1083.5,,,,,,,,,,,,,,
1083.564,193.39,129.87710330209998,,89.37130466110001,,89.37130466110001,100.2212341515,,,,1.19826420479462,,,950.0100888
1083.637,,,,,,,,,,,,,,
1083.707,,,,,,,,,,,,,,
1083.716,194.0,129.88617514950002,2343.75,89.43480759290001,,89.43480759290001,100.2212341515,,,,1.19826420479462,,,950.0884224
1083.774,,,,,,,,,,,,,,
1083.844,,,,,,,,,,,,,,
1083.869,193.64,129.8952469969,,89.6389241594,,89.6389241594,100.2212341515,,,,1.19826420479462,,,950.166756
1083.911,,,,,,,,,,,,,,
1083.982,,,,,,,,,,,,,,
1084.0,,,,,0.8000000119209291,,,,945.330017089844,945.330017089844,,1.25999999046326,7.637674201810159,
1084.021,193.64,129.9043188443,,90.26488163,,90.26488163,100.2212341515,,,,1.19826420479462,,,950.2450896
1084.061,,,,,,,,,,,,,,
1084.134,,,,,,,,,,,,,,
1084.174,193.95,129.9179266154,,91.4578295631,,91.4578295631,100.2212341515,,,,1.19826420479462,,,950.323728
1084.21,,,,,,,,,,,,,,
1084.286,,,,,,,,,,,,,,
1084.326,193.53,129.9269984628,,92.2425443632,,92.2425443632,100.2212341515,,,,1.19826420479462,,,950.4020616
1084.378,,,,,,,,,,,,,,
1084.466,,,,,,,,,,,,,,
1084.478,193.06,129.9360703102,,92.0157481782,,92.0157481782,100.2212341515,,,,1.19826420479462,,,950.4803952
1084.558,,,,,,,,,,,,,,
1084.631,194.0,129.9451421576,,91.7345209088,,91.7345209088,100.2212341515,,,,1.19826420479462,,,950.5587288
1084.649,,,,,,,,,,,,,,
1084.783,193.33,129.9723576998,,91.4079344024,,91.4079344024,100.2212341515,,,,1.19826420479462,,,950.6373672
1084.936,193.33,129.9723576998,,91.4079344024,,91.4079344024,100.2212341515,,,,1.19826420479462,,,950.7157008
1085.0,,,,,0.980000019073486,,,,945.75,945.75,,1.25999999046326,5.241341198559749,
1085.088,193.33,129.9723576998,,91.4079344024,,91.4079344024,100.2212341515,,,,1.19826420479462,,,950.7940344
1085.24,193.33,129.9723576998,,91.4079344024,,91.4079344024,100.2212341515,,,,1.19826420479462,,,950.872368
1085.393,193.33,129.9723576998,,91.4079344024,,91.4079344024,100.2212341515,,,,1.19826420479462,,,950.9510064
1085.545,193.33,129.9723576998,,91.4079344024,,91.4079344024,100.2212341515,,,,1.19826420479462,,,951.02934
1085.698,193.0,130.0222528605,,91.1947459885,,91.1947459885,100.2212341515,,,,1.19826420479462,,,951.1076736
1085.74,,,,,,,,,,,,,,
1085.835,,,,,,,,,,,,,,
1085.85,193.94,130.0267887842,,91.1493867515,,91.1493867515,100.2212341515,,,,1.19826420479462,,,951.1860072
1085.9260000000002,,,,,,,,,,,,,,
1085.999,,,,,1.25,,,,946.150024414063,946.150024414063,,1.25999999046326,3.29368338736825,
1086.002,194.0,130.0358606316,2304.69,91.0178449642,,91.0178449642,100.2212341515,,,,1.19826420479462,,,951.2646456
1086.021,,,,,,,,,,,,,,
1086.118,,,,,,,,,,,,,,
1086.155,194.0,130.04493247899998,,90.9588779561,,90.9588779561,100.2212341515,,,,1.19826420479462,,,951.3429792000002
1086.222,,,,,,,,,,,,,,
1086.307,193.57,130.0585402501,,90.6867225341,,90.6867225341,100.2212341515,,,,1.19826420479462,,,951.4213128
1086.329,,,,,,,,,,,,,,
1086.435,,,,,,,,,,,,,,
1086.46,193.0,130.0676120975,,90.174163156,,90.174163156,100.2212341515,,,,1.19826420479462,,,951.4996464
1086.542,,,,,,,,,,,,,,
1086.612,193.5,130.0766839449,,89.9564388184,,89.9564388184,100.2212341515,,,,1.19826420479462,,,951.5782848
1086.642,,,,,,,,,,,,,,
1086.74,,,,,,,,,,,,,,
1086.764,193.06,130.0857557923,,89.3622328137,,89.3622328137,100.2212341515,,,,1.19826420479462,,,951.6566184
1086.841,,,,,,,,,,,,,,
1086.917,193.0,130.0993635634,,88.13753341469999,,88.13753341469999,100.2212341515,,,,1.19826420479462,,,951.734952
1086.929,,,,,,,,,,,,,,
1086.999,,,,,1.25999999046326,,,,946.559997558594,946.559997558594,,1.25999999046326,3.7831471890472,
1087.011,,,,,,,,,,,,,,
1087.069,193.53,130.1084354108,,87.0988068874,,87.0988068874,100.2212341515,,,,1.19826420479462,,,951.8135904
1087.091,,,,,,,,,,,,,,
1087.164,,,,,,,,,,,,,,
1087.222,193.85,130.1175072582,,87.05798357409999,,87.05798357409999,100.2212341515,,,,1.19826420479462,,,951.891924
1087.24,,,,,,,,,,,,,,
1087.316,,,,,,,,,,,,,,
1087.374,193.1,130.1265791056,2343.75,87.09427096370001,,87.09427096370001,100.2212341515,,,,1.19826420479462,,,951.9702576
1087.389,,,,,,,,,,,,,,
1087.465,,,,,,,,,,,,,,
1087.526,193.15,130.13565095299998,,87.1623098192,,87.1623098192,100.2212341515,,,,1.19826420479462,,,952.0485912
1087.539,,,,,,,,,,,,,,
1087.615,,,,,,,,,,,,,,
1087.679,193.0,130.1492587241,,87.2530282932,,87.2530282932,100.2212341515,,,,1.19826420479462,,,952.1272296
1087.691,,,,,,,,,,,,,,
1087.767,,,,,,,,,,,,,,
1087.831,193.4,130.1583305715,,87.2439564458,,87.2439564458,100.2212341515,,,,1.19826420479462,,,952.2055632
1087.843,,,,,,,,,,,,,,
1087.917,,,,,,,,,,,,,,
1087.984,193.6,130.1674024189,,87.4616807834,,87.4616807834,100.2212341515,,,,1.19826420479462,,,952.2838968
1087.993,,,,,,,,,,,,,,
1087.999,,,,,1.25999999046326,,,,951.969970703125,951.969970703125,,1.25999999046326,8.9735028687012,
1088.075,,,,,,,,,,,,,,
1088.136,193.68,130.1764742663,,88.1284615673,,88.1284615673,100.2212341515,,,,1.19826420479462,,,952.3625352
1088.157,,,,,,,,,,,,,,
1088.243,,,,,,,,,,,,,,
1088.288,193.44,130.1855461137,,88.8723530541,,88.8723530541,100.2212341515,,,,1.19826420479462,,,952.4408688
1088.328,,,,,,,,,,,,,,
1088.441,193.35,130.19915388479998,,89.6071726935,,89.6071726935,100.2212341515,,,,1.19826420479462,,,952.5192024
1088.517,,,,,,,,,,,,,,
1088.593,193.0,130.2082257322,2343.75,90.0925165294,,90.0925165294,100.2212341515,,,,1.19826420479462,,,952.597536
1088.615,,,,,,,,,,,,,,
1088.706,,,,,,,,,,,,,,
1088.746,193.0,130.2172975796,,88.8451375119,,88.8451375119,100.2212341515,,,,1.19826420479462,,,952.6761744
1088.794,,,,,,,,,,,,,,
1088.88,,,,,,,,,,,,,,
1088.898,193.41,130.226369427,,87.9243450008,,87.9243450008,100.2212341515,,,,1.19826420479462,,,952.754508
1088.965,,,,,,,,,,,,,,
1088.999,,,,,1.25999999046326,,,,952.4500122070308,952.4500122070308,,1.25999999046326,8.40246136154361,
1089.044,,,,,,,,,,,,,,
1089.05,193.47,130.2399771981,,87.0489117267,,87.0489117267,100.2212341515,,,,1.19826420479462,,,952.8328416000002
1089.133,,,,,,,,,,,,,,
1089.203,193.63,130.2490490455,,86.5318164249,,86.5318164249,100.2212341515,,,,1.19826420479462,,,952.91148
1089.212,,,,,,,,,,,,,,
1089.2910000000002,,,,,,,,,,,,,,
1089.355,193.0,130.2581208929,,86.4048105613,,86.4048105613,100.2212341515,,,,1.19826420479462,,,952.9898136
1089.367,,,,,,,,,,,,,,
1089.434,,,,,,,,,,,,,,
1089.505,,,,,,,,,,,,,,
1089.508,193.55,130.2671927403,,86.7994359232,,86.7994359232,100.2212341515,,,,1.19826420479462,,,953.0681472
1089.575,,,,,,,,,,,,,,
1089.642,,,,,,,,,,,,,,
1089.66,193.64,130.2762645877,,87.25756421690001,,87.25756421690001,100.2212341515,,,,1.19826420479462,,,953.1467856
1089.715,,,,,,,,,,,,,,
1089.782,,,,,,,,,,,,,,
1089.812,193.55,130.28987235879998,2343.75,87.3891060042,,87.3891060042,100.2212341515,,,,1.19826420479462,,,953.2251192
1089.852,,,,,,,,,,,,,,
1089.965,194.0,130.29894420620002,,87.18498943770001,,87.18498943770001,100.2212341515,,,,1.19826420479462,,,953.3034528
1089.989,,,,,,,,,,,,,,
1090.001,,,,,1.25999999046326,,,,952.9500122070308,952.9500122070308,,1.25999999046326,9.76888124253038,
1090.059,,,,,,,,,,,,,,
1090.117,193.09,130.3080160536,,87.0489117267,,87.0489117267,100.2212341515,,,,1.19826420479462,,,953.3820912
1090.129,,,,,,,,,,,,,,
1090.27,193.22,130.317087901,,87.1441661244,,87.1441661244,100.2212341515,,,,1.19826420479462,,,953.4604248
1090.331,,,,,,,,,,,,,,
1090.398,,,,,,,,,,,,,,
1090.422,193.36,130.33069567209998,,87.18045351399999,,87.18045351399999,100.2212341515,,,,1.19826420479462,,,953.5387584
1090.465,,,,,,,,,,,,,,
1090.535,,,,,,,,,,,,,,
1090.5739999999998,193.36,130.3397675195,,87.2621001406,,87.2621001406,100.2212341515,,,,1.19826420479462,,,953.617092
1090.605,,,,,,,,,,,,,,
1090.672,,,,,,,,,,,,,,
1090.727,193.48,130.3488393669,2343.75,87.27117198799999,,87.27117198799999,100.2212341515,,,,1.19826420479462,,,953.6957304
1090.739,,,,,,,,,,,,,,
1090.818,,,,,,,,,,,,,,
1090.876,,,,,,,,,,,,,,
1090.879,193.73,130.3579112143,,87.3256030724,,87.3256030724,100.2212341515,,,,1.19826420479462,,,953.774064
1090.958,,,,,,,,,,,,,,
1091.001,,,,,1.25999999046326,,,,953.4299926757808,953.4299926757808,,1.25999999046326,9.16724852127705,
1091.026,,,,,,,,,,,,,,
1091.032,193.45,130.3669830617,,87.361890462,,87.361890462,100.2212341515,,,,1.19826420479462,,,953.8523976
1091.096,,,,,,,,,,,,,,
1091.16,,,,,,,,,,,,,,
1091.184,193.64,130.3805908328,,87.4480730123,,87.4480730123,100.2212341515,,,,1.19826420479462,,,953.931036
1091.233,,,,,,,,,,,,,,
1091.297,,,,,,,,,,,,,,
1091.336,193.95,130.38966268020002,,87.4616807834,,87.4616807834,100.2212341515,,,,1.19826420479462,,,954.0093696
1091.37,,,,,,,,,,,,,,
1091.434,,,,,,,,,,,,,,
1091.489,193.23,130.3987345276,,87.316531225,,87.316531225,100.2212341515,,,,1.19826420479462,,,954.0877032
1091.507,,,,,,,,,,,,,,
1091.5739999999998,,,,,,,,,,,,,,
1091.641,193.14,130.407806375,,87.3256030724,,87.3256030724,100.2212341515,,,,1.19826420479462,,,954.1663416
1091.711,,,,,,,,,,,,,,
1091.778,,,,,,,,,,,,,,
1091.794,193.82,130.4168782224,2343.75,87.225812751,,87.225812751,100.2212341515,,,,1.19826420479462,,,954.2446752
1091.848,,,,,,,,,,,,,,
1091.919,,,,,,,,,,,,,,
1091.946,193.7,130.4304859935,,87.21674090360001,,87.21674090360001,100.2212341515,,,,1.19826420479462,,,954.3230088
1091.986,,,,,,,,,,,,,,
1092.001,,,,,1.25999999046326,,,,953.9299926757808,953.9299926757808,,1.25999999046326,9.24882574051712,
1092.056,,,,,,,,,,,,,,
1092.098,193.55,130.4395578409,,87.18045351399999,,87.18045351399999,100.2212341515,,,,1.19826420479462,,,954.4016472
1092.126,,,,,,,,,,,,,,
1092.196,,,,,,,,,,,,,,
1092.251,193.71,130.4486296883,,87.08973504,,87.08973504,100.2212341515,,,,1.19826420479462,,,954.4799808
1092.263,,,,,,,,,,,,,,
1092.336,,,,,,,,,,,,,,
1092.403,193.82,130.4577015357,,87.0080884134,,87.0080884134,100.2212341515,,,,1.19826420479462,,,954.5583144
1092.47,,,,,,,,,,,,,,
1092.54,,,,,,,,,,,,,,
1092.556,193.35,130.4713093068,,87.0988068874,,87.0988068874,100.2212341515,,,,1.19826420479462,,,954.6369528
1092.61,,,,,,,,,,,,,,
1092.678,,,,,,,,,,,,,,
1092.708,193.5,130.4803811542,,87.0353039556,,87.0353039556,100.2212341515,,,,1.19826420479462,,,954.7152864
1092.748,,,,,,,,,,,,,,
1092.821,,,,,,,,,,,,,,
1092.86,194.0,130.4894530016,2343.75,86.94004955790001,,86.94004955790001,100.2212341515,,,,1.19826420479462,,,954.79362
1092.888,,,,,,,,,,,,,,
1092.958,,,,,,,,,,,,,,
1093.001,,,,,1.25999999046326,,,,954.419982910156,954.419982910156,,1.25999999046326,8.69817902440812,
1093.013,193.57,130.498524849,,86.7631485336,,86.7631485336,100.2212341515,,,,1.19826420479462,,,954.8722584
1093.022,,,,,,,,,,,,,,
1093.092,,,,,,,,,,,,,,
1093.159,,,,,,,,,,,,,,
1093.165,193.73,130.5075966964,,86.77675630469999,,86.77675630469999,100.2212341515,,,,1.19826420479462,,,954.950592
1093.226,,,,,,,,,,,,,,
1093.318,193.39,130.5212044675,,86.6542863648,,86.6542863648,100.2212341515,,,,1.19826420479462,,,955.0289256
1093.363,,,,,,,,,,,,,,
1093.43,,,,,,,,,,,,,,
1093.47,193.55,130.5302763149,,86.5318164249,,86.5318164249,100.2212341515,,,,1.19826420479462,,,955.107564
1093.5,,,,,,,,,,,,,,
1093.564,,,,,,,,,,,,,,
1093.622,193.95,130.5393481623,,86.545424196,,86.545424196,100.2212341515,,,,1.19826420479462,,,955.1858976
1093.638,,,,,,,,,,,,,,
1093.705,,,,,,,,,,,,,,
1093.772,,,,,,,,,,,,,,
1093.775,193.0,130.54842000969998,,86.54996011969999,,86.54996011969999,100.2212341515,,,,1.19826420479462,,,955.264536
1093.839,,,,,,,,,,,,,,
1093.906,,,,,,,,,,,,,,
1093.927,193.0,130.5620277808,2343.75,86.7404689151,,86.7404689151,100.2212341515,,,,1.19826420479462,,,955.3428696
1093.976,,,,,,,,,,,,,,
1094.0,,,,,1.25999999046326,,,,954.890014648438,954.890014648438,,1.25999999046326,10.0645989053949,
1094.08,193.82,130.5710996282,,86.75407668620001,,86.75407668620001,100.2212341515,,,,1.19826420479462,,,955.4212032
1094.113,,,,,,,,,,,,,,
1094.18,,,,,,,,,,,,,,
1094.232,193.45,130.5801714756,,86.817579618,,86.817579618,100.2212341515,,,,1.19826420479462,,,955.4998416
1094.25,,,,,,,,,,,,,,
1094.384,193.39,130.589243323,,86.84479516020001,,86.84479516020001,100.2212341515,,,,1.19826420479462,,,955.5781752
1094.39,,,,,,,,,,,,,,
1094.461,,,,,,,,,,,,,,
1094.528,,,,,,,,,,,,,,
1094.537,193.82,130.5983151704,,86.84479516020001,,86.84479516020001,100.2212341515,,,,1.19826420479462,,,955.6565088
1094.598,,,,,,,,,,,,,,
1094.665,,,,,,,,,,,,,,
1094.689,193.36,130.61192294149998,,86.74500483879999,,86.74500483879999,100.2212341515,,,,1.19826420479462,,,955.7351472
1094.735,,,,,,,,,,,,,,
1094.802,,,,,,,,,,,,,,
1094.842,193.77,130.6209947889,2343.75,86.7586126099,,86.7586126099,100.2212341515,,,,1.19826420479462,,,955.8134808
1094.872,,,,,,,,,,,,,,
1094.939,,,,,,,,,,,,,,
1094.994,193.0,130.6300666363,,86.8810825498,,86.8810825498,100.2212341515,,,,1.19826420479462,,,955.8918144
1095.0,,,,,1.25999999046326,,,,955.380004882813,955.380004882813,,1.25999999046326,8.993896687272631,
1095.006,,,,,,,,,,,,,,
1095.146,193.77,130.6391384837,,86.953657329,,86.953657329,100.2212341515,,,,1.19826420479462,,,955.9704528
1095.149,,,,,,,,,,,,,,
1095.217,,,,,,,,,,,,,,
1095.29,,,,,,,,,,,,,,
1095.299,193.18,130.64821033110002,,87.0761272689,,87.0761272689,100.2212341515,,,,1.19826420479462,,,956.0487864
1095.357,,,,,,,,,,,,,,
1095.43,,,,,,,,,,,,,,
1095.451,193.0,130.6618181022,,87.0988068874,,87.0988068874,100.2212341515,,,,1.19826420479462,,,956.1274248
1095.5,,,,,,,,,,,,,,
1095.604,193.38,130.6708899496,,87.0489117267,,87.0489117267,100.2212341515,,,,1.19826420479462,,,956.2057584
1095.646,,,,,,,,,,,,,,
1095.716,,,,,,,,,,,,,,
1095.756,193.38,130.679961797,,86.96726510010001,,86.96726510010001,100.2212341515,,,,1.19826420479462,,,956.284092
1095.79,,,,,,,,,,,,,,
1095.86,,,,,,,,,,,,,,
1095.908,193.73,130.6890336444,2343.75,87.0171602608,,87.0171602608,100.2212341515,,,,1.19826420479462,,,956.3627304
1095.927,,,,,,,,,,,,,,
1096.0,,,,,1.25999999046326,,,,955.869995117188,955.869995117188,,1.25999999046326,8.91231946803257,
1096.061,193.52,130.70264141549998,,87.05798357409999,,87.05798357409999,100.2212341515,,,,1.19826420479462,,,956.441064
1096.076,,,,,,,,,,,,,,
1096.213,193.45,130.71171326290002,,87.08519911629999,,87.08519911629999,100.2212341515,,,,1.19826420479462,,,956.5193976
1096.219,,,,,,,,,,,,,,
1096.286,,,,,,,,,,,,,,
1096.356,,,,,,,,,,,,,,
1096.366,193.45,130.7207851103,,87.1441661244,,87.1441661244,100.2212341515,,,,1.19826420479462,,,956.598036
1096.427,,,,,,,,,,,,,,
1096.494,,,,,,,,,,,,,,
1096.518,193.82,130.7298569577,,87.1623098192,,87.1623098192,100.2212341515,,,,1.19826420479462,,,956.6763696
1096.564,,,,,,,,,,,,,,
1096.634,,,,,,,,,,,,,,
1096.67,193.27,130.73892880510002,,87.11695058219999,,87.11695058219999,100.2212341515,,,,1.19826420479462,,,956.755008
1096.701,,,,,,,,,,,,,,
1096.771,,,,,,,,,,,,,,
1096.823,193.82,130.7525365762,,87.08519911629999,,87.08519911629999,100.2212341515,,,,1.19826420479462,,,956.8333416000002
1096.838,,,,,,,,,,,,,,
1096.908,,,,,,,,,,,,,,
1096.975,193.43,130.7616084236,2343.75,86.9173699394,,86.9173699394,100.2212341515,,,,1.19826420479462,,,956.9116752
1097.0,,,,,1.25999999046326,,,,956.349975585938,956.349975585938,,1.25999999046326,8.667587810312389,
1097.039,,,,,,,,,,,,,,
1097.106,,,,,,,,,,,,,,
1097.128,193.78,130.770680271,,86.85840293129999,,86.85840293129999,100.2212341515,,,,1.19826420479462,,,956.9903136
1097.1760000000002,,,,,,,,,,,,,,
1097.243,,,,,,,,,,,,,,
1097.28,193.36,130.7752161947,,86.6316067463,,86.6316067463,100.2212341515,,,,1.19826420479462,,,957.0686472
1097.314,,,,,,,,,,,,,,
1097.378,,,,,,,,,,,,,,
1097.432,193.57,130.6255307126,,86.49552903530001,,86.49552903530001,100.2212341515,,,,1.19826420479462,,,957.1469808
1097.445,,,,,,,,,,,,,,
1097.512,,,,,,,,,,,,,,
1097.579,,,,,,,,,,,,,,
1097.585,193.45,130.63460256,,86.6089271278,,86.6089271278,100.2212341515,,,,1.19826420479462,,,957.2256192
1097.643,,,,,,,,,,,,,,
1097.71,,,,,,,,,,,,,,
1097.737,193.87,130.6391384837,,86.7177892966,,86.7177892966,100.2212341515,,,,1.19826420479462,,,957.3039528
1097.78,,,,,,,,,,,,,,
1097.85,,,,,,,,,,,,,,
1097.89,193.36,130.64821033110002,,86.99901656600001,,86.99901656600001,100.2212341515,,,,1.19826420479462,,,957.3825912
1097.92,,,,,,,,,,,,,,
1097.993,,,,,,,,,,,,,,
1097.999,,,,,1.25999999046326,,,,956.830017089844,956.830017089844,,1.25999999046326,9.075473906512698,
1098.042,194.0,130.6572821785,2343.75,87.1985972088,,87.1985972088,100.2212341515,,,,1.19826420479462,,,957.4609248
1098.063,,,,,,,,,,,,,,
1098.133,,,,,,,,,,,,,,
1098.194,194.0,130.6663540259,,87.5025040967,,87.5025040967,100.2212341515,,,,1.19826420479462,,,957.5392584
1098.204,,,,,,,,,,,,,,
1098.274,,,,,,,,,,,,,,
1098.344,,,,,,,,,,,,,,
1098.347,193.64,130.6754258733,,88.23732373610001,,88.23732373610001,100.2212341515,,,,1.19826420479462,,,957.6178968
1098.414,,,,,,,,,,,,,,
1098.499,193.67,130.6844977207,,88.9358559859,,88.9358559859,100.2212341515,,,,1.19826420479462,,,957.6962304
1098.566,,,,,,,,,,,,,,
1098.636,,,,,,,,,,,,,,
1098.652,193.67,130.6935695681,,88.7634908853,,88.7634908853,100.2212341515,,,,1.19826420479462,,,957.7748688
1098.71,,,,,,,,,,,,,,
1098.777,,,,,,,,,,,,,,
1098.804,193.57,130.70264141549998,,88.1239256436,,88.1239256436,100.2212341515,,,,1.19826420479462,,,957.8532024
1098.847,,,,,,,,,,,,,,
1098.917,,,,,,,,,,,,,,
1098.956,193.0,130.7071773392,,87.6204381129,,87.6204381129,100.2212341515,,,,1.19826420479462,,,957.931536
1098.984,,,,,,,,,,,,,,
1098.999,,,,,1.25999999046326,,,,957.3200073242192,957.3200073242192,,1.25999999046326,7.953786655723269,
1099.054,,,,,,,,,,,,,,
1099.109,193.13,130.7162491866,2343.75,87.47528855450001,,87.47528855450001,100.2212341515,,,,1.19826420479462,,,958.0101744
1099.124,,,,,,,,,,,,,,
1099.191,,,,,,,,,,,,,,
1099.261,193.64,130.725321034,,87.4253933938,,87.4253933938,100.2212341515,,,,1.19826420479462,,,958.088508
1099.328,,,,,,,,,,,,,,
1099.414,193.59,130.7343928814,,87.361890462,,87.361890462,100.2212341515,,,,1.19826420479462,,,958.1671464
1099.462,,,,,,,,,,,,,,
1099.566,193.7,130.74346472879998,,87.2757079117,,87.2757079117,100.2212341515,,,,1.19826420479462,,,958.24548
1099.667,,,,,,,,,,,,,,
1099.718,193.68,130.7525365762,,87.2439564458,,87.2439564458,100.2212341515,,,,1.19826420479462,,,958.3241184
1099.734,,,,,,,,,,,,,,
1099.804,,,,,,,,,,,,,,
1099.871,193.64,130.7616084236,,87.2348845984,,87.2348845984,100.2212341515,,,,1.19826420479462,,,958.402452
1099.95,,,,,,,,,,,,,,
1099.999,,,,,1.25999999046326,,,,957.7999877929692,957.7999877929692,,1.25999999046326,8.055758179773349,
1100.017,,,,,,,,,,,,,,
1100.023,193.05,130.76614434729998,,87.28024383540001,,87.28024383540001,100.2212341515,,,,1.19826420479462,,,958.4807856
1100.0839999999998,,,,,,,,,,,,,,
1100.151,,,,,,,,,,,,,,
1100.1760000000002,193.35,130.7752161947,2343.75,87.3664263857,,87.3664263857,100.2212341515,,,,1.19826420479462,,,958.559424
1100.221,,,,,,,,,,,,,,
1100.328,193.05,130.7842880421,,87.361890462,,87.361890462,100.2212341515,,,,1.19826420479462,,,958.6377576
1100.358,,,,,,,,,,,,,,
1100.432,,,,,,,,,,,,,,
1100.48,193.64,130.7933598895,,87.3664263857,,87.3664263857,100.2212341515,,,,1.19826420479462,,,958.716396
1100.499,,,,,,,,,,,,,,
1100.633,193.59,130.80243173690002,,87.3301389961,,87.3301389961,100.2212341515,,,,1.19826420479462,,,958.7947296
1100.639,,,,,,,,,,,,,,
1100.706,,,,,,,,,,,,,,
1100.773,,,,,,,,,,,,,,
1100.785,193.5,130.8115035843,,87.34374676719999,,87.34374676719999,100.2212341515,,,,1.19826420479462,,,958.8730632000002
1100.843,,,,,,,,,,,,,,
1100.913,,,,,,,,,,,,,,
1100.938,193.55,130.8205754317,,87.3573545383,,87.3573545383,100.2212341515,,,,1.19826420479462,,,958.9517016
1100.98,,,,,,,,,,,,,,
1100.999,,,,,1.25999999046326,,,,958.289978027344,958.289978027344,,1.25999999046326,8.11694109420339,
1101.047,,,,,,,,,,,,,,
1101.09,193.18,130.8296472791,,87.3891060042,,87.3891060042,100.2212341515,,,,1.19826420479462,,,959.0300352
1101.12,,,,,,,,,,,,,,
1101.188,,,,,,,,,,,,,,
1101.242,193.73,130.8341832028,2343.75,87.40724969899999,,87.40724969899999,100.2212341515,,,,1.19826420479462,,,959.1086736
1101.255,,,,,,,,,,,,,,
1101.395,193.39,130.8432550502,,87.47075263079999,,87.47075263079999,100.2212341515,,,,1.19826420479462,,,959.1870072
1101.462,,,,,,,,,,,,,,
1101.529,,,,,,,,,,,,,,
1101.547,193.73,130.8523268976,,87.53879148629998,,87.53879148629998,100.2212341515,,,,1.19826420479462,,,959.2656456
1101.608,,,,,,,,,,,,,,
1101.669,,,,,,,,,,,,,,
1101.7,193.45,130.861398745,,87.4798244782,,87.4798244782,100.2212341515,,,,1.19826420479462,,,959.3439792
1101.745,,,,,,,,,,,,,,
1101.812,,,,,,,,,,,,,,
1101.852,193.64,130.8704705924,,87.49796817299999,,87.49796817299999,100.2212341515,,,,1.19826420479462,,,959.4226176
1101.882,,,,,,,,,,,,,,
1101.95,,,,,,,,,,,,,,
1102.001,,,,,1.25999999046326,,,,958.760009765625,958.760009765625,,1.25999999046326,8.63699659621666,
1102.004,193.64,130.8795424398,,87.5523992574,,87.5523992574,100.2212341515,,,,1.19826420479462,,,959.5009512
1102.02,,,,,,,,,,,,,,
1102.087,,,,,,,,,,,,,,
1102.157,193.5,130.8886142872,2343.75,87.52971963889999,,87.52971963889999,100.2212341515,,,,1.19826420479462,,,959.5792848
1102.16,,,,,,,,,,,,,,
1102.227,,,,,,,,,,,,,,
1102.2910000000002,,,,,,,,,,,,,,
1102.309,193.52,130.8931502109,,87.47528855450001,,87.47528855450001,100.2212341515,,,,1.19826420479462,,,959.6579232
1102.364,,,,,,,,,,,,,,
1102.434,,,,,,,,,,,,,,
1102.462,194.0,130.9022220583,,87.4571448597,,87.4571448597,100.2212341515,,,,1.19826420479462,,,959.7362568
1102.501,,,,,,,,,,,,,,
1102.568,,,,,,,,,,,,,,
1102.614,193.64,130.9112939057,,87.46621670709999,,87.46621670709999,100.2212341515,,,,1.19826420479462,,,959.8148952
1102.638,,,,,,,,,,,,,,
1102.705,,,,,,,,,,,,,,
1102.766,193.18,130.9203657531,,87.4299293175,,87.4299293175,100.2212341515,,,,1.19826420479462,,,959.8932288
1102.776,,,,,,,,,,,,,,
1102.84,,,,,,,,,,,,,,
1102.91,,,,,,,,,,,,,,
1102.919,193.65,130.9294376005,,87.5251837152,,87.5251837152,100.2212341515,,,,1.19826420479462,,,959.9718672
1103.001,,,,,1.26999998092651,,,,959.239990234375,959.239990234375,,1.25999999046326,8.545221981452299,
1103.047,,,,,,,,,,,,,,
1103.071,193.0,130.9385094479,,87.3936419279,,87.3936419279,100.2212341515,,,,1.19826420479462,,,960.0502008
1103.117,,,,,,,,,,,,,,
1103.187,,,,,,,,,,,,,,
1103.224,193.36,130.9475812953,2343.75,87.3664263857,,87.3664263857,100.2212341515,,,,1.19826420479462,,,960.1288392
1103.254,,,,,,,,,,,,,,
1103.3239999999998,,,,,,,,,,,,,,
1103.376,194.0,130.9566531427,,87.452608936,,87.452608936,100.2212341515,,,,1.19826420479462,,,960.2071728
1103.4,,,,,,,,,,,,,,
1103.47,,,,,,,,,,,,,,
1103.528,194.0,130.96118906639998,,87.40724969899999,,87.40724969899999,100.2212341515,,,,1.19826420479462,,,960.2855064
1103.5410000000002,,,,,,,,,,,,,,
1103.611,,,,,,,,,,,,,,
1103.678,,,,,,,,,,,,,,
1103.681,193.5,130.9702609138,,87.4571448597,,87.4571448597,100.2212341515,,,,1.19826420479462,,,960.3641447999998
1103.745,,,,,,,,,,,,,,
1103.815,,,,,,,,,,,,,,
1103.833,193.59,130.9793327612,,87.46621670709999,,87.46621670709999,100.2212341515,,,,1.19826420479462,,,960.4424784
1103.885,,,,,,,,,,,,,,
1103.955,,,,,,,,,,,,,,
1103.986,193.77,130.9884046086,,87.44353708860001,,87.44353708860001,100.2212341515,,,,1.19826420479462,,,960.5211168
1104.001,,,,,1.26999998092651,,,,959.719970703125,959.719970703125,,1.25999999046326,8.34127893335214,
1104.028,,,,,,,,,,,,,,
1104.098,,,,,,,,,,,,,,
1104.138,193.57,130.99747645600002,,87.3936419279,,87.3936419279,100.2212341515,,,,1.19826420479462,,,960.5994504
1104.172,,,,,,,,,,,,,,
1104.242,,,,,,,,,,,,,,
1104.29,193.48,131.0065483034,2343.75,87.44353708860001,,87.44353708860001,100.2212341515,,,,1.19826420479462,,,960.6780888
1104.315,,,,,,,,,,,,,,
1104.385,,,,,,,,,,,,,,
1104.443,193.52,131.0156201508,,87.54786333370001,,87.54786333370001,100.2212341515,,,,1.19826420479462,,,960.7564224
1104.461,,,,,,,,,,,,,,
1104.531,,,,,,,,,,,,,,
1104.595,194.0,131.0201560745,,87.5569351811,,87.5569351811,100.2212341515,,,,1.19826420479462,,,960.8350608
1104.604,,,,,,,,,,,,,,
1104.674,,,,,,,,,,,,,,
1104.745,,,,,,,,,,,,,,
1104.748,193.59,131.0292279219,,87.50704002040001,,87.50704002040001,100.2212341515,,,,1.19826420479462,,,960.9133944
1104.815,,,,,,,,,,,,,,
1104.9,193.38,131.0382997693,,87.4798244782,,87.4798244782,100.2212341515,,,,1.19826420479462,,,960.9920328
1104.958,,,,,,,,,,,,,,
1105.001,,,,,1.26999998092651,,,,960.2000122070308,960.2000122070308,,1.25999999046326,8.75936242507675,
1105.031,,,,,,,,,,,,,,
1105.052,193.0,131.0473716167,,87.5161118678,,87.5161118678,100.2212341515,,,,1.19826420479462,,,961.0703664
1105.104,,,,,,,,,,,,,,
1105.171,,,,,,,,,,,,,,
1105.205,193.43,131.0564434641,,87.57054295219999,,87.57054295219999,100.2212341515,,,,1.19826420479462,,,961.1490048
1105.251,,,,,,,,,,,,,,
1105.3239999999998,,,,,,,,,,,,,,
1105.357,193.0,131.0655153115,2343.75,87.5523992574,,87.5523992574,100.2212341515,,,,1.19826420479462,,,961.2273384
1105.394,,,,,,,,,,,,,,
1105.464,,,,,,,,,,,,,,
1105.51,193.38,131.0745871589,,87.5523992574,,87.5523992574,100.2212341515,,,,1.19826420479462,,,961.3059768
1105.534,,,,,,,,,,,,,,
1105.601,,,,,,,,,,,,,,
1105.662,193.05,131.0836590063,,87.5161118678,,87.5161118678,100.2212341515,,,,1.19826420479462,,,961.3843104
1105.674,,,,,,,,,,,,,,
1105.744,,,,,,,,,,,,,,
1105.814,194.0,131.08819493,,87.6113662655,,87.6113662655,100.2212341515,,,,1.19826420479462,,,961.4629488
1105.817,,,,,,,,,,,,,,
1105.885,,,,,,,,,,,,,,
1105.955,,,,,,,,,,,,,,
1105.967,193.55,131.0972667774,,87.54786333370001,,87.54786333370001,100.2212341515,,,,1.19826420479462,,,961.5412824
1106.0,,,,,1.24000000953674,,,,960.6799926757808,960.6799926757808,,1.25999999046326,8.88172825393684,
1106.025,,,,,,,,,,,,,,
1106.098,,,,,,,,,,,,,,
1106.119,193.5,131.1063386248,,87.5932225707,,87.5932225707,100.2212341515,,,,1.19826420479462,,,961.619616
1106.168,,,,,,,,,,,,,,
1106.238,,,,,,,,,,,,,,
1106.272,193.0,131.11541047219998,,87.5841507233,,87.5841507233,100.2212341515,,,,1.19826420479462,,,961.6982544
1106.311,,,,,,,,,,,,,,
1106.381,,,,,,,,,,,,,,
1106.424,193.36,131.1244823196,2343.75,87.4299293175,,87.4299293175,100.2212341515,,,,1.19826420479462,,,961.776588
1106.451,,,,,,,,,,,,,,
1106.522,,,,,,,,,,,,,,
1106.576,193.81,131.133554167,,87.361890462,,87.361890462,100.2212341515,,,,1.19826420479462,,,961.8552264
1106.592,,,,,,,,,,,,,,
1106.665,,,,,,,,,,,,,,
1106.729,193.0,131.1426260144,,87.41178562270001,,87.41178562270001,100.2212341515,,,,1.19826420479462,,,961.93356
1106.735,,,,,,,,,,,,,,
1106.805,,,,,,,,,,,,,,
1106.875,,,,,,,,,,,,,,
1106.881,193.52,131.15169786180002,,87.5251837152,,87.5251837152,100.2212341515,,,,1.19826420479462,,,962.0121984
1106.948,,,,,,,,,,,,,,
1107.0,,,,,1.17999994754791,,,,961.150024414063,961.150024414063,,1.25999999046326,9.5037547937616,
1107.028,,,,,,,,,,,,,,
1107.034,193.45,131.15623378549998,,87.5569351811,,87.5569351811,100.2212341515,,,,1.19826420479462,,,962.090532
1107.098,,,,,,,,,,,,,,
1107.168,,,,,,,,,,,,,,
1107.186,193.52,131.16530563290002,,87.6113662655,,87.6113662655,100.2212341515,,,,1.19826420479462,,,962.1691704
1107.238,,,,,,,,,,,,,,
1107.311,,,,,,,,,,,,,,
1107.338,193.55,131.1743774803,,87.5932225707,,87.5932225707,100.2212341515,,,,1.19826420479462,,,962.247504
1107.378,,,,,,,,,,,,,,
1107.448,,,,,,,,,,,,,,
1107.491,193.23,131.1834493277,2343.75,87.80641098459999,,87.80641098459999,100.2212341515,,,,1.19826420479462,,,962.3261424
1107.515,,,,,,,,,,,,,,
1107.585,,,,,,,,,,,,,,
1107.643,193.59,131.1925211751,,87.78826728979999,,87.78826728979999,100.2212341515,,,,1.19826420479462,,,962.404476
1107.655,,,,,,,,,,,,,,
1107.725,,,,,,,,,,,,,,
1107.793,,,,,,,,,,,,,,
1107.796,193.59,131.2015930225,,87.8109469083,,87.8109469083,100.2212341515,,,,1.19826420479462,,,962.4831144
1107.86,,,,,,,,,,,,,,
1107.933,,,,,,,,,,,,,,
1107.948,193.64,131.2106648699,,87.7429080528,,87.7429080528,100.2212341515,,,,1.19826420479462,,,962.561448
1108.0,,,,,1.25,,,,961.640014648438,961.640014648438,,1.25999999046326,8.58601059107233,
1108.079,,,,,,,,,,,,,,
1108.1,193.5,131.21520079360002,,87.5161118678,,87.5161118678,100.2212341515,,,,1.19826420479462,,,962.6400864
1108.149,,,,,,,,,,,,,,
1108.219,,,,,,,,,,,,,,
1108.253,193.23,131.224272641,,87.28024383540001,,87.28024383540001,100.2212341515,,,,1.19826420479462,,,962.71842
1108.289,,,,,,,,,,,,,,
1108.359,,,,,,,,,,,,,,
1108.405,193.41,131.2333444884,,87.5161118678,,87.5161118678,100.2212341515,,,,1.19826420479462,,,962.7970584
1108.427,,,,,,,,,,,,,,962.8080312
1108.497,,,,,,,,,,,,,,962.8439976
1108.558,193.45,131.2424163358,2343.75,87.588686647,,87.588686647,100.2212341515,,,,1.19826420479462,,,962.875392
1108.57,,,,,,,,,,,,,,
1108.643,,,,,,,,,,,,,,
1108.71,193.48,131.2514881832,,87.5206477915,,87.5206477915,100.2212341515,,,,1.19826420479462,,,962.9540304
1108.716,,,,,,,,,,,,,,
1108.786,,,,,,,,,,,,,,
1108.856,,,,,,,,,,,,,,
1108.862,193.23,131.2605600306,,87.68394104469999,,87.68394104469999,100.2212341515,,,,1.19826420479462,,,963.032364
1108.9260000000002,,,,,,,,,,,,,,
1109.0,,,,,1.25,,,,962.109985351563,962.109985351563,,1.25999999046326,8.830742248792511,
1109.015,193.13,131.26963187799998,,87.7293002817,,87.7293002817,100.2212341515,,,,1.19826420479462,,,963.1110024
1109.061,,,,,,,,,,,,,,
1109.131,,,,,,,,,,,,,,
1109.167,193.27,131.27870372540002,,87.7429080528,,87.7429080528,100.2212341515,,,,1.19826420479462,,,963.1896408
1109.201,,,,,,,,,,,,,,
1109.268,,,,,,,,,,,,,,
1109.32,193.14,131.2832396491,,87.770123595,,87.770123595,100.2212341515,,,,1.19826420479462,,,963.2679744
1109.338,,,,,,,,,,,,,,
1109.405,,,,,,,,,,,,,,
1109.472,193.41,131.2923114965,,87.8381624505,,87.8381624505,100.2212341515,,,,1.19826420479462,,,963.3466128
1109.478,,,,,,,,,,,,,,
1109.545,,,,,,,,,,,,,,
1109.618,,,,,,,,,,,,,,
1109.624,193.0,131.3013833439,2343.75,87.7655876713,,87.7655876713,100.2212341515,,,,1.19826420479462,,,963.4249464
1109.685,,,,,,,,,,,,,,
1109.777,193.0,131.31045519129998,,87.67033327360001,,87.67033327360001,97.4225692286,,,,1.19826420479462,,,963.5035848
1109.832,,,,,,,,,,,,,,
1109.905,,,,,,,,,,,,,,
1109.929,193.36,131.31952703870002,,87.54332741,,87.54332741,96.9281535453,,,,1.19826420479462,,,963.5819184
1109.975,,,,,,,,,,,,,,
1109.999,,,,,1.25,,,,962.580017089844,962.580017089844,,1.25999999046326,8.42285615259221,
1110.045,,,,,,,,,,,,,,
1110.082,193.33,131.3285988861,,87.7383721291,,87.7383721291,97.4044255338,,,,1.19826420479462,,,963.6605568
1110.197,,,,,,,,,,,,,,
1110.234,193.95,131.3376707335,,87.66126142620001,,87.66126142620001,97.930592683,,,,1.19826420479462,,,963.7388904
1110.271,,,,,,,,,,,,,,
1110.344,,,,,,,,,,,,,,
1110.386,193.76,131.3467425809,,87.82001875569999,,87.82001875569999,97.930592683,,,,1.19826420479462,,,963.8175288
1110.411,,,,,,,,,,,,,,
1110.487,,,,,,,,,,,,,,
1110.539,193.48,131.3512785046,,87.87898576379999,,87.87898576379999,97.930592683,,,,1.19826420479462,,,963.8958624
1110.56,,,,,,,,,,,,,,
1110.633,,,,,,,,,,,,,,
1110.691,193.19,131.360350352,2343.75,87.815482832,,87.815482832,97.930592683,,,,1.19826420479462,,,963.9745008
1110.703,,,,,,,,,,,,,,
1110.783,,,,,,,,,,,,,,
1110.844,193.29,131.3694221994,,88.0014557037,,88.0014557037,97.930592683,,,,1.19826420479462,,,964.0528344
1110.856,,,,,,,,,,,,,,
1110.9260000000002,,,,,,,,,,,,,,
1110.996,193.0,131.3784940468,,88.0014557037,,88.0014557037,97.930592683,,,,1.19826420479462,,,964.1314728
1110.999,,,,,1.25,,,,963.0499877929692,963.0499877929692,,1.25999999046326,8.19851831344346,
1111.075,,,,,,,,,,,,,,
1111.148,193.14,131.3875658942,,87.85177022159999,,87.85177022159999,97.930592683,,,,1.19826420479462,,,964.2098064
1111.222,,,,,,,,,,,,,,
1111.3010000000002,193.52,131.3966377416,,87.82001875569999,,87.82001875569999,97.930592683,,,,1.19826420479462,,,964.2884448
1111.365,,,,,,,,,,,,,,
1111.438,,,,,,,,,,,,,,
1111.453,193.0,131.405709589,,87.84723429790002,,87.84723429790002,97.930592683,,,,1.19826420479462,,,964.3670832
1111.508,,,,,,,,,,,,,,
1111.581,,,,,,,,,,,,,,
1111.606,193.62,131.41024551270002,,87.8653779927,,87.8653779927,97.930592683,,,,1.19826420479462,,,964.4454168
1111.648,,,,,,,,,,,,,,
1111.724,,,,,,,,,,,,,,
1111.758,194.0,131.4193173601,2343.75,87.8971294586,,87.8971294586,97.930592683,,,,1.19826420479462,,,964.5240552
1111.798,,,,,,,,,,,,,,
1111.868,,,,,,,,,,,,,,
1111.91,193.64,131.4283892075,,87.8653779927,,87.8653779927,97.930592683,,,,1.19826420479462,,,964.6023888
1111.935,,,,,,,,,,,,,,
1111.999,,,,,1.25,,,,963.52001953125,963.52001953125,,1.25999999046326,8.12713800348911,
1112.008,,,,,,,,,,,,,,
1112.063,193.48,131.43746105489998,,88.0286712459,,88.0286712459,97.930592683,,,,1.19826420479462,,,964.6810272
1112.081,,,,,,,,,,,,,,
1112.151,,,,,,,,,,,,,,
1112.215,193.48,131.4465329023,,88.01052755110001,,88.01052755110001,97.930592683,,,,1.19826420479462,,,964.7593608
1112.224,,,,,,,,,,,,,,
1112.3010000000002,,,,,,,,,,,,,,
1112.368,193.41,131.4556047497,,88.1103178725,,88.1103178725,97.930592683,,,,1.19826420479462,,,964.8379992
1112.374,,,,,,,,,,,,,,
1112.447,,,,,,,,,,,,,,
1112.52,194.0,131.46467659709998,,87.9878479326,,87.9878479326,97.930592683,,,,1.19826420479462,,,964.9163328
1112.59,,,,,,,,,,,,,,
1112.66,,,,,,,,,,,,,,
1112.672,194.0,131.47374844450002,,87.97424016149999,,87.97424016149999,97.930592683,,,,1.19826420479462,,,964.9949712
1112.733,,,,,,,,,,,,,,
1112.803,,,,,,,,,,,,,,
1112.825,193.55,131.4782843682,2343.75,87.91527315340001,,87.91527315340001,97.930592683,,,,1.19826420479462,,,965.0733048
1112.874,,,,,,,,,,,,,,
1112.944,,,,,,,,,,,,,,
1112.977,193.48,131.4873562156,,87.91980907709998,,87.91980907709998,97.930592683,,,,1.19826420479462,,,965.1519432
1112.999,,,,,1.25,,,,964.0,964.0,,1.25999999046326,9.371191569377212,
1113.014,,,,,,,,,,,,,,
1113.087,,,,,,,,,,,,,,
1113.13,193.41,131.496428063,,87.906201306,,87.906201306,97.930592683,,,,1.19826420479462,,,965.2305816
1113.157,,,,,,,,,,,,,,
1113.227,,,,,,,,,,,,,,
1113.282,193.57,131.5054999104,,87.80641098459999,,87.80641098459999,97.930592683,,,,1.19826420479462,,,965.3089152
1113.3,,,,,,,,,,,,,,
1113.37,,,,,,,,,,,,,,
1113.434,193.23,131.5145717578,,87.8699139164,,87.8699139164,97.930592683,,,,1.19826420479462,,,965.3875536
1113.511,,,,,,,,,,,,,,
1113.5839999999998,,,,,,,,,,,,,,
1113.587,193.86,131.5236436052,,87.8744498401,,87.8744498401,97.930592683,,,,1.19826420479462,,,965.4658872
1113.654,,,,,,,,,,,,,,
1113.724,,,,,,,,,,,,,,
1113.739,193.0,131.5327154526,,87.860842069,,87.860842069,97.930592683,,,,1.19826420479462,,,965.5445256
1113.797,,,,,,,,,,,,,,
1113.867,,,,,,,,,,,,,,
1113.892,193.48,131.54178729999998,2343.75,87.82455467940001,,87.82455467940001,97.930592683,,,,1.19826420479462,,,965.6228592
1113.946,,,,,,,,,,,,,,
1114.001,,,,,1.25,,,,964.460021972656,964.460021972656,,1.25999999046326,9.45276976109443,
1114.02,,,,,,,,,,,,,,
1114.044,193.48,131.5463232237,,87.97877608520001,,87.97877608520001,97.930592683,,,,1.19826420479462,,,965.7014976
1114.09,,,,,,,,,,,,,,
1114.16,,,,,,,,,,,,,,
1114.196,193.38,131.5553950711,,87.9697042378,,87.9697042378,97.930592683,,,,1.19826420479462,,,965.780136
1114.233,,,,,,,,,,,,,,
1114.303,,,,,,,,,,,,,,
1114.349,193.82,131.56446691850002,,88.0921741777,,88.0921741777,97.930592683,,,,1.19826420479462,,,965.8584696
1114.373,,,,,,,,,,,,,,
1114.4489999999998,,,,,,,,,,,,,,
1114.501,193.0,131.5735387659,,88.2101081939,,88.2101081939,97.930592683,,,,1.19826420479462,,,965.937108
1114.526,,,,,,,,,,,,,,
1114.602,,,,,,,,,,,,,,
1114.654,193.0,131.5826106133,,88.1239256436,,88.1239256436,97.930592683,,,,1.19826420479462,,,966.0154416
1114.675,,,,,,,,,,,,,,
1114.745,,,,,,,,,,,,,,
1114.806,193.57,131.5916824607,,88.20557227020001,,88.20557227020001,97.930592683,,,,1.19826420479462,,,966.09408
1114.821,,,,,,,,,,,,,,
1114.891,,,,,,,,,,,,,,
1114.958,193.38,131.6007543081,2343.75,88.178356728,,88.178356728,97.930592683,,,,1.19826420479462,,,966.1724136
1114.961,,,,,,,,,,,,,,
1115.001,,,,,1.25999999046326,,,,964.940002441406,964.940002441406,,1.25999999046326,8.48403858078367,
1115.035,,,,,,,,,,,,,,
1115.108,,,,,,,,,,,,,,
1115.111,193.33,131.6052902318,,88.2736111257,,88.2736111257,97.930592683,,,,1.19826420479462,,,966.251052
1115.178,,,,,,,,,,,,,,
1115.254,,,,,,,,,,,,,,
1115.263,193.43,131.6143620792,,88.30082666790001,,88.30082666790001,97.930592683,,,,1.19826420479462,,,966.3296904
1115.33,,,,,,,,,,,,,,
1115.413,,,,,,,,,,,,,,
1115.4160000000002,193.37,131.6234339266,,88.42329660780001,,88.42329660780001,97.930592683,,,,1.19826420479462,,,966.408024
1115.504,,,,,,,,,,,,,,
1115.568,193.5,131.632505774,,88.49587138700001,,88.49587138700001,97.930592683,,,,1.19826420479462,,,966.4866624
1115.595,,,,,,,,,,,,,,
1115.687,,,,,,,,,,,,,,
1115.72,193.12,131.6415776214,,89.493774601,,89.493774601,97.930592683,,,,1.19826420479462,,,966.564996
1115.794,,,,,,,,,,,,,,
1115.873,193.87,131.6506494688,,89.8611844207,,89.8611844207,97.930592683,,,,1.19826420479462,,,966.6436344
1115.888,,,,,,,,,,,,,,
1115.983,,,,,,,,,,,,,,
1116.001,,,,,1.25999999046326,,,,965.4099731445308,965.4099731445308,,1.25999999046326,7.117619186035481,
1116.025,194.0,131.6597213162,,89.66160377790001,,89.66160377790001,97.930592683,,,,1.19826420479462,,,966.7222728
1116.08,,,,,,,,,,,,,,
1116.175,,,,,,,,,,,,,,
1116.178,194.0,131.6687931636,,89.448415364,,89.448415364,97.930592683,,,,1.19826420479462,,,966.8006064
1116.266,,,,,,,,,,,,,,
1116.33,193.62,131.6733290873,2343.75,89.04471815469999,,89.04471815469999,97.930592683,,,,1.19826420479462,,,966.8792448
1116.36,,,,,,,,,,,,,,
1116.452,,,,,,,,,,,,,,
1116.482,193.29,131.68240093469998,,88.5639102425,,88.5639102425,97.930592683,,,,1.19826420479462,,,966.9575784
1116.543,,,,,,,,,,,,,,
1116.629,,,,,,,,,,,,,,
1116.635,193.12,131.6914727821,,88.21918004129999,,88.21918004129999,97.930592683,,,,1.19826420479462,,,967.0362168
1116.717,,,,,,,,,,,,,,
1116.787,193.24,131.7005446295,,88.30082666790001,,88.30082666790001,97.930592683,,,,1.19826420479462,,,967.1148552
1116.805,,,,,,,,,,,,,,
1116.9,,,,,,,,,,,,,,
1116.94,193.82,131.7096164769,,89.2034754842,,89.2034754842,97.930592683,,,,1.19826420479462,,,967.1931888
1116.991,,,,,,,,,,,,,,
1117.001,,,,,1.25999999046326,,,,965.880004882812,965.880004882812,,1.25999999046326,5.96533974867316,
1117.086,,,,,,,,,,,,,,
1117.092,193.06,131.7186883243,,89.3531609663,,89.3531609663,97.930592683,,,,1.19826420479462,,,967.2718272
1117.177,,,,,,,,,,,,,,
1117.244,193.41,131.7277601717,,89.12182885760001,,89.12182885760001,97.930592683,,,,1.19826420479462,,,967.3501608
1117.272,,,,,,,,,,,,,,
1117.369,,,,,,,,,,,,,,
1117.397,193.0,131.7368320191,,89.7613940993,,89.7613940993,97.930592683,,,,1.19826420479462,,,967.4287992
1117.47,,,,,,,,,,,,,,
1117.549,193.53,131.7413679428,,90.1469476138,,90.1469476138,97.930592683,,,,1.19826420479462,,,967.5074376
1117.5739999999998,,,,,,,,,,,,,,
1117.677,,,,,,,,,,,,,,
1117.702,193.13,131.7504397902,2343.75,90.0154058265,,90.0154058265,97.930592683,,,,1.19826420479462,,,967.5857712
1117.778,,,,,,,,,,,,,,
1117.854,193.67,131.7595116376,,89.7976814889,,89.7976814889,97.930592683,,,,1.19826420479462,,,967.6644096
1117.881,,,,,,,,,,,,,,
1118.0,,,,,1.25999999046326,,,,966.3400268554692,966.3400268554692,,1.25999999046326,7.117619186035481,
1118.006,193.79,131.768583485,,89.80675333629999,,89.80675333629999,97.930592683,,,,1.19826420479462,,,967.7427432
1118.092,,,,,,,,,,,,,,
1118.159,193.47,131.7776553324,,89.81582518370001,,89.81582518370001,97.930592683,,,,1.19826420479462,,,967.8213816
1118.201,,,,,,,,,,,,,,
1118.305,,,,,,,,,,,,,,
1118.311,193.93,131.78672717979998,,89.448415364,,89.448415364,97.930592683,,,,1.19826420479462,,,967.90002
1118.4,,,,,,,,,,,,,,
1118.464,193.56,131.7957990272,,88.0468149407,,88.0468149407,97.930592683,,,,1.19826420479462,,,967.9783536
1118.482,,,,,,,,,,,,,,
1118.552,,,,,,,,,,,,,,
1118.616,193.59,131.8003349509,,86.74500483879999,,86.74500483879999,97.930592683,,,,1.19826420479462,,,968.056992
1118.625,,,,,,,,,,,,,,
1118.677,,,,,,,,,,,,,,
1118.741,,,,,,,,,,,,,,
1118.768,193.72,131.8094067983,,86.6905737544,,86.6905737544,97.930592683,,,,1.19826420479462,,,968.1356304
1118.802,,,,,,,,,,,,,,
1118.869,,,,,,,,,,,,,,
1118.921,193.86,131.8184786457,,86.84479516020001,,86.84479516020001,97.930592683,,,,1.19826420479462,,,968.213964
1118.945,,,,,,,,,,,,,,
1119.0,,,,,1.25999999046326,,,,966.809997558594,966.809997558594,,1.25999999046326,10.2073595253036,
1119.024,,,,,,,,,,,,,,
1119.073,193.67,131.8275504931,2343.75,86.26873285030001,,86.26873285030001,97.930592683,,,,1.19826420479462,,,968.2926024
1119.095,,,,,,,,,,,,,,
1119.162,,,,,,,,,,,,,,
1119.226,193.64,131.8366223405,,86.1099755208,,86.1099755208,97.930592683,,,,1.19826420479462,,,968.370936
1119.232,,,,,,,,,,,,,,
1119.302,,,,,,,,,,,,,,
1119.354,,,,,,,,,,,,,,
1119.378,193.25,131.84569418790002,,86.29141246879999,,86.29141246879999,97.930592683,,,,1.19826420479462,,,968.4495743999998
1119.415,,,,,,,,,,,,,,
1119.53,193.5,131.8547660353,,86.7404689151,,86.7404689151,97.930592683,,,,1.19826420479462,,,968.5282128
1119.536,,,,,,,,,,,,,,
1119.594,,,,,,,,,,,,,,
1119.661,,,,,,,,,,,,,,
1119.683,193.0,131.859301959,,86.63614267,,86.63614267,97.930592683,,,,1.19826420479462,,,968.6065464
1119.735,,,,,,,,,,,,,,
1119.808,,,,,,,,,,,,,,
1119.835,193.27,131.8683738064,,86.0963677497,,86.0963677497,97.930592683,,,,1.19826420479462,,,968.6851848
1119.866,,,,,,,,,,,,,,
1119.924,,,,,,,,,,,,,,
1119.988,193.15,131.87744565379998,2343.75,86.4819212642,,86.4819212642,97.930592683,,,,1.19826420479462,,,968.7638232
1120.0,,,,,1.25999999046326,,,,967.280029296875,967.280029296875,,1.25999999046326,10.6254430170282,
1120.052,,,,,,,,,,,,,,
1120.14,193.38,131.88651750120002,,86.70418152549999,,86.70418152549999,97.930592683,,,,1.19826420479462,,,968.8421568
1120.174,,,,,,,,,,,,,,
1120.234,,,,,,,,,,,,,,
1120.292,193.0,131.8955893486,,86.817579618,,86.817579618,97.930592683,,,,1.19826420479462,,,968.9207952
1120.295,,,,,,,,,,,,,,
1120.353,,,,,,,,,,,,,,
1120.445,193.31,131.904661196,,86.76768445729999,,86.76768445729999,97.930592683,,,,1.19826420479462,,,968.9994336
1120.472,,,,,,,,,,,,,,
1120.524,,,,,,,,,,,,,,
1120.579,,,,,,,,,,,,,,
1120.597,193.64,131.9137330434,,87.0080884134,,87.0080884134,97.930592683,,,,1.19826420479462,,,969.0777672
1120.64,,,,,,,,,,,,,,
1120.698,,,,,,,,,,,,,,
1120.75,193.4,131.9228048908,,86.9445854816,,86.9445854816,97.930592683,,,,1.19826420479462,,,969.1564056
1120.759,,,,,,,,,,,,,,
1120.82,,,,,,,,,,,,,,
1120.881,,,,,,,,,,,,,,
1120.902,193.0,131.9273408145,2343.75,86.5953193567,,86.5953193567,97.930592683,,,,1.19826420479462,,,969.2347392
1120.942,,,,,,,,,,,,,,
1121.0,,,,,1.25999999046326,,,,967.739990234375,967.739990234375,,1.25999999046326,9.9524304720591,
1121.054,193.84,131.9364126619,,86.52728050120001,,86.52728050120001,97.930592683,,,,1.19826420479462,,,969.3133776
1121.064,,,,,,,,,,,,,,
1121.128,,,,,,,,,,,,,,
1121.189,,,,,,,,,,,,,,
1121.207,194.0,131.9454845093,,86.5318164249,,86.5318164249,97.930592683,,,,1.19826420479462,,,969.392016
1121.249,,,,,,,,,,,,,,
1121.313,,,,,,,,,,,,,,
1121.359,194.0,131.9545563567,,86.4909931116,,86.4909931116,97.930592683,,,,1.19826420479462,,,969.4703496
1121.374,,,,,,,,,,,,,,
1121.438,,,,,,,,,,,,,,
1121.499,,,,,,,,,,,,,,
1121.512,193.58,131.9636282041,,86.4683134931,,86.4683134931,97.930592683,,,,1.19826420479462,,,969.548988
1121.56,,,,,,,,,,,,,,
1121.618,,,,,,,,,,,,,,
1121.664,193.26,131.9727000515,,86.5227445775,,86.5227445775,97.930592683,,,,1.19826420479462,,,969.6276264
1121.67,,,,,,,,,,,,,,
1121.722,,,,,,,,,,,,,,
1121.771,,,,,,,,,,,,,,
1121.816,193.81,131.9817718989,2343.75,87.1214865059,,87.1214865059,97.930592683,,,,1.19826420479462,,,969.70596
1121.819,,,,,,,,,,,,,,
1121.868,,,,,,,,,,,,,,
1121.92,,,,,,,,,,,,,,
1121.969,193.73,131.9908437463,,86.7586126099,,86.7586126099,97.930592683,,,,1.19826420479462,,,969.7845984
1121.981,,,,,,,,,,,,,,
1121.999,,,,,1.25,,,,968.210021972656,968.210021972656,,1.25999999046326,8.47384215773653,
1122.015,,,,,,,,,,,,,,
1122.121,193.35,131.99537967,,90.3510641803,,90.3510641803,98.4114005952,,,,1.19826420479462,,,969.8632368
1122.139,,,,,,,,,,,,,,
1122.274,193.25,132.0044515174,,90.1696272323,,90.1696272323,98.837777423,,,,1.19826420479462,,,969.9415704
1122.319,,,,,,,,,,,,,,
1122.377,,,,,,,,,,,,,,
1122.4260000000002,193.68,132.0135233648,2343.75,88.3371140575,,88.3371140575,98.837777423,,,,1.19826420479462,,,970.0202088
1122.435,,,,,,,,,,,,,,
1122.49,,,,,,,,,,,,,,
1122.5510000000002,,,,,,,,,,,,,,
1122.578,193.31,132.0225952122,,88.0014557037,,88.0014557037,98.837777423,,,,1.19826420479462,,,970.0988472
1122.609,,,,,,,,,,,,,,
1122.731,193.62,132.03166705959998,,87.8336265268,,87.8336265268,98.837777423,,,,1.19826420479462,,,970.1771808
1122.789,,,,,,,,,,,,,,
1122.847,,,,,,,,,,,,,,
1122.883,193.96,132.04073890700002,,87.7610517476,,87.7610517476,98.837777423,,,,1.19826420479462,,,970.2558192
1122.908,,,,,,,,,,,,,,
1122.965,,,,,,,,,,,,,,
1122.999,,,,,1.25,,,,968.669982910156,968.669982910156,,1.25999999046326,9.9218382854862,
1123.023,,,,,,,,,,,,,,
1123.036,193.32,132.0498107544,,87.7837313661,,87.7837313661,98.837777423,,,,1.19826420479462,,,970.3344576
1123.0839999999998,,,,,,,,,,,,,,
1123.142,,,,,,,,,,,,,,
1123.188,193.69,132.0543466781,,88.0059916274,,88.0059916274,98.837777423,,,,1.19826420479462,,,970.4127912
1123.203,,,,,,,,,,,,,,
1123.261,,,,,,,,,,,,,,
1123.328,,,,,,,,,,,,,,
1123.34,193.62,132.0634185255,2343.75,88.223715965,,88.223715965,98.837777423,,,,1.19826420479462,,,970.4914296
1123.386,,,,,,,,,,,,,,
1123.493,193.44,132.0724903729,,88.2509315072,,88.2509315072,98.837777423,,,,1.19826420479462,,,970.570068
1123.505,,,,,,,,,,,,,,
1123.563,,,,,,,,,,,,,,
1123.624,,,,,,,,,,,,,,
1123.645,193.65,132.0815622203,,88.17382080430001,,88.17382080430001,98.837777423,,,,1.19826420479462,,,970.6484016
1123.682,,,,,,,,,,,,,,
1123.743,,,,,,,,,,,,,,
1123.798,193.31,132.0906340677,,88.35525775229999,,88.35525775229999,98.837777423,,,,1.19826420479462,,,970.72704
1123.8010000000002,,,,,,,,,,,,,,
1123.862,,,,,,,,,,,,,,
1123.923,,,,,,,,,,,,,,
1123.95,193.32,132.0997059151,,88.7272034957,,88.7272034957,98.837777423,,,,1.19826420479462,,,970.8056784
1123.987,,,,,,,,,,,,,,
1123.999,,,,,1.25999999046326,,,,969.130004882813,969.130004882813,,1.25999999046326,12.1244261223993,
1124.048,,,,,,,,,,,,,,
1124.102,193.67,132.1087777625,,88.7544190379,,88.7544190379,98.837777423,,,,1.19826420479462,,,970.884012
1124.112,,,,,,,,,,,,,,
1124.173,,,,,,,,,,,,,,
1124.237,,,,,,,,,,,,,,
1124.255,194.0,132.1178496099,2343.75,89.41212797440001,,89.41212797440001,98.837777423,,,,1.19826420479462,,,970.9626504
1124.3010000000002,,,,,,,,,,,,,,
1124.407,193.65,132.1223855336,,90.8364080162,,90.8364080162,98.837777423,,,,1.19826420479462,,,971.0412888
1124.438,,,,,,,,,,,,,,
1124.508,,,,,,,,,,,,,,
1124.56,193.45,132.131457381,,91.2990722336,,91.2990722336,98.837777423,,,,1.19826420479462,,,971.1199272
1124.581,,,,,,,,,,,,,,
1124.712,193.48,132.1405292284,,91.1403149041,,91.1403149041,98.837777423,,,,1.19826420479462,,,971.1982608
1124.727,,,,,,,,,,,,,,
1124.813,,,,,,,,,,,,,,
1124.864,193.0,132.1496010758,,90.4780700439,,90.4780700439,98.837777423,,,,1.19826420479462,,,971.2768992
1124.904,,,,,,,,,,,,,,
1124.986,,,,,,,,,,,,,,
1124.999,,,,,1.25999999046326,,,,969.619995117187,969.619995117187,,1.25999999046326,10.4622885785481,
1125.017,194.0,132.1586729232,,89.0038948414,,89.0038948414,98.837777423,,,,1.19826420479462,,,971.3555376
1125.063,,,,,,,,,,,,,,
1125.136,,,,,,,,,,,,,,
1125.169,193.64,132.1677447706,,87.96063239040001,,87.96063239040001,98.837777423,,,,1.19826420479462,,,971.4338712
1125.203,,,,,,,,,,,,,,
1125.276,,,,,,,,,,,,,,
1125.322,194.0,132.176816618,2343.75,87.225812751,,87.225812751,98.837777423,,,,1.19826420479462,,,971.5125096
1125.343,,,,,,,,,,,,,,
1125.41,,,,,,,,,,,,,,
1125.474,193.26,132.1813525417,,86.63614267,,86.63614267,98.837777423,,,,1.19826420479462,,,971.591148
1125.477,,,,,,,,,,,,,,
1125.5410000000002,,,,,,,,,,,,,,
1125.608,,,,,,,,,,,,,,
1125.626,193.57,132.1904243891,,86.2823406214,,86.2823406214,98.837777423,,,,1.19826420479462,,,971.6694816
1125.672,,,,,,,,,,,,,,
1125.779,193.22,132.19949623649998,,86.0555444364,,86.0555444364,98.837777423,,,,1.19826420479462,,,971.74812
1125.809,,,,,,,,,,,,,,
1125.867,,,,,,,,,,,,,,
1125.928,,,,,,,,,,,,,,
1125.931,193.32,132.2085680839,,86.1190473682,,86.1190473682,98.837777423,,,,1.19826420479462,,,971.8267584
1125.986,,,,,,,,,,,,,,
1126.001,,,,,1.25999999046326,,,,970.059997558594,970.059997558594,,1.25999999046326,10.0645989053949,
1126.044,,,,,,,,,,,,,,
1126.0839999999998,193.15,132.2176399313,,86.6769659833,,86.6769659833,98.837777423,,,,1.19826420479462,,,971.9053968
1126.102,,,,,,,,,,,,,,
1126.163,,,,,,,,,,,,,,
1126.221,,,,,,,,,,,,,,
1126.236,193.69,132.2267117787,2343.75,86.93097771049999,,86.93097771049999,98.837777423,,,,1.19826420479462,,,971.9837304
1126.279,,,,,,,,,,,,,,
1126.34,,,,,,,,,,,,,,
1126.388,193.19,132.23578362610002,,86.9899447186,,86.9899447186,98.837777423,,,,1.19826420479462,,,972.0623688
1126.404,,,,,,,,,,,,,,
1126.465,,,,,,,,,,,,,,
1126.526,,,,,,,,,,,,,,
1126.5410000000002,193.36,132.2448554735,,86.90829809200001,,86.90829809200001,98.837777423,,,,1.19826420479462,,,972.1410072
1126.587,,,,,,,,,,,,,,
1126.693,193.75,132.2493913972,,86.5363523486,,86.5363523486,98.837777423,,,,1.19826420479462,,,972.2193408
1126.718,,,,,,,,,,,,,,
1126.772,,,,,,,,,,,,,,
1126.833,,,,,,,,,,,,,,
1126.846,193.4,132.2584632446,,86.6542863648,,86.6542863648,98.837777423,,,,1.19826420479462,,,972.2979792
1126.894,,,,,,,,,,,,,,
1126.952,,,,,,,,,,,,,,
1126.998,193.54,132.267535092,,86.8946903209,,86.8946903209,98.837777423,,,,1.19826420479462,,,972.3766176
1127.001,,,,,1.25999999046326,,,,970.510009765625,970.510009765625,,1.25999999046326,10.6458368355996,
1127.01,,,,,,,,,,,,,,
1127.071,,,,,,,,,,,,,,
1127.135,,,,,,,,,,,,,,
1127.15,193.46,132.2766069394,2343.75,87.1078787348,,87.1078787348,98.837777423,,,,1.19826420479462,,,972.455256
1127.19,,,,,,,,,,,,,,
1127.254,,,,,,,,,,,,,,
1127.303,193.75,132.2856787868,,87.38003415680001,,87.38003415680001,98.837777423,,,,1.19826420479462,,,972.5335896
1127.315,,,,,,,,,,,,,,
1127.376,,,,,,,,,,,,,,
1127.44,,,,,,,,,,,,,,
1127.455,193.72,132.2947506342,,87.5206477915,,87.5206477915,98.837777423,,,,1.19826420479462,,,972.612228
1127.501,,,,,,,,,,,,,,
1127.608,193.29,132.3038224816,,87.16684574290001,,87.16684574290001,98.837777423,,,,1.19826420479462,,,972.6908664
1127.626,,,,,,,,,,,,,,
1127.684,,,,,,,,,,,,,,
1127.742,,,,,,,,,,,,,,
1127.76,193.58,132.3083584053,,86.90829809200001,,86.90829809200001,98.837777423,,,,1.19826420479462,,,972.7692
1127.812,,,,,,,,,,,,,,
1127.87,,,,,,,,,,,,,,
1127.912,193.42,132.3174302527,,86.6860378307,,86.6860378307,98.837777423,,,,1.19826420479462,,,972.8478384
1127.928,,,,,,,,,,,,,,
1127.989,,,,,,,,,,,,,,
1128.001,,,,,1.25999999046326,,,,970.969970703125,970.969970703125,,1.25999999046326,10.7478088458883,
1128.053,,,,,,,,,,,,,,
1128.065,193.88,132.32650210010002,2343.75,86.70418152549999,,86.70418152549999,98.837777423,,,,1.19826420479462,,,972.9264768
1128.111,,,,,,,,,,,,,,
1128.171,,,,,,,,,,,,,,
1128.217,193.68,132.3355739475,,86.89015439719999,,86.89015439719999,98.837777423,,,,1.19826420479462,,,973.0051152
1128.232,,,,,,,,,,,,,,
1128.293,,,,,,,,,,,,,,
1128.354,,,,,,,,,,,,,,
1128.37,193.32,132.3446457949,,87.18498943770001,,87.18498943770001,98.837777423,,,,1.19826420479462,,,973.0834488
1128.418,,,,,,,,,,,,,,
1128.522,193.96,132.35371764229998,,87.2530282932,,87.2530282932,98.837777423,,,,1.19826420479462,,,973.1620872
1128.537,,,,,,,,,,,,,,
1128.601,,,,,,,,,,,,,,
1128.662,,,,,,,,,,,,,,
1128.674,193.58,132.3627894897,,87.316531225,,87.316531225,98.837777423,,,,1.19826420479462,,,973.2407256
1128.723,,,,,,,,,,,,,,
1128.784,,,,,,,,,,,,,,
1128.827,193.92,132.3718613371,,87.6748691973,,87.6748691973,98.837777423,,,,1.19826420479462,,,973.319364
1128.851,,,,,,,,,,,,,,
1128.927,,,,,,,,,,,,,,
1128.979,193.36,132.3809331845,2382.81,88.6364850217,,88.6364850217,98.837777423,,,,1.19826420479462,,,973.3976976
1128.997,,,,,,,,,,,,,,
1129.001,,,,,1.25999999046326,,,,971.4299926757808,971.4299926757808,,1.25999999046326,10.3093305631151,
1129.058,,,,,,,,,,,,,,
1129.132,193.36,132.39000503190002,,88.9812152229,,88.9812152229,98.837777423,,,,1.19826420479462,,,973.476336
1129.135,,,,,,,,,,,,,,
1129.205,,,,,,,,,,,,,,
1129.272,,,,,,,,,,,,,,
1129.284,193.57,132.3990768793,,88.11485379620001,,88.11485379620001,98.837777423,,,,1.19826420479462,,,973.5549744
1129.33,,,,,,,,,,,,,,
1129.391,,,,,,,,,,,,,,
1129.436,193.28,132.4081487267,,87.3029234539,,87.3029234539,98.837777423,,,,1.19826420479462,,,973.633308
1129.452,,,,,,,,,,,,,,
1129.516,,,,,,,,,,,,,,
1129.589,193.6,132.4172205741,,87.03076803190001,,87.03076803190001,98.837777423,,,,1.19826420479462,,,973.7119464
1129.638,,,,,,,,,,,,,,
1129.695,,,,,,,,,,,,,,
1129.741,193.72,132.4262924215,,87.225812751,,87.225812751,98.837777423,,,,1.19826420479462,,,973.7905848
1129.759,,,,,,,,,,,,,,
1129.817,,,,,,,,,,,,,,
1129.881,,,,,,,,,,,,,,
1129.894,194.0,132.4353642689,,87.4344652412,,87.4344652412,98.837777423,,,,1.19826420479462,,,973.8692232
1129.942,,,,,,,,,,,,,,
1130.0,,,,,1.25999999046326,,,,971.900024414063,971.900024414063,,1.25999999046326,8.9735028687012,
1130.003,,,,,,,,,,,,,,
1130.046,193.56,132.44443611629998,2343.75,87.41178562270001,,87.41178562270001,98.837777423,,,,1.19826420479462,,,973.9475568
1130.067,,,,,,,,,,,,,,
1130.125,,,,,,,,,,,,,,
1130.189,,,,,,,,,,,,,,
1130.198,193.8,132.45350796370002,,87.2938516065,,87.2938516065,98.837777423,,,,1.19826420479462,,,974.0261952
1130.25,,,,,,,,,,,,,,
1130.311,,,,,,,,,,,,,,
1130.351,193.32,132.4625798111,,87.3392108435,,87.3392108435,98.837777423,,,,1.19826420479462,,,974.1048336
1130.378,,,,,,,,,,,,,,
1130.442,,,,,,,,,,,,,,
1130.5,,,,,,,,,,,,,,
1130.503,193.76,132.4716516585,,87.32106714870001,,87.32106714870001,98.837777423,,,,1.19826420479462,,,974.183472
1130.564,,,,,,,,,,,,,,
1130.631,,,,,,,,,,,,,,
1130.656,193.74,132.4807235059,,87.9697042378,,87.9697042378,98.837777423,,,,1.19826420479462,,,974.2618056
1130.698,,,,,,,,,,,,,,
1130.762,,,,,,,,,,,,,,
1130.808,193.42,132.4897953533,,88.087638254,,88.087638254,98.837777423,,,,1.19826420479462,,,974.340444
1130.826,,,,,,,,,,,,,,
1130.89,,,,,,,,,,,,,,
1130.957,,,,,,,,,,,,,,
1130.96,194.0,132.4988672007,2343.75,87.78826728979999,,87.78826728979999,98.837777423,,,,1.19826420479462,,,974.4190824
1131.0,,,,,1.25999999046326,,,,972.349975585938,972.349975585938,,1.25999999046326,9.738290028434651,
1131.021,,,,,,,,,,,,,,
1131.088,,,,,,,,,,,,,,
1131.113,193.22,132.5034031244,,87.7293002817,,87.7293002817,98.837777423,,,,1.19826420479462,,,974.4977208
1131.152,,,,,,,,,,,,,,
1131.213,,,,,,,,,,,,,,
1131.265,194.0,132.5124749718,,87.46621670709999,,87.46621670709999,98.837777423,,,,1.19826420479462,,,974.5763592
1131.277,,,,,,,,,,,,,,
1131.341,,,,,,,,,,,,,,
1131.408,,,,,,,,,,,,,,
1131.418,193.83,132.5215468192,,87.67033327360001,,87.67033327360001,98.837777423,,,,1.19826420479462,,,974.6546928
1131.472,,,,,,,,,,,,,,
1131.536,,,,,,,,,,,,,,
1131.57,193.52,132.5306186666,,88.23732373610001,,88.23732373610001,98.837777423,,,,1.19826420479462,,,974.7333312
1131.607,,,,,,,,,,,,,,
1131.674,,,,,,,,,,,,,,
1131.722,193.78,132.539690514,,88.42329660780001,,88.42329660780001,98.837777423,,,,1.19826420479462,,,974.8119696
1131.741,,,,,,,,,,,,,,
1131.811,,,,,,,,,,,,,,
1131.875,193.71,132.54876236139998,2382.81,89.43480759290001,,89.43480759290001,98.837777423,,,,1.19826420479462,,,974.890608
1131.896,,,,,,,,,,,,,,
1131.969,,,,,,,,,,,,,,
1132.0,,,,,1.25999999046326,,,,972.809997558594,972.809997558594,,1.25999999046326,9.02448887384553,
1132.027,193.67,132.5578342088,,89.0583259258,,89.0583259258,98.837777423,,,,1.19826420479462,,,974.9689416
1132.036,,,,,,,,,,,,,,
1132.103,,,,,,,,,,,,,,
1132.177,,,,,,,,,,,,,,
1132.18,193.77,132.5669060562,,87.62950996030001,,87.62950996030001,98.837777423,,,,1.19826420479462,,,975.04758
1132.244,,,,,,,,,,,,,,
1132.317,,,,,,,,,,,,,,
1132.332,193.0,132.5759779036,,86.76768445729999,,86.76768445729999,98.837777423,,,,1.19826420479462,,,975.1262184
1132.384,,,,,,,,,,,,,,
1132.454,,,,,,,,,,,,,,
1132.484,193.35,132.585049751,,86.6996456018,,86.6996456018,98.837777423,,,,1.19826420479462,,,975.2048568
1132.518,,,,,,,,,,,,,,
1132.582,,,,,,,,,,,,,,
1132.637,193.3,132.5941215984,,86.7812922284,,86.7812922284,98.837777423,,,,1.19826420479462,,,975.2831904
1132.643,,,,,,,,,,,,,,
1132.707,,,,,,,,,,,,,,
1132.771,,,,,,,,,,,,,,
1132.789,193.42,132.6031934458,,86.96272917639999,,86.96272917639999,98.837777423,,,,1.19826420479462,,,975.3618288
1132.829,,,,,,,,,,,,,,
1132.896,,,,,,,,,,,,,,
1132.942,193.8,132.6122652932,2343.75,86.9491214053,,86.9491214053,98.837777423,,,,1.19826420479462,,,975.4404672
1132.96,,,,,,,,,,,,,,
1133.0,,,,,1.25999999046326,,,,973.260009765625,973.260009765625,,1.25999999046326,8.545221981452299,
1133.027,,,,,,,,,,,,,,
1133.094,193.46,132.6213371406,,86.85840293129999,,86.85840293129999,98.837777423,,,,1.19826420479462,,,975.5191056
1133.152,,,,,,,,,,,,,,
1133.216,,,,,,,,,,,,,,
1133.246,193.26,132.630408988,,86.7903640758,,86.7903640758,98.837777423,,,,1.19826420479462,,,975.597744
1133.28,,,,,,,,,,,,,,
1133.399,193.54,132.6394808354,,86.94004955790001,,86.94004955790001,98.837777423,,,,1.19826420479462,,,975.6760776
1133.408,,,,,,,,,,,,,,
1133.472,,,,,,,,,,,,,,
1133.536,,,,,,,,,,,,,,
1133.5510000000002,193.63,132.64855268280002,,86.8810825498,,86.8810825498,98.837777423,,,,1.19826420479462,,,975.754716
1133.609,,,,,,,,,,,,,,
1133.667,,,,,,,,,,,,,,
1133.704,193.7,132.6576245302,,86.7404689151,,86.7404689151,98.837777423,,,,1.19826420479462,,,975.8333544
1133.737,,,,,,,,,,,,,,
1133.795,,,,,,,,,,,,,,
1133.856,194.0,132.6666963776,2343.75,86.71325337290001,,86.71325337290001,98.837777423,,,,1.19826420479462,,,975.9119928
1133.865,,,,,,,,,,,,,,
1133.929,,,,,,,,,,,,,,
1133.996,,,,,,,,,,,,,,
1133.999,,,,,1.25999999046326,,,,973.710021972656,973.710021972656,,1.25999999046326,10.227753343875,
1134.008,193.29,132.675768225,,86.83572331280001,,86.83572331280001,98.837777423,,,,1.19826420479462,,,975.9906312
1134.057,,,,,,,,,,,,,,
1134.121,,,,,,,,,,,,,,
1134.161,193.92,132.6803041487,,86.8810825498,,86.8810825498,98.837777423,,,,1.19826420479462,,,976.0689648
1134.185,,,,,,,,,,,,,,
1134.249,,,,,,,,,,,,,,
1134.313,193.7,132.6893759961,,87.05798357409999,,87.05798357409999,98.837777423,,,,1.19826420479462,,,976.1476032
1134.383,,,,,,,,,,,,,,
1134.45,,,,,,,,,,,,,,
1134.466,194.0,132.6984478435,,88.3507218286,,88.3507218286,98.837777423,,,,1.19826420479462,,,976.2262416
1134.533,,,,,,,,,,,,,,
1134.615,,,,,,,,,,,,,,
1134.618,193.58,132.7075196909,,90.627755526,,90.627755526,98.837777423,,,,1.19826420479462,,,976.30488
1134.703,,,,,,,,,,,,,,
1134.77,193.41,132.7165915383,,90.8454798636,,90.8454798636,98.837777423,,,,1.19826420479462,,,976.3835184
1134.798,,,,,,,,,,,,,,
1134.892,,,,,,,,,,,,,,
1134.923,193.53,132.7256633857,2343.75,90.01086990280001,,90.01086990280001,98.837777423,,,,1.19826420479462,,,976.461852
1134.972,,,,,,,,,,,,,,
1134.999,,,,,1.25999999046326,,,,974.1599731445308,974.1599731445308,,1.25999999046326,9.62612062262169,
1135.0510000000002,,,,,,,,,,,,,,
1135.075,193.17,132.7347352331,,89.5164542195,,89.5164542195,98.837777423,,,,1.19826420479462,,,976.5404904
1135.13,,,,,,,,,,,,,,
1135.2089999999998,,,,,,,,,,,,,,
1135.228,193.35,132.7438070805,,89.5209901432,,89.5209901432,98.837777423,,,,1.19826420479462,,,976.6191288
1135.289,,,,,,,,,,,,,,
1135.365,,,,,,,,,,,,,,
1135.38,193.55,132.7528789279,,89.33501727149999,,89.33501727149999,98.837777423,,,,1.19826420479462,,,976.6977672
1135.447,,,,,,,,,,,,,,
1135.532,193.5,132.7619507753,,89.3531609663,,89.3531609663,98.837777423,,,,1.19826420479462,,,976.7764056
1135.599,,,,,,,,,,,,,,
1135.67,,,,,,,,,,,,,,
1135.685,193.24,132.7710226227,,88.4686558448,,88.4686558448,98.837777423,,,,1.19826420479462,,,976.8547392
1135.737,,,,,,,,,,,,,,
1135.804,,,,,,,,,,,,,,
1135.837,193.5,132.7800944701,,87.3573545383,,87.3573545383,98.837777423,,,,1.19826420479462,,,976.9333776
1135.871,,,,,,,,,,,,,,
1135.935,,,,,,,,,,,,,,
1135.99,193.63,132.7891663175,,86.8130436943,,86.8130436943,98.837777423,,,,1.19826420479462,,,977.012016
1135.999,,,,,1.25999999046326,,,,974.619995117188,974.619995117188,,1.25999999046326,7.72944881657452,
1136.063,,,,,,,,,,,,,,
1136.127,,,,,,,,,,,,,,
1136.142,193.63,132.7982381649,2343.75,86.7495407625,,86.7495407625,98.837777423,,,,1.19826420479462,,,977.0906544
1136.191,,,,,,,,,,,,,,
1136.294,193.61,132.8073100123,,86.6769659833,,86.6769659833,98.837777423,,,,1.19826420479462,,,977.1692928
1136.322,,,,,,,,,,,,,,
1136.386,,,,,,,,,,,,,,
1136.447,193.75,132.8163818597,,86.5681038145,,86.5681038145,98.837777423,,,,1.19826420479462,,,977.2479312
1136.45,,,,,,,,,,,,,,
1136.575,,,,,,,,,,,,,,
1136.599,193.75,132.8254537071,,86.6043912041,,86.6043912041,98.837777423,,,,1.19826420479462,,,977.3262648
1136.639,,,,,,,,,,,,,,
1136.703,,,,,,,,,,,,,,
1136.752,193.42,132.8345255545,,86.72232522030001,,86.72232522030001,98.837777423,,,,1.19826420479462,,,977.4049032
1136.776,,,,,,,,,,,,,,
1136.843,,,,,,,,,,,,,,
1136.904,193.35,132.8435974019,,86.7948999995,,86.7948999995,98.837777423,,,,1.19826420479462,,,977.4835416
1136.907,,,,,,,,,,,,,,
1136.971,,,,,,,,,,,,,,
1136.998,,,,,1.25999999046326,,,,975.0700073242192,975.0700073242192,,1.25999999046326,10.5132745836924,
1137.035,,,,,,,,,,,,,,
1137.056,193.0,132.8526692493,2343.75,87.0080884134,,87.0080884134,98.837777423,,,,1.19826420479462,,,977.56218
1137.102,,,,,,,,,,,,,,
1137.169,,,,,,,,,,,,,,
1137.2089999999998,193.26,132.8617410967,,86.9037621683,,86.9037621683,98.837777423,,,,1.19826420479462,,,977.6408184
1137.233,,,,,,,,,,,,,,
1137.294,,,,,,,,,,,,,,
1137.355,,,,,,,,,,,,,,
1137.361,193.38,132.86627702040002,,86.89015439719999,,86.89015439719999,98.837777423,,,,1.19826420479462,,,977.7194568
1137.419,,,,,,,,,,,,,,
1137.514,193.4,132.8753488678,,86.6633582122,,86.6633582122,98.837777423,,,,1.19826420479462,,,977.7977904
1137.5410000000002,,,,,,,,,,,,,,
1137.602,,,,,,,,,,,,,,
1137.663,,,,,,,,,,,,,,
1137.6660000000002,193.72,132.8844207152,,86.6089271278,,86.6089271278,98.837777423,,,,1.19826420479462,,,977.8764288
1137.724,,,,,,,,,,,,,,
1137.785,,,,,,,,,,,,,,
1137.818,193.12,132.8934925626,,86.5726397382,,86.5726397382,98.837777423,,,,1.19826420479462,,,977.9550672
1137.846,,,,,,,,,,,,,,
1137.907,,,,,,,,,,,,,,
1137.965,,,,,,,,,,,,,,
1137.971,193.84,132.90256441,2343.75,86.5635678908,,86.5635678908,98.837777423,,,,1.19826420479462,,,978.0337056
1138.001,,,,,1.25999999046326,,,,975.530029296875,975.530029296875,,1.25999999046326,10.3705139637837,
1138.026,,,,,,,,,,,,,,
1138.096,,,,,,,,,,,,,,
1138.123,193.44,132.9116362574,,86.590783433,,86.590783433,98.837777423,,,,1.19826420479462,,,978.112344
1138.154,,,,,,,,,,,,,,
1138.215,,,,,,,,,,,,,,
1138.276,193.68,132.92070810479998,,86.6089271278,,86.6089271278,98.837777423,,,,1.19826420479462,,,978.1909824
1138.337,,,,,,,,,,,,,,
1138.428,193.42,132.9297799522,,86.5590319671,,86.5590319671,98.837777423,,,,1.19826420479462,,,978.269316
1138.458,,,,,,,,,,,,,,
1138.516,,,,,,,,,,,,,,
1138.58,193.79,132.9388517996,,86.61799897520001,,86.61799897520001,98.837777423,,,,1.19826420479462,,,978.3479544
1138.641,,,,,,,,,,,,,,
1138.702,,,,,,,,,,,,,,
1138.733,193.72,132.947923647,,86.7313970677,,86.7313970677,98.837777423,,,,1.19826420479462,,,978.4265928
1138.766,,,,,,,,,,,,,,
1138.827,,,,,,,,,,,,,,
1138.885,193.32,132.95699549440002,2343.75,86.7903640758,,86.7903640758,98.837777423,,,,1.19826420479462,,,978.5052312
1138.888,,,,,,,,,,,,,,
1138.952,,,,,,,,,,,,,,
1139.001,,,,,1.25999999046326,,,,975.969970703125,975.969970703125,,1.25999999046326,10.2073595253036,
1139.01,,,,,,,,,,,,,,
1139.038,193.68,132.9660673418,,86.8493310839,,86.8493310839,98.837777423,,,,1.19826420479462,,,978.5838696
1139.071,,,,,,,,,,,,,,
1139.135,,,,,,,,,,,,,,
1139.19,193.28,132.9751391892,,86.86747477870001,,86.86747477870001,98.837777423,,,,1.19826420479462,,,978.662508
1139.196,,,,,,,,,,,,,,
1139.257,,,,,,,,,,,,,,
1139.342,191.83,132.9842110366,,87.2303486747,,87.2303486747,98.837777423,,,,1.19826420479462,,,978.7411464
1139.385,,,,,,,,,,,,,,
1139.446,,,,,,,,,,,,,,
1139.495,174.46,132.993282884,,87.1078787348,,87.1078787348,98.837777423,,,,1.19826420479462,,,978.81948
1139.51,,,,,,,,,,,,,,
1139.58,,,,,,,,,,,,,,
1139.641,,,,,,,,,,,,,,
1139.647,170.67,133.0023547314,,87.1305583533,,87.1305583533,98.837777423,,,,1.19826420479462,,,978.8981184
1139.708,,,,,,,,,,,,,,
1139.775,,,,,,,,,,,,,,
1139.8,182.48,133.01142657879998,,87.78826728979999,,87.78826728979999,98.837777423,,,,1.19826420479462,,,978.9767568
1139.839,,,,,,,,,,,,,,
1139.903,,,,,,,,,,,,,,
1139.952,184.33,133.02049842620002,2304.69,87.8018750609,,87.8018750609,98.837777423,,,,1.19826420479462,,,979.0553952
1139.967,,,,,,,,,,,,,,
1140.001,,,,,1.25999999046326,,,,976.419982910156,976.419982910156,,1.25999999046326,9.738290028434651,
1140.031,,,,,,,,,,,,,,
1140.095,,,,,,,,,,,,,,
1140.104,187.54,133.0295702736,,87.7111565869,,87.7111565869,98.837777423,,,,1.19826420479462,,,979.1340336
1140.159,,,,,,,,,,,,,,
1140.223,,,,,,,,,,,,,,
1140.257,190.96,133.038642121,,87.87898576379999,,87.87898576379999,98.837777423,,,,1.19826420479462,,,979.212672
1140.29,,,,,,,,,,,,,,
1140.354,,,,,,,,,,,,,,
1140.409,191.67,133.0431780447,,88.2736111257,,88.2736111257,98.837777423,,,,1.19826420479462,,,979.2913104
1140.421,,,,,,,,,,,,,,
1140.488,,,,,,,,,,,,,,
1140.552,,,,,,,,,,,,,,
1140.562,194.7,133.05224989209998,,88.4731917685,,88.4731917685,98.837777423,,,,1.19826420479462,,,979.369644
1140.62,,,,,,,,,,,,,,
1140.687,,,,,,,,,,,,,,
1140.714,193.96,133.06132173950002,,88.3461859049,,88.3461859049,98.837777423,,,,1.19826420479462,,,979.4482824
1140.751,,,,,,,,,,,,,,
1140.815,,,,,,,,,,,,,,
1140.866,191.52,133.0703935869,2343.75,88.1647489569,,88.1647489569,98.837777423,,,,1.19826420479462,,,979.5269208
1140.885,,,,,,,,,,,,,,
1140.946,,,,,,,,,,,,,,
1141.001,,,,,1.25999999046326,,,,976.869995117188,976.869995117188,,1.25999999046326,9.32020653671004,
1141.019,191.0,133.0794654343,,88.29175482049999,,88.29175482049999,98.837777423,,,,1.19826420479462,,,979.6055592
1141.086,,,,,,,,,,,,,,
1141.15,,,,,,,,,,,,,,
1141.171,193.09,133.0885372817,,88.0785664066,,88.0785664066,98.837777423,,,,1.19826420479462,,,979.6838928
1141.214,,,,,,,,,,,,,,
1141.3239999999998,202.74,133.0976091291,,88.32350628639999,,88.32350628639999,98.837777423,,,,1.19826420479462,,,979.7625312
1141.348,,,,,,,,,,,,,,
1141.412,,,,,,,,,,,,,,
1141.476,204.17,133.1066809765,,88.7861705038,,88.7861705038,98.837777423,,,,1.19826420479462,,,979.8411696
1141.482,,,,,,,,,,,,,,
1141.549,,,,,,,,,,,,,,
1141.616,,,,,,,,,,,,,,
1141.628,195.09,133.11575282389998,,88.3053625916,,88.3053625916,98.837777423,,,,1.19826420479462,,,979.919808
1141.68,,,,,,,,,,,,,,
1141.744,,,,,,,,,,,,,,
1141.781,192.7,133.1248246713,2343.75,87.7429080528,,87.7429080528,98.837777423,,,,1.19826420479462,,,979.9984464
1141.805,,,,,,,,,,,,,,
1141.869,,,,,,,,,,,,,,
1141.933,192.76,133.1338965187,,87.634045884,,87.634045884,98.837777423,,,,1.19826420479462,,,980.0770848
1141.997,,,,,,,,,,,,,,
1142.0,,,,,1.25999999046326,,,,977.3200073242192,977.3200073242192,,1.25999999046326,8.04556078424905,
1142.061,,,,,,,,,,,,,,
1142.086,192.42,133.1429683661,,87.66126142620001,,87.66126142620001,98.837777423,,,,1.19826420479462,,,980.1554184
1142.125,,,,,,,,,,,,,,
1142.186,,,,,,,,,,,,,,
1142.238,192.43,133.15204021350002,,88.1466052621,,88.1466052621,98.837777423,,,,1.19826420479462,,,980.2340568
1142.256,,,,,,,,,,,,,,
1142.329,,,,,,,,,,,,,,
1142.39,192.77,133.1611120609,,89.05379000209999,,89.05379000209999,98.837777423,,,,1.19826420479462,,,980.3126952
1142.4,,,,,,,,,,,,,,
1142.473,,,,,,,,,,,,,,
1142.543,192.33,133.1701839083,,89.9201514288,,89.9201514288,98.837777423,,,,1.19826420479462,,,980.3913336
1142.549,,,,,,,,,,,,,,
1142.628,,,,,,,,,,,,,,
1142.695,192.16,133.17925575569998,,90.04262136870001,,90.04262136870001,98.837777423,,,,1.19826420479462,,,980.469972
1142.704,,,,,,,,,,,,,,
1142.787,,,,,,,,,,,,,,
1142.848,192.47,133.1883276031,2343.75,89.2352269501,,89.2352269501,98.837777423,,,,1.19826420479462,,,980.5486104
1142.866,,,,,,,,,,,,,,
1142.942,,,,,,,,,,,,,,
1143.0,192.9,133.1973994505,,88.5457665477,1.25999999046326,88.5457665477,98.837777423,,977.760009765625,977.760009765625,1.19826420479462,1.25999999046326,9.19784070784995,980.6272488
1143.015,,,,,,,,,,,,,,
1143.091,,,,,,,,,,,,,,
1143.152,192.19,133.2064712979,,88.61834132690001,,88.61834132690001,98.837777423,,,,1.19826420479462,,,980.7058872
1143.165,,,,,,,,,,,,,,
1143.238,,,,,,,,,,,,,,
1143.305,192.25,133.21554314530002,,89.2352269501,,89.2352269501,98.837777423,,,,1.19826420479462,,,980.7842207999998
1143.317,,,,,,,,,,,,,,
1143.457,192.19,133.2246149927,,90.00179805540002,,90.00179805540002,98.837777423,,,,1.19826420479462,,,980.8628592
1143.509,,,,,,,,,,,,,,
1143.591,,,,,,,,,,,,,,
1143.61,192.17,133.2336868401,,89.3622328137,,89.3622328137,98.837777423,,,,1.19826420479462,,,980.9414976
1143.671,,,,,,,,,,,,,,
1143.753,,,,,,,,,,,,,,
1143.762,192.26,133.2382227638,,89.42573574549999,,89.42573574549999,98.837777423,,,,1.19826420479462,,,981.020136
1143.835,,,,,,,,,,,,,,
1143.914,192.28,133.2472946112,,88.99028707030001,,88.99028707030001,98.837777423,,,,1.19826420479462,,,981.0987744
1143.991,,,,,,,,,,,,,,
1144.0,,,,,1.25999999046326,,,,978.219970703125,978.219970703125,,1.25999999046326,7.80082912652887,
1144.067,192.15,133.2563664586,2343.75,88.3960810656,,88.3960810656,98.837777423,,,,1.19826420479462,,,981.1774127999998
1144.07,,,,,,,,,,,,,,
1144.146,,,,,,,,,,,,,,
1144.219,192.5,133.265438306,,88.1012460251,,88.1012460251,98.837777423,,,,1.19826420479462,,,981.2560512
1144.231,,,,,,,,,,,,,,
1144.298,,,,,,,,,,,,,,
1144.372,192.35,133.2745101534,,87.56600702850001,,87.56600702850001,98.837777423,,,,1.19826420479462,,,981.3346896
1144.381,,,,,,,,,,,,,,
1144.454,,,,,,,,,,,,,,
1144.524,192.67,133.2835820008,,86.7313970677,,86.7313970677,98.837777423,,,,1.19826420479462,,,981.413328
1144.661,,,,,,,,,,,,,,
1144.6760000000002,192.65,133.2926538482,,86.2959483925,,86.2959483925,98.837777423,,,,1.19826420479462,,,981.4919664
1144.725,,,,,,,,,,,,,,
1144.789,,,,,,,,,,,,,,
1144.829,192.0,133.3017256956,,86.3367717058,,86.3367717058,98.837777423,,,,1.19826420479462,,,981.5706048
1144.856,,,,,,,,,,,,,,
1144.92,,,,,,,,,,,,,,
1144.981,192.83,133.31079754299998,,86.3594513243,,86.3594513243,98.837777423,,,,1.19826420479462,,,981.6492432
1144.984,,,,,,,,,,,,,,
1144.999,,,,,1.25999999046326,,,,978.6599731445308,978.6599731445308,,1.25999999046326,9.15705112575276,
1145.048,,,,,,,,,,,,,,
1145.112,,,,,,,,,,,,,,
1145.134,192.67,133.31986939040002,2343.75,86.5091368064,,86.5091368064,98.837777423,,,,1.19826420479462,,,981.7275768
1145.179,,,,,,,,,,,,,,
1145.243,,,,,,,,,,,,,,
1145.286,192.35,133.3289412378,,86.4365620272,,86.4365620272,98.837777423,,,,1.19826420479462,,,981.8062152
1145.307,,,,,,,,,,,,,,
1145.371,,,,,,,,,,,,,,
1145.438,192.33,133.3380130852,,86.4365620272,,86.4365620272,98.837777423,,,,1.19826420479462,,,981.8848536
1145.502,,,,,,,,,,,,,,
1145.591,192.0,133.3470849326,,86.39573871389999,,86.39573871389999,98.837777423,,,,1.19826420479462,,,981.963492
1145.64,,,,,,,,,,,,,,
1145.701,,,,,,,,,,,,,,
1145.743,192.33,133.35615678,,86.2551250792,,86.2551250792,98.837777423,,,,1.19826420479462,,,982.0421304
1145.761,,,,,,,,,,,,,,
1145.825,,,,,,,,,,,,,,
1145.89,,,,,,,,,,,,,,
1145.896,192.42,133.3652286274,,86.4410979509,,86.4410979509,98.837777423,,,,1.19826420479462,,,982.1207688
1145.957,,,,,,,,,,,,,,
1145.999,,,,,1.25999999046326,,,,979.109985351563,979.109985351563,,1.25999999046326,8.67778520583669,
1146.018,,,,,,,,,,,,,,
1146.048,192.5,133.3743004748,2343.75,86.32316393469999,,86.32316393469999,98.837777423,,,,1.19826420479462,,,982.1994072
1146.082,,,,,,,,,,,,,,
1146.139,,,,,,,,,,,,,,
1146.2,192.2,133.3833723222,,86.3821309428,,86.3821309428,98.837777423,,,,1.19826420479462,,,982.2780456
1146.203,,,,,,,,,,,,,,
1146.271,,,,,,,,,,,,,,
1146.335,,,,,,,,,,,,,,
1146.353,192.58,133.3924441696,,86.4909931116,,86.4909931116,98.837777423,,,,1.19826420479462,,,982.356684
1146.399,,,,,,,,,,,,,,
1146.4589999999998,,,,,,,,,,,,,,
1146.505,192.65,133.401516017,,86.61346305149999,,86.61346305149999,98.837777423,,,,1.19826420479462,,,982.4353224
1146.527,,,,,,,,,,,,,,
1146.594,,,,,,,,,,,,,,
1146.658,192.3,133.4060519407,,86.61799897520001,,86.61799897520001,98.837777423,,,,1.19826420479462,,,982.5139608
1146.661,,,,,,,,,,,,,,
1146.731,,,,,,,,,,,,,,
1146.795,,,,,,,,,,,,,,
1146.81,192.0,133.4151237881,,86.7631485336,,86.7631485336,98.837777423,,,,1.19826420479462,,,982.5925992
1146.862,,,,,,,,,,,,,,
1146.929,,,,,,,,,,,,,,
1146.962,192.5,133.42419563549998,,86.817579618,,86.817579618,98.837777423,,,,1.19826420479462,,,982.6712376
1146.996,,,,,,,,,,,,,,
1146.999,,,,,1.25999999046326,,,,979.5499877929692,979.5499877929692,,1.25999999046326,12.2161997646865,
1147.063,,,,,,,,,,,,,,
1147.115,192.65,133.43326748290002,2343.75,86.7087174492,,86.7087174492,98.837777423,,,,1.19826420479462,,,982.749876
1147.13,,,,,,,,,,,,,,
1147.206,,,,,,,,,,,,,,
1147.267,192.09,133.4423393303,,86.545424196,,86.545424196,98.837777423,,,,1.19826420479462,,,982.8285144
1147.273,,,,,,,,,,,,,,
1147.331,,,,,,,,,,,,,,
1147.386,,,,,,,,,,,,,,
1147.42,192.37,133.4514111777,,86.8946903209,,86.8946903209,98.837777423,,,,1.19826420479462,,,982.9071528
1147.441,,,,,,,,,,,,,,
1147.5510000000002,,,,,,,,,,,,,,
1147.572,192.15,133.4604830251,,87.452608936,,87.452608936,98.837777423,,,,1.19826420479462,,,982.9857912
1147.66,,,,,,,,,,,,,,
1147.715,,,,,,,,,,,,,,
1147.724,192.75,133.4695548725,,87.40724969899999,,87.40724969899999,98.837777423,,,,1.19826420479462,,,983.0644296
1147.77,,,,,,,,,,,,,,
1147.825,,,,,,,,,,,,,,
1147.877,192.64,133.4786267199,,87.47528855450001,,87.47528855450001,98.837777423,,,,1.19826420479462,,,983.143068
1147.88,,,,,,,,,,,,,,
1147.935,,,,,,,,,,,,,,
1147.99,,,,,,,,,,,,,,
1147.999,,,,,1.25999999046326,,,,979.989990234375,979.989990234375,,1.25999999046326,10.3705139637837,
1148.029,192.78,133.4876985673,2382.81,87.6204381129,,87.6204381129,98.837777423,,,,1.19826420479462,,,983.2217064
1148.047,,,,,,,,,,,,,,
1148.102,,,,,,,,,,,,,,
1148.157,,,,,,,,,,,,,,
1148.182,192.57,133.4967704147,,87.5569351811,,87.5569351811,98.837777423,,,,1.19826420479462,,,983.3003448
1148.212,,,,,,,,,,,,,,
1148.267,,,,,,,,,,,,,,
1148.3339999999998,192.71,133.5058422621,,87.5161118678,,87.5161118678,98.837777423,,,,1.19826420479462,,,983.3789832
1148.383,,,,,,,,,,,,,,
1148.438,,,,,,,,,,,,,,
1148.486,192.33,133.5149141095,,87.47528855450001,,87.47528855450001,98.837777423,,,,1.19826420479462,,,983.4576216
1148.496,,,,,,,,,,,,,,
1148.55,,,,,,,,,,,,,,
1148.605,,,,,,,,,,,,,,
1148.639,192.96,133.5239859569,,87.40724969899999,,87.40724969899999,98.837777423,,,,1.19826420479462,,,983.53626
1148.66,,,,,,,,,,,,,,
1148.718,,,,,,,,,,,,,,
1148.773,,,,,,,,,,,,,,
1148.7910000000002,192.3,133.5330578043,2343.75,87.4798244782,,87.4798244782,98.837777423,,,,1.19826420479462,,,983.6148984
1148.831,,,,,,,,,,,,,,
1148.886,,,,,,,,,,,,,,
1148.944,192.0,133.5421296517,,87.4888963256,,87.4888963256,98.837777423,,,,1.19826420479462,,,983.6935367999998
1148.998,,,,,,,,,,,,,,
1149.002,,,,,1.25,,,,980.4299926757808,980.4299926757808,,1.25999999046326,9.14685470270562,
1149.056,,,,,,,,,,,,,,
1149.096,192.96,133.5512014991,,87.452608936,,87.452608936,98.837777423,,,,1.19826420479462,,,983.7721752
1149.111,,,,,,,,,,,,,,
1149.227,,,,,,,,,,,,,,
1149.248,192.0,133.5602733465,,87.4344652412,,87.4344652412,98.837777423,,,,1.19826420479462,,,983.8508136
1149.288,,,,,,,,,,,,,,
1149.343,,,,,,,,,,,,,,
1149.401,192.73,133.5693451939,,87.43900116489999,,87.43900116489999,98.837777423,,,,1.19826420479462,,,983.929452
1149.456,,,,,,,,,,,,,,
1149.514,,,,,,,,,,,,,,
1149.553,192.68,133.5784170413,,87.53879148629998,,87.53879148629998,98.837777423,,,,1.19826420479462,,,984.0083952
1149.565,,,,,,,,,,,,,,
1149.626,,,,,,,,,,,,,,
1149.684,,,,,,,,,,,,,,
1149.706,192.59,133.58748888870002,2343.75,87.5206477915,,87.5206477915,98.837777423,,,,1.19826420479462,,,984.0870336000002
1149.739,,,,,,,,,,,,,,
1149.849,,,,,,,,,,,,,,
1149.858,192.0,133.59202481239998,,87.46621670709999,,87.46621670709999,98.837777423,,,,1.19826420479462,,,984.165672
1149.904,,,,,,,,,,,,,,
1149.9589999999998,,,,,,,,,,,,,,
1150.001,,,,,1.24000000953674,,,,980.880004882813,980.880004882813,,1.25999999046326,10.6152456215039,
1150.01,192.37,133.6010966598,,87.4253933938,,87.4253933938,98.837777423,,,,1.19826420479462,,,984.2443104
1150.016,,,,,,,,,,,,,,
1150.0739999999998,,,,,,,,,,,,,,
1150.129,,,,,,,,,,,,,,
1150.163,192.61,133.6101685072,,87.5025040967,,87.5025040967,98.837777423,,,,1.19826420479462,,,984.3229488
1150.184,,,,,,,,,,,,,,
1150.239,,,,,,,,,,,,,,
1150.294,,,,,,,,,,,,,,
1150.315,192.44,133.61924035459998,,87.54786333370001,,87.54786333370001,98.837777423,,,,1.19826420479462,,,984.4015872
1150.352,,,,,,,,,,,,,,
1150.41,,,,,,,,,,,,,,
1150.465,,,,,,,,,,,,,,
1150.468,192.7,133.62831220200002,2343.75,87.59775849440001,,87.59775849440001,98.837777423,,,,1.19826420479462,,,984.4802256000002
1150.519,,,,,,,,,,,,,,
1150.58,,,,,,,,,,,,,,
1150.62,192.74,133.6373840494,,87.52971963889999,,87.52971963889999,98.837777423,,,,1.19826420479462,,,984.558864
1150.641,,,,,,,,,,,,,,
1150.702,,,,,,,,,,,,,,
1150.751,,,,,,,,,,,,,,
1150.772,192.65,133.6464558968,,87.41178562270001,,87.41178562270001,98.837777423,,,,1.19826420479462,,,984.6375024
1150.812,,,,,,,,,,,,,,
1150.922,,,,,,,,,,,,,,
1150.925,192.43,133.6555277442,,87.52971963889999,,87.52971963889999,98.837777423,,,,1.19826420479462,,,984.7161408
1150.98,,,,,,,,,,,,,,
1151.001,,,,,1.25,,,,981.309997558594,981.309997558594,,1.25999999046326,10.5234710067395,
1151.038,,,,,,,,,,,,,,
1151.077,192.7,133.6645995916,,87.4616807834,,87.4616807834,98.837777423,,,,1.19826420479462,,,984.7947792
1151.092,,,,,,,,,,,,,,
1151.15,,,,,,,,,,,,,,
1151.205,,,,,,,,,,,,,,
1151.23,192.3,133.673671439,,87.4163215464,,87.4163215464,98.837777423,,,,1.19826420479462,,,984.8734176
1151.26,,,,,,,,,,,,,,
1151.318,,,,,,,,,,,,,,
1151.373,,,,,,,,,,,,,,
1151.382,192.3,133.68274328639998,2382.81,87.4344652412,,87.4344652412,98.837777423,,,,1.19826420479462,,,984.9523608
1151.428,,,,,,,,,,,,,,
1151.486,,,,,,,,,,,,,,
1151.534,192.67,133.6918151338,,87.4299293175,,87.4299293175,98.837777423,,,,1.19826420479462,,,985.0309992
1151.54,,,,,,,,,,,,,,
1151.595,,,,,,,,,,,,,,
1151.65,,,,,,,,,,,,,,
1151.687,192.0,133.7008869812,,87.5025040967,,87.5025040967,98.837777423,,,,1.19826420479462,,,985.1096376
1151.708,,,,,,,,,,,,,,
1151.76,,,,,,,,,,,,,,
1151.818,,,,,,,,,,,,,,
1151.839,192.3,133.7099588286,,87.4571448597,,87.4571448597,98.837777423,,,,1.19826420479462,,,985.188276
1151.873,,,,,,,,,,,,,,
1151.937,,,,,,,,,,,,,,
1151.992,192.0,133.71903067600002,,87.3709623094,,87.3709623094,98.837777423,,,,1.19826420479462,,,985.2669144
1152.001,,,,,1.25999999046326,,,,981.75,981.75,,1.25999999046326,8.9633054731769,
1152.046,,,,,,,,,,,,,,
1152.101,,,,,,,,,,,,,,
1152.144,192.5,133.7281025234,2382.81,87.41178562270001,,87.41178562270001,98.837777423,,,,1.19826420479462,,,985.3455528
1152.153,,,,,,,,,,,,,,
1152.208,,,,,,,,,,,,,,
1152.263,,,,,,,,,,,,,,
1152.296,192.04,133.7371743708,,87.4934322493,,87.4934322493,98.837777423,,,,1.19826420479462,,,985.4241912
1152.315,,,,,,,,,,,,,,
1152.373,,,,,,,,,,,,,,
1152.4489999999998,192.61,133.7462462182,,87.4616807834,,87.4616807834,98.837777423,,,,1.19826420479462,,,985.5031344
1152.482,,,,,,,,,,,,,,
1152.589,,,,,,,,,,,,,,
1152.601,192.43,133.7553180656,,87.3936419279,,87.3936419279,98.837777423,,,,1.19826420479462,,,985.5817728
1152.644,,,,,,,,,,,,,,
1152.702,,,,,,,,,,,,,,
1152.754,192.7,133.764389913,,87.3482826909,,87.3482826909,98.837777423,,,,1.19826420479462,,,985.6604112
1152.808,,,,,,,,,,,,,,
1152.866,,,,,,,,,,,,,,
1152.906,192.36,133.7734617604,,87.225812751,,87.225812751,98.837777423,,,,1.19826420479462,,,985.7390496
1152.918,,,,,,,,,,,,,,
1152.973,,,,,,,,,,,,,,
1153.0,,,,,1.25999999046326,,,,982.2000122070308,982.2000122070308,,1.25999999046326,11.0741177228485,
1153.028,,,,,,,,,,,,,,
1153.058,192.32,133.7779976841,2343.75,87.27117198799999,,87.27117198799999,98.837777423,,,,1.19826420479462,,,985.817688
1153.083,,,,,,,,,,,,,,
1153.193,,,,,,,,,,,,,,
1153.211,192.57,133.7870695315,,87.21674090360001,,87.21674090360001,98.837777423,,,,1.19826420479462,,,985.8963264
1153.253,,,,,,,,,,,,,,
1153.308,,,,,,,,,,,,,,
1153.363,192.64,133.7961413789,,87.2666360643,,87.2666360643,98.837777423,,,,1.19826420479462,,,985.9749648
1153.415,,,,,,,,,,,,,,
1153.467,,,,,,,,,,,,,,
1153.516,192.79,133.8052132263,,87.3528186146,,87.3528186146,98.837777423,,,,1.19826420479462,,,986.053908
1153.522,,,,,,,,,,,,,,
1153.5739999999998,,,,,,,,,,,,,,
1153.628,,,,,,,,,,,,,,
1153.668,192.66,133.8142850737,,87.28024383540001,,87.28024383540001,98.837777423,,,,1.19826420479462,,,986.1325464
1153.683,,,,,,,,,,,,,,
1153.735,,,,,,,,,,,,,,
1153.79,,,,,,,,,,,,,,
1153.82,192.43,133.8233569211,2343.75,87.2983875302,,87.2983875302,98.837777423,,,,1.19826420479462,,,986.2111848
1153.842,,,,,,,,,,,,,,
1153.897,,,,,,,,,,,,,,
1153.951,,,,,,,,,,,,,,
1153.973,192.28,133.8324287685,,87.2348845984,,87.2348845984,98.837777423,,,,1.19826420479462,,,986.2898232
1154.0,,,,,1.25999999046326,,,,982.630004882813,982.630004882813,,1.25999999046326,9.61592419957456,
1154.003,,,,,,,,,,,,,,
1154.055,,,,,,,,,,,,,,
1154.11,,,,,,,,,,,,,,
1154.125,192.66,133.8415006159,,87.2530282932,,87.2530282932,98.837777423,,,,1.19826420479462,,,986.3684616
1154.162,,,,,,,,,,,,,,
1154.217,,,,,,,,,,,,,,
1154.268,,,,,,,,,,,,,,
1154.278,192.61,133.8505724633,,87.2212768273,,87.2212768273,98.837777423,,,,1.19826420479462,,,986.4474048
1154.326,,,,,,,,,,,,,,
1154.381,,,,,,,,,,,,,,
1154.43,192.31,133.8596443107,,87.18498943770001,,87.18498943770001,98.837777423,,,,1.19826420479462,,,986.5260432
1154.433,,,,,,,,,,,,,,
1154.488,,,,,,,,,,,,,,
1154.543,,,,,,,,,,,,,,
1154.582,192.36,133.8687161581,2382.81,87.2303486747,,87.2303486747,98.837777423,,,,1.19826420479462,,,986.6046816
1154.595,,,,,,,,,,,,,,
1154.646,,,,,,,,,,,,,,
1154.701,,,,,,,,,,,,,,
1154.735,192.33,133.87778800549998,,87.2303486747,,87.2303486747,98.837777423,,,,1.19826420479462,,,986.68332
1154.753,,,,,,,,,,,,,,
1154.808,,,,,,,,,,,,,,
1154.86,,,,,,,,,,,,,,
1154.887,192.68,133.88685985290002,,87.2847797591,,87.2847797591,98.837777423,,,,1.19826420479462,,,986.7619584
1154.915,,,,,,,,,,,,,,
1155.0,,,,,1.25999999046326,,,,983.0700073242192,983.0700073242192,,1.25999999046326,11.1149063324686,
1155.024,,,,,,,,,,,,,,
1155.04,192.64,133.8959317003,,87.13509427700001,,87.13509427700001,98.837777423,,,,1.19826420479462,,,986.8409016
1155.076,,,,,,,,,,,,,,
1155.134,,,,,,,,,,,,,,
1155.186,,,,,,,,,,,,,,
1155.192,192.71,133.9050035477,,87.16684574290001,,87.16684574290001,98.837777423,,,,1.19826420479462,,,986.91954
1155.241,,,,,,,,,,,,,,
1155.293,,,,,,,,,,,,,,
1155.344,192.64,133.9140753951,,87.23942052209999,,87.23942052209999,98.837777423,,,,1.19826420479462,,,986.9981784
1155.347,,,,,,,,,,,,,,
1155.399,,,,,,,,,,,,,,
1155.454,,,,,,,,,,,,,,
1155.497,192.48,133.9231472425,2382.81,87.28024383540001,,87.28024383540001,98.837777423,,,,1.19826420479462,,,987.0768168
1155.512,,,,,,,,,,,,,,
1155.564,,,,,,,,,,,,,,
1155.61,,,,,,,,,,,,,,
1155.649,192.24,133.9322190899,,87.34374676719999,,87.34374676719999,98.837777423,,,,1.19826420479462,,,987.1554552
1155.667,,,,,,,,,,,,,,
1155.722,,,,,,,,,,,,,,
1155.802,192.75,133.94129093729998,,87.4253933938,,87.4253933938,98.837777423,,,,1.19826420479462,,,987.2343984
1155.829,,,,,,,,,,,,,,
1155.884,,,,,,,,,,,,,,
1155.936,,,,,,,,,,,,,,
1155.954,192.38,133.9503627847,,87.47528855450001,,87.47528855450001,98.837777423,,,,1.19826420479462,,,987.3130367999998
1155.988,,,,,,,,,,,,,,
1156.0,,,,,1.25999999046326,,,,983.5,983.5,,1.25999999046326,9.57513558995452,
1156.042,,,,,,,,,,,,,,
1156.094,,,,,,,,,,,,,,
1156.106,192.62,133.9594346321,,87.67033327360001,,87.67033327360001,98.837777423,,,,1.19826420479462,,,987.3916752
1156.149,,,,,,,,,,,,,,
1156.201,,,,,,,,,,,,,,
1156.253,,,,,,,,,,,,,,
1156.259,192.14,133.9639705558,2382.81,87.679405121,,87.679405121,98.837777423,,,,1.19826420479462,,,987.4703136
1156.305,,,,,,,,,,,,,,
1156.362,,,,,,,,,,,,,,
1156.411,192.79,133.9730424032,,87.6113662655,,87.6113662655,98.837777423,,,,1.19826420479462,,,987.5492568
1156.414,,,,,,,,,,,,,,
1156.466,,,,,,,,,,,,,,
1156.518,,,,,,,,,,,,,,
1156.564,192.52,133.9821142506,,87.57054295219999,,87.57054295219999,98.837777423,,,,1.19826420479462,,,987.6278952
1156.576,,,,,,,,,,,,,,
1156.631,,,,,,,,,,,,,,
1156.682,,,,,,,,,,,,,,
1156.716,192.03,133.991186098,,87.56147110479999,,87.56147110479999,98.837777423,,,,1.19826420479462,,,987.7065336
1156.728,,,,,,,,,,,,,,
1156.789,,,,,,,,,,,,,,
1156.841,,,,,,,,,,,,,,
1156.868,192.61,134.00025794540002,,87.5161118678,,87.5161118678,98.837777423,,,,1.19826420479462,,,987.785172
1156.896,,,,,,,,,,,,,,
1156.945,,,,,,,,,,,,,,
1156.999,,,,,1.25999999046326,,,,983.940002441406,983.940002441406,,1.25999999046326,9.738290028434651,
1157.021,192.0,134.0093297928,2382.81,87.5796147996,,87.5796147996,98.837777423,,,,1.19826420479462,,,987.8641152
1157.0510000000002,,,,,,,,,,,,,,
1157.103,,,,,,,,,,,,,,
1157.173,192.55,134.0184016402,,87.6431177314,,87.6431177314,98.837777423,,,,1.19826420479462,,,987.9427536
1157.262,,,,,,,,,,,,,,
1157.313,,,,,,,,,,,,,,
1157.326,192.41,134.0274734876,,87.6567255025,,87.6567255025,98.837777423,,,,1.19826420479462,,,988.021392
1157.368,,,,,,,,,,,,,,
1157.42,,,,,,,,,,,,,,
1157.475,,,,,,,,,,,,,,
1157.478,192.36,134.036545335,,87.5750788759,,87.5750788759,98.837777423,,,,1.19826420479462,,,988.1003352
1157.527,,,,,,,,,,,,,,
1157.579,,,,,,,,,,,,,,
1157.63,192.1,134.0456171824,,87.47528855450001,,87.47528855450001,98.837777423,,,,1.19826420479462,,,988.1789736
1157.633,,,,,,,,,,,,,,
1157.688,,,,,,,,,,,,,,
1157.74,,,,,,,,,,,,,,
1157.783,192.21,134.0546890298,2343.75,87.53425556260001,,87.53425556260001,98.837777423,,,,1.19826420479462,,,988.257612
1157.792,,,,,,,,,,,,,,
1157.844,,,,,,,,,,,,,,
1157.905,,,,,,,,,,,,,,
1157.935,192.25,134.0637608772,,87.5115759441,,87.5115759441,98.837777423,,,,1.19826420479462,,,988.3362504
1157.957,,,,,,,,,,,,,,
1157.999,,,,,1.25999999046326,,,,984.369995117188,984.369995117188,,1.25999999046326,10.268541953495,
1158.011,,,,,,,,,,,,,,
1158.063,,,,,,,,,,,,,,
1158.088,192.38,134.0728327246,,87.46621670709999,,87.46621670709999,98.837777423,,,,1.19826420479462,,,988.4151936
1158.118,,,,,,,,,,,,,,
1158.225,,,,,,,,,,,,,,
1158.24,192.68,134.081904572,,87.46621670709999,,87.46621670709999,98.837777423,,,,1.19826420479462,,,988.493832
1158.277,,,,,,,,,,,,,,
1158.331,,,,,,,,,,,,,,
1158.383,,,,,,,,,,,,,,
1158.392,192.59,134.0909764194,,87.41178562270001,,87.41178562270001,98.837777423,,,,1.19826420479462,,,988.5724704
1158.435,,,,,,,,,,,,,,
1158.487,,,,,,,,,,,,,,
1158.539,,,,,,,,,,,,,,
1158.545,192.73,134.1000482668,,87.6385818077,,87.6385818077,98.837777423,,,,1.19826420479462,,,988.6514136
1158.587,,,,,,,,,,,,,,
1158.642,,,,,,,,,,,,,,
1158.697,192.14,134.1091201142,2382.81,87.73383620540001,,87.73383620540001,98.837777423,,,,1.19826420479462,,,988.730052
1158.752,,,,,,,,,,,,,,
1158.804,,,,,,,,,,,,,,
1158.85,192.27,134.1181919616,,87.5750788759,,87.5750788759,98.837777423,,,,1.19826420479462,,,988.8086904
1158.856,,,,,,,,,,,,,,
1158.904,,,,,,,,,,,,,,
1158.999,,,,,1.25999999046326,,,,984.809997558594,984.809997558594,,1.25999999046326,9.972824290630529,
1159.002,192.6,134.127263809,,87.7791954424,,87.7791954424,98.837777423,,,,1.19826420479462,,,988.8876336
1159.011,,,,,,,,,,,,,,
1159.06,,,,,,,,,,,,,,
1159.109,,,,,,,,,,,,,,
1159.154,192.37,134.13179973270002,,87.85630614530001,,87.85630614530001,98.837777423,,,,1.19826420479462,,,988.966272
1159.16,,,,,,,,,,,,,,
1159.2089999999998,,,,,,,,,,,,,,
1159.252,,,,,,,,,,,,,,
1159.304,,,,,,,,,,,,,,
1159.307,192.25,134.1408715801,,87.8835216875,,87.8835216875,98.837777423,,,,1.19826420479462,,,989.0449104
1159.356,,,,,,,,,,,,,,
1159.407,,,,,,,,,,,,,,
1159.456,,,,,,,,,,,,,,
1159.4589999999998,192.27,134.1499434275,2382.81,87.8971294586,,87.8971294586,98.837777423,,,,1.19826420479462,,,989.1238536
1159.505,,,,,,,,,,,,,,
1159.557,,,,,,,,,,,,,,
1159.612,192.28,134.1590152749,,87.84723429790002,,87.84723429790002,98.837777423,,,,1.19826420479462,,,989.202492
1159.615,,,,,,,,,,,,,,
1159.6660000000002,,,,,,,,,,,,,,
1159.764,192.57,134.1680871223,,87.5569351811,,87.5569351811,98.837777423,,,,1.19826420479462,,,989.2811304
1159.776,,,,,,,,,,,,,,
1159.828,,,,,,,,,,,,,,
1159.88,,,,,,,,,,,,,,
1159.9160000000002,192.34,134.1771589697,,87.57054295219999,,87.57054295219999,98.837777423,,,,1.19826420479462,,,989.3600736
1159.932,,,,,,,,,,,,,,
1159.993,,,,,,,,,,,,,,
1159.999,,,,,1.25999999046326,,,,985.239990234375,985.239990234375,,1.25999999046326,11.0945125138971,
1160.038,,,,,,,,,,,,,,
1160.069,192.34,134.18623081709998,,87.6113662655,,87.6113662655,98.837777423,,,,1.19826420479462,,,989.438712
1160.096,,,,,,,,,,,,,,
1160.154,,,,,,,,,,,,,,
1160.206,,,,,,,,,,,,,,
1160.221,192.39,134.19530266450002,2343.75,87.6249740366,,87.6249740366,98.837777423,,,,1.19826420479462,,,989.5173504
1160.261,,,,,,,,,,,,,,
1160.316,,,,,,,,,,,,,,
1160.368,,,,,,,,,,,,,,
1160.374,192.71,134.2043745119,,87.5932225707,,87.5932225707,98.837777423,,,,1.19826420479462,,,989.5962936
1160.422,,,,,,,,,,,,,,
1160.474,,,,,,,,,,,,,,
1160.526,192.67,134.2134463593,,87.72476435799999,,87.72476435799999,98.837777423,,,,1.19826420479462,,,989.674932
1160.575,,,,,,,,,,,,,,
1160.624,,,,,,,,,,,,,,
1160.672,,,,,,,,,,,,,,
1160.678,192.35,134.2225182067,,87.96063239040001,,87.96063239040001,98.837777423,,,,1.19826420479462,,,989.7535704
1160.721,,,,,,,,,,,,,,
1160.767,,,,,,,,,,,,,,
1160.816,,,,,,,,,,,,,,
1160.831,192.63,134.2315900541,,88.1193897199,,88.1193897199,98.837777423,,,,1.19826420479462,,,989.8325136
1160.864,,,,,,,,,,,,,,
1160.9160000000002,,,,,,,,,,,,,,
1160.968,,,,,,,,,,,,,,
1160.983,192.45,134.2406619015,2382.81,88.0468149407,,88.0468149407,98.837777423,,,,1.19826420479462,,,989.911152
1161.001,,,,,1.25999999046326,,,,985.669982910156,985.669982910156,,1.25999999046326,11.3494415671416,
1161.02,,,,,,,,,,,,,,
1161.075,,,,,,,,,,,,,,
1161.133,,,,,,,,,,,,,,
1161.136,192.66,134.24973374889998,,87.7746595187,,87.7746595187,98.837777423,,,,1.19826420479462,,,989.9900952
1161.184,,,,,,,,,,,,,,
1161.236,,,,,,,,,,,,,,
1161.288,192.21,134.2588055963,,87.70208473950001,,87.70208473950001,98.837777423,,,,1.19826420479462,,,990.0687336
1161.343,,,,,,,,,,,,,,
1161.395,,,,,,,,,,,,,,
1161.44,192.47,134.2678774437,,87.7429080528,,87.7429080528,98.837777423,,,,1.19826420479462,,,990.147372
1161.443,,,,,,,,,,,,,,
1161.495,,,,,,,,,,,,,,
1161.547,,,,,,,,,,,,,,
1161.593,192.33,134.2769492911,,87.87898576379999,,87.87898576379999,98.837777423,,,,1.19826420479462,,,990.2263152
1161.596,,,,,,,,,,,,,,
1161.645,,,,,,,,,,,,,,
1161.745,192.43,134.2860211385,2382.81,87.99691978,,87.99691978,98.837777423,,,,1.19826420479462,,,990.3049536
1161.8,,,,,,,,,,,,,,
1161.898,192.67,134.2950929859,,87.8426983742,,87.8426983742,98.837777423,,,,1.19826420479462,,,990.3838968
1161.901,,,,,,,,,,,,,,
1161.946,,,,,,,,,,,,,,
1161.995,,,,,,,,,,,,,,
1162.001,,,,,1.25999999046326,,,,986.099975585938,986.099975585938,,1.25999999046326,11.3596389626659,
1162.05,192.87,134.3041648333,2363.28,91.0677401249,,91.0677401249,98.9874629051,,,,1.19826420479462,,,990.4625352
1162.0739999999998,,,,,,,,,,,,,,
1162.126,,,,,,,,,,,,,,
1162.154,,,,,,,,,,,,,,
1162.157,,,,,,,,,,,,,,
1162.202,194.55,134.3132366807,,92.8322144442,,92.8322144442,99.744962163,,,,1.19826420479462,,,990.5411736
1162.224,,,,,,,,,,,,,,
1162.279,,,,,,,,,,,,,,
1162.321,,,,,,,,,,,,,,
1162.355,194.61,134.3177726044,2382.81,90.809192474,,90.809192474,99.744962163,,,,1.19826420479462,,,990.6201168
1162.358,,,,,,,,,,,,,,
1162.394,,,,,,,,,,,,,,
1162.431,,,,,,,,,,,,,,
1162.501,,,,,,,,,,,,,,
1162.507,194.6,134.3268444518,,89.7296426334,,89.7296426334,99.744962163,,,,1.19826420479462,,,990.6987552
1162.5410000000002,,,,,,,,,,,,,,
1162.577,,,,,,,,,,,,,,
1162.66,194.63,134.3359162992,,89.65253193049999,,89.65253193049999,99.744962163,,,,1.19826420479462,,,990.7776984
1162.684,,,,,,,,,,,,,,
1162.721,,,,,,,,,,,,,,
1162.754,,,,,,,,,,,,,,
1162.7910000000002,,,,,,,,,,,,,,
1162.812,194.23,134.3449881466,,89.8022174126,,89.8022174126,99.744962163,,,,1.19826420479462,,,990.8563368
1162.8239999999998,,,,,,,,,,,,,,
1162.861,,,,,,,,,,,,,,
1162.897,,,,,,,,,,,,,,
1162.934,,,,,,,,,,,,,,
1162.964,194.18,134.35405999399998,2382.81,89.7477863282,,89.7477863282,99.744962163,,,,1.19826420479462,,,990.9349752
1163.001,,,,,1.25999999046326,,,,986.530029296875,986.530029296875,,1.25999999046326,7.2909710200399,
1163.035,,,,,,,,,,,,,,
1163.068,,,,,,,,,,,,,,
1163.105,,,,,,,,,,,,,,
1163.117,194.58,134.3631318414,,89.7432504045,,89.7432504045,99.744962163,,,,1.19826420479462,,,991.0139184
1163.138,,,,,,,,,,,,,,
1163.172,,,,,,,,,,,,,,
1163.208,,,,,,,,,,,,,,
1163.242,,,,,,,,,,,,,,
1163.269,194.5,134.3722036888,,89.7568581756,,89.7568581756,99.744962163,,,,1.19826420479462,,,991.0925568
1163.275,,,,,,,,,,,,,,
1163.309,,,,,,,,,,,,,,
1163.342,,,,,,,,,,,,,,
1163.382,,,,,,,,,,,,,,
1163.412,,,,,,,,,,,,,,
1163.422,194.3,134.3812755362,2382.81,89.7704659467,,89.7704659467,99.744962163,,,,1.19826420479462,,,991.1715
1163.446,,,,,,,,,,,,,,
1163.483,,,,,,,,,,,,,,
1163.55,,,,,,,,,,,,,,
1163.5739999999998,194.56,134.39034738360002,,89.7795377941,,89.7795377941,99.744962163,,,,1.19826420479462,,,991.2501384
1163.583,,,,,,,,,,,,,,
1163.62,,,,,,,,,,,,,,
1163.726,194.23,134.399419231,,89.7114989386,,89.7114989386,99.744962163,,,,1.19826420479462,,,991.3290816
1163.763,,,,,,,,,,,,,,
1163.8,,,,,,,,,,,,,,
1163.833,,,,,,,,,,,,,,
1163.867,,,,,,,,,,,,,,
1163.879,194.42,134.4084910784,,89.5708853039,,89.5708853039,99.744962163,,,,1.19826420479462,,,991.40772
1163.9,,,,,,,,,,,,,,
1163.937,,,,,,,,,,,,,,
1163.97,,,,,,,,,,,,,,
1164.001,,,,,1.25999999046326,,,,986.969970703125,986.969970703125,,1.25999999046326,7.831420340624599,
1164.004,,,,,,,,,,,,,,
1164.031,194.55,134.4175629258,2382.81,89.7432504045,,89.7432504045,99.744962163,,,,1.19826420479462,,,991.4866632
1164.04,,,,,,,,,,,,,,
1164.0739999999998,,,,,,,,,,,,,,
1164.107,,,,,,,,,,,,,,
1164.144,,,,,,,,,,,,,,
1164.184,194.59,134.4266347732,,89.7704659467,,89.7704659467,99.744962163,,,,1.19826420479462,,,991.5653016
1164.217,,,,,,,,,,,,,,
1164.248,,,,,,,,,,,,,,
1164.284,,,,,,,,,,,,,,
1164.3239999999998,,,,,,,,,,,,,,
1164.336,194.57,134.4357066206,,89.8702562681,,89.8702562681,99.744962163,,,,1.19826420479462,,,991.6442448
1164.357,,,,,,,,,,,,,,
1164.394,,,,,,,,,,,,,,
1164.427,,,,,,,,,,,,,,
1164.464,,,,,,,,,,,,,,
1164.488,194.6,134.44477846799998,2382.81,89.8838640392,,89.8838640392,99.744962163,,,,1.19826420479462,,,991.7228832
1164.498,,,,,,,,,,,,,,
1164.534,,,,,,,,,,,,,,
1164.604,,,,,,,,,,,,,,
1164.641,194.71,134.45385031540002,,89.9156155051,,89.9156155051,99.744962163,,,,1.19826420479462,,,991.8018264
1164.68,,,,,,,,,,,,,,
1164.793,194.57,134.4583862391,,89.7387144808,,89.7387144808,99.744962163,,,,1.19826420479462,,,991.8804648
1164.946,194.57,134.4583862391,,89.7387144808,,89.7387144808,99.744962163,,,,1.19826420479462,,,991.9591032
1165.0,,,,,1.25999999046326,,,,987.390014648438,987.390014648438,,1.25999999046326,8.63699659621666,
1165.098,194.0,134.4856017813,,89.62078046459999,,89.62078046459999,99.744962163,,,,1.19826420479462,,,992.0380464
1165.119,,,,,,,,,,,,,,
1165.168,,,,,,,,,,,,,,
1165.217,,,,,,,,,,,,,,
1165.25,194.42,134.490137705,,89.2306910264,,89.2306910264,99.744962163,,,,1.19826420479462,,,992.1166848
1165.266,,,,,,,,,,,,,,
1165.311,,,,,,,,,,,,,,
1165.36,,,,,,,,,,,,,,
1165.403,194.45,134.4992095524,,88.677308335,,88.677308335,99.744962163,,,,1.19826420479462,,,992.195628
1165.409,,,,,,,,,,,,,,
1165.458,,,,,,,,,,,,,,
1165.506,,,,,,,,,,,,,,
1165.555,194.59,134.5037454761,2382.81,88.60019763209999,,88.60019763209999,99.744962163,,,,1.19826420479462,,,992.2742664
1165.607,,,,,,,,,,,,,,
1165.705,,,,,,,,,,,,,,
1165.708,194.68,134.5128173235,,88.52762285290001,,88.52762285290001,99.744962163,,,,1.19826420479462,,,992.3532096
1165.753,,,,,,,,,,,,,,
1165.802,,,,,,,,,,,,,,
1165.86,194.91,134.5218891709,,88.44597622629999,,88.44597622629999,99.744962163,,,,1.19826420479462,,,992.4321528
1165.9,,,,,,,,,,,,,,
1165.945,,,,,,,,,,,,,,
1165.994,,,,,,,,,,,,,,
1166.0,,,,,1.25999999046326,,,,987.830017089844,987.830017089844,,1.25999999046326,9.31000914118574,
1166.012,194.61,134.5309610183,,88.4323684552,,88.4323684552,99.744962163,,,,1.19826420479462,,,992.5107912
1166.043,,,,,,,,,,,,,,
1166.092,,,,,,,,,,,,,,
1166.137,,,,,,,,,,,,,,
1166.165,194.28,134.5400328657,,88.4414403026,,88.4414403026,99.744962163,,,,1.19826420479462,,,992.5897344
1166.186,,,,,,,,,,,,,,
1166.229,,,,,,,,,,,,,,
1166.271,,,,,,,,,,,,,,
1166.317,194.06,134.5491047131,2382.81,88.57751801360001,,88.57751801360001,99.744962163,,,,1.19826420479462,,,992.6683728
1166.32,,,,,,,,,,,,,,
1166.369,,,,,,,,,,,,,,
1166.418,,,,,,,,,,,,,,
1166.467,,,,,,,,,,,,,,
1166.47,194.74,134.5581765605,,88.4822636159,,88.4822636159,99.744962163,,,,1.19826420479462,,,992.747316
1166.515,,,,,,,,,,,,,,
1166.622,194.44,134.5672484079,,88.35979367600001,,88.35979367600001,99.744962163,,,,1.19826420479462,,,992.8259544
1166.652,,,,,,,,,,,,,,
1166.698,,,,,,,,,,,,,,
1166.744,,,,,,,,,,,,,,
1166.774,194.43,134.5763202553,,88.677308335,,88.677308335,99.744962163,,,,1.19826420479462,,,992.9048976
1166.79,,,,,,,,,,,,,,
1166.838,,,,,,,,,,,,,,
1166.887,,,,,,,,,,,,,,
1166.927,194.59,134.5853921027,2382.81,88.58205393729999,,88.58205393729999,99.744962163,,,,1.19826420479462,,,992.983536
1166.936,,,,,,,,,,,,,,
1166.985,,,,,,,,,,,,,,
1167.0,,,,,1.25999999046326,,,,988.25,988.25,,1.25999999046326,8.24950431858778,
1167.03,,,,,,,,,,,,,,
1167.079,194.42,134.5944639501,,88.4142247604,,88.4142247604,99.744962163,,,,1.19826420479462,,,993.0624792
1167.128,,,,,,,,,,,,,,
1167.177,,,,,,,,,,,,,,
1167.226,,,,,,,,,,,,,,
1167.232,194.47,134.6035357975,,88.3688655234,,88.3688655234,99.744962163,,,,1.19826420479462,,,993.1411176
1167.274,,,,,,,,,,,,,,
1167.32,,,,,,,,,,,,,,
1167.369,,,,,,,,,,,,,,
1167.384,194.69,134.6126076449,,88.314434439,,88.314434439,99.744962163,,,,1.19826420479462,,,993.2200608
1167.418,,,,,,,,,,,,,,
1167.466,,,,,,,,,,,,,,
1167.515,,,,,,,,,,,,,,
1167.536,194.45,134.6216794923,,88.2736111257,,88.2736111257,99.744962163,,,,1.19826420479462,,,993.2986992
1167.564,,,,,,,,,,,,,,
1167.613,,,,,,,,,,,,,,
1167.658,,,,,,,,,,,,,,
1167.689,194.5,134.6307513397,2382.81,88.3507218286,,88.3507218286,99.744962163,,,,1.19826420479462,,,993.3776424
1167.713,,,,,,,,,,,,,,
1167.762,,,,,,,,,,,,,,
1167.841,194.48,134.63982318709998,,88.4006169893,,88.4006169893,99.744962163,,,,1.19826420479462,,,993.4565856
1167.856,,,,,,,,,,,,,,
1167.905,,,,,,,,,,,,,,
1167.954,,,,,,,,,,,,,,
1167.994,194.41,134.6488950345,,88.38700921819999,,88.38700921819999,99.744962163,,,,1.19826420479462,,,993.535224
1168.0,,,,,1.25999999046326,,,,988.6799926757808,988.6799926757808,,1.25999999046326,10.6662316266482,
1168.003,,,,,,,,,,,,,,
1168.052,,,,,,,,,,,,,,
1168.1,,,,,,,,,,,,,,
1168.146,194.48,134.6579668819,,88.4731917685,,88.4731917685,99.744962163,,,,1.19826420479462,,,993.6141672
1168.149,,,,,,,,,,,,,,
1168.195,,,,,,,,,,,,,,
1168.237,,,,,,,,,,,,,,
1168.283,,,,,,,,,,,,,,
1168.298,194.41,134.6670387293,,88.7272034957,,88.7272034957,99.744962163,,,,1.19826420479462,,,993.6928056
1168.329,,,,,,,,,,,,,,
1168.378,,,,,,,,,,,,,,
1168.4260000000002,,,,,,,,,,,,,,
1168.451,194.22,134.6761105767,2382.81,88.7861705038,,88.7861705038,99.744962163,,,,1.19826420479462,,,993.7717488
1168.472,,,,,,,,,,,,,,
1168.57,,,,,,,,,,,,,,
1168.603,194.61,134.6851824241,,88.5593743188,,88.5593743188,99.744962163,,,,1.19826420479462,,,993.8503872
1168.618,,,,,,,,,,,,,,
1168.67,,,,,,,,,,,,,,
1168.756,194.31,134.6897183478,,88.4369043789,,88.4369043789,99.744962163,,,,1.19826420479462,,,993.9293304
1168.768,,,,,,,,,,,,,,
1168.814,,,,,,,,,,,,,,
1168.862,,,,,,,,,,,,,,
1168.908,194.31,134.69879019520002,,88.38700921819999,,88.38700921819999,99.744962163,,,,1.19826420479462,,,994.0082736
1168.954,,,,,,,,,,,,,,
1168.999,,,,,1.25999999046326,,,,989.109985351563,989.109985351563,,1.25999999046326,12.379355175643802,
1169.002,,,,,,,,,,,,,,
1169.048,,,,,,,,,,,,,,
1169.06,194.3,134.7078620426,,88.5548383951,,88.5548383951,99.744962163,,,,1.19826420479462,,,994.086912
1169.094,,,,,,,,,,,,,,
1169.14,,,,,,,,,,,,,,
1169.188,,,,,,,,,,,,,,
1169.213,195.0,134.71693389,2382.81,88.60926947950001,,88.60926947950001,99.744962163,,,,1.19826420479462,,,994.1658552
1169.234,,,,,,,,,,,,,,
1169.28,,,,,,,,,,,,,,
1169.326,,,,,,,,,,,,,,
1169.365,194.76,134.7260057374,,88.6546287165,,88.6546287165,99.744962163,,,,1.19826420479462,,,994.2444936
1169.368,,,,,,,,,,,,,,
1169.515,,,,,,,,,,,,,,
1169.518,194.34,134.7350775848,,88.677308335,,88.677308335,99.744962163,,,,1.19826420479462,,,994.3234368
1169.56,,,,,,,,,,,,,,
1169.606,,,,,,,,,,,,,,
1169.652,,,,,,,,,,,,,,
1169.67,194.24,134.7441494322,,88.7952423512,,88.7952423512,99.744962163,,,,1.19826420479462,,,994.40238
1169.697,,,,,,,,,,,,,,
1169.752,,,,,,,,,,,,,,
1169.798,,,,,,,,,,,,,,
1169.822,194.48,134.75322127959998,2382.81,88.83606566450001,,88.83606566450001,99.744962163,,,,1.19826420479462,,,994.4810184
1169.847,,,,,,,,,,,,,,
1169.893,,,,,,,,,,,,,,
1169.975,195.0,134.76229312700002,,88.89049674889999,,88.89049674889999,99.744962163,,,,1.19826420479462,,,994.5599616
1169.984,,,,,,,,,,,,,,
1169.999,,,,,1.25999999046326,,,,989.539978027344,989.539978027344,,1.25999999046326,10.0747963009192,
1170.033,,,,,,,,,,,,,,
1170.078,,,,,,,,,,,,,,
1170.127,194.73,134.7713649744,,88.92224821479999,,88.92224821479999,99.744962163,,,,1.19826420479462,,,994.6389048
1170.164,,,,,,,,,,,,,,
1170.2089999999998,,,,,,,,,,,,,,
1170.258,,,,,,,,,,,,,,
1170.28,194.18,134.7804368218,,89.05379000209999,,89.05379000209999,99.744962163,,,,1.19826420479462,,,994.7175432
1170.307,,,,,,,,,,,,,,
1170.356,,,,,,,,,,,,,,
1170.402,,,,,,,,,,,,,,
1170.432,194.66,134.7895086692,,88.77256273270001,,88.77256273270001,99.744962163,,,,1.19826420479462,,,994.7964864
1170.444,,,,,,,,,,,,,,
1170.487,,,,,,,,,,,,,,
1170.536,,,,,,,,,,,,,,
1170.581,,,,,,,,,,,,,,
1170.5839999999998,194.21,134.7985805166,2382.81,88.90864044370001,,88.90864044370001,99.744962163,,,,1.19826420479462,,,994.8754296
1170.63,,,,,,,,,,,,,,
1170.679,,,,,,,,,,,,,,
1170.725,,,,,,,,,,,,,,
1170.737,194.19,134.807652364,,88.7544190379,,88.7544190379,99.744962163,,,,1.19826420479462,,,994.954068
1170.779,,,,,,,,,,,,,,
1170.889,194.75,134.8167242114,,88.6591646402,,88.6591646402,99.744962163,,,,1.19826420479462,,,995.0330112
1170.917,,,,,,,,,,,,,,
1170.968,,,,,,,,,,,,,,
1170.999,,,,,1.25999999046326,,,,989.9500122070308,989.9500122070308,,1.25999999046326,9.36099514633007,
1171.011,,,,,,,,,,,,,,
1171.042,194.55,134.8257960588,,88.77256273270001,,88.77256273270001,99.744962163,,,,1.19826420479462,,,995.1116496
1171.057,,,,,,,,,,,,,,
1171.106,,,,,,,,,,,,,,
1171.194,194.03,134.8348679062,2382.81,88.7861705038,,88.7861705038,99.744962163,,,,1.19826420479462,,,995.1905928
1171.203,,,,,,,,,,,,,,
1171.249,,,,,,,,,,,,,,
1171.295,,,,,,,,,,,,,,
1171.346,194.24,134.8439397536,,88.7816345801,,88.7816345801,99.744962163,,,,1.19826420479462,,,995.269536
1171.389,,,,,,,,,,,,,,
1171.435,,,,,,,,,,,,,,
1171.484,,,,,,,,,,,,,,
1171.499,194.0,134.853011601,,88.70905980090001,,88.70905980090001,99.744962163,,,,1.19826420479462,,,995.3481744
1171.535,,,,,,,,,,,,,,
1171.581,,,,,,,,,,,,,,
1171.627,,,,,,,,,,,,,,
1171.651,194.0,134.8620834484,,88.8814249015,,88.8814249015,99.744962163,,,,1.19826420479462,,,995.4271176
1171.6760000000002,,,,,,,,,,,,,,
1171.724,,,,,,,,,,,,,,
1171.767,,,,,,,,,,,,,,
1171.804,194.7,134.8666193721,,88.8814249015,,88.8814249015,99.744962163,,,,1.19826420479462,,,995.5060608
1171.813,,,,,,,,,,,,,,
1171.858,,,,,,,,,,,,,,
1171.904,,,,,,,,,,,,,,
1171.947,,,,,,,,,,,,,,
1171.956,194.47,134.8756912195,2382.81,88.9857511466,,88.9857511466,99.744962163,,,,1.19826420479462,,,995.5846992
1171.996,,,,,,,,,,,,,,
1171.999,,,,,1.25999999046326,,,,995.5900268554692,995.5900268554692,,1.25999999046326,10.6968228407439,
1172.0839999999998,,,,,,,,,,,,,,
1172.108,194.38,134.8847630669,,88.9539996807,,88.9539996807,99.744962163,,,,1.19826420479462,,,995.6636424
1172.13,,,,,,,,,,,,,,
1172.175,,,,,,,,,,,,,,
1172.261,194.24,134.89383491430002,,88.7907064275,,88.7907064275,99.744962163,,,,1.19826420479462,,,995.7425856
1172.267,,,,,,,,,,,,,,
1172.31,,,,,,,,,,,,,,
1172.355,,,,,,,,,,,,,,
1172.398,,,,,,,,,,,,,,
1172.413,194.71,134.9029067617,,88.6863801824,,88.6863801824,99.744962163,,,,1.19826420479462,,,995.8215288
1172.444,,,,,,,,,,,,,,
1172.489,,,,,,,,,,,,,,
1172.535,,,,,,,,,,,,,,
1172.566,194.12,134.9119786091,2382.81,88.6364850217,,88.6364850217,99.744962163,,,,1.19826420479462,,,995.9001672
1172.581,,,,,,,,,,,,,,
1172.63,,,,,,,,,,,,,,
1172.672,,,,,,,,,,,,,,
1172.718,194.51,134.92105045649998,,88.6954520298,,88.6954520298,99.744962163,,,,1.19826420479462,,,995.9791104
1172.764,,,,,,,,,,,,,,
1172.816,,,,,,,,,,,,,,
1172.867,,,,,,,,,,,,,,
1172.87,194.73,134.9301223039,,88.5230869292,,88.5230869292,99.744962163,,,,1.19826420479462,,,996.0580536
1172.919,,,,,,,,,,,,,,
1172.971,,,,,,,,,,,,,,
1173.001,,,,,1.25999999046326,,,,996.109985351563,996.109985351563,,1.25999999046326,9.44257236557013,
1173.023,194.72,134.9391941513,,88.223715965,,88.223715965,99.744962163,,,,1.19826420479462,,,996.136692
1173.075,,,,,,,,,,,,,,
1173.126,,,,,,,,,,,,,,
1173.175,194.13,134.9482659987,,88.1919644991,,88.1919644991,99.744962163,,,,1.19826420479462,,,996.2156352
1173.23,,,,,,,,,,,,,,
1173.282,,,,,,,,,,,,,,
1173.328,194.62,134.95733784610002,2382.81,88.223715965,,88.223715965,99.744962163,,,,1.19826420479462,,,996.2945784
1173.3339999999998,,,,,,,,,,,,,,
1173.386,,,,,,,,,,,,,,
1173.437,,,,,,,,,,,,,,
1173.48,194.57,134.9664096935,,88.3824732945,,88.3824732945,99.744962163,,,,1.19826420479462,,,996.3735216
1173.489,,,,,,,,,,,,,,
1173.5410000000002,,,,,,,,,,,,,,
1173.593,,,,,,,,,,,,,,
1173.632,194.45,134.9754815409,,88.6364850217,,88.6364850217,99.744962163,,,,1.19826420479462,,,996.45216
1173.642,,,,,,,,,,,,,,
1173.785,194.68,134.9845533883,,88.4822636159,,88.4822636159,99.744962163,,,,1.19826420479462,,,996.5311032
1173.812,,,,,,,,,,,,,,
1173.87,,,,,,,,,,,,,,
1173.934,,,,,,,,,,,,,,
1173.937,194.85,134.9936252357,,88.2509315072,,88.2509315072,99.744962163,,,,1.19826420479462,,,996.6100464
1173.995,,,,,,,,,,,,,,
1174.001,,,,,1.25999999046326,,,,996.619995117187,996.619995117187,,1.25999999046326,10.8395834606526,
1174.053,,,,,,,,,,,,,,
1174.09,194.42,135.0026970831,,88.2554674309,,88.2554674309,99.744962163,,,,1.19826420479462,,,996.6886848
1174.111,,,,,,,,,,,,,,
1174.169,,,,,,,,,,,,,,
1174.227,,,,,,,,,,,,,,
1174.242,194.38,135.01176893049998,2382.81,88.3371140575,,88.3371140575,99.744962163,,,,1.19826420479462,,,996.767628
1174.288,,,,,,,,,,,,,,
1174.394,194.31,135.02084077790002,,88.67277241129999,,88.67277241129999,99.744962163,,,,1.19826420479462,,,996.8465712
1174.404,,,,,,,,,,,,,,
1174.468,,,,,,,,,,,,,,
1174.535,,,,,,,,,,,,,,
1174.547,194.48,135.0299126253,,89.0900773917,,89.0900773917,99.744962163,,,,1.19826420479462,,,996.9255144
1174.608,,,,,,,,,,,,,,
1174.687,,,,,,,,,,,,,,
1174.6989999999998,194.35,135.0389844727,,89.2034754842,,89.2034754842,99.744962163,,,,1.19826420479462,,,997.0041528
1174.763,,,,,,,,,,,,,,
1174.839,,,,,,,,,,,,,,
1174.852,194.5,135.0480563201,,89.04471815469999,,89.04471815469999,99.744962163,,,,1.19826420479462,,,997.083096
1174.9160000000002,,,,,,,,,,,,,,
1174.989,,,,,,,,,,,,,,
1175.001,,,,,1.25999999046326,,,,997.140014648438,997.140014648438,,1.25999999046326,8.57581319554803,
1175.004,194.5,135.0571281675,,88.90410452,,88.90410452,99.744962163,,,,1.19826420479462,,,997.1620392
1175.065,,,,,,,,,,,,,,
1175.141,,,,,,,,,,,,,,
1175.156,194.4,135.06166409120002,,88.5639102425,,88.5639102425,99.744962163,,,,1.19826420479462,,,997.2409824
1175.217,,,,,,,,,,,,,,
1175.294,,,,,,,,,,,,,,
1175.309,194.1,135.0707359386,2382.81,88.3098985153,,88.3098985153,99.744962163,,,,1.19826420479462,,,997.3199256
1175.379,,,,,,,,,,,,,,
1175.461,194.6,135.079807786,,88.0059916274,,88.0059916274,99.744962163,,,,1.19826420479462,,,997.398564
1175.531,,,,,,,,,,,,,,
1175.608,,,,,,,,,,,,,,
1175.614,194.3,135.0888796334,,87.6657973499,,87.6657973499,99.744962163,,,,1.19826420479462,,,997.4775072
1175.684,,,,,,,,,,,,,,
1175.766,194.4,135.0979514808,,88.1647489569,,88.1647489569,99.744962163,,,,1.19826420479462,,,997.5564504
1175.836,,,,,,,,,,,,,,
1175.912,,,,,,,,,,,,,,
1175.918,194.05,135.1070233282,,89.4393435166,,89.4393435166,99.744962163,,,,1.19826420479462,,,997.6353936
1175.989,,,,,,,,,,,,,,
1176.001,,,,,1.25999999046326,,,,997.650024414063,997.650024414063,,1.25999999046326,10.1665709156836,
1176.065,,,,,,,,,,,,,,
1176.071,195.0,135.1160951756,,90.7683691607,,90.7683691607,99.744962163,,,,1.19826420479462,,,997.7143367999998
1176.141,,,,,,,,,,,,,,
1176.217,,,,,,,,,,,,,,
1176.223,195.0,135.125167023,,91.5666917319,,91.5666917319,99.744962163,,,,1.19826420479462,,,997.79328
1176.293,,,,,,,,,,,,,,
1176.37,,,,,,,,,,,,,,
1176.376,194.7,135.1342388704,2421.88,92.2017210499,,92.2017210499,99.744962163,,,,1.19826420479462,,,997.8719184
1176.446,,,,,,,,,,,,,,
1176.522,,,,,,,,,,,,,,
1176.528,194.5,135.1433107178,,92.668921191,,92.668921191,99.744962163,,,,1.19826420479462,,,997.9508616
1176.598,,,,,,,,,,,,,,
1176.674,,,,,,,,,,,,,,
1176.68,194.0,135.1523825652,,92.623561954,,92.623561954,99.744962163,,,,1.19826420479462,,,998.0298048
1176.751,,,,,,,,,,,,,,
1176.827,,,,,,,,,,,,,,
1176.833,194.25,135.1614544126,,91.9703889412,,91.9703889412,99.744962163,,,,1.19826420479462,,,998.1084432
1176.903,,,,,,,,,,,,,,
1176.979,,,,,,,,,,,,,,
1176.985,194.65,135.17052626,,91.7662723747,,91.7662723747,99.744962163,,,,1.19826420479462,,,998.1873864
1177.0,,,,,1.25999999046326,,,,998.169982910156,998.169982910156,,1.25999999046326,7.841617736148901,
1177.061,,,,,,,,,,,,,,
1177.138,194.48,135.1795981074,,91.6075150452,,91.6075150452,99.744962163,,,,1.19826420479462,,,998.2663296
1177.214,,,,,,,,,,,,,,
1177.29,194.6,135.1886699548,,91.4532936394,,91.4532936394,99.744962163,,,,1.19826420479462,,,998.3452728
1177.366,,,,,,,,,,,,,,
1177.442,194.8,135.1977418022,,90.7456895422,,90.7456895422,99.744962163,,,,1.19826420479462,,,998.4239112
1177.519,,,,,,,,,,,,,,
1177.595,194.5,135.20681364959998,2382.81,90.4689981965,,90.4689981965,99.744962163,,,,1.19826420479462,,,998.5028544
1177.671,,,,,,,,,,,,,,
1177.747,194.35,135.21588549700002,,89.8657203444,,89.8657203444,99.744962163,,,,1.19826420479462,,,998.5817976
1177.82,,,,,,,,,,,,,,
1177.894,,,,,,,,,,,,,,
1177.9,194.8,135.2249573444,,89.21708325530001,,89.21708325530001,99.744962163,,,,1.19826420479462,,,998.6607408
1177.967,,,,,,,,,,,,,,
1178.0,,,,,1.25999999046326,,,,998.690002441406,998.690002441406,,1.25999999046326,7.4949140681400594,
1178.052,194.81,135.2340291918,,88.30082666790001,,88.30082666790001,99.744962163,,,,1.19826420479462,,,998.7393792
1178.113,,,,,,,,,,,,,,
1178.186,,,,,,,,,,,,,,
1178.204,194.71,135.2385651155,,87.5932225707,,87.5932225707,99.744962163,,,,1.19826420479462,,,998.8183224
1178.259,,,,,,,,,,,,,,
1178.329,,,,,,,,,,,,,,
1178.357,194.09,135.2476369629,,86.83572331280001,,86.83572331280001,99.744962163,,,,1.19826420479462,,,998.8972656
1178.39,,,,,,,,,,,,,,
1178.46,,,,,,,,,,,,,,
1178.509,194.0,135.2567088103,,86.44563387459999,,86.44563387459999,99.744962163,,,,1.19826420479462,,,998.9762088
1178.518,,,,,,,,,,,,,,
1178.576,,,,,,,,,,,,,,
1178.631,,,,,,,,,,,,,,
1178.662,194.3,135.2657806577,2382.81,86.6542863648,,86.6542863648,99.744962163,,,,1.19826420479462,,,999.0548472000002
1178.689,,,,,,,,,,,,,,
1178.793,,,,,,,,,,,,,,
1178.814,194.59,135.2748525051,,86.7858281521,,86.7858281521,99.744962163,,,,1.19826420479462,,,999.1337904
1178.844,,,,,,,,,,,,,,
1178.896,,,,,,,,,,,,,,
1178.966,194.34,135.2839243525,,86.8856184735,,86.8856184735,99.744962163,,,,1.19826420479462,,,999.2127336
1179.0,,,,,1.25999999046326,,,,999.210021972656,999.210021972656,,1.25999999046326,10.778400059984,
1179.003,,,,,,,,,,,,,,
1179.052,,,,,,,,,,,,,,
1179.107,,,,,,,,,,,,,,
1179.119,194.34,135.2929961999,,86.9718010238,,86.9718010238,99.744962163,,,,1.19826420479462,,,999.2916768
1179.158,,,,,,,,,,,,,,
1179.21,,,,,,,,,,,,,,
1179.262,,,,,,,,,,,,,,
1179.271,194.34,135.3020680473,,86.9128340157,,86.9128340157,99.744962163,,,,1.19826420479462,,,999.3703152
1179.314,,,,,,,,,,,,,,
1179.366,,,,,,,,,,,,,,
1179.418,,,,,,,,,,,,,,
1179.424,194.62,135.3111398947,2382.81,87.0216961845,,87.0216961845,99.744962163,,,,1.19826420479462,,,999.4492583999998
1179.472,,,,,,,,,,,,,,
1179.576,194.17,135.3202117421,,86.9445854816,,86.9445854816,99.744962163,,,,1.19826420479462,,,999.5282016
1179.631,,,,,,,,,,,,,,
1179.689,,,,,,,,,,,,,,
1179.728,194.67,135.3292835895,,86.99901656600001,,86.99901656600001,99.744962163,,,,1.19826420479462,,,999.6071448
1179.738,,,,,,,,,,,,,,
1179.789,,,,,,,,,,,,,,
1179.841,,,,,,,,,,,,,,
1179.881,194.72,135.3383554369,,87.09427096370001,,87.09427096370001,99.744962163,,,,1.19826420479462,,,999.686088
1179.893,,,,,,,,,,,,,,
1179.948,,,,,,,,,,,,,,
1180.0,,,,,1.25999999046326,,,,999.719970703125,999.719970703125,,1.25999999046326,11.1862871286615,
1180.033,194.93,135.3474272843,,87.0353039556,,87.0353039556,99.744962163,,,,1.19826420479462,,,999.7647264
1180.055,,,,,,,,,,,,,,
1180.112,,,,,,,,,,,,,,
1180.17,,,,,,,,,,,,,,
1180.186,195.0,135.3564991317,2382.81,86.8856184735,,86.8856184735,99.744962163,,,,1.19826420479462,,,999.8436696
1180.231,,,,,,,,,,,,,,
1180.292,,,,,,,,,,,,,,
1180.338,194.69,135.3655709791,,86.55449604340001,,86.55449604340001,99.744962163,,,,1.19826420479462,,,999.9226128
1180.347,,,,,,,,,,,,,,
1180.402,,,,,,,,,,,,,,
1180.46,,,,,,,,,,,,,,
1180.49,194.0,135.3746428265,,86.7586126099,,86.7586126099,99.744962163,,,,1.19826420479462,,,1000.001556
1180.518,,,,,,,,,,,,,,
1180.631,,,,,,,,,,,,,,
1180.643,194.41,135.3837146739,,86.6588222885,,86.6588222885,99.744962163,,,,1.19826420479462,,,1000.0804992
1180.685,,,,,,,,,,,,,,
1180.743,,,,,,,,,,,,,,
1180.795,194.15,135.3927865213,,86.6996456018,,86.6996456018,99.744962163,,,,1.19826420479462,,,1000.1591376
1180.804,,,,,,,,,,,,,,
1180.856,,,,,,,,,,,,,,
1180.914,,,,,,,,,,,,,,
1180.948,194.0,135.4018583687,,86.6043912041,,86.6043912041,99.744962163,,,,1.19826420479462,,,1000.2380808
1180.966,,,,,,,,,,,,,,
1180.999,,,,,1.25999999046326,,,,1000.23999023438,1000.23999023438,,1.25999999046326,11.5635820107661,
1181.021,,,,,,,,,,,,,,
1181.079,,,,,,,,,,,,,,
1181.1,194.3,135.4109302161,2382.81,86.6316067463,,86.6316067463,99.744962163,,,,1.19826420479462,,,1000.317024
1181.137,,,,,,,,,,,,,,
1181.252,194.44,135.4200020635,,86.4501697983,,86.4501697983,99.744962163,,,,1.19826420479462,,,1000.3959672
1181.262,,,,,,,,,,,,,,
1181.316,,,,,,,,,,,,,,
1181.371,,,,,,,,,,,,,,
1181.405,194.39,135.42453798719998,,86.318628011,,86.318628011,99.744962163,,,,1.19826420479462,,,1000.4749104
1181.4260000000002,,,,,,,,,,,,,,
1181.481,,,,,,,,,,,,,,
1181.536,,,,,,,,,,,,,,
1181.557,194.68,135.4336098346,,86.4909931116,,86.4909931116,99.744962163,,,,1.19826420479462,,,1000.5538536
1181.591,,,,,,,,,,,,,,
1181.649,,,,,,,,,,,,,,
1181.704,,,,,,,,,,,,,,
1181.71,194.33,135.442681682,,86.4819212642,,86.4819212642,99.744962163,,,,1.19826420479462,,,1000.632492
1181.758,,,,,,,,,,,,,,
1181.81,,,,,,,,,,,,,,
1181.862,194.29,135.4517535294,2382.81,86.5318164249,,86.5318164249,99.744962163,,,,1.19826420479462,,,1000.7114352
1181.865,,,,,,,,,,,,,,
1181.917,,,,,,,,,,,,,,
1181.972,,,,,,,,,,,,,,
1181.999,,,,,1.25999999046326,,,,1000.75,1000.75,,1.25999999046326,11.8694970691549,
1182.014,195.0,135.46082537680002,,86.61346305149999,,86.61346305149999,99.744962163,,,,1.19826420479462,,,1000.7903784
1182.027,,,,,,,,,,,,,,
1182.088,,,,,,,,,,,,,,
1182.139,,,,,,,,,,,,,,
1182.167,194.57,135.4698972242,,86.6588222885,,86.6588222885,99.744962163,,,,1.19826420479462,,,1000.8693216
1182.194,,,,,,,,,,,,,,
1182.304,,,,,,,,,,,,,,
1182.319,194.36,135.4789690716,,86.5953193567,,86.5953193567,99.744962163,,,,1.19826420479462,,,1000.9482648
1182.359,,,,,,,,,,,,,,
1182.414,,,,,,,,,,,,,,
1182.466,,,,,,,,,,,,,,
1182.472,194.21,135.488040919,,86.6633582122,,86.6633582122,99.744962163,,,,1.19826420479462,,,1001.0269032
1182.52,,,,,,,,,,,,,,
1182.575,,,,,,,,,,,,,,
1182.624,194.36,135.4971127664,,86.72232522030001,,86.72232522030001,99.744962163,,,,1.19826420479462,,,1001.1058464
1182.63,,,,,,,,,,,,,,
1182.682,,,,,,,,,,,,,,
1182.737,,,,,,,,,,,,,,
1182.776,194.75,135.5061846138,2382.81,86.85840293129999,,86.85840293129999,99.744962163,,,,1.19826420479462,,,1001.1847896
1182.792,,,,,,,,,,,,,,
1182.901,,,,,,,,,,,,,,
1182.929,194.36,135.5152564612,,86.8493310839,,86.8493310839,99.744962163,,,,1.19826420479462,,,1001.2637328
1182.956,,,,,,,,,,,,,,
1182.999,,,,,1.25999999046326,,,,1001.27001953125,1001.27001953125,,1.25999999046326,11.2678643479015,
1183.011,,,,,,,,,,,,,,
1183.081,194.39,135.52432830860002,,86.8311873891,,86.8311873891,99.744962163,,,,1.19826420479462,,,1001.342676
1183.124,,,,,,,,,,,,,,
1183.179,,,,,,,,,,,,,,
1183.234,195.0,135.533400156,,86.68150190700001,,86.68150190700001,99.744962163,,,,1.19826420479462,,,1001.4213144
1183.292,,,,,,,,,,,,,,
1183.346,,,,,,,,,,,,,,
1183.386,194.36,135.5424720034,,86.5726397382,,86.5726397382,99.744962163,,,,1.19826420479462,,,1001.5002576
1183.398,,,,,,,,,,,,,,
1183.453,,,,,,,,,,,,,,
1183.517,,,,,,,,,,,,,,
1183.538,194.58,135.5515438508,2382.81,86.5318164249,,86.5318164249,99.744962163,,,,1.19826420479462,,,1001.5792008
1183.581,,,,,,,,,,,,,,
1183.642,,,,,,,,,,,,,,
1183.691,194.68,135.5606156982,,86.091831826,,86.091831826,99.744962163,,,,1.19826420479462,,,1001.658144
1183.7,,,,,,,,,,,,,,
1183.761,,,,,,,,,,,,,,
1183.825,,,,,,,,,,,,,,
1183.843,194.08,135.5696875456,,86.1961580711,,86.1961580711,99.744962163,,,,1.19826420479462,,,1001.7367824
1183.886,,,,,,,,,,,,,,
1183.996,194.17,135.57875939299998,,86.2505891555,,86.2505891555,99.744962163,,,,1.19826420479462,,,1001.8157256
1183.999,,,,,1.25999999046326,,,,1001.78997802734,1001.78997802734,,1.25999999046326,11.5329907966703,
1184.008,,,,,,,,,,,,,,
1184.069,,,,,,,,,,,,,,
1184.13,,,,,,,,,,,,,,
1184.148,194.64,135.58783124040002,,86.227909537,,86.227909537,99.744962163,,,,1.19826420479462,,,1001.8946688
1184.194,,,,,,,,,,,,,,
1184.255,,,,,,,,,,,,,,
1184.3,194.72,135.5969030878,,86.1780143763,,86.1780143763,99.744962163,,,,1.19826420479462,,,1001.973612
1184.319,,,,,,,,,,,,,,
1184.377,,,,,,,,,,,,,,
1184.444,,,,,,,,,,,,,,
1184.453,194.25,135.6059749352,2382.81,86.1870862237,,86.1870862237,99.744962163,,,,1.19826420479462,,,1002.0525552
1184.52,,,,,,,,,,,,,,
1184.5839999999998,,,,,,,,,,,,,,
1184.605,194.61,135.6105108589,,86.14172698670001,,86.14172698670001,99.744962163,,,,1.19826420479462,,,1002.1311936
1184.648,,,,,,,,,,,,,,1002.153444
1184.712,,,,,,,,,,,,,,1002.1866672
1184.758,194.65,135.61958270629998,,86.20522991850001,,86.20522991850001,99.744962163,,,,1.19826420479462,,,1002.2101368
1184.776,,,,,,,,,,,,,,
1184.84,,,,,,,,,,,,,,
1184.91,194.22,135.62865455370002,,86.3140920873,,86.3140920873,99.744962163,,,,1.19826420479462,,,1002.28908
1184.983,,,,,,,,,,,,,,
1185.001,,,,,1.25999999046326,,,,1002.30999755859,1002.30999755859,,1.25999999046326,12.2569893467837,
1185.047,,,,,,,,,,,,,,
1185.062,195.0,135.6377264011,,86.1644066052,,86.1644066052,99.744962163,,,,1.19826420479462,,,1002.3680232
1185.111,,,,,,,,,,,,,,
1185.175,,,,,,,,,,,,,,
1185.215,194.48,135.6467982485,,86.04193666530001,,86.04193666530001,99.744962163,,,,1.19826420479462,,,1002.4469663999998
1185.242,,,,,,,,,,,,,,
1185.306,,,,,,,,,,,,,,
1185.367,194.75,135.6558700959,,86.0056492757,,86.0056492757,99.744962163,,,,1.19826420479462,,,1002.5256048
1185.37,,,,,,,,,,,,,,
1185.434,,,,,,,,,,,,,,
1185.498,,,,,,,,,,,,,,
1185.52,194.0,135.6649419433,2382.81,85.9965774283,,85.9965774283,99.744962163,,,,1.19826420479462,,,1002.604548
1185.556,,,,,,,,,,,,,,
1185.6660000000002,,,,,,,,,,,,,,
1185.672,194.89,135.6740137907,,86.2868765451,,86.2868765451,99.744962163,,,,1.19826420479462,,,1002.6834912
1185.724,,,,,,,,,,,,,,
1185.779,,,,,,,,,,,,,,
1185.8239999999998,195.0,135.68308563809998,,86.6316067463,,86.6316067463,99.744962163,,,,1.19826420479462,,,1002.7624344
1185.837,,,,,,,,,,,,,,
1185.895,,,,,,,,,,,,,,
1185.9589999999998,,,,,,,,,,,,,,
1185.977,195.0,135.6921574855,,86.6406785937,,86.6406785937,99.744962163,,,,1.19826420479462,,,1002.8413776
1186.001,,,,,1.25999999046326,,,,1002.80999755859,1002.80999755859,,1.25999999046326,12.8382272769885,
1186.035,,,,,,,,,,,,,,
1186.093,,,,,,,,,,,,,,
1186.129,194.52,135.7012293329,,86.1009036734,,86.1009036734,99.744962163,,,,1.19826420479462,,,1002.920016
1186.151,,,,,,,,,,,,,,
1186.202,,,,,,,,,,,,,,
1186.26,,,,,,,,,,,,,,
1186.282,194.67,135.7103011803,,86.3866668665,,86.3866668665,99.744962163,,,,1.19826420479462,,,1002.9989592
1186.318,,,,,,,,,,,,,,
1186.373,,,,,,,,,,,,,,
1186.431,,,,,,,,,,,,,,
1186.434,194.0,135.71937302770002,2382.81,86.5408882723,,86.5408882723,99.744962163,,,,1.19826420479462,,,1003.0779024
1186.486,,,,,,,,,,,,,,
1186.55,,,,,,,,,,,,,,
1186.586,194.0,135.7284448751,,86.5590319671,,86.5590319671,99.744962163,,,,1.19826420479462,,,1003.1568456
1186.617,,,,,,,,,,,,,,
1186.681,,,,,,,,,,,,,,
1186.739,194.76,135.7375167225,,86.05100851270001,,86.05100851270001,99.744962163,,,,1.19826420479462,,,1003.235484
1186.794,,,,,,,,,,,,,,
1186.852,,,,,,,,,,,,,,
1186.891,194.33,135.74658856989998,,86.4501697983,,86.4501697983,99.744962163,,,,1.19826420479462,,,1003.3144272
1186.909,,,,,,,,,,,,,,
1186.98,,,,,,,,,,,,,,
1187.001,,,,,1.25999999046326,,,,1003.34002685547,1003.34002685547,,1.25999999046326,12.2060033416394,
1187.038,,,,,,,,,,,,,,
1187.044,194.67,135.7556604173,,86.3095561636,,86.3095561636,99.744962163,,,,1.19826420479462,,,1003.3933704
1187.098,,,,,,,,,,,,,,
1187.162,,,,,,,,,,,,,,
1187.196,194.96,135.7647322647,,86.3912027902,,86.3912027902,99.744962163,,,,1.19826420479462,,,1003.4723136
1187.223,,,,,,,,,,,,,,
1187.281,,,,,,,,,,,,,,
1187.336,,,,,,,,,,,,,,
1187.348,194.04,135.77380411209998,2382.81,86.23698138440001,,86.23698138440001,99.744962163,,,,1.19826420479462,,,1003.5512568
1187.394,,,,,,,,,,,,,,
1187.4489999999998,,,,,,,,,,,,,,
1187.501,194.26,135.78287595950002,,86.4909931116,,86.4909931116,99.744962163,,,,1.19826420479462,,,1003.6298952
1187.51,,,,,,,,,,,,,,
1187.571,,,,,,,,,,,,,,
1187.653,194.0,135.7874118832,,86.3775950191,,86.3775950191,99.744962163,,,,1.19826420479462,,,1003.7088384
1187.693,,,,,,,,,,,,,,
1187.751,,,,,,,,,,,,,,
1187.806,194.35,135.7964837306,,86.2596610029,,86.2596610029,99.744962163,,,,1.19826420479462,,,1003.7877816
1187.809,,,,,,,,,,,,,,
1187.867,,,,,,,,,,,,,,
1187.924,,,,,,,,,,,,,,
1187.958,194.19,135.805555578,,86.43202610350001,,86.43202610350001,99.744962163,,,,1.19826420479462,,,1003.8667248
1187.979,,,,,,,,,,,,,,
1188.001,,,,,1.25999999046326,,,,1003.85998535156,1003.85998535156,,1.25999999046326,12.389551598691002,
1188.037,,,,,,,,,,,,,,
1188.098,,,,,,,,,,,,,,
1188.11,194.88,135.8146274254,2382.81,86.4501697983,,86.4501697983,99.744962163,,,,1.19826420479462,,,1003.945668
1188.153,,,,,,,,,,,,,,
1188.211,,,,,,,,,,,,,,
1188.263,194.37,135.8236992728,,86.48645718790002,,86.48645718790002,99.744962163,,,,1.19826420479462,,,1004.0243064
1188.266,,,,,,,,,,,,,,
1188.327,,,,,,,,,,,,,,
1188.394,,,,,,,,,,,,,,
1188.415,194.75,135.8327711202,,86.4819212642,,86.4819212642,99.744962163,,,,1.19826420479462,,,1004.1032496
1188.461,,,,,,,,,,,,,,
1188.568,194.78,135.8418429676,,86.13719106299999,,86.13719106299999,99.744962163,,,,1.19826420479462,,,1004.1821928
1188.592,,,,,,,,,,,,,,
1188.65,,,,,,,,,,,,,,
1188.711,,,,,,,,,,,,,,
1188.72,194.38,135.850914815,,86.2823406214,,86.2823406214,99.744962163,,,,1.19826420479462,,,1004.261136
1188.778,,,,,,,,,,,,,,
1188.845,,,,,,,,,,,,,,
1188.872,194.43,135.8645225861,,86.45924164569999,,86.45924164569999,99.744962163,,,,1.19826420479462,,,1004.3400792
1188.909,,,,,,,,,,,,,,
1188.976,,,,,,,,,,,,,,
1189.0,,,,,1.25999999046326,,,,1004.36999511719,1004.36999511719,,1.25999999046326,12.4099463897396,
1189.025,194.74,135.87359443350002,2382.81,86.0691522075,,86.0691522075,99.744962163,,,,1.19826420479462,,,1004.4187176
1189.043,,,,,,,,,,,,,,
1189.107,,,,,,,,,,,,,,
1189.171,,,,,,,,,,,,,,
1189.177,194.65,135.8826662809,,85.865035641,,85.865035641,99.744962163,,,,1.19826420479462,,,1004.4976608
1189.232,,,,,,,,,,,,,,
1189.296,,,,,,,,,,,,,,
1189.33,194.67,135.8917381283,,86.001113352,,86.001113352,99.744962163,,,,1.19826420479462,,,1004.576604
1189.36,,,,,,,,,,,,,,
1189.427,,,,,,,,,,,,,,
1189.482,194.68,135.9008099757,,85.9013230306,,85.9013230306,99.744962163,,,,1.19826420479462,,,1004.6555472
1189.488,,,,,,,,,,,,,,
1189.546,,,,,,,,,,,,,,
1189.604,,,,,,,,,,,,,,
1189.634,194.69,135.9098818231,,86.07822405489999,,86.07822405489999,99.744962163,,,,1.19826420479462,,,1004.7341856
1189.662,,,,,,,,,,,,,,
1189.726,,,,,,,,,,,,,,
1189.787,194.62,135.9189536705,,86.3050202399,,86.3050202399,99.744962163,,,,1.19826420479462,,,1004.8131287999998
1189.845,,,,,,,,,,,,,,
1189.912,,,,,,,,,,,,,,
1189.939,194.67,135.9280255179,,86.20522991850001,,86.20522991850001,99.744962163,,,,1.19826420479462,,,1004.892072
1189.976,,,,,,,,,,,,,,
1190.0,,,,,1.25,,,,1004.89001464844,1004.89001464844,,1.25999999046326,12.624086833364,
1190.037,,,,,,,,,,,,,,
1190.092,194.6,135.93709736530002,2382.81,85.8332841751,,85.8332841751,99.744962163,,,,1.19826420479462,,,1004.9710152
1190.15,,,,,,,,,,,,,,
1190.21,,,,,,,,,,,,,,
1190.244,194.7,135.9461692127,,86.0872959023,,86.0872959023,99.744962163,,,,1.19826420479462,,,1005.0499584
1190.265,,,,,,,,,,,,,,
1190.326,,,,,,,,,,,,,,
1190.396,194.62,135.9552410601,,86.1281192156,,86.1281192156,99.744962163,,,,1.19826420479462,,,1005.1285968
1190.439,,,,,,,,,,,,,,
1190.494,,,,,,,,,,,,,,
1190.549,195.0,135.9643129075,,86.30048431620001,,86.30048431620001,99.744962163,,,,1.19826420479462,,,1005.20754
1190.555,,,,,,,,,,,,,,
1190.622,,,,,,,,,,,,,,
1190.689,,,,,,,,,,,,,,
1190.701,195.0,135.9688488312,,86.20522991850001,,86.20522991850001,99.744962163,,,,1.19826420479462,,,1005.2864832
1190.756,,,,,,,,,,,,,,
1190.823,,,,,,,,,,,,,,
1190.854,194.22,135.9779206786,,85.91946672540001,,85.91946672540001,99.744962163,,,,1.19826420479462,,,1005.3654264
1190.89,,,,,,,,,,,,,,
1190.954,,,,,,,,,,,,,,
1191.0,,,,,1.25999999046326,,,,1005.40002441406,1005.40002441406,,1.25999999046326,12.1244261223993,
1191.006,194.39,135.986992526,2382.81,85.69720646409999,,85.69720646409999,99.744962163,,,,1.19826420479462,,,1005.4443696
1191.027,,,,,,,,,,,,,,
1191.158,194.83,135.9960643734,,85.6609190745,,85.6609190745,99.744962163,,,,1.19826420479462,,,1005.523008
1191.161,,,,,,,,,,,,,,
1191.229,,,,,,,,,,,,,,
1191.296,,,,,,,,,,,,,,
1191.311,195.0,136.0051362208,,85.82421232770001,,85.82421232770001,99.744962163,,,,1.19826420479462,,,1005.6019512
1191.366,,,,,,,,,,,,,,
1191.433,,,,,,,,,,,,,,
1191.463,194.55,136.0142080682,,85.7652453196,,85.7652453196,99.744962163,,,,1.19826420479462,,,1005.6808944
1191.497,,,,,,,,,,,,,,
1191.564,,,,,,,,,,,,,,
1191.616,194.3,136.0232799156,,85.72895793,,85.72895793,99.744962163,,,,1.19826420479462,,,1005.7598376
1191.628,,,,,,,,,,,,,,
1191.695,,,,,,,,,,,,,,
1191.765,,,,,,,,,,,,,,
1191.768,194.48,136.03235176299998,,85.8015327092,,85.8015327092,99.744962163,,,,1.19826420479462,,,1005.8387808
1191.829,,,,,,,,,,,,,,
1191.896,,,,,,,,,,,,,,
1191.92,194.65,136.04142361040002,2382.81,85.7471016248,,85.7471016248,99.744962163,,,,1.19826420479462,,,1005.9174192
1191.963,,,,,,,,,,,,,,
1192.0,,,,,1.25999999046326,,,,1005.91998291016,1005.91998291016,,1.25999999046326,12.3079743794509,
1192.027,,,,,,,,,,,,,,
1192.073,195.0,136.0504954578,,85.5248413635,,85.5248413635,99.744962163,,,,1.19826420479462,,,1005.9963624
1192.091,,,,,,,,,,,,,,
1192.158,,,,,,,,,,,,,,
1192.222,,,,,,,,,,,,,,
1192.225,194.25,136.0595673052,,85.4250510421,,85.4250510421,99.744962163,,,,1.19826420479462,,,1006.0753056
1192.286,,,,,,,,,,,,,,
1192.378,194.65,136.0686391526,,85.3887636525,,85.3887636525,99.744962163,,,,1.19826420479462,,,1006.1542488
1192.42,,,,,,,,,,,,,,
1192.484,,,,,,,,,,,,,,
1192.53,194.54,136.07771100000002,,85.4477306606,,85.4477306606,99.744962163,,,,1.19826420479462,,,1006.2328872000002
1192.554,,,,,,,,,,,,,,
1192.621,,,,,,,,,,,,,,
1192.682,194.39,136.0867828474,,85.6155598375,,85.6155598375,99.744962163,,,,1.19826420479462,,,1006.3118304
1192.685,,,,,,,,,,,,,,
1192.753,,,,,,,,,,,,,,
1192.82,,,,,,,,,,,,,,
1192.835,194.78,136.09585469479998,,85.74256570109999,,85.74256570109999,99.744962163,,,,1.19826420479462,,,1006.3907736
1192.884,,,,,,,,,,,,,,
1192.951,,,,,,,,,,,,,,
1192.987,194.74,136.1049265422,2382.81,85.8378200988,,85.8378200988,99.744962163,,,,1.19826420479462,,,1006.4697168
1192.999,,,,,1.25999999046326,,,,1006.42999267578,1006.42999267578,,1.25999999046326,12.379355175643802,
1193.018,,,,,,,,,,,,,,
1193.14,194.05,136.1139983896,,85.9376104202,,85.9376104202,99.744962163,,,,1.19826420479462,,,1006.54866
1193.155,,,,,,,,,,,,,,
1193.228,,,,,,,,,,,,,,
1193.292,194.0,136.123070237,,86.07368813120002,,86.07368813120002,99.744962163,,,,1.19826420479462,,,1006.6272984
1193.304,,,,,,,,,,,,,,
1193.444,194.35,136.13214208440002,,86.0328648179,,86.0328648179,99.744962163,,,,1.19826420479462,,,1006.7062416
1193.46,,,,,,,,,,,,,,
1193.536,,,,,,,,,,,,,,
1193.597,195.0,136.1412139318,,85.9240026491,,85.9240026491,99.744962163,,,,1.19826420479462,,,1006.7851848
1193.612,,,,,,,,,,,,,,
1193.688,,,,,,,,,,,,,,
1193.749,194.5,136.1502857792,,86.0101851994,,86.0101851994,99.744962163,,,,1.19826420479462,,,1006.864128
1193.764,,,,,,,,,,,,,,
1193.841,,,,,,,,,,,,,,
1193.902,194.6,136.15935762659998,,86.1553347578,,86.1553347578,99.744962163,,,,1.19826420479462,,,1006.9430712
1193.92,,,,,,,,,,,,,,
1193.996,,,,,,,,,,,,,,
1193.999,,,,,1.25999999046326,,,,1006.95001220703,1006.95001220703,,1.25999999046326,12.0632427217307,
1194.054,194.65,136.168429474,2382.81,86.10543959709999,,86.10543959709999,99.744962163,,,,1.19826420479462,,,1007.0217096
1194.072,,,,,,,,,,,,,,
1194.155,,,,,,,,,,,,,,
1194.206,194.0,136.1775013214,,85.9648259624,,85.9648259624,99.744962163,,,,1.19826420479462,,,1007.1006528
1194.231,,,,,,,,,,,,,,
1194.31,,,,,,,,,,,,,,
1194.359,194.45,136.18657316879998,,85.79246086180001,,85.79246086180001,99.744962163,,,,1.19826420479462,,,1007.179596
1194.386,,,,,,,,,,,,,,
1194.462,,,,,,,,,,,,,,
1194.511,194.5,136.19564501620002,,85.7380297774,,85.7380297774,99.744962163,,,,1.19826420479462,,,1007.2585392
1194.539,,,,,,,,,,,,,,
1194.615,,,,,,,,,,,,,,
1194.664,195.0,136.2001809399,,86.0872959023,,86.0872959023,99.744962163,,,,1.19826420479462,,,1007.3374824
1194.691,,,,,,,,,,,,,,
1194.767,,,,,,,,,,,,,,
1194.816,194.2,136.2092527873,,87.225812751,,87.225812751,99.744962163,,,,1.19826420479462,,,1007.4161207999998
1194.843,,,,,,,,,,,,,,
1194.92,,,,,,,,,,,,,,
1194.968,194.9,136.2183246347,,87.7383721291,,87.7383721291,99.744962163,,,,1.19826420479462,,,1007.495064
1194.996,,,,,,,,,,,,,,
1194.999,,,,,1.25999999046326,,,,1007.46997070313,1007.46997070313,,1.25999999046326,11.6043706203861,
1195.075,,,,,,,,,,,,,,
1195.121,194.0,136.2273964821,2382.81,86.71325337290001,,86.71325337290001,99.744962163,,,,1.19826420479462,,,1007.5740072
1195.151,,,,,,,,,,,,,,
1195.227,,,,,,,,,,,,,,
1195.273,194.0,136.2364683295,,85.7017423878,,85.7017423878,99.744962163,,,,1.19826420479462,,,1007.6529504
1195.304,,,,,,,,,,,,,,
1195.4260000000002,194.4,136.2455401769,,85.3932995762,,85.3932995762,99.744962163,,,,1.19826420479462,,,1007.7315888
1195.453,,,,,,,,,,,,,,
1195.529,,,,,,,,,,,,,,
1195.578,194.4,136.2546120243,,85.1665033912,,85.1665033912,99.744962163,,,,1.19826420479462,,,1007.810532
1195.605,,,,,,,,,,,,,,
1195.73,194.0,136.2636838717,,85.1075363831,,85.1075363831,99.744962163,,,,1.19826420479462,,,1007.8894752
1195.755,,,,,,,,,,,,,,
1195.828,,,,,,,,,,,,,,
1195.883,194.43,136.2727557191,,85.1120723068,,85.1120723068,99.744962163,,,,1.19826420479462,,,1007.9684184
1195.904,,,,,,,,,,,,,,
1195.986,,,,,,,,,,,,,,
1195.999,,,,,1.25999999046326,,,,1007.98999023438,1007.98999023438,,1.25999999046326,12.471128817931,
1196.035,194.25,136.2818275665,,85.0531052987,,85.0531052987,99.744962163,,,,1.19826420479462,,,1008.0473616
1196.063,,,,,,,,,,,,,,
1196.139,,,,,,,,,,,,,,
1196.188,194.65,136.2908994139,,85.0168179091,,85.0168179091,99.744962163,,,,1.19826420479462,,,1008.126
1196.212,,,,,,,,,,,,,,
1196.288,,,,,,,,,,,,,,
1196.34,194.95,136.2999712613,2382.81,84.81270134260001,,84.81270134260001,99.744962163,,,,1.19826420479462,,,1008.2049432
1196.364,,,,,,,,,,,,,,
1196.438,,,,,,,,,,,,,,
1196.492,194.62,136.3090431087,,84.7265187923,,84.7265187923,99.744962163,,,,1.19826420479462,,,1008.2838864
1196.511,,,,,,,,,,,,,,
1196.575,,,,,,,,,,,,,,
1196.639,,,,,,,,,,,,,,
1196.645,194.22,136.3181149561,,85.1211441542,,85.1211441542,99.744962163,,,,1.19826420479462,,,1008.3628296
1196.703,,,,,,,,,,,,,,
1196.797,194.0,136.3271868035,,85.74256570109999,,85.74256570109999,99.744962163,,,,1.19826420479462,,,1008.4417728
1196.831,,,,,,,,,,,,,,
1196.898,,,,,,,,,,,,,,
1196.95,194.0,136.3362586509,,85.9466822676,,85.9466822676,99.744962163,,,,1.19826420479462,,,1008.5204112
1196.962,,,,,,,,,,,,,,
1197.001,,,,,1.25999999046326,,,,1008.51000976563,1008.51000976563,,1.25999999046326,13.5010424264333,
1197.026,,,,,,,,,,,,,,
1197.093,,,,,,,,,,,,,,
1197.102,194.29,136.3453304983,,86.1235832919,,86.1235832919,99.744962163,,,,1.19826420479462,,,1008.5993544
1197.16,,,,,,,,,,,,,,
1197.227,,,,,,,,,,,,,,
1197.254,194.41,136.3544023457,,85.9330744965,,85.9330744965,99.744962163,,,,1.19826420479462,,,1008.6782976
1197.294,,,,,,,,,,,,,,
1197.358,,,,,,,,,,,,,,
1197.407,194.42,136.3634741931,2382.81,85.79246086180001,,85.79246086180001,99.744962163,,,,1.19826420479462,,,1008.7572408
1197.428,,,,,,,,,,,,,,
1197.559,194.0,136.3725460405,,85.9738978098,,85.9738978098,99.744962163,,,,1.19826420479462,,,1008.836184
1197.562,,,,,,,,,,,,,,
1197.629,,,,,,,,,,,,,,
1197.696,,,,,,,,,,,,,,
1197.712,194.48,136.3816178879,,85.9875055809,,85.9875055809,99.744962163,,,,1.19826420479462,,,1008.9148224
1197.763,,,,,,,,,,,,,,
1197.83,,,,,,,,,,,,,,
1197.864,194.0,136.3906897353,,85.9376104202,,85.9376104202,99.744962163,,,,1.19826420479462,,,1008.9937656
1197.901,,,,,,,,,,,,,,
1197.971,,,,,,,,,,,,,,
1198.001,,,,,1.25999999046326,,,,1009.02001953125,1009.02001953125,,1.25999999046326,12.7872412718441,
1198.016,194.05,136.3997615827,,85.77431716699999,,85.77431716699999,99.744962163,,,,1.19826420479462,,,1009.0727088
1198.038,,,,,,,,,,,,,,
1198.105,,,,,,,,,,,,,,
1198.169,194.74,136.4088334301,,85.7334938537,,85.7334938537,99.744962163,,,,1.19826420479462,,,1009.151652
1198.172,,,,,,,,,,,,,,
1198.239,,,,,,,,,,,,,,
1198.303,,,,,,,,,,,,,,
1198.321,194.3,136.4179052775,2382.81,85.82421232770001,,85.82421232770001,99.744962163,,,,1.19826420479462,,,1009.2302904
1198.37,,,,,,,,,,,,,,
1198.434,,,,,,,,,,,,,,
1198.474,194.43,136.4224412012,,85.9240026491,,85.9240026491,99.744962163,,,,1.19826420479462,,,1009.3092336
1198.501,,,,,,,,,,,,,,
1198.568,,,,,,,,,,,,,,
1198.626,194.39,136.4315130486,,85.8015327092,,85.8015327092,99.744962163,,,,1.19826420479462,,,1009.3881768
1198.635,,,,,,,,,,,,,,
1198.6989999999998,,,,,,,,,,,,,,
1198.778,194.67,136.440584896,,85.8332841751,,85.8332841751,99.744962163,,,,1.19826420479462,,,1009.46712
1198.839,,,,,,,,,,,,,,
1198.903,,,,,,,,,,,,,,
1198.931,194.61,136.4496567434,,85.8106045566,,85.8106045566,99.744962163,,,,1.19826420479462,,,1009.5460632000002
1198.97,,,,,,,,,,,,,,
1199.001,,,,,1.25999999046326,,,,1009.53997802734,1009.53997802734,,1.25999999046326,12.114228726875,
1199.034,,,,,,,,,,,,,,
1199.083,194.04,136.4587285908,,85.7198860826,,85.7198860826,99.744962163,,,,1.19826420479462,,,1009.6247016
1199.101,,,,,,,,,,,,,,
1199.165,,,,,,,,,,,,,,
1199.23,,,,,,,,,,,,,,
1199.236,194.74,136.4678004382,,85.76070939590001,,85.76070939590001,99.744962163,,,,1.19826420479462,,,1009.7036448
1199.3,,,,,,,,,,,,,,
1199.364,,,,,,,,,,,,,,
1199.388,194.48,136.4768722856,2382.81,85.76070939590001,,85.76070939590001,99.744962163,,,,1.19826420479462,,,1009.782588
1199.431,,,,,,,,,,,,,,
1199.54,194.0,136.485944133,,85.7062783115,,85.7062783115,99.744962163,,,,1.19826420479462,,,1009.8615312
1199.562,,,,,,,,,,,,,,
1199.626,,,,,,,,,,,,,,
1199.693,194.54,136.4950159804,,85.6745268456,,85.6745268456,99.744962163,,,,1.19826420479462,,,1009.9404744
1199.757,,,,,,,,,,,,,,
1199.8239999999998,,,,,,,,,,,,,,
1199.845,195.0,136.50408782780002,,85.5974161427,,85.5974161427,99.744962163,,,,1.19826420479462,,,1010.0191128
1199.888,,,,,,,,,,,,,,
1199.952,,,,,,,,,,,,,,
1199.998,194.63,136.5131596752,,85.6200957612,,85.6200957612,99.744962163,,,,1.19826420479462,,,1010.098056
1200.001,,,,,1.25999999046326,,,,1010.04998779297,1010.04998779297,,1.25999999046326,12.389551598691002,
1200.016,,,,,,,,,,,,,,
1200.083,,,,,,,,,,,,,,
1200.147,,,,,,,,,,,,,,
1200.15,194.57,136.5222315226,,85.5429850583,,85.5429850583,99.744962163,,,,1.19826420479462,,,1010.1769992
1200.22,,,,,,,,,,,,,,
1200.284,,,,,,,,,,,,,,
1200.302,194.0,136.53130337,2382.81,85.5203054398,,85.5203054398,99.744962163,,,,1.19826420479462,,,1010.2559424
1200.351,,,,,,,,,,,,,,
1200.415,,,,,,,,,,,,,,
1200.455,194.33,136.5403752174,,85.4840180502,,85.4840180502,99.744962163,,,,1.19826420479462,,,1010.3348856
1200.479,,,,,,,,,,,,,,
1200.546,,,,,,,,,,,,,,
1200.607,194.0,136.5494470648,,85.4658743554,,85.4658743554,99.744962163,,,,1.19826420479462,,,1010.413524
1200.61,,,,,,,,,,,,,,
1200.674,,,,,,,,,,,,,,
1200.76,194.78,136.5585189122,,85.4477306606,,85.4477306606,99.744962163,,,,1.19826420479462,,,1010.4924672
1200.805,,,,,,,,,,,,,,
1200.872,,,,,,,,,,,,,,
1200.912,194.39,136.5675907596,,85.4159791947,,85.4159791947,99.744962163,,,,1.19826420479462,,,1010.5714104
1200.936,,,,,,,,,,,,,,
1201.0,,,,,1.25999999046326,,,,1010.57000732422,1010.57000732422,,1.25999999046326,12.2671857698309,
1201.003,,,,,,,,,,,,,,
1201.064,194.33,136.576662607,,85.3706199577,,85.3706199577,99.744962163,,,,1.19826420479462,,,1010.6503536
1201.067,,,,,,,,,,,,,,
1201.131,,,,,,,,,,,,,,
1201.195,,,,,,,,,,,,,,
1201.217,194.91,136.5857344544,,85.3706199577,,85.3706199577,99.744962163,,,,1.19826420479462,,,1010.728992
1201.259,,,,,,,,,,,,,,
1201.323,,,,,,,,,,,,,,
1201.369,195.0,136.5948063018,2382.81,85.4205151184,,85.4205151184,99.744962163,,,,1.19826420479462,,,1010.8079352
1201.391,,,,,,,,,,,,,,
1201.451,,,,,,,,,,,,,,
1201.522,194.35,136.6038781492,,85.456802508,,85.456802508,99.744962163,,,,1.19826420479462,,,1010.8868784
1201.525,,,,,,,,,,,,,,
1201.589,,,,,,,,,,,,,,
1201.65,,,,,,,,,,,,,,
1201.674,194.29,136.6129499966,,85.5339132109,,85.5339132109,99.744962163,,,,1.19826420479462,,,1010.9658216
1201.714,,,,,,,,,,,,,,
1201.772,,,,,,,,,,,,,,
1201.826,194.69,136.622021844,,85.7334938537,,85.7334938537,99.744962163,,,,1.19826420479462,,,1011.0447648
1201.832,,,,,,,,,,,,,,
1201.89,,,,,,,,,,,,,,
1201.954,,,,,,,,,,,,,,
1201.979,194.36,136.6310936914,,85.9466822676,,85.9466822676,99.744962163,,,,1.19826420479462,,,1011.1234032
1202.0,,,,,1.25999999046326,,,,1011.09002685547,1011.09002685547,,1.25999999046326,11.5941732248618,
1202.012,,,,,,,,,,,,,,
1202.07,,,,,,,,,,,,,,
1202.131,194.73,136.6401655388,,85.98296965719999,,85.98296965719999,99.744962163,,,,1.19826420479462,,,1011.2023464
1202.192,,,,,,,,,,,,,,
1202.25,,,,,,,,,,,,,,
1202.284,194.72,136.6447014625,2382.81,86.0101851994,,86.0101851994,99.744962163,,,,1.19826420479462,,,1011.2812896
1202.308,,,,,,,,,,,,,,
1202.424,,,,,,,,,,,,,,
1202.436,194.63,136.6537733099,,85.4749462028,,85.4749462028,99.744962163,,,,1.19826420479462,,,1011.3602328
1202.454,,,,,,,,,,,,,,
1202.457,,,,,,,,,,,,,,
1202.476,,,,,,,,,,,,,,
1202.588,56.82,136.66284515729998,2421.88,74.7747021945,,74.7747021945,99.7903214,,,,1.19826420479462,,,1011.439176
1202.607,,,,,,,,,,,,,,
1202.735,,,,,,,,,,,,,,
1202.741,194.89,136.6719170047,,91.5213324949,,91.5213324949,100.6566828267,,,,1.19826420479462,,,1011.5178144
1202.777,,,,,,,,,,,,,,
1202.82,,,,,,,,,,,,,,
1202.863,,,,,,,,,,,,,,
1202.893,195.0,136.6809888521,2382.81,90.4962137387,,90.4962137387,100.6566828267,,,,1.19826420479462,,,1011.5967576
1202.905,,,,,,,,,,,,,,
1202.966,,,,,,,,,,,,,,
1203.0,,,,,1.21000003814697,,,,1011.60998535156,1011.60998535156,,1.25999999046326,5.547256256948559,
1203.046,194.83,136.6900606995,,89.65253193049999,,89.65253193049999,100.6566828267,,,,1.19826420479462,,,1011.6757008
1203.119,,,,,,,,,,,,,,
1203.186,,,,,,,,,,,,,,
1203.198,194.77,136.69913254690002,,87.7746595187,,87.7746595187,100.6566828267,,,,1.19826420479462,,,1011.754644
1203.241,,,,,,,,,,,,,,
1203.35,194.67,136.7082043943,,87.6748691973,,87.6748691973,100.6566828267,,,,1.19826420479462,,,1011.8335872
1203.414,,,,,,,,,,,,,,
1203.472,,,,,,,,,,,,,,
1203.503,194.77,136.7172762417,,87.85630614530001,,87.85630614530001,100.6566828267,,,,1.19826420479462,,,1011.9122256
1203.53,,,,,,,,,,,,,,
1203.588,,,,,,,,,,,,,,
1203.646,,,,,,,,,,,,,,
1203.655,194.0,136.7263480891,,87.8925935349,,87.8925935349,100.6566828267,,,,1.19826420479462,,,1011.9911688
1203.704,,,,,,,,,,,,,,
1203.762,,,,,,,,,,,,,,
1203.808,194.37,136.7354199365,2382.81,87.8925935349,,87.8925935349,100.6566828267,,,,1.19826420479462,,,1012.070112
1203.82,,,,,,,,,,,,,,
1203.878,,,,,,,,,,,,,,
1203.96,194.69,136.7444917839,,87.9243450008,,87.9243450008,100.6566828267,,,,1.19826420479462,,,1012.1490552
1203.994,,,,,,,,,,,,,,
1204.0,,,,,1.21000003814697,,,,1012.11999511719,1012.11999511719,,1.25999999046326,13.0931563302329,
1204.0510000000002,,,,,,,,,,,,,,
1204.112,194.46,136.75356363129998,,87.79280321350001,,87.79280321350001,100.6566828267,,,,1.19826420479462,,,1012.2276936
1204.115,,,,,,,,,,,,,,
1204.231,,,,,,,,,,,,,,
1204.265,195.0,136.76263547870002,,87.7202284343,,87.7202284343,100.6566828267,,,,1.19826420479462,,,1012.3066368
1204.286,,,,,,,,,,,,,,
1204.341,,,,,,,,,,,,,,
1204.399,,,,,,,,,,,,,,
1204.417,194.33,136.7717073261,,87.82455467940001,,87.82455467940001,100.6566828267,,,,1.19826420479462,,,1012.38558
1204.457,,,,,,,,,,,,,,
1204.515,,,,,,,,,,,,,,
1204.57,195.0,136.7807791735,,87.85177022159999,,87.85177022159999,100.6566828267,,,,1.19826420479462,,,1012.4645232
1204.573,,,,,,,,,,,,,,
1204.631,,,,,,,,,,,,,,
1204.685,,,,,,,,,,,,,,
1204.722,194.37,136.7898510209,2382.81,87.87898576379999,,87.87898576379999,100.6566828267,,,,1.19826420479462,,,1012.5434664
1204.743,,,,,,,,,,,,,,
1204.859,,,,,,,,,,,,,,
1204.874,194.5,136.7989228683,,87.94702461930001,,87.94702461930001,100.6566828267,,,,1.19826420479462,,,1012.6221048
1204.914,,,,,,,,,,,,,,
1204.972,,,,,,,,,,,,,,
1204.999,,,,,1.21000003814697,,,,1012.64001464844,1012.64001464844,,1.25999999046326,14.4085902060754,
1205.027,194.14,136.8079947157,,88.0513508644,,88.0513508644,100.6566828267,,,,1.19826420479462,,,1012.701048
1205.082,,,,,,,,,,,,,,
1205.14,,,,,,,,,,,,,,
1205.179,194.63,136.81706656309998,,88.087638254,,88.087638254,100.6566828267,,,,1.19826420479462,,,1012.7799912
1205.191,,,,,,,,,,,,,,
1205.246,,,,,,,,,,,,,,
1205.3010000000002,,,,,,,,,,,,,,
1205.332,194.39,136.8261384105,,88.0921741777,,88.0921741777,100.6566828267,,,,1.19826420479462,,,1012.8589344
1205.365,,,,,,,,,,,,,,
1205.423,,,,,,,,,,,,,,
1205.478,,,,,,,,,,,,,,
1205.484,194.54,136.8352102579,2382.81,88.13753341469999,,88.13753341469999,100.6566828267,,,,1.19826420479462,,,1012.9378776
1205.536,,,,,,,,,,,,,,
1205.591,,,,,,,,,,,,,,
1205.636,194.68,136.8442821053,,88.1193897199,,88.1193897199,100.6566828267,,,,1.19826420479462,,,1013.016516
1205.646,,,,,,,,,,,,,,1013.0213928
1205.7,,,,,,,,,,,,,,1013.0497392
1205.755,,,,,,,,,,,,,,1013.0780856
1205.789,194.571,136.85153958322,,88.21328334049,,88.21328334049,100.65532204959,92.1259842519685,,,1.19826420479462,,,1013.0954592
1205.81,,,,,,,,,,,,,,1013.106432
1205.88,,,,,,,,,,,,,,1013.1427032
1205.999,,,,,1.21000003814697,,,,1013.15002441406,1013.15002441406,,1.25999999046326,14.0924777521623,
