well_id,event_id,report_date,depth_m,formation_id,mud_weight_ppg,npt_hours,volume_lost_bbl,event_type_id,hazard,severity,source,is_synthetic,confidence
NO,NO_1979-12-31_EVT_ROUTINE_DRILLING,1979-12-31,0.0,Unknown,,0.0,0.0,EVT_ROUTINE_DRILLING,none,none,real_volve,False,0.95
NO,NO_1997-07-24_EVT_ROUTINE_DRILLING,1997-07-24,0.0,Unknown,,0.0,0.0,EVT_ROUTINE_DRILLING,none,none,real_volve,False,0.95
NO,NO_1997-07-25_EVT_ROUTINE_DRILLING,1997-07-25,2207.0,Unknown,,0.0,0.0,EVT_ROUTINE_DRILLING,none,none,real_volve,False,0.95
NO,NO_1997-07-26_EVT_STUCK_PIPE,1997-07-26,0.0,Unknown,,0.0,0.0,EVT_STUCK_PIPE,stuck_pipe,critical,real_volve,False,0.85
NO,NO_1997-07-27_EVT_ROUTINE_DRILLING,1997-07-27,2187.0,Unknown,,0.0,0.0,EVT_ROUTINE_DRILLING,none,none,real_volve,False,0.95
NO,NO_1997-07-28_EVT_ROUTINE_DRILLING,1997-07-28,2183.0,Unknown,,0.0,0.0,EVT_ROUTINE_DRILLING,none,none,real_volve,False,0.95
NO,NO_1997-07-29_EVT_ROUTINE_DRILLING,1997-07-29,2405.0,Unknown,,0.0,0.0,EVT_ROUTINE_DRILLING,none,none,real_volve,False,0.95
NO,NO_1997-07-30_EVT_ROUTINE_DRILLING,1997-07-30,2768.0,Unknown,,0.0,0.0,EVT_ROUTINE_DRILLING,none,none,real_volve,False,0.95
NO,NO_1997-07-31_EVT_ROUTINE_DRILLING,1997-07-31,0.0,Unknown,,0.0,0.0,EVT_ROUTINE_DRILLING,none,none,real_volve,False,0.95
NO,NO_1997-08-01_EVT_STUCK_PIPE,1997-08-01,2783.0,Unknown,,0.0,0.0,EVT_STUCK_PIPE,stuck_pipe,critical,real_volve,False,0.85
NO,NO_1997-08-02_EVT_ROUTINE_DRILLING,1997-08-02,0.0,Unknown,54.0,0.0,0.0,EVT_ROUTINE_DRILLING,none,none,real_volve,False,0.95
NO,NO_1997-08-03_EVT_ROUTINE_DRILLING,1997-08-03,3052.0,Unknown,,0.0,0.0,EVT_ROUTINE_DRILLING,none,none,real_volve,False,0.95
NO,NO_1997-08-04_EVT_ROUTINE_DRILLING,1997-08-04,3057.0,Unknown,,0.0,0.0,EVT_ROUTINE_DRILLING,none,none,real_volve,False,0.95
NO,NO_1997-08-05_EVT_ROUTINE_DRILLING,1997-08-05,3379.0,Unknown,,0.0,0.0,EVT_ROUTINE_DRILLING,none,none,real_volve,False,0.95
NO,NO_1997-08-06_EVT_ROUTINE_DRILLING,1997-08-06,3573.0,Unknown,,0.0,0.0,EVT_ROUTINE_DRILLING,none,none,real_volve,False,0.95
NO,NO_1997-08-07_EVT_ROUTINE_DRILLING,1997-08-07,3632.0,Unknown,,0.0,0.0,EVT_ROUTINE_DRILLING,none,none,real_volve,False,0.95
NO,NO_1997-08-08_EVT_ROUTINE_DRILLING,1997-08-08,3653.0,Unknown,,0.0,0.0,EVT_ROUTINE_DRILLING,none,none,real_volve,False,0.95
NO,NO_1997-08-09_EVT_ROUTINE_DRILLING,1997-08-09,0.0,Unknown,,0.0,0.0,EVT_ROUTINE_DRILLING,none,none,real_volve,False,0.95
NO,NO_1997-08-10_EVT_ROUTINE_DRILLING,1997-08-10,0.0,Unknown,,0.0,0.0,EVT_ROUTINE_DRILLING,none,none,real_volve,False,0.95
NO,NO_1997-08-11_EVT_ROUTINE_DRILLING,1997-08-11,3837.0,Unknown,,0.0,0.0,EVT_ROUTINE_DRILLING,none,none,real_volve,False,0.95
NO,NO_1997-08-12_EVT_ROUTINE_DRILLING,1997-08-12,1.0,Unknown,,0.0,0.0,EVT_ROUTINE_DRILLING,none,none,real_volve,False,0.95
NO,NO_1997-08-13_EVT_ROUTINE_DRILLING,1997-08-13,3881.0,Unknown,,0.0,0.0,EVT_ROUTINE_DRILLING,none,none,real_volve,False,0.95
NO,NO_1997-08-14_EVT_ROUTINE_DRILLING,1997-08-14,1412.0,Unknown,,0.0,0.0,EVT_ROUTINE_DRILLING,none,none,real_volve,False,0.95
NO,NO_1997-08-15_EVT_ROUTINE_DRILLING,1997-08-15,1195.0,Unknown,,0.0,0.0,EVT_ROUTINE_DRILLING,none,none,real_volve,False,0.95
NO,NO_1997-08-16_EVT_ROUTINE_DRILLING,1997-08-16,0.0,Unknown,,0.0,0.0,EVT_ROUTINE_DRILLING,none,none,real_volve,False,0.95
NO,NO_1997-08-17_EVT_ROUTINE_DRILLING,1997-08-17,0.0,Unknown,,0.0,0.0,EVT_ROUTINE_DRILLING,none,none,real_volve,False,0.95
NO,NO_1997-08-18_EVT_TIGHT_HOLE,1997-08-18,0.0,Unknown,,0.0,0.0,EVT_TIGHT_HOLE,stuck_pipe,medium,real_volve,False,0.85
NO,NO_1997-08-19_EVT_ROUTINE_DRILLING,1997-08-19,0.0,Unknown,,0.0,0.0,EVT_ROUTINE_DRILLING,none,none,real_volve,False,0.95
NO,NO_1997-08-20_EVT_ROUTINE_DRILLING,1997-08-20,4017.0,Unknown,,0.0,0.0,EVT_ROUTINE_DRILLING,none,none,real_volve,False,0.95
NO,NO_1997-08-21_EVT_ROUTINE_DRILLING,1997-08-21,4087.0,Unknown,,0.0,0.0,EVT_ROUTINE_DRILLING,none,none,real_volve,False,0.95
NO,NO_1997-08-22_EVT_ROUTINE_DRILLING,1997-08-22,2762.0,Unknown,,0.0,0.0,EVT_ROUTINE_DRILLING,none,none,real_volve,False,0.95
NO,NO_1997-08-23_EVT_ROUTINE_DRILLING,1997-08-23,0.0,Unknown,,0.0,0.0,EVT_ROUTINE_DRILLING,none,none,real_volve,False,0.95
NO,NO_1997-08-24_EVT_ROUTINE_DRILLING,1997-08-24,0.0,Unknown,,0.0,0.0,EVT_ROUTINE_DRILLING,none,none,real_volve,False,0.95
NO,NO_1997-08-25_EVT_ROUTINE_DRILLING,1997-08-25,0.0,Unknown,,0.0,0.0,EVT_ROUTINE_DRILLING,none,none,real_volve,False,0.95
NO,NO_1997-08-26_EVT_ROUTINE_DRILLING,1997-08-26,0.0,Unknown,,0.0,0.0,EVT_ROUTINE_DRILLING,none,none,real_volve,False,0.95
NO,NO_1997-08-27_EVT_ROUTINE_DRILLING,1997-08-27,2168.0,Unknown,,0.0,0.0,EVT_ROUTINE_DRILLING,none,none,real_volve,False,0.95
NO,NO_1997-08-28_EVT_STUCK_PIPE,1997-08-28,4123.0,Unknown,,0.0,0.0,EVT_STUCK_PIPE,stuck_pipe,critical,real_volve,False,0.85
NO,NO_1997-08-29_EVT_STUCK_PIPE,1997-08-29,0.0,Unknown,,0.0,0.0,EVT_STUCK_PIPE,stuck_pipe,critical,real_volve,False,0.85
NO,NO_1997-08-30_EVT_ROUTINE_DRILLING,1997-08-30,0.0,Unknown,,0.0,0.0,EVT_ROUTINE_DRILLING,none,none,real_volve,False,0.95
NO,NO_1997-08-31_EVT_ROUTINE_DRILLING,1997-08-31,0.0,Unknown,,0.0,0.0,EVT_ROUTINE_DRILLING,none,none,real_volve,False,0.95
NO,NO_1997-09-01_EVT_ROUTINE_DRILLING,1997-09-01,0.0,Unknown,,0.0,0.0,EVT_ROUTINE_DRILLING,none,none,real_volve,False,0.95
NO,NO_1997-09-02_EVT_ROUTINE_DRILLING,1997-09-02,0.0,Unknown,,0.0,0.0,EVT_ROUTINE_DRILLING,none,none,real_volve,False,0.95
NO,NO_1997-09-03_EVT_ROUTINE_DRILLING,1997-09-03,0.0,Unknown,,0.0,0.0,EVT_ROUTINE_DRILLING,none,none,real_volve,False,0.95
NO,NO_1997-09-04_EVT_ROUTINE_DRILLING,1997-09-04,0.0,Unknown,,0.0,0.0,EVT_ROUTINE_DRILLING,none,none,real_volve,False,0.95
NO,NO_1997-09-05_EVT_ROUTINE_DRILLING,1997-09-05,0.0,Unknown,,0.0,0.0,EVT_ROUTINE_DRILLING,none,none,real_volve,False,0.95
NO,NO_1997-09-06_EVT_ROUTINE_DRILLING,1997-09-06,0.0,Unknown,,0.0,0.0,EVT_ROUTINE_DRILLING,none,none,real_volve,False,0.95
NO,NO_1997-09-07_EVT_ROUTINE_DRILLING,1997-09-07,0.0,Unknown,,0.0,0.0,EVT_ROUTINE_DRILLING,none,none,real_volve,False,0.95
NO,NO_1997-09-08_EVT_ROUTINE_DRILLING,1997-09-08,0.0,Unknown,,0.0,0.0,EVT_ROUTINE_DRILLING,none,none,real_volve,False,0.95
NO,NO_1997-09-09_EVT_ROUTINE_DRILLING,1997-09-09,0.0,Unknown,,0.0,0.0,EVT_ROUTINE_DRILLING,none,none,real_volve,False,0.95
NO,NO_1997-09-10_EVT_ROUTINE_DRILLING,1997-09-10,0.0,Unknown,,0.0,0.0,EVT_ROUTINE_DRILLING,none,none,real_volve,False,0.95
NO,NO_1997-09-11_EVT_ROUTINE_DRILLING,1997-09-11,0.0,Unknown,,0.0,0.0,EVT_ROUTINE_DRILLING,none,none,real_volve,False,0.95
NO,NO_1997-09-12_EVT_ROUTINE_DRILLING,1997-09-12,0.0,Unknown,,0.0,0.0,EVT_ROUTINE_DRILLING,none,none,real_volve,False,0.95
NO,NO_1997-09-13_EVT_ROUTINE_DRILLING,1997-09-13,0.0,Unknown,,0.0,0.0,EVT_ROUTINE_DRILLING,none,none,real_volve,False,0.95
NO,NO_1997-09-14_EVT_ROUTINE_DRILLING,1997-09-14,0.0,Unknown,,0.0,0.0,EVT_ROUTINE_DRILLING,none,none,real_volve,False,0.95
NO,NO_1997-09-15_EVT_ROUTINE_DRILLING,1997-09-15,0.0,Unknown,,0.0,0.0,EVT_ROUTINE_DRILLING,none,none,real_volve,False,0.95
NO,NO_1997-09-16_EVT_ROUTINE_DRILLING,1997-09-16,0.0,Unknown,,0.0,0.0,EVT_ROUTINE_DRILLING,none,none,real_volve,False,0.95
NO,NO_1997-09-17_EVT_ROUTINE_DRILLING,1997-09-17,0.0,Unknown,,0.0,0.0,EVT_ROUTINE_DRILLING,none,none,real_volve,False,0.95
NO,NO_1997-09-18_EVT_ROUTINE_DRILLING,1997-09-18,0.0,Unknown,,0.0,0.0,EVT_ROUTINE_DRILLING,none,none,real_volve,False,0.95
NO,NO_1997-09-19_EVT_ROUTINE_DRILLING,1997-09-19,0.0,Unknown,,0.0,0.0,EVT_ROUTINE_DRILLING,none,none,real_volve,False,0.95
NO,NO_1997-09-20_EVT_ROUTINE_DRILLING,1997-09-20,0.0,Unknown,,0.0,0.0,EVT_ROUTINE_DRILLING,none,none,real_volve,False,0.95
NO,NO_1997-09-21_EVT_ROUTINE_DRILLING,1997-09-21,0.0,Unknown,,0.0,0.0,EVT_ROUTINE_DRILLING,none,none,real_volve,False,0.95
NO,NO_1997-09-22_EVT_ROUTINE_DRILLING,1997-09-22,0.0,Unknown,,0.0,0.0,EVT_ROUTINE_DRILLING,none,none,real_volve,False,0.95
NO,NO_1997-09-23_EVT_ROUTINE_DRILLING,1997-09-23,0.0,Unknown,,0.0,0.0,EVT_ROUTINE_DRILLING,none,none,real_volve,False,0.95
NO,NO_1997-09-24_EVT_ROUTINE_DRILLING,1997-09-24,0.0,Unknown,,0.0,0.0,EVT_ROUTINE_DRILLING,none,none,real_volve,False,0.95
NO,NO_1997-09-25_EVT_ROUTINE_DRILLING,1997-09-25,0.0,Unknown,,0.0,0.0,EVT_ROUTINE_DRILLING,none,none,real_volve,False,0.95
NO,NO_1997-09-26_EVT_ROUTINE_DRILLING,1997-09-26,0.0,Unknown,,0.0,0.0,EVT_ROUTINE_DRILLING,none,none,real_volve,False,0.95
NO,NO_1997-09-27_EVT_ROUTINE_DRILLING,1997-09-27,0.0,Unknown,,0.0,0.0,EVT_ROUTINE_DRILLING,none,none,real_volve,False,0.95
NO,NO_1997-09-28_EVT_ROUTINE_DRILLING,1997-09-28,0.0,Unknown,,0.0,0.0,EVT_ROUTINE_DRILLING,none,none,real_volve,False,0.95
NO,NO_1997-09-29_EVT_ROUTINE_DRILLING,1997-09-29,0.0,Unknown,,0.0,0.0,EVT_ROUTINE_DRILLING,none,none,real_volve,False,0.95
NO,NO_1997-09-30_EVT_ROUTINE_DRILLING,1997-09-30,0.0,Unknown,,0.0,0.0,EVT_ROUTINE_DRILLING,none,none,real_volve,False,0.95
NO,NO_1997-10-01_EVT_ROUTINE_DRILLING,1997-10-01,0.0,Unknown,,0.0,0.0,EVT_ROUTINE_DRILLING,none,none,real_volve,False,0.95
NO,NO_1997-10-02_EVT_ROUTINE_DRILLING,1997-10-02,0.0,Unknown,,0.0,0.0,EVT_ROUTINE_DRILLING,none,none,real_volve,False,0.95
NO,NO_1997-10-03_EVT_ROUTINE_DRILLING,1997-10-03,0.0,Unknown,,0.0,0.0,EVT_ROUTINE_DRILLING,none,none,real_volve,False,0.95
NO,NO_1997-10-04_EVT_ROUTINE_DRILLING,1997-10-04,0.0,Unknown,,0.0,0.0,EVT_ROUTINE_DRILLING,none,none,real_volve,False,0.95
NO,NO_1997-10-05_EVT_ROUTINE_DRILLING,1997-10-05,0.0,Unknown,,0.0,0.0,EVT_ROUTINE_DRILLING,none,none,real_volve,False,0.95
NO,NO_1997-10-06_EVT_ROUTINE_DRILLING,1997-10-06,3820.0,Unknown,,0.0,0.0,EVT_ROUTINE_DRILLING,none,none,real_volve,False,0.95
NO,NO_1997-10-07_EVT_ROUTINE_DRILLING,1997-10-07,0.0,Unknown,,0.0,0.0,EVT_ROUTINE_DRILLING,none,none,real_volve,False,0.95
NO,NO_1997-10-08_EVT_ROUTINE_DRILLING,1997-10-08,0.0,Unknown,,0.0,0.0,EVT_ROUTINE_DRILLING,none,none,real_volve,False,0.95
NO,NO_1997-10-09_EVT_ROUTINE_DRILLING,1997-10-09,0.0,Unknown,55.0,0.0,0.0,EVT_ROUTINE_DRILLING,none,none,real_volve,False,0.95
NO,NO_1997-10-10_EVT_ROUTINE_DRILLING,1997-10-10,0.0,Unknown,,0.0,0.0,EVT_ROUTINE_DRILLING,none,none,real_volve,False,0.95
NO,NO_1997-10-11_EVT_ROUTINE_DRILLING,1997-10-11,0.0,Unknown,,0.0,0.0,EVT_ROUTINE_DRILLING,none,none,real_volve,False,0.95
NO,NO_1997-10-12_EVT_ROUTINE_DRILLING,1997-10-12,0.0,Unknown,,0.0,0.0,EVT_ROUTINE_DRILLING,none,none,real_volve,False,0.95
NO,NO_1997-10-13_EVT_ROUTINE_DRILLING,1997-10-13,0.0,Unknown,,0.0,0.0,EVT_ROUTINE_DRILLING,none,none,real_volve,False,0.95
NO,NO_1997-10-14_EVT_ROUTINE_DRILLING,1997-10-14,3600.0,Unknown,,0.0,0.0,EVT_ROUTINE_DRILLING,none,none,real_volve,False,0.95
NO,NO_1997-10-15_EVT_ROUTINE_DRILLING,1997-10-15,3604.0,Unknown,,0.0,0.0,EVT_ROUTINE_DRILLING,none,none,real_volve,False,0.95
NO,NO_1997-10-16_EVT_ROUTINE_DRILLING,1997-10-16,0.0,Unknown,,0.0,0.0,EVT_ROUTINE_DRILLING,none,none,real_volve,False,0.95
NO,NO_1997-10-17_EVT_ROUTINE_DRILLING,1997-10-17,0.0,Unknown,,0.0,0.0,EVT_ROUTINE_DRILLING,none,none,real_volve,False,0.95
NO,NO_1997-10-18_EVT_ROUTINE_DRILLING,1997-10-18,0.0,Unknown,,0.0,0.0,EVT_ROUTINE_DRILLING,none,none,real_volve,False,0.95
NO,NO_1997-10-19_EVT_ROUTINE_DRILLING,1997-10-19,0.0,Unknown,,0.0,0.0,EVT_ROUTINE_DRILLING,none,none,real_volve,False,0.95
NO,NO_1997-10-20_EVT_ROUTINE_DRILLING,1997-10-20,0.0,Unknown,,0.0,0.0,EVT_ROUTINE_DRILLING,none,none,real_volve,False,0.95
NO,NO_1997-10-21_EVT_ROUTINE_DRILLING,1997-10-21,0.0,Unknown,,0.0,0.0,EVT_ROUTINE_DRILLING,none,none,real_volve,False,0.95
NO,NO_1997-10-22_EVT_ROUTINE_DRILLING,1997-10-22,0.0,Unknown,,0.0,0.0,EVT_ROUTINE_DRILLING,none,none,real_volve,False,0.95
NO,NO_1997-10-23_EVT_ROUTINE_DRILLING,1997-10-23,3947.0,Unknown,,0.0,0.0,EVT_ROUTINE_DRILLING,none,none,real_volve,False,0.95
NO,NO_1997-10-24_EVT_ROUTINE_DRILLING,1997-10-24,0.0,Unknown,,0.0,0.0,EVT_ROUTINE_DRILLING,none,none,real_volve,False,0.95
NO,NO_1997-10-25_EVT_ROUTINE_DRILLING,1997-10-25,0.0,Unknown,,0.0,0.0,EVT_ROUTINE_DRILLING,none,none,real_volve,False,0.95
NO,NO_1997-10-26_EVT_ROUTINE_DRILLING,1997-10-26,0.0,Unknown,,0.0,0.0,EVT_ROUTINE_DRILLING,none,none,real_volve,False,0.95
NO,NO_1997-10-27_EVT_ROUTINE_DRILLING,1997-10-27,0.0,Unknown,,0.0,0.0,EVT_ROUTINE_DRILLING,none,none,real_volve,False,0.95
NO,NO_1997-10-28_EVT_ROUTINE_DRILLING,1997-10-28,0.0,Unknown,,0.0,0.0,EVT_ROUTINE_DRILLING,none,none,real_volve,False,0.95
NO,NO_1997-10-29_EVT_ROUTINE_DRILLING,1997-10-29,3865.0,Unknown,,0.0,0.0,EVT_ROUTINE_DRILLING,none,none,real_volve,False,0.95
NO,NO_1997-10-30_EVT_ROUTINE_DRILLING,1997-10-30,0.0,Unknown,,0.0,0.0,EVT_ROUTINE_DRILLING,none,none,real_volve,False,0.95
NO,NO_1997-10-31_EVT_ROUTINE_DRILLING,1997-10-31,0.0,Unknown,,0.0,0.0,EVT_ROUTINE_DRILLING,none,none,real_volve,False,0.95
NO,NO_1997-11-01_EVT_ROUTINE_DRILLING,1997-11-01,0.0,Unknown,,0.0,0.0,EVT_ROUTINE_DRILLING,none,none,real_volve,False,0.95
NO,NO_1997-11-02_EVT_ROUTINE_DRILLING,1997-11-02,0.0,Unknown,,0.0,0.0,EVT_ROUTINE_DRILLING,none,none,real_volve,False,0.95
NO,NO_1997-11-03_EVT_ROUTINE_DRILLING,1997-11-03,0.0,Unknown,,0.0,0.0,EVT_ROUTINE_DRILLING,none,none,real_volve,False,0.95
NO,NO_1997-11-04_EVT_ROUTINE_DRILLING,1997-11-04,3818.0,Unknown,,0.0,0.0,EVT_ROUTINE_DRILLING,none,none,real_volve,False,0.95
NO,NO_1997-11-05_EVT_ROUTINE_DRILLING,1997-11-05,2325.0,Unknown,55.0,0.0,0.0,EVT_ROUTINE_DRILLING,none,none,real_volve,False,0.95
NO,NO_1997-11-06_EVT_ROUTINE_DRILLING,1997-11-06,2275.0,Unknown,,0.0,0.0,EVT_ROUTINE_DRILLING,none,none,real_volve,False,0.95
NO,NO_1997-11-07_EVT_KICK,1997-11-07,0.0,Unknown,,0.0,0.0,EVT_KICK,kick,critical,real_volve,False,0.85
NO,NO_1997-11-08_EVT_KICK,1997-11-08,0.0,Unknown,,0.0,0.0,EVT_KICK,kick,critical,real_volve,False,0.85
NO,NO_1997-11-09_EVT_ROUTINE_DRILLING,1997-11-09,0.0,Unknown,,0.0,0.0,EVT_ROUTINE_DRILLING,none,none,real_volve,False,0.95
NO,NO_1997-12-05_EVT_ROUTINE_DRILLING,1997-12-05,3042.0,Unknown,,0.0,0.0,EVT_ROUTINE_DRILLING,none,none,real_volve,False,0.95
NO,NO_1997-12-06_EVT_ROUTINE_DRILLING,1997-12-06,3152.0,Unknown,,0.0,0.0,EVT_ROUTINE_DRILLING,none,none,real_volve,False,0.95
NO,NO_1997-12-07_EVT_ROUTINE_DRILLING,1997-12-07,3220.0,Unknown,,0.0,0.0,EVT_ROUTINE_DRILLING,none,none,real_volve,False,0.95
NO,NO_1997-12-08_EVT_ROUTINE_DRILLING,1997-12-08,2163.0,Unknown,,0.0,0.0,EVT_ROUTINE_DRILLING,none,none,real_volve,False,0.95
NO,NO_1997-12-09_EVT_TIGHT_HOLE,1997-12-09,2849.0,Unknown,,0.0,0.0,EVT_TIGHT_HOLE,stuck_pipe,medium,real_volve,False,0.85
NO,NO_1997-12-10_EVT_ROUTINE_DRILLING,1997-12-10,2746.0,Unknown,,0.0,0.0,EVT_ROUTINE_DRILLING,none,none,real_volve,False,0.95
NO,NO_1997-12-11_EVT_TIGHT_HOLE,1997-12-11,3220.0,Unknown,,0.0,0.0,EVT_TIGHT_HOLE,stuck_pipe,medium,real_volve,False,0.85
NO,NO_1997-12-12_EVT_ROUTINE_DRILLING,1997-12-12,3206.0,Unknown,,0.0,0.0,EVT_ROUTINE_DRILLING,none,none,real_volve,False,0.95
NO,NO_1997-12-13_EVT_ROUTINE_DRILLING,1997-12-13,2593.0,Unknown,,0.0,0.0,EVT_ROUTINE_DRILLING,none,none,real_volve,False,0.95
NO,NO_1997-12-14_EVT_ROUTINE_DRILLING,1997-12-14,3198.0,Unknown,,0.0,0.0,EVT_ROUTINE_DRILLING,none,none,real_volve,False,0.95
NO,NO_1997-12-15_EVT_ROUTINE_DRILLING,1997-12-15,0.0,Unknown,,0.0,0.0,EVT_ROUTINE_DRILLING,none,none,real_volve,False,0.95
NO,NO_1997-12-16_EVT_ROUTINE_DRILLING,1997-12-16,3201.0,Unknown,,0.0,0.0,EVT_ROUTINE_DRILLING,none,none,real_volve,False,0.95
NO,NO_1997-12-17_EVT_ROUTINE_DRILLING,1997-12-17,0.0,Unknown,,0.0,0.0,EVT_ROUTINE_DRILLING,none,none,real_volve,False,0.95
NO,NO_1997-12-18_EVT_ROUTINE_DRILLING,1997-12-18,3317.0,Unknown,,0.0,0.0,EVT_ROUTINE_DRILLING,none,none,real_volve,False,0.95
NO,NO_1997-12-19_EVT_ROUTINE_DRILLING,1997-12-19,1900.0,Unknown,,0.0,0.0,EVT_ROUTINE_DRILLING,none,none,real_volve,False,0.95
NO,NO_1997-12-20_EVT_TIGHT_HOLE,1997-12-20,3365.0,Unknown,,0.0,0.0,EVT_TIGHT_HOLE,stuck_pipe,medium,real_volve,False,0.85
NO,NO_1997-12-21_EVT_ROUTINE_DRILLING,1997-12-21,3405.0,Unknown,,0.0,0.0,EVT_ROUTINE_DRILLING,none,none,real_volve,False,0.95
NO,NO_1997-12-22_EVT_ROUTINE_DRILLING,1997-12-22,3471.0,Unknown,,0.0,0.0,EVT_ROUTINE_DRILLING,none,none,real_volve,False,0.95
NO,NO_1997-12-23_EVT_ROUTINE_DRILLING,1997-12-23,3603.0,Unknown,,0.0,0.0,EVT_ROUTINE_DRILLING,none,none,real_volve,False,0.95
NO,NO_1997-12-24_EVT_ROUTINE_DRILLING,1997-12-24,3514.0,Unknown,,0.0,0.0,EVT_ROUTINE_DRILLING,none,none,real_volve,False,0.95
NO,NO_1997-12-25_EVT_ROUTINE_DRILLING,1997-12-25,3603.0,Unknown,,0.0,0.0,EVT_ROUTINE_DRILLING,none,none,real_volve,False,0.95
NO,NO_1997-12-26_EVT_ROUTINE_DRILLING,1997-12-26,3656.0,Unknown,,0.0,0.0,EVT_ROUTINE_DRILLING,none,none,real_volve,False,0.95
NO,NO_1997-12-27_EVT_ROUTINE_DRILLING,1997-12-27,3690.0,Unknown,,0.0,0.0,EVT_ROUTINE_DRILLING,none,none,real_volve,False,0.95
NO,NO_1997-12-28_EVT_ROUTINE_DRILLING,1997-12-28,3708.0,Unknown,,0.0,0.0,EVT_ROUTINE_DRILLING,none,none,real_volve,False,0.95
NO,NO_1997-12-29_EVT_ROUTINE_DRILLING,1997-12-29,3728.0,Unknown,,0.0,0.0,EVT_ROUTINE_DRILLING,none,none,real_volve,False,0.95
NO,NO_1997-12-30_EVT_ROUTINE_DRILLING,1997-12-30,3950.0,Unknown,,0.0,0.0,EVT_ROUTINE_DRILLING,none,none,real_volve,False,0.95
NO,NO_1997-12-31_EVT_ROUTINE_DRILLING,1997-12-31,0.0,Unknown,,0.0,0.0,EVT_ROUTINE_DRILLING,none,none,real_volve,False,0.95
NO,NO_1998-01-01_EVT_STUCK_PIPE,1998-01-01,3680.0,Unknown,,0.0,0.0,EVT_STUCK_PIPE,stuck_pipe,critical,real_volve,False,0.85
NO,NO_1998-01-02_EVT_TIGHT_HOLE,1998-01-02,3341.0,Unknown,,0.0,0.0,EVT_TIGHT_HOLE,stuck_pipe,medium,real_volve,False,0.85
NO,NO_1998-01-03_EVT_ROUTINE_DRILLING,1998-01-03,3960.0,Unknown,,0.0,0.0,EVT_ROUTINE_DRILLING,none,none,real_volve,False,0.95
NO,NO_1998-01-04_EVT_ROUTINE_DRILLING,1998-01-04,3037.0,Unknown,,0.0,0.0,EVT_ROUTINE_DRILLING,none,none,real_volve,False,0.95
NO,NO_1998-01-05_EVT_ROUTINE_DRILLING,1998-01-05,8.0,Unknown,,0.0,0.0,EVT_ROUTINE_DRILLING,none,none,real_volve,False,0.95
NO,NO_1998-01-06_EVT_ROUTINE_DRILLING,1998-01-06,3.0,Unknown,,0.0,0.0,EVT_ROUTINE_DRILLING,none,none,real_volve,False,0.95
NO,NO_1998-01-07_EVT_ROUTINE_DRILLING,1998-01-07,18.0,Unknown,,0.0,0.0,EVT_ROUTINE_DRILLING,none,none,real_volve,False,0.95
NO,NO_1998-01-08_EVT_ROUTINE_DRILLING,1998-01-08,4007.0,Unknown,,0.0,0.0,EVT_ROUTINE_DRILLING,none,none,real_volve,False,0.95
NO,NO_1998-01-09_EVT_STUCK_PIPE,1998-01-09,4130.0,Unknown,,0.0,0.0,EVT_STUCK_PIPE,stuck_pipe,critical,real_volve,False,0.85
NO,NO_1998-01-10_EVT_STUCK_PIPE,1998-01-10,0.0,Unknown,,0.0,0.0,EVT_STUCK_PIPE,stuck_pipe,critical,real_volve,False,0.85
NO,NO_1998-01-11_EVT_ROUTINE_DRILLING,1998-01-11,0.0,Unknown,,0.0,0.0,EVT_ROUTINE_DRILLING,none,none,real_volve,False,0.95
NO,NO_1998-01-12_EVT_ROUTINE_DRILLING,1998-01-12,0.0,Unknown,,0.0,0.0,EVT_ROUTINE_DRILLING,none,none,real_volve,False,0.95
NO,NO_1998-01-13_EVT_ROUTINE_DRILLING,1998-01-13,0.0,Unknown,,0.0,0.0,EVT_ROUTINE_DRILLING,none,none,real_volve,False,0.95
NO,NO_1998-01-14_EVT_ROUTINE_DRILLING,1998-01-14,0.0,Unknown,,0.0,0.0,EVT_ROUTINE_DRILLING,none,none,real_volve,False,0.95
NO,NO_1998-01-15_EVT_ROUTINE_DRILLING,1998-01-15,0.0,Unknown,,0.0,0.0,EVT_ROUTINE_DRILLING,none,none,real_volve,False,0.95
NO,NO_1998-01-16_EVT_ROUTINE_DRILLING,1998-01-16,4200.0,Unknown,,0.0,0.0,EVT_ROUTINE_DRILLING,none,none,real_volve,False,0.95
NO,NO_1998-01-17_EVT_ROUTINE_DRILLING,1998-01-17,0.0,Unknown,,0.0,0.0,EVT_ROUTINE_DRILLING,none,none,real_volve,False,0.95
NO,NO_1998-01-18_EVT_ROUTINE_DRILLING,1998-01-18,0.0,Unknown,,0.0,0.0,EVT_ROUTINE_DRILLING,none,none,real_volve,False,0.95
NO,NO_1998-01-19_EVT_ROUTINE_DRILLING,1998-01-19,0.0,Unknown,,0.0,0.0,EVT_ROUTINE_DRILLING,none,none,real_volve,False,0.95
NO,NO_1998-01-20_EVT_ROUTINE_DRILLING,1998-01-20,0.0,Unknown,,0.0,0.0,EVT_ROUTINE_DRILLING,none,none,real_volve,False,0.95
NO,NO_1998-01-21_EVT_ROUTINE_DRILLING,1998-01-21,4025.0,Unknown,,0.0,0.0,EVT_ROUTINE_DRILLING,none,none,real_volve,False,0.95
NO,NO_1998-01-22_EVT_ROUTINE_DRILLING,1998-01-22,3100.0,Unknown,,0.0,0.0,EVT_ROUTINE_DRILLING,none,none,real_volve,False,0.95
NO,NO_1998-01-23_EVT_ROUTINE_DRILLING,1998-01-23,640.0,Unknown,,0.0,0.0,EVT_ROUTINE_DRILLING,none,none,real_volve,False,0.95
NO,NO_1998-01-24_EVT_ROUTINE_DRILLING,1998-01-24,1485.0,Unknown,,0.0,0.0,EVT_ROUTINE_DRILLING,none,none,real_volve,False,0.95
NO,NO_1998-01-25_EVT_ROUTINE_DRILLING,1998-01-25,0.0,Unknown,,0.0,0.0,EVT_ROUTINE_DRILLING,none,none,real_volve,False,0.95
NO,NO_1998-01-26_EVT_ROUTINE_DRILLING,1998-01-26,1385.0,Unknown,,0.0,0.0,EVT_ROUTINE_DRILLING,none,none,real_volve,False,0.95
NO,NO_1998-01-27_EVT_ROUTINE_DRILLING,1998-01-27,1371.0,Unknown,,0.0,0.0,EVT_ROUTINE_DRILLING,none,none,real_volve,False,0.95
NO,NO_1998-01-28_EVT_ROUTINE_DRILLING,1998-01-28,211.0,Unknown,,0.0,0.0,EVT_ROUTINE_DRILLING,none,none,real_volve,False,0.95
NO,NO_1998-01-29_EVT_ROUTINE_DRILLING,1998-01-29,0.0,Unknown,,0.0,0.0,EVT_ROUTINE_DRILLING,none,none,real_volve,False,0.95
NO,NO_1998-01-30_EVT_ROUTINE_DRILLING,1998-01-30,0.0,Unknown,,0.0,0.0,EVT_ROUTINE_DRILLING,none,none,real_volve,False,0.95
NO,NO_1998-01-31_EVT_ROUTINE_DRILLING,1998-01-31,0.0,Unknown,,0.0,0.0,EVT_ROUTINE_DRILLING,none,none,real_volve,False,0.95
NO,NO_1998-02-01_EVT_ROUTINE_DRILLING,1998-02-01,0.0,Unknown,,0.0,0.0,EVT_ROUTINE_DRILLING,none,none,real_volve,False,0.95
NO,NO_1998-02-02_EVT_ROUTINE_DRILLING,1998-02-02,0.0,Unknown,,0.0,0.0,EVT_ROUTINE_DRILLING,none,none,real_volve,False,0.95
NO,NO_1998-02-03_EVT_ROUTINE_DRILLING,1998-02-03,0.0,Unknown,,0.0,0.0,EVT_ROUTINE_DRILLING,none,none,real_volve,False,0.95
NO,NO_1998-02-04_EVT_ROUTINE_DRILLING,1998-02-04,0.0,Unknown,,0.0,0.0,EVT_ROUTINE_DRILLING,none,none,real_volve,False,0.95
NO,NO_1997-11-09_EVT_ROUTINE_DRILLING,1997-11-09,0.0,Unknown,,0.0,0.0,EVT_ROUTINE_DRILLING,none,none,real_volve,False,0.95
NO,NO_1997-11-10_EVT_KICK,1997-11-10,2231.0,Unknown,,0.0,0.0,EVT_KICK,kick,critical,real_volve,False,0.85
NO,NO_1997-11-11_EVT_ROUTINE_DRILLING,1997-11-11,2268.0,Unknown,,0.0,0.0,EVT_ROUTINE_DRILLING,none,none,real_volve,False,0.95
NO,NO_1997-11-12_EVT_ROUTINE_DRILLING,1997-11-12,2350.0,Unknown,,0.0,0.0,EVT_ROUTINE_DRILLING,none,none,real_volve,False,0.95
NO,NO_1997-11-13_EVT_ROUTINE_DRILLING,1997-11-13,2811.0,Unknown,,0.0,0.0,EVT_ROUTINE_DRILLING,none,none,real_volve,False,0.95
NO,NO_1997-11-14_EVT_LCM_APPLIED,1997-11-14,3035.0,Unknown,,0.0,0.0,EVT_LCM_APPLIED,mud_loss,low,real_volve,False,0.85
NO,NO_1997-11-15_EVT_ROUTINE_DRILLING,1997-11-15,0.0,Unknown,,0.0,0.0,EVT_ROUTINE_DRILLING,none,none,real_volve,False,0.95
NO,NO_1997-11-16_EVT_ROUTINE_DRILLING,1997-11-16,0.0,Unknown,,0.0,0.0,EVT_ROUTINE_DRILLING,none,none,real_volve,False,0.95
NO,NO_1997-11-17_EVT_ROUTINE_DRILLING,1997-11-17,2983.0,Unknown,,0.0,0.0,EVT_ROUTINE_DRILLING,none,none,real_volve,False,0.95
NO,NO_1997-11-18_EVT_ROUTINE_DRILLING,1997-11-18,2121.0,Unknown,,0.0,0.0,EVT_ROUTINE_DRILLING,none,none,real_volve,False,0.95
NO,NO_1997-11-19_EVT_ROUTINE_DRILLING,1997-11-19,0.0,Unknown,,0.0,0.0,EVT_ROUTINE_DRILLING,none,none,real_volve,False,0.95
NO,NO_1997-11-20_EVT_ROUTINE_DRILLING,1997-11-20,0.0,Unknown,,0.0,0.0,EVT_ROUTINE_DRILLING,none,none,real_volve,False,0.95
NO,NO_1997-11-21_EVT_ROUTINE_DRILLING,1997-11-21,0.0,Unknown,,0.0,0.0,EVT_ROUTINE_DRILLING,none,none,real_volve,False,0.95
NO,NO_1997-11-22_EVT_ROUTINE_DRILLING,1997-11-22,0.0,Unknown,,0.0,0.0,EVT_ROUTINE_DRILLING,none,none,real_volve,False,0.95
NO,NO_1997-11-23_EVT_ROUTINE_DRILLING,1997-11-23,0.0,Unknown,,0.0,0.0,EVT_ROUTINE_DRILLING,none,none,real_volve,False,0.95
NO,NO_1997-11-24_EVT_ROUTINE_DRILLING,1997-11-24,0.0,Unknown,,0.0,0.0,EVT_ROUTINE_DRILLING,none,none,real_volve,False,0.95
NO,NO_1997-11-25_EVT_ROUTINE_DRILLING,1997-11-25,2600.0,Unknown,,0.0,0.0,EVT_ROUTINE_DRILLING,none,none,real_volve,False,0.95
NO,NO_1997-11-26_EVT_MUD_LOSS_PARTIAL,1997-11-26,2651.0,Unknown,,0.0,0.0,EVT_MUD_LOSS_PARTIAL,mud_loss,medium,real_volve,False,0.85
NO,NO_1997-11-27_EVT_JARRING,1997-11-27,3212.0,Unknown,,0.0,0.0,EVT_JARRING,stuck_pipe,medium,real_volve,False,0.85
NO,NO_1997-11-28_EVT_TORQUE_UP,1997-11-28,0.0,Unknown,,0.0,0.0,EVT_TORQUE_UP,torque_spike,medium,real_volve,False,0.85
NO,NO_1997-11-29_EVT_ROUTINE_DRILLING,1997-11-29,3164.0,Unknown,,0.0,0.0,EVT_ROUTINE_DRILLING,none,none,real_volve,False,0.95
NO,NO_1997-11-30_EVT_ROUTINE_DRILLING,1997-11-30,0.0,Unknown,49.0,0.0,0.0,EVT_ROUTINE_DRILLING,none,none,real_volve,False,0.95
NO,NO_1997-12-01_EVT_ROUTINE_DRILLING,1997-12-01,0.0,Unknown,,0.0,0.0,EVT_ROUTINE_DRILLING,none,none,real_volve,False,0.95
NO,NO_1997-12-02_EVT_ROUTINE_DRILLING,1997-12-02,2500.0,Unknown,,0.0,0.0,EVT_ROUTINE_DRILLING,none,none,real_volve,False,0.95
NO,NO_1997-12-03_EVT_MUD_LOSS_PARTIAL,1997-12-03,2835.0,Unknown,,0.0,0.0,EVT_MUD_LOSS_PARTIAL,mud_loss,medium,real_volve,False,0.85
NO,NO_1997-12-04_EVT_ROUTINE_DRILLING,1997-12-04,2716.0,Unknown,,0.0,0.0,EVT_ROUTINE_DRILLING,none,none,real_volve,False,0.95
NO,NO_1997-12-05_EVT_ROUTINE_DRILLING,1997-12-05,2600.0,Unknown,,0.0,0.0,EVT_ROUTINE_DRILLING,none,none,real_volve,False,0.95
NO,NO_1992-12-18_EVT_ROUTINE_DRILLING,1992-12-18,0.0,Unknown,,0.0,0.0,EVT_ROUTINE_DRILLING,none,none,real_volve,False,0.95
NO,NO_1992-12-19_EVT_ROUTINE_DRILLING,1992-12-19,1653.0,Unknown,,0.0,0.0,EVT_ROUTINE_DRILLING,none,none,real_volve,False,0.95
NO,NO_1992-12-20_EVT_ROUTINE_DRILLING,1992-12-20,250.0,Unknown,,0.0,0.0,EVT_ROUTINE_DRILLING,none,none,real_volve,False,0.95
NO,NO_1992-12-21_EVT_ROUTINE_DRILLING,1992-12-21,1926.0,Unknown,,0.0,0.0,EVT_ROUTINE_DRILLING,none,none,real_volve,False,0.95
NO,NO_1992-12-22_EVT_ROUTINE_DRILLING,1992-12-22,1502.0,Unknown,,0.0,0.0,EVT_ROUTINE_DRILLING,none,none,real_volve,False,0.95
NO,NO_1992-12-23_EVT_ROUTINE_DRILLING,1992-12-23,2559.0,Unknown,,0.0,0.0,EVT_ROUTINE_DRILLING,none,none,real_volve,False,0.95
NO,NO_1992-12-24_EVT_MUD_LOSS_PARTIAL,1992-12-24,2938.0,Unknown,,0.0,0.0,EVT_MUD_LOSS_PARTIAL,mud_loss,medium,real_volve,False,0.85
NO,NO_1992-12-25_EVT_OVERPRESSURE_DETECTED,1992-12-25,0.0,Unknown,,0.0,0.0,EVT_OVERPRESSURE_DETECTED,overpressure,high,real_volve,False,0.85
NO,NO_1992-12-26_EVT_OVERPRESSURE_DETECTED,1992-12-26,2850.0,Unknown,55.0,0.0,0.0,EVT_OVERPRESSURE_DETECTED,overpressure,high,real_volve,False,0.85
NO,NO_1992-12-27_EVT_ROUTINE_DRILLING,1992-12-27,2850.0,Unknown,,0.0,0.0,EVT_ROUTINE_DRILLING,none,none,real_volve,False,0.95
NO,NO_1992-12-28_EVT_ROUTINE_DRILLING,1992-12-28,2608.0,Unknown,,0.0,0.0,EVT_ROUTINE_DRILLING,none,none,real_volve,False,0.95
NO,NO_1992-12-29_EVT_ROUTINE_DRILLING,1992-12-29,1475.0,Unknown,,0.0,0.0,EVT_ROUTINE_DRILLING,none,none,real_volve,False,0.95
NO,NO_1992-12-30_EVT_ROUTINE_DRILLING,1992-12-30,2903.0,Unknown,,0.0,0.0,EVT_ROUTINE_DRILLING,none,none,real_volve,False,0.95
NO,NO_1992-12-31_EVT_ROUTINE_DRILLING,1992-12-31,2925.0,Unknown,,0.0,0.0,EVT_ROUTINE_DRILLING,none,none,real_volve,False,0.95
NO,NO_1993-01-01_EVT_ROUTINE_DRILLING,1993-01-01,2207.0,Unknown,,0.0,0.0,EVT_ROUTINE_DRILLING,none,none,real_volve,False,0.95
NO,NO_1993-01-02_EVT_ROUTINE_DRILLING,1993-01-02,2207.0,Unknown,,0.0,0.0,EVT_ROUTINE_DRILLING,none,none,real_volve,False,0.95
NO,NO_1993-01-03_EVT_ROUTINE_DRILLING,1993-01-03,2500.0,Unknown,,0.0,0.0,EVT_ROUTINE_DRILLING,none,none,real_volve,False,0.95
NO,NO_1993-01-04_EVT_ROUTINE_DRILLING,1993-01-04,1343.0,Unknown,,0.0,0.0,EVT_ROUTINE_DRILLING,none,none,real_volve,False,0.95
NO,NO_1993-01-05_EVT_ROUTINE_DRILLING,1993-01-05,3168.0,Unknown,,0.0,0.0,EVT_ROUTINE_DRILLING,none,none,real_volve,False,0.95
NO,NO_1993-01-06_EVT_ROUTINE_DRILLING,1993-01-06,3204.0,Unknown,,0.0,0.0,EVT_ROUTINE_DRILLING,none,none,real_volve,False,0.95
NO,NO_1993-01-07_EVT_TORQUE_UP,1993-01-07,3215.0,Unknown,,0.0,0.0,EVT_TORQUE_UP,torque_spike,medium,real_volve,False,0.85
NO,NO_1993-01-08_EVT_ROUTINE_DRILLING,1993-01-08,3331.0,Unknown,,0.0,0.0,EVT_ROUTINE_DRILLING,none,none,real_volve,False,0.95
NO,NO_1993-01-09_EVT_ROUTINE_DRILLING,1993-01-09,3475.0,Unknown,,0.0,0.0,EVT_ROUTINE_DRILLING,none,none,real_volve,False,0.95
NO,NO_1993-01-10_EVT_ROUTINE_DRILLING,1993-01-10,3580.0,Unknown,,0.0,0.0,EVT_ROUTINE_DRILLING,none,none,real_volve,False,0.95
NO,NO_1993-01-11_EVT_ROUTINE_DRILLING,1993-01-11,0.0,Unknown,,0.0,0.0,EVT_ROUTINE_DRILLING,none,none,real_volve,False,0.95
NO,NO_1993-01-12_EVT_ROUTINE_DRILLING,1993-01-12,500.0,Unknown,,0.0,0.0,EVT_ROUTINE_DRILLING,none,none,real_volve,False,0.95
NO,NO_1993-01-13_EVT_ROUTINE_DRILLING,1993-01-13,3480.0,Unknown,,0.0,0.0,EVT_ROUTINE_DRILLING,none,none,real_volve,False,0.95
NO,NO_1993-01-14_EVT_ROUTINE_DRILLING,1993-01-14,1460.0,Unknown,,0.0,0.0,EVT_ROUTINE_DRILLING,none,none,real_volve,False,0.95
NO,NO_1993-01-15_EVT_ROUTINE_DRILLING,1993-01-15,3228.0,Unknown,55.0,0.0,0.0,EVT_ROUTINE_DRILLING,none,none,real_volve,False,0.95
NO,NO_1993-01-16_EVT_ROUTINE_DRILLING,1993-01-16,0.0,Unknown,55.0,0.0,0.0,EVT_ROUTINE_DRILLING,none,none,real_volve,False,0.95
NO,NO_1993-01-17_EVT_ROUTINE_DRILLING,1993-01-17,115.0,Unknown,,0.0,0.0,EVT_ROUTINE_DRILLING,none,none,real_volve,False,0.95
NO,NO_1993-01-18_EVT_ROUTINE_DRILLING,1993-01-18,0.0,Unknown,,0.0,0.0,EVT_ROUTINE_DRILLING,none,none,real_volve,False,0.95
NO,NO_1993-01-19_EVT_ROUTINE_DRILLING,1993-01-19,2510.0,Unknown,,0.0,0.0,EVT_ROUTINE_DRILLING,none,none,real_volve,False,0.95
NO,NO_1993-01-20_EVT_ROUTINE_DRILLING,1993-01-20,3040.0,Unknown,,0.0,0.0,EVT_ROUTINE_DRILLING,none,none,real_volve,False,0.95
NO,NO_1993-01-21_EVT_ROUTINE_DRILLING,1993-01-21,3422.0,Unknown,,0.0,0.0,EVT_ROUTINE_DRILLING,none,none,real_volve,False,0.95
NO,NO_1993-01-22_EVT_ROUTINE_DRILLING,1993-01-22,3452.0,Unknown,,0.0,0.0,EVT_ROUTINE_DRILLING,none,none,real_volve,False,0.95
NO,NO_1993-01-23_EVT_ROUTINE_DRILLING,1993-01-23,1230.0,Unknown,,0.0,0.0,EVT_ROUTINE_DRILLING,none,none,real_volve,False,0.95
NO,NO_1993-01-24_EVT_ROUTINE_DRILLING,1993-01-24,3535.0,Unknown,,0.0,0.0,EVT_ROUTINE_DRILLING,none,none,real_volve,False,0.95
NO,NO_1993-01-25_EVT_ROUTINE_DRILLING,1993-01-25,0.0,Unknown,,0.0,0.0,EVT_ROUTINE_DRILLING,none,none,real_volve,False,0.95
NO,NO_1993-01-26_EVT_ROUTINE_DRILLING,1993-01-26,3260.0,Unknown,,0.0,0.0,EVT_ROUTINE_DRILLING,none,none,real_volve,False,0.95
NO,NO_1993-01-27_EVT_ROUTINE_DRILLING,1993-01-27,3225.0,Unknown,,0.0,0.0,EVT_ROUTINE_DRILLING,none,none,real_volve,False,0.95
NO,NO_1993-01-28_EVT_ROUTINE_DRILLING,1993-01-28,205.0,Unknown,,0.0,0.0,EVT_ROUTINE_DRILLING,none,none,real_volve,False,0.95
NO,NO_1993-01-29_EVT_ROUTINE_DRILLING,1993-01-29,0.0,Unknown,,0.0,0.0,EVT_ROUTINE_DRILLING,none,none,real_volve,False,0.95
NO,NO_1993-01-30_EVT_ROUTINE_DRILLING,1993-01-30,0.0,Unknown,,0.0,0.0,EVT_ROUTINE_DRILLING,none,none,real_volve,False,0.95
NO,NO_1993-01-31_EVT_ROUTINE_DRILLING,1993-01-31,0.0,Unknown,,0.0,0.0,EVT_ROUTINE_DRILLING,none,none,real_volve,False,0.95
NO,NO_1993-02-17_EVT_ROUTINE_DRILLING,1993-02-17,0.0,Unknown,,0.0,0.0,EVT_ROUTINE_DRILLING,none,none,real_volve,False,0.95
NO,NO_1993-02-18_EVT_ROUTINE_DRILLING,1993-02-18,0.0,Unknown,,0.0,0.0,EVT_ROUTINE_DRILLING,none,none,real_volve,False,0.95
NO,NO_1993-02-19_EVT_TORQUE_UP,1993-02-19,0.0,Unknown,,0.0,0.0,EVT_TORQUE_UP,torque_spike,medium,real_volve,False,0.85
NO,NO_1993-02-20_EVT_ROUTINE_DRILLING,1993-02-20,0.0,Unknown,,0.0,0.0,EVT_ROUTINE_DRILLING,none,none,real_volve,False,0.95
NO,NO_1993-02-21_EVT_ROUTINE_DRILLING,1993-02-21,0.0,Unknown,,0.0,0.0,EVT_ROUTINE_DRILLING,none,none,real_volve,False,0.95
NO,NO_1993-02-22_EVT_ROUTINE_DRILLING,1993-02-22,0.0,Unknown,,0.0,0.0,EVT_ROUTINE_DRILLING,none,none,real_volve,False,0.95
NO,NO_1993-02-23_EVT_ROUTINE_DRILLING,1993-02-23,0.0,Unknown,,0.0,0.0,EVT_ROUTINE_DRILLING,none,none,real_volve,False,0.95
NO,NO_1993-02-24_EVT_ROUTINE_DRILLING,1993-02-24,205.0,Unknown,40.0,0.0,0.0,EVT_ROUTINE_DRILLING,none,none,real_volve,False,0.95
NO,NO_1993-02-25_EVT_ROUTINE_DRILLING,1993-02-25,3581.0,Unknown,71.0,0.0,0.0,EVT_ROUTINE_DRILLING,none,none,real_volve,False,0.95
NO,NO_1993-02-26_EVT_ROUTINE_DRILLING,1993-02-26,3595.0,heimdal,,0.0,0.0,EVT_ROUTINE_DRILLING,none,none,real_volve,False,0.95
NO,NO_1993-02-27_EVT_ROUTINE_DRILLING,1993-02-27,3643.0,Unknown,,0.0,0.0,EVT_ROUTINE_DRILLING,none,none,real_volve,False,0.95
NO,NO_1993-02-28_EVT_ROUTINE_DRILLING,1993-02-28,0.0,Unknown,,0.0,0.0,EVT_ROUTINE_DRILLING,none,none,real_volve,False,0.95
NO,NO_1993-03-01_EVT_TIGHT_HOLE,1993-03-01,3873.0,Unknown,,0.0,0.0,EVT_TIGHT_HOLE,stuck_pipe,medium,real_volve,False,0.85
NO,NO_1993-03-02_EVT_ROUTINE_DRILLING,1993-03-02,3955.0,Unknown,,0.0,0.0,EVT_ROUTINE_DRILLING,none,none,real_volve,False,0.95
NO,NO_1993-03-03_EVT_ROUTINE_DRILLING,1993-03-03,800.0,Unknown,,0.0,0.0,EVT_ROUTINE_DRILLING,none,none,real_volve,False,0.95
NO,NO_1993-03-04_EVT_ROUTINE_DRILLING,1993-03-04,0.0,Unknown,,0.0,0.0,EVT_ROUTINE_DRILLING,none,none,real_volve,False,0.95
NO,NO_1993-03-05_EVT_ROUTINE_DRILLING,1993-03-05,4328.0,Unknown,,0.0,0.0,EVT_ROUTINE_DRILLING,none,none,real_volve,False,0.95
NO,NO_1993-03-06_EVT_ROUTINE_DRILLING,1993-03-06,4328.0,Unknown,,0.0,0.0,EVT_ROUTINE_DRILLING,none,none,real_volve,False,0.95
NO,NO_1993-03-07_EVT_ROUTINE_DRILLING,1993-03-07,4355.0,Unknown,,0.0,0.0,EVT_ROUTINE_DRILLING,none,none,real_volve,False,0.95
NO,NO_1993-03-08_EVT_ROUTINE_DRILLING,1993-03-08,4355.0,Unknown,,0.0,0.0,EVT_ROUTINE_DRILLING,none,none,real_volve,False,0.95
NO,NO_1993-03-09_EVT_ROUTINE_DRILLING,1993-03-09,3144.0,Unknown,,0.0,0.0,EVT_ROUTINE_DRILLING,none,none,real_volve,False,0.95
NO,NO_1993-03-10_EVT_ROUTINE_DRILLING,1993-03-10,4383.0,heimdal,,0.0,0.0,EVT_ROUTINE_DRILLING,none,none,real_volve,False,0.95
NO,NO_1993-03-11_EVT_TIGHT_HOLE,1993-03-11,4503.0,Unknown,,0.0,0.0,EVT_TIGHT_HOLE,stuck_pipe,medium,real_volve,False,0.85
NO,NO_1993-03-12_EVT_TIGHT_HOLE,1993-03-12,3546.0,Unknown,,0.0,0.0,EVT_TIGHT_HOLE,stuck_pipe,medium,real_volve,False,0.85
NO,NO_1993-03-13_EVT_STUCK_PIPE,1993-03-13,3697.0,Unknown,,0.0,0.0,EVT_STUCK_PIPE,stuck_pipe,critical,real_volve,False,0.85
NO,NO_1993-03-14_EVT_TIGHT_HOLE,1993-03-14,0.0,Unknown,,0.0,0.0,EVT_TIGHT_HOLE,stuck_pipe,medium,real_volve,False,0.85
NO,NO_1993-03-15_EVT_TIGHT_HOLE,1993-03-15,4515.0,Unknown,,0.0,0.0,EVT_TIGHT_HOLE,stuck_pipe,medium,real_volve,False,0.85
NO,NO_1993-03-16_EVT_ROUTINE_DRILLING,1993-03-16,351.0,Unknown,,0.0,0.0,EVT_ROUTINE_DRILLING,none,none,real_volve,False,0.95
NO,NO_1993-03-17_EVT_ROUTINE_DRILLING,1993-03-17,1441.0,Unknown,,0.0,0.0,EVT_ROUTINE_DRILLING,none,none,real_volve,False,0.95
NO,NO_1993-03-18_EVT_ROUTINE_DRILLING,1993-03-18,0.0,Unknown,,0.0,0.0,EVT_ROUTINE_DRILLING,none,none,real_volve,False,0.95
NO,NO_1993-03-19_EVT_ROUTINE_DRILLING,1993-03-19,2870.0,Unknown,,0.0,0.0,EVT_ROUTINE_DRILLING,none,none,real_volve,False,0.95
NO,NO_1993-03-20_EVT_ROUTINE_DRILLING,1993-03-20,4305.0,Unknown,,0.0,0.0,EVT_ROUTINE_DRILLING,none,none,real_volve,False,0.95
NO,NO_1993-03-21_EVT_ROUTINE_DRILLING,1993-03-21,4529.0,Unknown,,0.0,0.0,EVT_ROUTINE_DRILLING,none,none,real_volve,False,0.95
NO,NO_1993-03-22_EVT_ROUTINE_DRILLING,1993-03-22,1000.0,Unknown,,0.0,0.0,EVT_ROUTINE_DRILLING,none,none,real_volve,False,0.95
NO,NO_1993-03-23_EVT_ROUTINE_DRILLING,1993-03-23,4540.0,Unknown,,0.0,0.0,EVT_ROUTINE_DRILLING,none,none,real_volve,False,0.95
NO,NO_1993-03-24_EVT_ROUTINE_DRILLING,1993-03-24,4540.0,Unknown,,0.0,0.0,EVT_ROUTINE_DRILLING,none,none,real_volve,False,0.95
NO,NO_1993-03-25_EVT_ROUTINE_DRILLING,1993-03-25,1072.0,Unknown,,0.0,0.0,EVT_ROUTINE_DRILLING,none,none,real_volve,False,0.95
NO,NO_1993-03-26_EVT_BOP_SHUTIN,1993-03-26,4340.0,Unknown,36.0,0.0,0.0,EVT_BOP_SHUTIN,kick,critical,real_volve,False,0.85
NO,NO_1993-03-27_EVT_ROUTINE_DRILLING,1993-03-27,0.0,Unknown,15.0,0.0,0.0,EVT_ROUTINE_DRILLING,none,none,real_volve,False,0.95
NO,NO_1993-03-28_EVT_ROUTINE_DRILLING,1993-03-28,0.0,Unknown,,0.0,0.0,EVT_ROUTINE_DRILLING,none,none,real_volve,False,0.95
NO,NO_1993-03-29_EVT_ROUTINE_DRILLING,1993-03-29,1402.0,Unknown,,0.0,0.0,EVT_ROUTINE_DRILLING,none,none,real_volve,False,0.95
NO,NO_1993-03-30_EVT_ROUTINE_DRILLING,1993-03-30,3055.0,Unknown,,0.0,0.0,EVT_ROUTINE_DRILLING,none,none,real_volve,False,0.95
NO,NO_1993-03-31_EVT_ROUTINE_DRILLING,1993-03-31,0.0,Unknown,,0.0,0.0,EVT_ROUTINE_DRILLING,none,none,real_volve,False,0.95
NO,NO_1993-04-01_EVT_ROUTINE_DRILLING,1993-04-01,0.0,Unknown,,0.0,0.0,EVT_ROUTINE_DRILLING,none,none,real_volve,False,0.95
NO,NO_1993-04-02_EVT_ROUTINE_DRILLING,1993-04-02,0.0,Unknown,,0.0,0.0,EVT_ROUTINE_DRILLING,none,none,real_volve,False,0.95
NO,NO_1993-04-03_EVT_ROUTINE_DRILLING,1993-04-03,2972.0,Unknown,,0.0,0.0,EVT_ROUTINE_DRILLING,none,none,real_volve,False,0.95
NO,NO_1993-04-04_EVT_ROUTINE_DRILLING,1993-04-04,3199.0,Unknown,,0.0,0.0,EVT_ROUTINE_DRILLING,none,none,real_volve,False,0.95
NO,NO_1993-04-05_EVT_ROUTINE_DRILLING,1993-04-05,3900.0,Unknown,,0.0,0.0,EVT_ROUTINE_DRILLING,none,none,real_volve,False,0.95
NO,NO_1993-04-06_EVT_ROUTINE_DRILLING,1993-04-06,3191.0,Unknown,,0.0,0.0,EVT_ROUTINE_DRILLING,none,none,real_volve,False,0.95
NO,NO_1993-04-07_EVT_ROUTINE_DRILLING,1993-04-07,0.0,Unknown,,0.0,0.0,EVT_ROUTINE_DRILLING,none,none,real_volve,False,0.95
NO,NO_1993-04-08_EVT_ROUTINE_DRILLING,1993-04-08,4500.0,Unknown,,0.0,0.0,EVT_ROUTINE_DRILLING,none,none,real_volve,False,0.95
NO,NO_1993-04-09_EVT_ROUTINE_DRILLING,1993-04-09,0.0,Unknown,,0.0,0.0,EVT_ROUTINE_DRILLING,none,none,real_volve,False,0.95
NO,NO_1993-04-10_EVT_ROUTINE_DRILLING,1993-04-10,33.0,Unknown,,0.0,0.0,EVT_ROUTINE_DRILLING,none,none,real_volve,False,0.95
NO,NO_1993-04-11_EVT_ROUTINE_DRILLING,1993-04-11,0.0,Unknown,,0.0,0.0,EVT_ROUTINE_DRILLING,none,none,real_volve,False,0.95
NO,NO_1993-04-12_EVT_ROUTINE_DRILLING,1993-04-12,0.0,Unknown,,0.0,0.0,EVT_ROUTINE_DRILLING,none,none,real_volve,False,0.95
NO,NO_1993-04-13_EVT_ROUTINE_DRILLING,1993-04-13,0.0,Unknown,,0.0,0.0,EVT_ROUTINE_DRILLING,none,none,real_volve,False,0.95
NO,NO_1993-04-14_EVT_ROUTINE_DRILLING,1993-04-14,0.0,Unknown,,0.0,0.0,EVT_ROUTINE_DRILLING,none,none,real_volve,False,0.95
NO,NO_1993-04-15_EVT_ROUTINE_DRILLING,1993-04-15,0.0,Unknown,,0.0,0.0,EVT_ROUTINE_DRILLING,none,none,real_volve,False,0.95
NO,NO_1993-04-16_EVT_ROUTINE_DRILLING,1993-04-16,0.0,Unknown,,0.0,0.0,EVT_ROUTINE_DRILLING,none,none,real_volve,False,0.95
NO,NO_1993-04-17_EVT_ROUTINE_DRILLING,1993-04-17,0.0,Unknown,,0.0,0.0,EVT_ROUTINE_DRILLING,none,none,real_volve,False,0.95
NO,NO_1993-04-18_EVT_ROUTINE_DRILLING,1993-04-18,0.0,Unknown,,0.0,0.0,EVT_ROUTINE_DRILLING,none,none,real_volve,False,0.95
NO,NO_1993-04-19_EVT_ROUTINE_DRILLING,1993-04-19,0.0,Unknown,,0.0,0.0,EVT_ROUTINE_DRILLING,none,none,real_volve,False,0.95
NO,NO_1993-04-20_EVT_ROUTINE_DRILLING,1993-04-20,0.0,Unknown,,0.0,0.0,EVT_ROUTINE_DRILLING,none,none,real_volve,False,0.95
NO,NO_1993-04-21_EVT_ROUTINE_DRILLING,1993-04-21,0.0,Unknown,,0.0,0.0,EVT_ROUTINE_DRILLING,none,none,real_volve,False,0.95
NO,NO_1993-04-22_EVT_ROUTINE_DRILLING,1993-04-22,0.0,Unknown,,0.0,0.0,EVT_ROUTINE_DRILLING,none,none,real_volve,False,0.95
NO,NO_1993-04-23_EVT_ROUTINE_DRILLING,1993-04-23,4312.0,Unknown,,0.0,0.0,EVT_ROUTINE_DRILLING,none,none,real_volve,False,0.95
NO,NO_1993-04-24_EVT_ROUTINE_DRILLING,1993-04-24,0.0,Unknown,,0.0,0.0,EVT_ROUTINE_DRILLING,none,none,real_volve,False,0.95
NO,NO_1993-04-25_EVT_ROUTINE_DRILLING,1993-04-25,4570.0,Unknown,,0.0,0.0,EVT_ROUTINE_DRILLING,none,none,real_volve,False,0.95
NO,NO_1993-04-26_EVT_ROUTINE_DRILLING,1993-04-26,4305.0,Unknown,,0.0,0.0,EVT_ROUTINE_DRILLING,none,none,real_volve,False,0.95
NO,NO_1993-04-27_EVT_ROUTINE_DRILLING,1993-04-27,400.0,Unknown,,0.0,0.0,EVT_ROUTINE_DRILLING,none,none,real_volve,False,0.95
NO,NO_1993-04-28_EVT_TORQUE_UP,1993-04-28,0.0,Unknown,,0.0,0.0,EVT_TORQUE_UP,torque_spike,medium,real_volve,False,0.85
NO,NO_1993-04-29_EVT_ROUTINE_DRILLING,1993-04-29,0.0,Unknown,,0.0,0.0,EVT_ROUTINE_DRILLING,none,none,real_volve,False,0.95
NO,NO_1997-07-16_EVT_ROUTINE_DRILLING,1997-07-16,0.0,Unknown,,0.0,0.0,EVT_ROUTINE_DRILLING,none,none,real_volve,False,0.95
NO,NO_1997-07-17_EVT_ROUTINE_DRILLING,1997-07-17,0.0,Unknown,,0.0,0.0,EVT_ROUTINE_DRILLING,none,none,real_volve,False,0.95
NO,NO_1997-07-18_EVT_ROUTINE_DRILLING,1997-07-18,0.0,Unknown,,0.0,0.0,EVT_ROUTINE_DRILLING,none,none,real_volve,False,0.95
NO,NO_1997-07-19_EVT_ROUTINE_DRILLING,1997-07-19,0.0,Unknown,,0.0,0.0,EVT_ROUTINE_DRILLING,none,none,real_volve,False,0.95
NO,NO_1997-07-20_EVT_ROUTINE_DRILLING,1997-07-20,0.0,Unknown,,0.0,0.0,EVT_ROUTINE_DRILLING,none,none,real_volve,False,0.95
NO,NO_1997-07-21_EVT_ROUTINE_DRILLING,1997-07-21,215.0,Unknown,,0.0,0.0,EVT_ROUTINE_DRILLING,none,none,real_volve,False,0.95
NO,NO_1997-07-22_EVT_ROUTINE_DRILLING,1997-07-22,0.0,Unknown,,0.0,0.0,EVT_ROUTINE_DRILLING,none,none,real_volve,False,0.95
NO,NO_1997-07-23_EVT_ROUTINE_DRILLING,1997-07-23,3259.0,Unknown,50.0,0.0,0.0,EVT_ROUTINE_DRILLING,none,none,real_volve,False,0.95
NO,NO_1997-07-24_EVT_ROUTINE_DRILLING,1997-07-24,2203.0,Unknown,,0.0,0.0,EVT_ROUTINE_DRILLING,none,none,real_volve,False,0.95
NO,NO_1997-07-25_EVT_ROUTINE_DRILLING,1997-07-25,0.0,Unknown,,0.0,0.0,EVT_ROUTINE_DRILLING,none,none,real_volve,False,0.95
NO,NO_1992-09-08_EVT_ROUTINE_DRILLING,1992-09-08,0.0,Unknown,,0.0,0.0,EVT_ROUTINE_DRILLING,none,none,real_volve,False,0.95
NO,NO_1992-09-09_EVT_ROUTINE_DRILLING,1992-09-09,0.0,Unknown,,0.0,0.0,EVT_ROUTINE_DRILLING,none,none,real_volve,False,0.95
NO,NO_1992-09-10_EVT_ROUTINE_DRILLING,1992-09-10,0.0,Unknown,,0.0,0.0,EVT_ROUTINE_DRILLING,none,none,real_volve,False,0.95
NO,NO_1992-09-11_EVT_ROUTINE_DRILLING,1992-09-11,0.0,Unknown,,0.0,0.0,EVT_ROUTINE_DRILLING,none,none,real_volve,False,0.95
NO,NO_1992-09-12_EVT_ROUTINE_DRILLING,1992-09-12,0.0,Unknown,,0.0,0.0,EVT_ROUTINE_DRILLING,none,none,real_volve,False,0.95
NO,NO_1992-09-13_EVT_ROUTINE_DRILLING,1992-09-13,0.0,Unknown,,0.0,0.0,EVT_ROUTINE_DRILLING,none,none,real_volve,False,0.95
NO,NO_1992-09-14_EVT_ROUTINE_DRILLING,1992-09-14,0.0,Unknown,,0.0,0.0,EVT_ROUTINE_DRILLING,none,none,real_volve,False,0.95
NO,NO_1992-09-15_EVT_ROUTINE_DRILLING,1992-09-15,0.0,Unknown,,0.0,0.0,EVT_ROUTINE_DRILLING,none,none,real_volve,False,0.95
NO,NO_1992-09-16_EVT_ROUTINE_DRILLING,1992-09-16,0.0,Unknown,,0.0,0.0,EVT_ROUTINE_DRILLING,none,none,real_volve,False,0.95
NO,NO_1992-09-17_EVT_ROUTINE_DRILLING,1992-09-17,109.0,Unknown,,0.0,0.0,EVT_ROUTINE_DRILLING,none,none,real_volve,False,0.95
NO,NO_1992-09-18_EVT_ROUTINE_DRILLING,1992-09-18,180.0,Unknown,25.0,0.0,0.0,EVT_ROUTINE_DRILLING,none,none,real_volve,False,0.95
NO,NO_1992-09-19_EVT_ROUTINE_DRILLING,1992-09-19,0.0,Unknown,,0.0,0.0,EVT_ROUTINE_DRILLING,none,none,real_volve,False,0.95
NO,NO_1992-09-20_EVT_ROUTINE_DRILLING,1992-09-20,0.0,Unknown,,0.0,0.0,EVT_ROUTINE_DRILLING,none,none,real_volve,False,0.95
NO,NO_1992-09-21_EVT_ROUTINE_DRILLING,1992-09-21,162.0,Unknown,,0.0,0.0,EVT_ROUTINE_DRILLING,none,none,real_volve,False,0.95
NO,NO_1992-09-22_EVT_ROUTINE_DRILLING,1992-09-22,311.0,Unknown,25.0,0.0,0.0,EVT_ROUTINE_DRILLING,none,none,real_volve,False,0.95
NO,NO_1992-09-23_EVT_ROUTINE_DRILLING,1992-09-23,0.0,Unknown,,0.0,0.0,EVT_ROUTINE_DRILLING,none,none,real_volve,False,0.95
NO,NO_1992-09-24_EVT_ROUTINE_DRILLING,1992-09-24,0.0,Unknown,,0.0,0.0,EVT_ROUTINE_DRILLING,none,none,real_volve,False,0.95
NO,NO_1992-11-17_EVT_ROUTINE_DRILLING,1992-11-17,0.0,Unknown,,0.0,0.0,EVT_ROUTINE_DRILLING,none,none,real_volve,False,0.95
NO,NO_1992-11-18_EVT_ROUTINE_DRILLING,1992-11-18,0.0,Unknown,,0.0,0.0,EVT_ROUTINE_DRILLING,none,none,real_volve,False,0.95
NO,NO_1992-11-19_EVT_ROUTINE_DRILLING,1992-11-19,0.0,Unknown,,0.0,0.0,EVT_ROUTINE_DRILLING,none,none,real_volve,False,0.95
NO,NO_1992-11-20_EVT_ROUTINE_DRILLING,1992-11-20,0.0,Unknown,,0.0,0.0,EVT_ROUTINE_DRILLING,none,none,real_volve,False,0.95
NO,NO_1992-11-21_EVT_ROUTINE_DRILLING,1992-11-21,0.0,Unknown,,0.0,0.0,EVT_ROUTINE_DRILLING,none,none,real_volve,False,0.95
NO,NO_1992-11-22_EVT_ROUTINE_DRILLING,1992-11-22,5.0,Unknown,20.0,0.0,0.0,EVT_ROUTINE_DRILLING,none,none,real_volve,False,0.95
NO,NO_1992-11-23_EVT_ROUTINE_DRILLING,1992-11-23,1117.0,Unknown,,0.0,0.0,EVT_ROUTINE_DRILLING,none,none,real_volve,False,0.95
NO,NO_1992-11-24_EVT_ROUTINE_DRILLING,1992-11-24,1450.0,Unknown,,0.0,0.0,EVT_ROUTINE_DRILLING,none,none,real_volve,False,0.95
NO,NO_1992-11-25_EVT_ROUTINE_DRILLING,1992-11-25,1490.0,Unknown,,0.0,0.0,EVT_ROUTINE_DRILLING,none,none,real_volve,False,0.95
NO,NO_1992-11-26_EVT_ROUTINE_DRILLING,1992-11-26,1275.0,Unknown,,0.0,0.0,EVT_ROUTINE_DRILLING,none,none,real_volve,False,0.95
NO,NO_1992-11-27_EVT_ROUTINE_DRILLING,1992-11-27,1482.0,Unknown,,0.0,0.0,EVT_ROUTINE_DRILLING,none,none,real_volve,False,0.95
NO,NO_1992-11-28_EVT_ROUTINE_DRILLING,1992-11-28,1400.0,Unknown,,0.0,0.0,EVT_ROUTINE_DRILLING,none,none,real_volve,False,0.95
NO,NO_1992-11-29_EVT_ROUTINE_DRILLING,1992-11-29,1441.0,Unknown,73.0,0.0,0.0,EVT_ROUTINE_DRILLING,none,none,real_volve,False,0.95
NO,NO_1992-11-30_EVT_ROUTINE_DRILLING,1992-11-30,1748.0,Unknown,,0.0,0.0,EVT_ROUTINE_DRILLING,none,none,real_volve,False,0.95
NO,NO_1992-12-01_EVT_ROUTINE_DRILLING,1992-12-01,1985.0,Unknown,,0.0,0.0,EVT_ROUTINE_DRILLING,none,none,real_volve,False,0.95
NO,NO_1992-12-02_EVT_ROUTINE_DRILLING,1992-12-02,2166.0,Unknown,4.0,0.0,0.0,EVT_ROUTINE_DRILLING,none,none,real_volve,False,0.95
NO,NO_1992-12-03_EVT_ROUTINE_DRILLING,1992-12-03,2100.0,Unknown,,0.0,0.0,EVT_ROUTINE_DRILLING,none,none,real_volve,False,0.95
NO,NO_1992-12-04_EVT_ROUTINE_DRILLING,1992-12-04,2632.0,Unknown,,0.0,0.0,EVT_ROUTINE_DRILLING,none,none,real_volve,False,0.95
NO,NO_1992-12-05_EVT_ROUTINE_DRILLING,1992-12-05,3015.0,Unknown,,0.0,0.0,EVT_ROUTINE_DRILLING,none,none,real_volve,False,0.95
NO,NO_1992-12-06_EVT_ROUTINE_DRILLING,1992-12-06,800.0,Unknown,,0.0,0.0,EVT_ROUTINE_DRILLING,none,none,real_volve,False,0.95
NO,NO_1992-12-07_EVT_ROUTINE_DRILLING,1992-12-07,3078.0,Unknown,,0.0,0.0,EVT_ROUTINE_DRILLING,none,none,real_volve,False,0.95
NO,NO_1992-12-08_EVT_ROUTINE_DRILLING,1992-12-08,3301.0,Unknown,6.0,0.0,0.0,EVT_ROUTINE_DRILLING,none,none,real_volve,False,0.95
NO,NO_1992-12-09_EVT_ROUTINE_DRILLING,1992-12-09,2866.0,Unknown,18.0,0.0,0.0,EVT_ROUTINE_DRILLING,none,none,real_volve,False,0.95
NO,NO_1992-12-10_EVT_ROUTINE_DRILLING,1992-12-10,2741.0,Unknown,,0.0,0.0,EVT_ROUTINE_DRILLING,none,none,real_volve,False,0.95
NO,NO_1992-12-11_EVT_ROUTINE_DRILLING,1992-12-11,2658.0,Unknown,,0.0,0.0,EVT_ROUTINE_DRILLING,none,none,real_volve,False,0.95
NO,NO_1992-12-12_EVT_ROUTINE_DRILLING,1992-12-12,2516.0,Unknown,,0.0,0.0,EVT_ROUTINE_DRILLING,none,none,real_volve,False,0.95
NO,NO_1992-12-13_EVT_ROUTINE_DRILLING,1992-12-13,2220.0,Unknown,50.0,0.0,0.0,EVT_ROUTINE_DRILLING,none,none,real_volve,False,0.95
NO,NO_1992-12-14_EVT_STUCK_PIPE,1992-12-14,2220.0,Unknown,,0.0,0.0,EVT_STUCK_PIPE,stuck_pipe,critical,real_volve,False,0.85
NO,NO_1992-12-15_EVT_ROUTINE_DRILLING,1992-12-15,1540.0,Unknown,,0.0,0.0,EVT_ROUTINE_DRILLING,none,none,real_volve,False,0.95
NO,NO_1992-12-16_EVT_ROUTINE_DRILLING,1992-12-16,1474.0,Unknown,,0.0,0.0,EVT_ROUTINE_DRILLING,none,none,real_volve,False,0.95
NO,NO_1992-12-17_EVT_ROUTINE_DRILLING,1992-12-17,1486.0,Unknown,,0.0,0.0,EVT_ROUTINE_DRILLING,none,none,real_volve,False,0.95
NO,NO_1992-12-18_EVT_ROUTINE_DRILLING,1992-12-18,0.0,Unknown,,0.0,0.0,EVT_ROUTINE_DRILLING,none,none,real_volve,False,0.95
NO,NO_2009-04-06_EVT_ROUTINE_DRILLING,2009-04-06,1429.0,Unknown,40.0,0.0,0.0,EVT_ROUTINE_DRILLING,none,none,real_volve,False,0.95
NO,NO_2009-04-07_EVT_ROUTINE_DRILLING,2009-04-07,0.0,Unknown,,0.0,0.0,EVT_ROUTINE_DRILLING,none,none,real_volve,False,0.95
NO,NO_2009-04-08_EVT_ROUTINE_DRILLING,2009-04-08,0.0,Unknown,,0.0,0.0,EVT_ROUTINE_DRILLING,none,none,real_volve,False,0.95
NO,NO_2009-04-09_EVT_ROUTINE_DRILLING,2009-04-09,202.0,Unknown,,0.0,0.0,EVT_ROUTINE_DRILLING,none,none,real_volve,False,0.95
NO,NO_2009-04-10_EVT_ROUTINE_DRILLING,2009-04-10,201.0,Unknown,,0.0,0.0,EVT_ROUTINE_DRILLING,none,none,real_volve,False,0.95
NO,NO_2009-04-11_EVT_KICK,2009-04-11,239.0,Unknown,,0.0,0.0,EVT_KICK,kick,critical,real_volve,False,0.85
NO,NO_2009-04-12_EVT_ROUTINE_DRILLING,2009-04-12,390.0,Unknown,,0.0,0.0,EVT_ROUTINE_DRILLING,none,none,real_volve,False,0.95
NO,NO_2009-04-13_EVT_ROUTINE_DRILLING,2009-04-13,798.0,Unknown,,0.0,0.0,EVT_ROUTINE_DRILLING,none,none,real_volve,False,0.95
NO,NO_2009-04-14_EVT_ROUTINE_DRILLING,2009-04-14,1265.0,utsira,40.0,0.0,0.0,EVT_ROUTINE_DRILLING,none,none,real_volve,False,0.95
NO,NO_2009-04-15_EVT_ROUTINE_DRILLING,2009-04-15,292.0,Unknown,,0.0,0.0,EVT_ROUTINE_DRILLING,none,none,real_volve,False,0.95
NO,NO_2009-04-16_EVT_ROUTINE_DRILLING,2009-04-16,292.0,Unknown,,0.0,0.0,EVT_ROUTINE_DRILLING,none,none,real_volve,False,0.95
NO,NO_2009-04-17_EVT_STUCK_PIPE,2009-04-17,1389.0,Unknown,40.0,0.0,0.0,EVT_STUCK_PIPE,stuck_pipe,critical,real_volve,False,0.85
NO,NO_2009-04-18_EVT_ROUTINE_DRILLING,2009-04-18,82.0,Unknown,,0.0,0.0,EVT_ROUTINE_DRILLING,none,none,real_volve,False,0.95
NO,NO_2009-04-19_EVT_ROUTINE_DRILLING,2009-04-19,0.0,Unknown,,0.0,0.0,EVT_ROUTINE_DRILLING,none,none,real_volve,False,0.95
NO,NO_2009-04-20_EVT_ROUTINE_DRILLING,2009-04-20,0.0,Unknown,,0.0,0.0,EVT_ROUTINE_DRILLING,none,none,real_volve,False,0.95
NO,NO_2009-04-21_EVT_ROUTINE_DRILLING,2009-04-21,190.0,Unknown,40.0,0.0,0.0,EVT_ROUTINE_DRILLING,none,none,real_volve,False,0.95
NO,NO_2009-04-22_EVT_ROUTINE_DRILLING,2009-04-22,1400.0,Unknown,39.0,0.0,0.0,EVT_ROUTINE_DRILLING,none,none,real_volve,False,0.95
NO,NO_2009-04-23_EVT_ROUTINE_DRILLING,2009-04-23,1406.0,Unknown,,0.0,0.0,EVT_ROUTINE_DRILLING,none,none,real_volve,False,0.95
NO,NO_2009-04-24_EVT_ROUTINE_DRILLING,2009-04-24,1567.0,Unknown,,0.0,0.0,EVT_ROUTINE_DRILLING,none,none,real_volve,False,0.95
NO,NO_2009-04-25_EVT_ROUTINE_DRILLING,2009-04-25,1889.0,Unknown,,0.0,0.0,EVT_ROUTINE_DRILLING,none,none,real_volve,False,0.95
NO,NO_2009-04-26_EVT_ROUTINE_DRILLING,2009-04-26,2179.0,Unknown,,0.0,0.0,EVT_ROUTINE_DRILLING,none,none,real_volve,False,0.95
NO,NO_2009-04-27_EVT_LCM_APPLIED,2009-04-27,2467.0,Unknown,,0.0,0.0,EVT_LCM_APPLIED,mud_loss,low,real_volve,False,0.85
NO,NO_2009-04-28_EVT_LCM_APPLIED,2009-04-28,2495.0,Unknown,,0.0,0.0,EVT_LCM_APPLIED,mud_loss,low,real_volve,False,0.85
NO,NO_2009-04-29_EVT_ROUTINE_DRILLING,2009-04-29,2212.0,Unknown,,0.0,0.0,EVT_ROUTINE_DRILLING,none,none,real_volve,False,0.95
NO,NO_2009-04-30_EVT_ROUTINE_DRILLING,2009-04-30,794.0,Unknown,,0.0,0.0,EVT_ROUTINE_DRILLING,none,none,real_volve,False,0.95
NO,NO_2009-05-01_EVT_ROUTINE_DRILLING,2009-05-01,2195.0,Unknown,,0.0,0.0,EVT_ROUTINE_DRILLING,none,none,real_volve,False,0.95
NO,NO_2009-05-02_EVT_ROUTINE_DRILLING,2009-05-02,2462.0,Unknown,,0.0,0.0,EVT_ROUTINE_DRILLING,none,none,real_volve,False,0.95
NO,NO_2009-05-03_EVT_ROUTINE_DRILLING,2009-05-03,0.0,Unknown,,0.0,0.0,EVT_ROUTINE_DRILLING,none,none,real_volve,False,0.95
NO,NO_2009-05-04_EVT_ROUTINE_DRILLING,2009-05-04,0.0,Unknown,,0.0,0.0,EVT_ROUTINE_DRILLING,none,none,real_volve,False,0.95
NO,NO_2009-05-05_EVT_ROUTINE_DRILLING,2009-05-05,2562.0,Unknown,30.0,0.0,0.0,EVT_ROUTINE_DRILLING,none,none,real_volve,False,0.95
NO,NO_2009-05-06_EVT_ROUTINE_DRILLING,2009-05-06,3.0,Unknown,40.0,0.0,0.0,EVT_ROUTINE_DRILLING,none,none,real_volve,False,0.95
NO,NO_2009-05-07_EVT_ROUTINE_DRILLING,2009-05-07,2825.0,Unknown,,0.0,0.0,EVT_ROUTINE_DRILLING,none,none,real_volve,False,0.95
NO,NO_2009-05-08_EVT_ROUTINE_DRILLING,2009-05-08,2902.0,Unknown,,0.0,0.0,EVT_ROUTINE_DRILLING,none,none,real_volve,False,0.95
NO,NO_2009-05-09_EVT_ROUTINE_DRILLING,2009-05-09,3280.0,Unknown,,0.0,0.0,EVT_ROUTINE_DRILLING,none,none,real_volve,False,0.95
NO,NO_2009-05-10_EVT_ROUTINE_DRILLING,2009-05-10,3314.0,Unknown,,0.0,0.0,EVT_ROUTINE_DRILLING,none,none,real_volve,False,0.95
NO,NO_2009-05-11_EVT_LCM_APPLIED,2009-05-11,1992.0,Unknown,,0.0,0.0,EVT_LCM_APPLIED,mud_loss,low,real_volve,False,0.85
NO,NO_2009-05-12_EVT_ROUTINE_DRILLING,2009-05-12,3129.0,Unknown,,0.0,0.0,EVT_ROUTINE_DRILLING,none,none,real_volve,False,0.95
NO,NO_2009-05-13_EVT_ROUTINE_DRILLING,2009-05-13,3433.0,Unknown,,0.0,0.0,EVT_ROUTINE_DRILLING,none,none,real_volve,False,0.95
NO,NO_2009-05-14_EVT_ROUTINE_DRILLING,2009-05-14,178.0,Unknown,,0.0,0.0,EVT_ROUTINE_DRILLING,none,none,real_volve,False,0.95
NO,NO_2009-05-15_EVT_ROUTINE_DRILLING,2009-05-15,1867.0,Unknown,90.0,0.0,0.0,EVT_ROUTINE_DRILLING,none,none,real_volve,False,0.95
NO,NO_2009-05-16_EVT_WOC,2009-05-16,2508.0,Unknown,,0.0,0.0,EVT_WOC,cementing,none,real_volve,False,0.85
NO,NO_2009-05-17_EVT_WOC,2009-05-17,3298.0,Unknown,,0.0,0.0,EVT_WOC,cementing,none,real_volve,False,0.85
NO,NO_2009-05-18_EVT_ROUTINE_DRILLING,2009-05-18,627.0,Unknown,,0.0,0.0,EVT_ROUTINE_DRILLING,none,none,real_volve,False,0.95
NO,NO_2009-05-19_EVT_LCM_APPLIED,2009-05-19,4.0,Unknown,55.0,0.0,0.0,EVT_LCM_APPLIED,mud_loss,low,real_volve,False,0.85
NO,NO_2009-05-20_EVT_ROUTINE_DRILLING,2009-05-20,3471.0,Unknown,,0.0,0.0,EVT_ROUTINE_DRILLING,none,none,real_volve,False,0.95
NO,NO_2009-05-21_EVT_ROUTINE_DRILLING,2009-05-21,3542.0,Unknown,,0.0,0.0,EVT_ROUTINE_DRILLING,none,none,real_volve,False,0.95
NO,NO_2009-05-22_EVT_ROUTINE_DRILLING,2009-05-22,3600.0,Unknown,,0.0,0.0,EVT_ROUTINE_DRILLING,none,none,real_volve,False,0.95
NO,NO_2009-05-23_EVT_ROUTINE_DRILLING,2009-05-23,3675.0,Unknown,,0.0,0.0,EVT_ROUTINE_DRILLING,none,none,real_volve,False,0.95
NO,NO_2009-05-24_EVT_ROUTINE_DRILLING,2009-05-24,1722.0,Unknown,,0.0,0.0,EVT_ROUTINE_DRILLING,none,none,real_volve,False,0.95
NO,NO_2009-05-25_EVT_ROUTINE_DRILLING,2009-05-25,3863.0,Unknown,,0.0,0.0,EVT_ROUTINE_DRILLING,none,none,real_volve,False,0.95
NO,NO_2009-05-26_EVT_ROUTINE_DRILLING,2009-05-26,4266.0,Unknown,,0.0,0.0,EVT_ROUTINE_DRILLING,none,none,real_volve,False,0.95
NO,NO_2009-05-27_EVT_ROUTINE_DRILLING,2009-05-27,4549.0,Unknown,,0.0,0.0,EVT_ROUTINE_DRILLING,none,none,real_volve,False,0.95
NO,NO_2009-05-28_EVT_ROUTINE_DRILLING,2009-05-28,4750.0,Unknown,,0.0,0.0,EVT_ROUTINE_DRILLING,none,none,real_volve,False,0.95
NO,NO_2009-05-29_EVT_ROUTINE_DRILLING,2009-05-29,4911.0,Unknown,,0.0,0.0,EVT_ROUTINE_DRILLING,none,none,real_volve,False,0.95
NO,NO_2009-05-30_EVT_ROUTINE_DRILLING,2009-05-30,1400.0,Unknown,,0.0,0.0,EVT_ROUTINE_DRILLING,none,none,real_volve,False,0.95
NO,NO_2009-05-31_EVT_ROUTINE_DRILLING,2009-05-31,1400.0,Unknown,,0.0,0.0,EVT_ROUTINE_DRILLING,none,none,real_volve,False,0.95
NO,NO_2009-06-01_EVT_ROUTINE_DRILLING,2009-06-01,4994.0,Unknown,,0.0,0.0,EVT_ROUTINE_DRILLING,none,none,real_volve,False,0.95
NO,NO_2009-06-02_EVT_ROUTINE_DRILLING,2009-06-02,5314.0,Unknown,,0.0,0.0,EVT_ROUTINE_DRILLING,none,none,real_volve,False,0.95
NO,NO_2009-06-03_EVT_ROUTINE_DRILLING,2009-06-03,3223.0,Unknown,,0.0,0.0,EVT_ROUTINE_DRILLING,none,none,real_volve,False,0.95
NO,NO_2009-06-04_EVT_ROUTINE_DRILLING,2009-06-04,0.0,Unknown,,0.0,0.0,EVT_ROUTINE_DRILLING,none,none,real_volve,False,0.95
NO,NO_2009-06-05_EVT_ROUTINE_DRILLING,2009-06-05,5331.0,Unknown,90.0,0.0,0.0,EVT_ROUTINE_DRILLING,none,none,real_volve,False,0.95
NO,NO_2009-06-06_EVT_ROUTINE_DRILLING,2009-06-06,715.0,Unknown,,0.0,0.0,EVT_ROUTINE_DRILLING,none,none,real_volve,False,0.95
NO,NO_2009-06-07_EVT_ROUTINE_DRILLING,2009-06-07,715.0,Unknown,,0.0,0.0,EVT_ROUTINE_DRILLING,none,none,real_volve,False,0.95
NO,NO_2009-06-08_EVT_ROUTINE_DRILLING,2009-06-08,530.0,Unknown,32.0,0.0,0.0,EVT_ROUTINE_DRILLING,none,none,real_volve,False,0.95
NO,NO_2009-06-09_EVT_ROUTINE_DRILLING,2009-06-09,1580.0,smith,,0.0,0.0,EVT_ROUTINE_DRILLING,none,none,real_volve,False,0.95
NO,NO_2009-06-10_EVT_TIGHT_HOLE,2009-06-10,141.0,Unknown,,0.0,0.0,EVT_TIGHT_HOLE,stuck_pipe,medium,real_volve,False,0.85
NO,NO_2009-06-11_EVT_ROUTINE_DRILLING,2009-06-11,1118.0,Unknown,,0.0,0.0,EVT_ROUTINE_DRILLING,none,none,real_volve,False,0.95
NO,NO_2009-06-12_EVT_ROUTINE_DRILLING,2009-06-12,1100.0,Unknown,51.0,0.0,0.0,EVT_ROUTINE_DRILLING,none,none,real_volve,False,0.95
NO,NO_2009-06-13_EVT_ROUTINE_DRILLING,2009-06-13,0.0,Unknown,,0.0,0.0,EVT_ROUTINE_DRILLING,none,none,real_volve,False,0.95
NO,NO_2009-06-14_EVT_ROUTINE_DRILLING,2009-06-14,0.0,Unknown,,0.0,0.0,EVT_ROUTINE_DRILLING,none,none,real_volve,False,0.95
NO,NO_2009-06-15_EVT_ROUTINE_DRILLING,2009-06-15,0.0,Unknown,,0.0,0.0,EVT_ROUTINE_DRILLING,none,none,real_volve,False,0.95
NO,NO_2013-03-07_EVT_ROUTINE_DRILLING,2013-03-07,165.0,Unknown,,0.0,0.0,EVT_ROUTINE_DRILLING,none,none,real_volve,False,0.95
NO,NO_2013-03-08_EVT_ROUTINE_DRILLING,2013-03-08,165.0,Unknown,40.0,0.0,0.0,EVT_ROUTINE_DRILLING,none,none,real_volve,False,0.95
NO,NO_2013-03-09_EVT_FISHING,2013-03-09,11591.0,Unknown,,0.0,0.0,EVT_FISHING,stuck_pipe,high,real_volve,False,0.85
NO,NO_2013-03-10_EVT_FISHING,2013-03-10,0.0,Unknown,,0.0,0.0,EVT_FISHING,stuck_pipe,high,real_volve,False,0.85
NO,NO_2013-03-11_EVT_ROUTINE_DRILLING,2013-03-11,0.0,Unknown,,0.0,0.0,EVT_ROUTINE_DRILLING,none,none,real_volve,False,0.95
NO,NO_2013-03-12_EVT_FISHING,2013-03-12,0.0,Unknown,,0.0,0.0,EVT_FISHING,stuck_pipe,high,real_volve,False,0.85
NO,NO_2013-03-13_EVT_ROUTINE_DRILLING,2013-03-13,0.0,Unknown,,0.0,0.0,EVT_ROUTINE_DRILLING,none,none,real_volve,False,0.95
NO,NO_2013-03-14_EVT_WOC,2013-03-14,0.0,Unknown,,0.0,0.0,EVT_WOC,cementing,none,real_volve,False,0.85
NO,NO_2013-03-15_EVT_ROUTINE_DRILLING,2013-03-15,208.0,Unknown,,0.0,0.0,EVT_ROUTINE_DRILLING,none,none,real_volve,False,0.95
NO,NO_2013-03-16_EVT_ROUTINE_DRILLING,2013-03-16,208.0,Unknown,,0.0,0.0,EVT_ROUTINE_DRILLING,none,none,real_volve,False,0.95
NO,NO_2013-03-17_EVT_ROUTINE_DRILLING,2013-03-17,224.0,Unknown,,0.0,0.0,EVT_ROUTINE_DRILLING,none,none,real_volve,False,0.95
NO,NO_2013-03-18_EVT_ROUTINE_DRILLING,2013-03-18,202.0,Unknown,,0.0,0.0,EVT_ROUTINE_DRILLING,none,none,real_volve,False,0.95
NO,NO_2013-03-19_EVT_ROUTINE_DRILLING,2013-03-19,281.0,Unknown,,0.0,0.0,EVT_ROUTINE_DRILLING,none,none,real_volve,False,0.95
NO,NO_2013-03-20_EVT_ROUTINE_DRILLING,2013-03-20,347.0,Unknown,,0.0,0.0,EVT_ROUTINE_DRILLING,none,none,real_volve,False,0.95
NO,NO_2013-03-21_EVT_ROUTINE_DRILLING,2013-03-21,347.0,Unknown,,0.0,0.0,EVT_ROUTINE_DRILLING,none,none,real_volve,False,0.95
NO,NO_2013-03-22_EVT_ROUTINE_DRILLING,2013-03-22,155.0,Unknown,,0.0,0.0,EVT_ROUTINE_DRILLING,none,none,real_volve,False,0.95
NO,NO_2013-03-23_EVT_ROUTINE_DRILLING,2013-03-23,250.0,Unknown,,0.0,0.0,EVT_ROUTINE_DRILLING,none,none,real_volve,False,0.95
NO,NO_2013-05-14_EVT_ROUTINE_DRILLING,2013-05-14,2586.0,Unknown,,0.0,0.0,EVT_ROUTINE_DRILLING,none,none,real_volve,False,0.95
NO,NO_2013-05-15_EVT_ROUTINE_DRILLING,2013-05-15,2617.0,Unknown,,0.0,0.0,EVT_ROUTINE_DRILLING,none,none,real_volve,False,0.95
NO,NO_2013-05-16_EVT_ROUTINE_DRILLING,2013-05-16,3000.0,Unknown,,0.0,0.0,EVT_ROUTINE_DRILLING,none,none,real_volve,False,0.95
NO,NO_2013-05-17_EVT_ROUTINE_DRILLING,2013-05-17,0.0,Unknown,,0.0,0.0,EVT_ROUTINE_DRILLING,none,none,real_volve,False,0.95
NO,NO_2013-05-19_EVT_ROUTINE_DRILLING,2013-05-19,3301.0,Unknown,,0.0,0.0,EVT_ROUTINE_DRILLING,none,none,real_volve,False,0.95
NO,NO_2013-05-20_EVT_ROUTINE_DRILLING,2013-05-20,3376.0,Unknown,,0.0,0.0,EVT_ROUTINE_DRILLING,none,none,real_volve,False,0.95
NO,NO_2013-05-21_EVT_ROUTINE_DRILLING,2013-05-21,3749.0,Unknown,,0.0,0.0,EVT_ROUTINE_DRILLING,none,none,real_volve,False,0.95
NO,NO_2013-05-22_EVT_ROUTINE_DRILLING,2013-05-22,0.0,Unknown,,0.0,0.0,EVT_ROUTINE_DRILLING,none,none,real_volve,False,0.95
NO,NO_2013-05-23_EVT_ROUTINE_DRILLING,2013-05-23,0.0,Unknown,,0.0,0.0,EVT_ROUTINE_DRILLING,none,none,real_volve,False,0.95
NO,NO_2013-05-24_EVT_ROUTINE_DRILLING,2013-05-24,0.0,Unknown,,0.0,0.0,EVT_ROUTINE_DRILLING,none,none,real_volve,False,0.95
NO,NO_2013-05-25_EVT_WOC,2013-05-25,0.0,Unknown,28.0,0.0,0.0,EVT_WOC,cementing,none,real_volve,False,0.85
NO,NO_2013-05-26_EVT_KICK,2013-05-26,0.0,Unknown,28.0,0.0,0.0,EVT_KICK,kick,critical,real_volve,False,0.85
NO,NO_2013-05-27_EVT_ROUTINE_DRILLING,2013-05-27,0.0,Unknown,,0.0,0.0,EVT_ROUTINE_DRILLING,none,none,real_volve,False,0.95
NO,NO_2013-05-28_EVT_ROUTINE_DRILLING,2013-05-28,2531.0,Unknown,,0.0,0.0,EVT_ROUTINE_DRILLING,none,none,real_volve,False,0.95
NO,NO_2013-05-28_EVT_ROUTINE_DRILLING,2013-05-28,2627.0,Unknown,,0.0,0.0,EVT_ROUTINE_DRILLING,none,none,real_volve,False,0.95
NO,NO_2013-05-29_EVT_ROUTINE_DRILLING,2013-05-29,2787.0,Unknown,,0.0,0.0,EVT_ROUTINE_DRILLING,none,none,real_volve,False,0.95
NO,NO_2013-05-30_EVT_ROUTINE_DRILLING,2013-05-30,2870.0,Unknown,,0.0,0.0,EVT_ROUTINE_DRILLING,none,none,real_volve,False,0.95
NO,NO_2013-05-31_EVT_ROUTINE_DRILLING,2013-05-31,3197.0,Unknown,,0.0,0.0,EVT_ROUTINE_DRILLING,none,none,real_volve,False,0.95
NO,NO_2013-06-01_EVT_ROUTINE_DRILLING,2013-06-01,827.0,Unknown,,0.0,0.0,EVT_ROUTINE_DRILLING,none,none,real_volve,False,0.95
NO,NO_2013-06-02_EVT_ROUTINE_DRILLING,2013-06-02,0.0,Unknown,,0.0,0.0,EVT_ROUTINE_DRILLING,none,none,real_volve,False,0.95
NO,NO_2013-06-03_EVT_ROUTINE_DRILLING,2013-06-03,0.0,Unknown,,0.0,0.0,EVT_ROUTINE_DRILLING,none,none,real_volve,False,0.95
NO,NO_2013-06-04_EVT_ROUTINE_DRILLING,2013-06-04,0.0,Unknown,10.0,0.0,0.0,EVT_ROUTINE_DRILLING,none,none,real_volve,False,0.95
NO,NO_2013-06-05_EVT_ROUTINE_DRILLING,2013-06-05,3141.0,Unknown,,0.0,0.0,EVT_ROUTINE_DRILLING,none,none,real_volve,False,0.95
NO,NO_2013-06-06_EVT_ROUTINE_DRILLING,2013-06-06,3187.0,Unknown,,0.0,0.0,EVT_ROUTINE_DRILLING,none,none,real_volve,False,0.95
NO,NO_2013-06-07_EVT_ROUTINE_DRILLING,2013-06-07,3.0,Unknown,,0.0,0.0,EVT_ROUTINE_DRILLING,none,none,real_volve,False,0.95
NO,NO_2013-06-08_EVT_ROUTINE_DRILLING,2013-06-08,3271.0,Unknown,,0.0,0.0,EVT_ROUTINE_DRILLING,none,none,real_volve,False,0.95
NO,NO_2013-06-09_EVT_ROUTINE_DRILLING,2013-06-09,3776.0,Unknown,,0.0,0.0,EVT_ROUTINE_DRILLING,none,none,real_volve,False,0.95
NO,NO_2013-06-10_EVT_ROUTINE_DRILLING,2013-06-10,4141.0,Unknown,,0.0,0.0,EVT_ROUTINE_DRILLING,none,none,real_volve,False,0.95
NO,NO_2013-06-11_EVT_ROUTINE_DRILLING,2013-06-11,4567.0,Unknown,,0.0,0.0,EVT_ROUTINE_DRILLING,none,none,real_volve,False,0.95
NO,NO_2013-06-12_EVT_ROUTINE_DRILLING,2013-06-12,4583.0,Unknown,,0.0,0.0,EVT_ROUTINE_DRILLING,none,none,real_volve,False,0.95
NO,NO_2013-06-13_EVT_ROUTINE_DRILLING,2013-06-13,60.0,Unknown,,0.0,0.0,EVT_ROUTINE_DRILLING,none,none,real_volve,False,0.95
NO,NO_2013-06-14_EVT_ROUTINE_DRILLING,2013-06-14,1418.0,Unknown,,0.0,0.0,EVT_ROUTINE_DRILLING,none,none,real_volve,False,0.95
NO,NO_2013-06-15_EVT_ROUTINE_DRILLING,2013-06-15,4254.0,Unknown,,0.0,0.0,EVT_ROUTINE_DRILLING,none,none,real_volve,False,0.95
NO,NO_2013-06-16_EVT_ROUTINE_DRILLING,2013-06-16,3100.0,Unknown,,0.0,0.0,EVT_ROUTINE_DRILLING,none,none,real_volve,False,0.95
NO,NO_2013-06-17_EVT_ROUTINE_DRILLING,2013-06-17,0.0,Unknown,,0.0,0.0,EVT_ROUTINE_DRILLING,none,none,real_volve,False,0.95
NO,NO_2013-06-18_EVT_ROUTINE_DRILLING,2013-06-18,2834.0,Unknown,,0.0,0.0,EVT_ROUTINE_DRILLING,none,none,real_volve,False,0.95
NO,NO_2013-06-19_EVT_ROUTINE_DRILLING,2013-06-19,2834.0,Unknown,3.0,0.0,0.0,EVT_ROUTINE_DRILLING,none,none,real_volve,False,0.95
NO,NO_2013-06-20_EVT_ROUTINE_DRILLING,2013-06-20,4150.0,Unknown,,0.0,0.0,EVT_ROUTINE_DRILLING,none,none,real_volve,False,0.95
NO,NO_2013-06-21_EVT_ROUTINE_DRILLING,2013-06-21,1512.0,Unknown,,0.0,0.0,EVT_ROUTINE_DRILLING,none,none,real_volve,False,0.95
NO,NO_2013-06-22_EVT_ROUTINE_DRILLING,2013-06-22,0.0,Unknown,,0.0,0.0,EVT_ROUTINE_DRILLING,none,none,real_volve,False,0.95
NO,NO_2013-06-23_EVT_ROUTINE_DRILLING,2013-06-23,0.0,Unknown,,0.0,0.0,EVT_ROUTINE_DRILLING,none,none,real_volve,False,0.95
NO,NO_2013-06-24_EVT_ROUTINE_DRILLING,2013-06-24,0.0,Unknown,,0.0,0.0,EVT_ROUTINE_DRILLING,none,none,real_volve,False,0.95
NO,NO_2013-06-25_EVT_ROUTINE_DRILLING,2013-06-25,0.0,Unknown,,0.0,0.0,EVT_ROUTINE_DRILLING,none,none,real_volve,False,0.95
NO,NO_2013-06-26_EVT_ROUTINE_DRILLING,2013-06-26,0.0,Unknown,,0.0,0.0,EVT_ROUTINE_DRILLING,none,none,real_volve,False,0.95
NO,NO_2013-06-27_EVT_ROUTINE_DRILLING,2013-06-27,0.0,Unknown,,0.0,0.0,EVT_ROUTINE_DRILLING,none,none,real_volve,False,0.95
NO,NO_2013-06-28_EVT_ROUTINE_DRILLING,2013-06-28,0.0,Unknown,,0.0,0.0,EVT_ROUTINE_DRILLING,none,none,real_volve,False,0.95
NO,NO_2013-06-29_EVT_ROUTINE_DRILLING,2013-06-29,0.0,Unknown,,0.0,0.0,EVT_ROUTINE_DRILLING,none,none,real_volve,False,0.95
NO,NO_2013-06-30_EVT_ROUTINE_DRILLING,2013-06-30,0.0,Unknown,,0.0,0.0,EVT_ROUTINE_DRILLING,none,none,real_volve,False,0.95
NO,NO_2013-07-01_EVT_ROUTINE_DRILLING,2013-07-01,0.0,Unknown,,0.0,0.0,EVT_ROUTINE_DRILLING,none,none,real_volve,False,0.95
NO,NO_2013-07-02_EVT_ROUTINE_DRILLING,2013-07-02,971.0,Unknown,,0.0,0.0,EVT_ROUTINE_DRILLING,none,none,real_volve,False,0.95
NO,NO_2013-07-03_EVT_ROUTINE_DRILLING,2013-07-03,2035.0,Unknown,,0.0,0.0,EVT_ROUTINE_DRILLING,none,none,real_volve,False,0.95
NO,NO_2013-07-04_EVT_ROUTINE_DRILLING,2013-07-04,0.0,Unknown,,0.0,0.0,EVT_ROUTINE_DRILLING,none,none,real_volve,False,0.95
NO,NO_2013-07-05_EVT_ROUTINE_DRILLING,2013-07-05,0.0,Unknown,,0.0,0.0,EVT_ROUTINE_DRILLING,none,none,real_volve,False,0.95
NO,NO_2013-07-06_EVT_ROUTINE_DRILLING,2013-07-06,0.0,Unknown,,0.0,0.0,EVT_ROUTINE_DRILLING,none,none,real_volve,False,0.95
NO,NO_2013-07-07_EVT_ROUTINE_DRILLING,2013-07-07,0.0,Unknown,,0.0,0.0,EVT_ROUTINE_DRILLING,none,none,real_volve,False,0.95
NO,NO_2013-07-08_EVT_ROUTINE_DRILLING,2013-07-08,0.0,Unknown,,0.0,0.0,EVT_ROUTINE_DRILLING,none,none,real_volve,False,0.95
NO,NO_2013-07-09_EVT_ROUTINE_DRILLING,2013-07-09,0.0,Unknown,,0.0,0.0,EVT_ROUTINE_DRILLING,none,none,real_volve,False,0.95
NO,NO_2013-07-10_EVT_ROUTINE_DRILLING,2013-07-10,3700.0,Unknown,,0.0,0.0,EVT_ROUTINE_DRILLING,none,none,real_volve,False,0.95
NO,NO_2013-07-11_EVT_ROUTINE_DRILLING,2013-07-11,4539.0,Unknown,,0.0,0.0,EVT_ROUTINE_DRILLING,none,none,real_volve,False,0.95
NO,NO_2013-07-12_EVT_ROUTINE_DRILLING,2013-07-12,4480.0,Unknown,,0.0,0.0,EVT_ROUTINE_DRILLING,none,none,real_volve,False,0.95
NO,NO_2013-07-13_EVT_ROUTINE_DRILLING,2013-07-13,4420.0,Unknown,,0.0,0.0,EVT_ROUTINE_DRILLING,none,none,real_volve,False,0.95
NO,NO_2013-07-14_EVT_ROUTINE_DRILLING,2013-07-14,4355.0,Unknown,,0.0,0.0,EVT_ROUTINE_DRILLING,none,none,real_volve,False,0.95
NO,NO_2013-07-15_EVT_ROUTINE_DRILLING,2013-07-15,4470.0,Unknown,,0.0,0.0,EVT_ROUTINE_DRILLING,none,none,real_volve,False,0.95
NO,NO_2013-07-16_EVT_ROUTINE_DRILLING,2013-07-16,3670.0,Unknown,,0.0,0.0,EVT_ROUTINE_DRILLING,none,none,real_volve,False,0.95
NO,NO_2013-07-17_EVT_ROUTINE_DRILLING,2013-07-17,4304.0,Unknown,,0.0,0.0,EVT_ROUTINE_DRILLING,none,none,real_volve,False,0.95
NO,NO_2013-07-18_EVT_ROUTINE_DRILLING,2013-07-18,4295.0,Unknown,,0.0,0.0,EVT_ROUTINE_DRILLING,none,none,real_volve,False,0.95
NO,NO_2013-07-19_EVT_ROUTINE_DRILLING,2013-07-19,4268.0,Unknown,,0.0,0.0,EVT_ROUTINE_DRILLING,none,none,real_volve,False,0.95
NO,NO_2013-07-20_EVT_ROUTINE_DRILLING,2013-07-20,0.0,Unknown,,0.0,0.0,EVT_ROUTINE_DRILLING,none,none,real_volve,False,0.95
NO,NO_2013-07-21_EVT_ROUTINE_DRILLING,2013-07-21,0.0,Unknown,,0.0,0.0,EVT_ROUTINE_DRILLING,none,none,real_volve,False,0.95
NO,NO_2013-07-22_EVT_ROUTINE_DRILLING,2013-07-22,0.0,Unknown,,0.0,0.0,EVT_ROUTINE_DRILLING,none,none,real_volve,False,0.95
NO,NO_2013-07-23_EVT_ROUTINE_DRILLING,2013-07-23,0.0,Unknown,,0.0,0.0,EVT_ROUTINE_DRILLING,none,none,real_volve,False,0.95
NO,NO_2015-10-24_EVT_ROUTINE_DRILLING,2015-10-24,0.0,Unknown,,0.0,0.0,EVT_ROUTINE_DRILLING,none,none,real_volve,False,0.95
NO,NO_2015-10-25_EVT_ROUTINE_DRILLING,2015-10-25,0.0,Unknown,,0.0,0.0,EVT_ROUTINE_DRILLING,none,none,real_volve,False,0.95
NO,NO_2015-10-26_EVT_ROUTINE_DRILLING,2015-10-26,0.0,Unknown,,0.0,0.0,EVT_ROUTINE_DRILLING,none,none,real_volve,False,0.95
NO,NO_2015-10-27_EVT_ROUTINE_DRILLING,2015-10-27,4530.0,Unknown,,0.0,0.0,EVT_ROUTINE_DRILLING,none,none,real_volve,False,0.95
NO,NO_2015-10-28_EVT_ROUTINE_DRILLING,2015-10-28,3470.0,Unknown,,0.0,0.0,EVT_ROUTINE_DRILLING,none,none,real_volve,False,0.95
NO,NO_2015-10-29_EVT_BOP_SHUTIN,2015-10-29,0.0,Unknown,,0.0,0.0,EVT_BOP_SHUTIN,kick,critical,real_volve,False,0.85
NO,NO_2015-10-30_EVT_ROUTINE_DRILLING,2015-10-30,0.0,Unknown,,0.0,0.0,EVT_ROUTINE_DRILLING,none,none,real_volve,False,0.95
NO,NO_2015-10-31_EVT_ROUTINE_DRILLING,2015-10-31,0.0,Unknown,,0.0,0.0,EVT_ROUTINE_DRILLING,none,none,real_volve,False,0.95
NO,NO_2015-11-01_EVT_ROUTINE_DRILLING,2015-11-01,3969.0,Unknown,,0.0,0.0,EVT_ROUTINE_DRILLING,none,none,real_volve,False,0.95
NO,NO_2015-11-02_EVT_ROUTINE_DRILLING,2015-11-02,3910.0,Unknown,,0.0,0.0,EVT_ROUTINE_DRILLING,none,none,real_volve,False,0.95
NO,NO_2013-03-23_EVT_TIGHT_HOLE,2013-03-23,257.0,Unknown,,0.0,0.0,EVT_TIGHT_HOLE,stuck_pipe,medium,real_volve,False,0.85
NO,NO_2013-03-24_EVT_ROUTINE_DRILLING,2013-03-24,347.0,Unknown,35.0,0.0,0.0,EVT_ROUTINE_DRILLING,none,none,real_volve,False,0.95
NO,NO_2013-03-25_EVT_ROUTINE_DRILLING,2013-03-25,454.0,Unknown,,0.0,0.0,EVT_ROUTINE_DRILLING,none,none,real_volve,False,0.95
NO,NO_2013-03-26_EVT_ROUTINE_DRILLING,2013-03-26,0.0,Unknown,,0.0,0.0,EVT_ROUTINE_DRILLING,none,none,real_volve,False,0.95
NO,NO_2013-03-27_EVT_ROUTINE_DRILLING,2013-03-27,0.0,Unknown,,0.0,0.0,EVT_ROUTINE_DRILLING,none,none,real_volve,False,0.95
NO,NO_2013-03-28_EVT_ROUTINE_DRILLING,2013-03-28,0.0,Unknown,,0.0,0.0,EVT_ROUTINE_DRILLING,none,none,real_volve,False,0.95
NO,NO_2013-03-29_EVT_ROUTINE_DRILLING,2013-03-29,454.0,Unknown,,0.0,0.0,EVT_ROUTINE_DRILLING,none,none,real_volve,False,0.95
NO,NO_2013-03-30_EVT_ROUTINE_DRILLING,2013-03-30,793.0,Unknown,,0.0,0.0,EVT_ROUTINE_DRILLING,none,none,real_volve,False,0.95
NO,NO_2013-03-31_EVT_ROUTINE_DRILLING,2013-03-31,1115.0,Unknown,,0.0,0.0,EVT_ROUTINE_DRILLING,none,none,real_volve,False,0.95
NO,NO_2013-04-01_EVT_ROUTINE_DRILLING,2013-04-01,1345.0,Unknown,35.0,0.0,0.0,EVT_ROUTINE_DRILLING,none,none,real_volve,False,0.95
NO,NO_2013-04-02_EVT_ROUTINE_DRILLING,2013-04-02,0.0,Unknown,,0.0,0.0,EVT_ROUTINE_DRILLING,none,none,real_volve,False,0.95
NO,NO_2013-04-03_EVT_ROUTINE_DRILLING,2013-04-03,36.0,Unknown,,0.0,0.0,EVT_ROUTINE_DRILLING,none,none,real_volve,False,0.95
NO,NO_2013-04-04_EVT_ROUTINE_DRILLING,2013-04-04,656.0,Unknown,,0.0,0.0,EVT_ROUTINE_DRILLING,none,none,real_volve,False,0.95
NO,NO_2013-04-05_EVT_ROUTINE_DRILLING,2013-04-05,0.0,Unknown,,0.0,0.0,EVT_ROUTINE_DRILLING,none,none,real_volve,False,0.95
NO,NO_2013-04-06_EVT_ROUTINE_DRILLING,2013-04-06,21.0,Unknown,,0.0,0.0,EVT_ROUTINE_DRILLING,none,none,real_volve,False,0.95
NO,NO_2013-04-07_EVT_ROUTINE_DRILLING,2013-04-07,0.0,Unknown,,0.0,0.0,EVT_ROUTINE_DRILLING,none,none,real_volve,False,0.95
NO,NO_2013-04-08_EVT_ROUTINE_DRILLING,2013-04-08,0.0,Unknown,,0.0,0.0,EVT_ROUTINE_DRILLING,none,none,real_volve,False,0.95
NO,NO_2013-04-09_EVT_TIGHT_HOLE,2013-04-09,0.0,Unknown,,0.0,0.0,EVT_TIGHT_HOLE,stuck_pipe,medium,real_volve,False,0.85
NO,NO_2013-04-10_EVT_ROUTINE_DRILLING,2013-04-10,0.0,Unknown,,0.0,0.0,EVT_ROUTINE_DRILLING,none,none,real_volve,False,0.95
NO,NO_2013-04-11_EVT_ROUTINE_DRILLING,2013-04-11,0.0,Unknown,,0.0,0.0,EVT_ROUTINE_DRILLING,none,none,real_volve,False,0.95
NO,NO_2013-04-12_EVT_ROUTINE_DRILLING,2013-04-12,0.0,Unknown,,0.0,0.0,EVT_ROUTINE_DRILLING,none,none,real_volve,False,0.95
NO,NO_2013-04-13_EVT_ROUTINE_DRILLING,2013-04-13,3.0,Unknown,,0.0,0.0,EVT_ROUTINE_DRILLING,none,none,real_volve,False,0.95
NO,NO_2013-04-14_EVT_ROUTINE_DRILLING,2013-04-14,1400.0,Unknown,,0.0,0.0,EVT_ROUTINE_DRILLING,none,none,real_volve,False,0.95
NO,NO_2013-04-15_EVT_ROUTINE_DRILLING,2013-04-15,0.0,Unknown,,0.0,0.0,EVT_ROUTINE_DRILLING,none,none,real_volve,False,0.95
NO,NO_2013-04-16_EVT_ROUTINE_DRILLING,2013-04-16,1500.0,Unknown,,0.0,0.0,EVT_ROUTINE_DRILLING,none,none,real_volve,False,0.95
NO,NO_2013-04-17_EVT_ROUTINE_DRILLING,2013-04-17,0.0,Unknown,,0.0,0.0,EVT_ROUTINE_DRILLING,none,none,real_volve,False,0.95
NO,NO_2013-04-18_EVT_ROUTINE_DRILLING,2013-04-18,1812.0,Unknown,,0.0,0.0,EVT_ROUTINE_DRILLING,none,none,real_volve,False,0.95
NO,NO_2013-04-19_EVT_ROUTINE_DRILLING,2013-04-19,2046.0,Unknown,,0.0,0.0,EVT_ROUTINE_DRILLING,none,none,real_volve,False,0.95
NO,NO_2013-04-20_EVT_ROUTINE_DRILLING,2013-04-20,2046.0,Unknown,,0.0,0.0,EVT_ROUTINE_DRILLING,none,none,real_volve,False,0.95
NO,NO_2013-04-21_EVT_ROUTINE_DRILLING,2013-04-21,2574.0,Unknown,,0.0,0.0,EVT_ROUTINE_DRILLING,none,none,real_volve,False,0.95
NO,NO_2013-04-22_EVT_ROUTINE_DRILLING,2013-04-22,854.0,Unknown,,0.0,0.0,EVT_ROUTINE_DRILLING,none,none,real_volve,False,0.95
NO,NO_2013-04-23_EVT_ROUTINE_DRILLING,2013-04-23,901.0,Unknown,,0.0,0.0,EVT_ROUTINE_DRILLING,none,none,real_volve,False,0.95
NO,NO_2013-04-24_EVT_ROUTINE_DRILLING,2013-04-24,68.0,Unknown,,0.0,0.0,EVT_ROUTINE_DRILLING,none,none,real_volve,False,0.95
NO,NO_2013-04-25_EVT_ROUTINE_DRILLING,2013-04-25,1625.0,Unknown,,0.0,0.0,EVT_ROUTINE_DRILLING,none,none,real_volve,False,0.95
NO,NO_2013-04-26_EVT_ROUTINE_DRILLING,2013-04-26,3.0,Unknown,65.0,0.0,0.0,EVT_ROUTINE_DRILLING,none,none,real_volve,False,0.95
NO,NO_2013-04-27_EVT_ROUTINE_DRILLING,2013-04-27,0.0,Unknown,,0.0,0.0,EVT_ROUTINE_DRILLING,none,none,real_volve,False,0.95
NO,NO_2013-04-28_EVT_ROUTINE_DRILLING,2013-04-28,2577.0,Unknown,,0.0,0.0,EVT_ROUTINE_DRILLING,none,none,real_volve,False,0.95
NO,NO_2013-04-29_EVT_ROUTINE_DRILLING,2013-04-29,2907.0,Unknown,,0.0,0.0,EVT_ROUTINE_DRILLING,none,none,real_volve,False,0.95
NO,NO_2013-04-30_EVT_ROUTINE_DRILLING,2013-04-30,3279.0,Unknown,,0.0,0.0,EVT_ROUTINE_DRILLING,none,none,real_volve,False,0.95
NO,NO_2013-05-01_EVT_ROUTINE_DRILLING,2013-05-01,3514.0,Unknown,,0.0,0.0,EVT_ROUTINE_DRILLING,none,none,real_volve,False,0.95
NO,NO_2013-05-02_EVT_ROUTINE_DRILLING,2013-05-02,3900.0,Unknown,,0.0,0.0,EVT_ROUTINE_DRILLING,none,none,real_volve,False,0.95
NO,NO_2013-05-03_EVT_ROUTINE_DRILLING,2013-05-03,4162.0,Unknown,,0.0,0.0,EVT_ROUTINE_DRILLING,none,none,real_volve,False,0.95
NO,NO_2013-05-04_EVT_ROUTINE_DRILLING,2013-05-04,4464.0,Unknown,,0.0,0.0,EVT_ROUTINE_DRILLING,none,none,real_volve,False,0.95
NO,NO_2013-05-05_EVT_ROUTINE_DRILLING,2013-05-05,4395.0,Unknown,,0.0,0.0,EVT_ROUTINE_DRILLING,none,none,real_volve,False,0.95
NO,NO_2013-05-06_EVT_ROUTINE_DRILLING,2013-05-06,4562.0,Unknown,,0.0,0.0,EVT_ROUTINE_DRILLING,none,none,real_volve,False,0.95
NO,NO_2013-05-07_EVT_ROUTINE_DRILLING,2013-05-07,0.0,Unknown,,0.0,0.0,EVT_ROUTINE_DRILLING,none,none,real_volve,False,0.95
NO,NO_2013-05-08_EVT_ROUTINE_DRILLING,2013-05-08,4562.0,Unknown,,0.0,0.0,EVT_ROUTINE_DRILLING,none,none,real_volve,False,0.95
NO,NO_2013-05-09_EVT_ROUTINE_DRILLING,2013-05-09,4266.0,Unknown,,0.0,0.0,EVT_ROUTINE_DRILLING,none,none,real_volve,False,0.95
NO,NO_2013-05-10_EVT_ROUTINE_DRILLING,2013-05-10,1999.0,Unknown,,0.0,0.0,EVT_ROUTINE_DRILLING,none,none,real_volve,False,0.95
NO,NO_2013-05-11_EVT_ROUTINE_DRILLING,2013-05-11,4087.0,Unknown,,0.0,0.0,EVT_ROUTINE_DRILLING,none,none,real_volve,False,0.95
NO,NO_2013-05-12_EVT_ROUTINE_DRILLING,2013-05-12,2970.0,Unknown,32.0,0.0,0.0,EVT_ROUTINE_DRILLING,none,none,real_volve,False,0.95
NO,NO_2013-05-13_EVT_ROUTINE_DRILLING,2013-05-13,2569.0,Unknown,,0.0,0.0,EVT_ROUTINE_DRILLING,none,none,real_volve,False,0.95
NO,NO_2013-05-14_EVT_KICK,2013-05-14,1609.0,Unknown,,0.0,0.0,EVT_KICK,kick,critical,real_volve,False,0.85
NO,NO_2007-06-13_EVT_ROUTINE_DRILLING,2007-06-13,85.0,Unknown,,0.0,0.0,EVT_ROUTINE_DRILLING,none,none,real_volve,False,0.95
NO,NO_2007-06-14_EVT_ROUTINE_DRILLING,2007-06-14,145.0,Unknown,,0.0,0.0,EVT_ROUTINE_DRILLING,none,none,real_volve,False,0.95
NO,NO_2007-06-15_EVT_ROUTINE_DRILLING,2007-06-15,258.0,Unknown,40.0,0.0,0.0,EVT_ROUTINE_DRILLING,none,none,real_volve,False,0.95
NO,NO_2007-06-16_EVT_ROUTINE_DRILLING,2007-06-16,225.0,Unknown,,0.0,0.0,EVT_ROUTINE_DRILLING,none,none,real_volve,False,0.95
NO,NO_2007-06-17_EVT_ROUTINE_DRILLING,2007-06-17,80.0,Unknown,,0.0,0.0,EVT_ROUTINE_DRILLING,none,none,real_volve,False,0.95
NO,NO_2007-06-18_EVT_ROUTINE_DRILLING,2007-06-18,0.0,Unknown,,0.0,0.0,EVT_ROUTINE_DRILLING,none,none,real_volve,False,0.95
NO,NO_2007-06-19_EVT_ROUTINE_DRILLING,2007-06-19,0.0,Unknown,,0.0,0.0,EVT_ROUTINE_DRILLING,none,none,real_volve,False,0.95
NO,NO_2007-06-20_EVT_ROUTINE_DRILLING,2007-06-20,180.0,Unknown,,0.0,0.0,EVT_ROUTINE_DRILLING,none,none,real_volve,False,0.95
NO,NO_2007-06-21_EVT_ROUTINE_DRILLING,2007-06-21,250.0,Unknown,,0.0,0.0,EVT_ROUTINE_DRILLING,none,none,real_volve,False,0.95
NO,NO_2007-06-22_EVT_ROUTINE_DRILLING,2007-06-22,225.0,Unknown,,0.0,0.0,EVT_ROUTINE_DRILLING,none,none,real_volve,False,0.95
NO,NO_2007-06-23_EVT_ROUTINE_DRILLING,2007-06-23,0.0,Unknown,,0.0,0.0,EVT_ROUTINE_DRILLING,none,none,real_volve,False,0.95
NO,NO_2007-06-24_EVT_ROUTINE_DRILLING,2007-06-24,261.0,Unknown,60.0,0.0,0.0,EVT_ROUTINE_DRILLING,none,none,real_volve,False,0.95
NO,NO_2007-06-25_EVT_ROUTINE_DRILLING,2007-06-25,525.0,Unknown,,0.0,0.0,EVT_ROUTINE_DRILLING,none,none,real_volve,False,0.95
NO,NO_2007-06-26_EVT_ROUTINE_DRILLING,2007-06-26,525.0,Unknown,,0.0,0.0,EVT_ROUTINE_DRILLING,none,none,real_volve,False,0.95
NO,NO_2007-06-27_EVT_ROUTINE_DRILLING,2007-06-27,618.0,Unknown,,0.0,0.0,EVT_ROUTINE_DRILLING,none,none,real_volve,False,0.95
NO,NO_2007-06-28_EVT_ROUTINE_DRILLING,2007-06-28,780.0,Unknown,,0.0,0.0,EVT_ROUTINE_DRILLING,none,none,real_volve,False,0.95
NO,NO_2007-06-29_EVT_ROUTINE_DRILLING,2007-06-29,941.0,Unknown,,0.0,0.0,EVT_ROUTINE_DRILLING,none,none,real_volve,False,0.95
NO,NO_2007-06-30_EVT_ROUTINE_DRILLING,2007-06-30,1262.0,Unknown,40.0,0.0,0.0,EVT_ROUTINE_DRILLING,none,none,real_volve,False,0.95
NO,NO_2007-07-01_EVT_ROUTINE_DRILLING,2007-07-01,0.0,Unknown,,0.0,0.0,EVT_ROUTINE_DRILLING,none,none,real_volve,False,0.95
NO,NO_2007-07-02_EVT_ROUTINE_DRILLING,2007-07-02,0.0,Unknown,,0.0,0.0,EVT_ROUTINE_DRILLING,none,none,real_volve,False,0.95
NO,NO_2007-07-03_EVT_ROUTINE_DRILLING,2007-07-03,0.0,Unknown,,0.0,0.0,EVT_ROUTINE_DRILLING,none,none,real_volve,False,0.95
NO,NO_2007-07-04_EVT_ROUTINE_DRILLING,2007-07-04,1073.0,Unknown,,0.0,0.0,EVT_ROUTINE_DRILLING,none,none,real_volve,False,0.95
NO,NO_2007-07-05_EVT_ROUTINE_DRILLING,2007-07-05,257.0,Unknown,,0.0,0.0,EVT_ROUTINE_DRILLING,none,none,real_volve,False,0.95
NO,NO_2007-07-06_EVT_ROUTINE_DRILLING,2007-07-06,335.0,Unknown,,0.0,0.0,EVT_ROUTINE_DRILLING,none,none,real_volve,False,0.95
NO,NO_2007-07-07_EVT_ROUTINE_DRILLING,2007-07-07,536.0,utsira,,0.0,0.0,EVT_ROUTINE_DRILLING,none,none,real_volve,False,0.95
NO,NO_2007-07-08_EVT_ROUTINE_DRILLING,2007-07-08,1082.0,Unknown,35.0,0.0,0.0,EVT_ROUTINE_DRILLING,none,none,real_volve,False,0.95
NO,NO_2007-07-09_EVT_ROUTINE_DRILLING,2007-07-09,480.0,Unknown,35.0,0.0,0.0,EVT_ROUTINE_DRILLING,none,none,real_volve,False,0.95
NO,NO_2007-07-10_EVT_TIGHT_HOLE,2007-07-10,994.0,Unknown,4.0,0.0,0.0,EVT_TIGHT_HOLE,stuck_pipe,medium,real_volve,False,0.85
NO,NO_2007-07-11_EVT_ROUTINE_DRILLING,2007-07-11,1002.0,utsira,40.0,0.0,0.0,EVT_ROUTINE_DRILLING,none,none,real_volve,False,0.95
NO,NO_2007-07-12_EVT_ROUTINE_DRILLING,2007-07-12,812.0,Unknown,,0.0,0.0,EVT_ROUTINE_DRILLING,none,none,real_volve,False,0.95
NO,NO_2007-07-13_EVT_ROUTINE_DRILLING,2007-07-13,812.0,Unknown,,0.0,0.0,EVT_ROUTINE_DRILLING,none,none,real_volve,False,0.95
NO,NO_2007-07-14_EVT_TIGHT_HOLE,2007-07-14,1357.0,Unknown,56.0,0.0,0.0,EVT_TIGHT_HOLE,stuck_pipe,medium,real_volve,False,0.85
NO,NO_2007-07-15_EVT_ROUTINE_DRILLING,2007-07-15,0.0,Unknown,,0.0,0.0,EVT_ROUTINE_DRILLING,none,none,real_volve,False,0.95
NO,NO_2007-07-16_EVT_ROUTINE_DRILLING,2007-07-16,0.0,Unknown,,0.0,0.0,EVT_ROUTINE_DRILLING,none,none,real_volve,False,0.95
NO,NO_2007-07-17_EVT_ROUTINE_DRILLING,2007-07-17,0.0,Unknown,,0.0,0.0,EVT_ROUTINE_DRILLING,none,none,real_volve,False,0.95
NO,NO_2007-07-18_EVT_ROUTINE_DRILLING,2007-07-18,0.0,Unknown,,0.0,0.0,EVT_ROUTINE_DRILLING,none,none,real_volve,False,0.95
NO,NO_2007-07-19_EVT_ROUTINE_DRILLING,2007-07-19,1000.0,Unknown,,0.0,0.0,EVT_ROUTINE_DRILLING,none,none,real_volve,False,0.95
NO,NO_2007-07-20_EVT_ROUTINE_DRILLING,2007-07-20,0.0,Unknown,35.0,0.0,0.0,EVT_ROUTINE_DRILLING,none,none,real_volve,False,0.95
NO,NO_2007-07-21_EVT_ROUTINE_DRILLING,2007-07-21,1461.0,Unknown,,0.0,0.0,EVT_ROUTINE_DRILLING,none,none,real_volve,False,0.95
NO,NO_2007-07-22_EVT_ROUTINE_DRILLING,2007-07-22,1461.0,Unknown,,0.0,0.0,EVT_ROUTINE_DRILLING,none,none,real_volve,False,0.95
NO,NO_2007-07-23_EVT_ROUTINE_DRILLING,2007-07-23,1546.0,Unknown,,0.0,0.0,EVT_ROUTINE_DRILLING,none,none,real_volve,False,0.95
NO,NO_2007-07-24_EVT_ROUTINE_DRILLING,2007-07-24,1959.0,Unknown,,0.0,0.0,EVT_ROUTINE_DRILLING,none,none,real_volve,False,0.95
NO,NO_2007-07-25_EVT_ROUTINE_DRILLING,2007-07-25,2150.0,Unknown,,0.0,0.0,EVT_ROUTINE_DRILLING,none,none,real_volve,False,0.95
NO,NO_2007-07-26_EVT_ROUTINE_DRILLING,2007-07-26,2438.0,Unknown,,0.0,0.0,EVT_ROUTINE_DRILLING,none,none,real_volve,False,0.95
NO,NO_2007-07-27_EVT_ROUTINE_DRILLING,2007-07-27,2505.0,Unknown,,0.0,0.0,EVT_ROUTINE_DRILLING,none,none,real_volve,False,0.95
NO,NO_2007-07-28_EVT_ROUTINE_DRILLING,2007-07-28,1337.0,Unknown,,0.0,0.0,EVT_ROUTINE_DRILLING,none,none,real_volve,False,0.95
NO,NO_2007-07-29_EVT_ROUTINE_DRILLING,2007-07-29,2513.0,Unknown,,0.0,0.0,EVT_ROUTINE_DRILLING,none,none,real_volve,False,0.95
NO,NO_2007-07-30_EVT_ROUTINE_DRILLING,2007-07-30,25235.0,Unknown,,0.0,0.0,EVT_ROUTINE_DRILLING,none,none,real_volve,False,0.95
NO,NO_2007-07-31_EVT_ROUTINE_DRILLING,2007-07-31,0.0,Unknown,,0.0,0.0,EVT_ROUTINE_DRILLING,none,none,real_volve,False,0.95
NO,NO_2007-08-01_EVT_ROUTINE_DRILLING,2007-08-01,580.0,Unknown,,0.0,0.0,EVT_ROUTINE_DRILLING,none,none,real_volve,False,0.95
NO,NO_2007-08-02_EVT_ROUTINE_DRILLING,2007-08-02,580.0,Unknown,,0.0,0.0,EVT_ROUTINE_DRILLING,none,none,real_volve,False,0.95
NO,NO_2007-08-03_EVT_ROUTINE_DRILLING,2007-08-03,2182.0,Unknown,,0.0,0.0,EVT_ROUTINE_DRILLING,none,none,real_volve,False,0.95
NO,NO_2007-08-04_EVT_ROUTINE_DRILLING,2007-08-04,2515.0,Unknown,,0.0,0.0,EVT_ROUTINE_DRILLING,none,none,real_volve,False,0.95
NO,NO_2007-08-05_EVT_ROUTINE_DRILLING,2007-08-05,0.0,Unknown,,0.0,0.0,EVT_ROUTINE_DRILLING,none,none,real_volve,False,0.95
NO,NO_2007-08-06_EVT_ROUTINE_DRILLING,2007-08-06,0.0,Unknown,,0.0,0.0,EVT_ROUTINE_DRILLING,none,none,real_volve,False,0.95
NO,NO_2007-08-07_EVT_ROUTINE_DRILLING,2007-08-07,0.0,Unknown,,0.0,0.0,EVT_ROUTINE_DRILLING,none,none,real_volve,False,0.95
NO,NO_2007-08-08_EVT_ROUTINE_DRILLING,2007-08-08,1327.0,Unknown,,0.0,0.0,EVT_ROUTINE_DRILLING,none,none,real_volve,False,0.95
NO,NO_2007-08-09_EVT_ROUTINE_DRILLING,2007-08-09,1410.0,Unknown,,0.0,0.0,EVT_ROUTINE_DRILLING,none,none,real_volve,False,0.95
NO,NO_2007-08-10_EVT_ROUTINE_DRILLING,2007-08-10,2450.0,Unknown,35.0,0.0,0.0,EVT_ROUTINE_DRILLING,none,none,real_volve,False,0.95
NO,NO_2007-08-11_EVT_ROUTINE_DRILLING,2007-08-11,3.0,Unknown,35.0,0.0,0.0,EVT_ROUTINE_DRILLING,none,none,real_volve,False,0.95
NO,NO_2007-08-12_EVT_ROUTINE_DRILLING,2007-08-12,2640.0,Unknown,,0.0,0.0,EVT_ROUTINE_DRILLING,none,none,real_volve,False,0.95
NO,NO_2007-08-13_EVT_ROUTINE_DRILLING,2007-08-13,2766.0,Unknown,,0.0,0.0,EVT_ROUTINE_DRILLING,none,none,real_volve,False,0.95
NO,NO_2007-08-14_EVT_ROUTINE_DRILLING,2007-08-14,2872.0,Unknown,,0.0,0.0,EVT_ROUTINE_DRILLING,none,none,real_volve,False,0.95
NO,NO_2007-08-15_EVT_ROUTINE_DRILLING,2007-08-15,2973.0,Unknown,,0.0,0.0,EVT_ROUTINE_DRILLING,none,none,real_volve,False,0.95
NO,NO_2007-08-16_EVT_ROUTINE_DRILLING,2007-08-16,3030.0,Unknown,,0.0,0.0,EVT_ROUTINE_DRILLING,none,none,real_volve,False,0.95
NO,NO_2007-08-17_EVT_ROUTINE_DRILLING,2007-08-17,3114.0,draupne,,0.0,0.0,EVT_ROUTINE_DRILLING,none,none,real_volve,False,0.95
NO,NO_2007-08-18_EVT_ROUTINE_DRILLING,2007-08-18,1033.0,Unknown,,0.0,0.0,EVT_ROUTINE_DRILLING,none,none,real_volve,False,0.95
NO,NO_2007-08-19_EVT_ROUTINE_DRILLING,2007-08-19,3113.0,Unknown,,0.0,0.0,EVT_ROUTINE_DRILLING,none,none,real_volve,False,0.95
NO,NO_2007-08-20_EVT_ROUTINE_DRILLING,2007-08-20,0.0,Unknown,4.0,0.0,0.0,EVT_ROUTINE_DRILLING,none,none,real_volve,False,0.95
NO,NO_2007-08-21_EVT_ROUTINE_DRILLING,2007-08-21,3086.0,Unknown,,0.0,0.0,EVT_ROUTINE_DRILLING,none,none,real_volve,False,0.95
NO,NO_2007-08-22_EVT_ROUTINE_DRILLING,2007-08-22,5.0,Unknown,6.0,0.0,0.0,EVT_ROUTINE_DRILLING,none,none,real_volve,False,0.95
NO,NO_2007-08-23_EVT_ROUTINE_DRILLING,2007-08-23,3200.0,Unknown,,0.0,0.0,EVT_ROUTINE_DRILLING,none,none,real_volve,False,0.95
NO,NO_2007-08-24_EVT_ROUTINE_DRILLING,2007-08-24,0.0,Unknown,,0.0,0.0,EVT_ROUTINE_DRILLING,none,none,real_volve,False,0.95
NO,NO_2007-08-25_EVT_ROUTINE_DRILLING,2007-08-25,63.0,Unknown,,0.0,0.0,EVT_ROUTINE_DRILLING,none,none,real_volve,False,0.95
NO,NO_2007-08-26_EVT_ROUTINE_DRILLING,2007-08-26,3520.0,Unknown,,0.0,0.0,EVT_ROUTINE_DRILLING,none,none,real_volve,False,0.95
NO,NO_2007-08-27_EVT_ROUTINE_DRILLING,2007-08-27,0.0,Unknown,,0.0,0.0,EVT_ROUTINE_DRILLING,none,none,real_volve,False,0.95
NO,NO_2007-08-28_EVT_ROUTINE_DRILLING,2007-08-28,0.0,Unknown,,0.0,0.0,EVT_ROUTINE_DRILLING,none,none,real_volve,False,0.95
NO,NO_2007-08-29_EVT_ROUTINE_DRILLING,2007-08-29,0.0,Unknown,,0.0,0.0,EVT_ROUTINE_DRILLING,none,none,real_volve,False,0.95
NO,NO_2007-08-30_EVT_ROUTINE_DRILLING,2007-08-30,0.0,Unknown,,0.0,0.0,EVT_ROUTINE_DRILLING,none,none,real_volve,False,0.95
NO,NO_2007-08-31_EVT_ROUTINE_DRILLING,2007-08-31,798.0,Unknown,,0.0,0.0,EVT_ROUTINE_DRILLING,none,none,real_volve,False,0.95
NO,NO_2007-09-01_EVT_ROUTINE_DRILLING,2007-09-01,1141.0,Unknown,,0.0,0.0,EVT_ROUTINE_DRILLING,none,none,real_volve,False,0.95
NO,NO_2007-09-02_EVT_ROUTINE_DRILLING,2007-09-02,1650.0,Unknown,,0.0,0.0,EVT_ROUTINE_DRILLING,none,none,real_volve,False,0.95
NO,NO_2007-09-03_EVT_ROUTINE_DRILLING,2007-09-03,2408.0,Unknown,,0.0,0.0,EVT_ROUTINE_DRILLING,none,none,real_volve,False,0.95
NO,NO_2007-09-04_EVT_ROUTINE_DRILLING,2007-09-04,100.0,Unknown,,0.0,0.0,EVT_ROUTINE_DRILLING,none,none,real_volve,False,0.95
NO,NO_2007-09-05_EVT_ROUTINE_DRILLING,2007-09-05,2399.0,Unknown,,0.0,0.0,EVT_ROUTINE_DRILLING,none,none,real_volve,False,0.95
NO,NO_2007-09-06_EVT_ROUTINE_DRILLING,2007-09-06,790.0,Unknown,,0.0,0.0,EVT_ROUTINE_DRILLING,none,none,real_volve,False,0.95
NO,NO_2007-09-07_EVT_ROUTINE_DRILLING,2007-09-07,0.0,Unknown,,0.0,0.0,EVT_ROUTINE_DRILLING,none,none,real_volve,False,0.95
NO,NO_2007-09-08_EVT_ROUTINE_DRILLING,2007-09-08,1590.0,Unknown,,0.0,0.0,EVT_ROUTINE_DRILLING,none,none,real_volve,False,0.95
NO,NO_2007-09-09_EVT_STUCK_PIPE,2007-09-09,0.0,Unknown,,0.0,0.0,EVT_STUCK_PIPE,stuck_pipe,critical,real_volve,False,0.85
NO,NO_2007-09-10_EVT_ROUTINE_DRILLING,2007-09-10,0.0,Unknown,,0.0,0.0,EVT_ROUTINE_DRILLING,none,none,real_volve,False,0.95
NO,NO_2007-09-11_EVT_ROUTINE_DRILLING,2007-09-11,0.0,Unknown,,0.0,0.0,EVT_ROUTINE_DRILLING,none,none,real_volve,False,0.95
NO,NO_2007-09-12_EVT_ROUTINE_DRILLING,2007-09-12,100.0,Unknown,,0.0,0.0,EVT_ROUTINE_DRILLING,none,none,real_volve,False,0.95
NO,NO_2007-09-13_EVT_ROUTINE_DRILLING,2007-09-13,0.0,Unknown,,0.0,0.0,EVT_ROUTINE_DRILLING,none,none,real_volve,False,0.95
NO,NO_2007-09-14_EVT_ROUTINE_DRILLING,2007-09-14,0.0,Unknown,,0.0,0.0,EVT_ROUTINE_DRILLING,none,none,real_volve,False,0.95
NO,NO_2007-10-11_EVT_ROUTINE_DRILLING,2007-10-11,0.0,Unknown,,0.0,0.0,EVT_ROUTINE_DRILLING,none,none,real_volve,False,0.95
NO,NO_2007-12-30_EVT_ROUTINE_DRILLING,2007-12-30,0.0,Unknown,,0.0,0.0,EVT_ROUTINE_DRILLING,none,none,real_volve,False,0.95
NO,NO_2007-12-31_EVT_TORQUE_UP,2007-12-31,9.0,Unknown,,0.0,0.0,EVT_TORQUE_UP,torque_spike,medium,real_volve,False,0.85
NO,NO_2008-01-01_EVT_ROUTINE_DRILLING,2008-01-01,0.0,Unknown,,0.0,0.0,EVT_ROUTINE_DRILLING,none,none,real_volve,False,0.95
NO,NO_2008-01-02_EVT_ROUTINE_DRILLING,2008-01-02,150.0,Unknown,,0.0,0.0,EVT_ROUTINE_DRILLING,none,none,real_volve,False,0.95
NO,NO_2008-01-03_EVT_ROUTINE_DRILLING,2008-01-03,1800.0,Unknown,,0.0,0.0,EVT_ROUTINE_DRILLING,none,none,real_volve,False,0.95
NO,NO_2008-01-04_EVT_ROUTINE_DRILLING,2008-01-04,2290.0,Unknown,,0.0,0.0,EVT_ROUTINE_DRILLING,none,none,real_volve,False,0.95
NO,NO_2008-01-05_EVT_ROUTINE_DRILLING,2008-01-05,0.0,Unknown,,0.0,0.0,EVT_ROUTINE_DRILLING,none,none,real_volve,False,0.95
NO,NO_2008-01-06_EVT_ROUTINE_DRILLING,2008-01-06,0.0,Unknown,,0.0,0.0,EVT_ROUTINE_DRILLING,none,none,real_volve,False,0.95
NO,NO_2008-01-07_EVT_ROUTINE_DRILLING,2008-01-07,0.0,Unknown,,0.0,0.0,EVT_ROUTINE_DRILLING,none,none,real_volve,False,0.95
NO,NO_2008-01-08_EVT_ROUTINE_DRILLING,2008-01-08,0.0,Unknown,,0.0,0.0,EVT_ROUTINE_DRILLING,none,none,real_volve,False,0.95
NO,NO_2008-01-09_EVT_ROUTINE_DRILLING,2008-01-09,0.0,Unknown,,0.0,0.0,EVT_ROUTINE_DRILLING,none,none,real_volve,False,0.95
NO,NO_2008-01-10_EVT_ROUTINE_DRILLING,2008-01-10,0.0,Unknown,,0.0,0.0,EVT_ROUTINE_DRILLING,none,none,real_volve,False,0.95
NO,NO_2008-01-11_EVT_ROUTINE_DRILLING,2008-01-11,3200.0,Unknown,3.0,0.0,0.0,EVT_ROUTINE_DRILLING,none,none,real_volve,False,0.95
NO,NO_2008-01-12_EVT_ROUTINE_DRILLING,2008-01-12,2175.0,Unknown,,0.0,0.0,EVT_ROUTINE_DRILLING,none,none,real_volve,False,0.95
NO,NO_2008-01-13_EVT_ROUTINE_DRILLING,2008-01-13,0.0,Unknown,,0.0,0.0,EVT_ROUTINE_DRILLING,none,none,real_volve,False,0.95
NO,NO_2008-01-14_EVT_ROUTINE_DRILLING,2008-01-14,0.0,Unknown,,0.0,0.0,EVT_ROUTINE_DRILLING,none,none,real_volve,False,0.95
NO,NO_2008-01-15_EVT_ROUTINE_DRILLING,2008-01-15,0.0,Unknown,,0.0,0.0,EVT_ROUTINE_DRILLING,none,none,real_volve,False,0.95
NO,NO_2008-01-16_EVT_ROUTINE_DRILLING,2008-01-16,252.0,Unknown,,0.0,0.0,EVT_ROUTINE_DRILLING,none,none,real_volve,False,0.95
NO,NO_2008-01-17_EVT_ROUTINE_DRILLING,2008-01-17,862.0,Unknown,,0.0,0.0,EVT_ROUTINE_DRILLING,none,none,real_volve,False,0.95
NO,NO_2008-01-18_EVT_ROUTINE_DRILLING,2008-01-18,0.0,Unknown,,0.0,0.0,EVT_ROUTINE_DRILLING,none,none,real_volve,False,0.95
NO,NO_2008-01-19_EVT_ROUTINE_DRILLING,2008-01-19,0.0,Unknown,,0.0,0.0,EVT_ROUTINE_DRILLING,none,none,real_volve,False,0.95
NO,NO_2008-01-20_EVT_ROUTINE_DRILLING,2008-01-20,0.0,Unknown,,0.0,0.0,EVT_ROUTINE_DRILLING,none,none,real_volve,False,0.95
NO,NO_2008-01-21_EVT_ROUTINE_DRILLING,2008-01-21,54.0,Unknown,,0.0,0.0,EVT_ROUTINE_DRILLING,none,none,real_volve,False,0.95
NO,NO_2008-01-22_EVT_ROUTINE_DRILLING,2008-01-22,173.0,Unknown,,0.0,0.0,EVT_ROUTINE_DRILLING,none,none,real_volve,False,0.95
NO,NO_2008-01-23_EVT_ROUTINE_DRILLING,2008-01-23,1311.0,Unknown,,0.0,0.0,EVT_ROUTINE_DRILLING,none,none,real_volve,False,0.95
NO,NO_2008-01-24_EVT_ROUTINE_DRILLING,2008-01-24,0.0,Unknown,,0.0,0.0,EVT_ROUTINE_DRILLING,none,none,real_volve,False,0.95
NO,NO_2008-01-25_EVT_ROUTINE_DRILLING,2008-01-25,110.0,Unknown,,0.0,0.0,EVT_ROUTINE_DRILLING,none,none,real_volve,False,0.95
NO,NO_2008-01-26_EVT_ROUTINE_DRILLING,2008-01-26,1620.0,Unknown,,0.0,0.0,EVT_ROUTINE_DRILLING,none,none,real_volve,False,0.95
NO,NO_2008-01-27_EVT_ROUTINE_DRILLING,2008-01-27,0.0,Unknown,,0.0,0.0,EVT_ROUTINE_DRILLING,none,none,real_volve,False,0.95
NO,NO_2008-01-28_EVT_ROUTINE_DRILLING,2008-01-28,2528.0,Unknown,,0.0,0.0,EVT_ROUTINE_DRILLING,none,none,real_volve,False,0.95
NO,NO_2008-01-29_EVT_ROUTINE_DRILLING,2008-01-29,0.0,Unknown,,0.0,0.0,EVT_ROUTINE_DRILLING,none,none,real_volve,False,0.95
NO,NO_2008-01-30_EVT_ROUTINE_DRILLING,2008-01-30,2970.0,Unknown,,0.0,0.0,EVT_ROUTINE_DRILLING,none,none,real_volve,False,0.95
NO,NO_2008-01-31_EVT_ROUTINE_DRILLING,2008-01-31,2972.0,Unknown,,0.0,0.0,EVT_ROUTINE_DRILLING,none,none,real_volve,False,0.95
NO,NO_2008-02-01_EVT_ROUTINE_DRILLING,2008-02-01,0.0,Unknown,,0.0,0.0,EVT_ROUTINE_DRILLING,none,none,real_volve,False,0.95
NO,NO_2008-02-02_EVT_ROUTINE_DRILLING,2008-02-02,0.0,Unknown,,0.0,0.0,EVT_ROUTINE_DRILLING,none,none,real_volve,False,0.95
NO,NO_2008-02-03_EVT_ROUTINE_DRILLING,2008-02-03,0.0,Unknown,,0.0,0.0,EVT_ROUTINE_DRILLING,none,none,real_volve,False,0.95
NO,NO_2008-02-04_EVT_ROUTINE_DRILLING,2008-02-04,0.0,Unknown,,0.0,0.0,EVT_ROUTINE_DRILLING,none,none,real_volve,False,0.95
NO,NO_2008-02-11_EVT_ROUTINE_DRILLING,2008-02-11,3281.0,Unknown,,0.0,0.0,EVT_ROUTINE_DRILLING,none,none,real_volve,False,0.95
NO,NO_2009-03-13_EVT_ROUTINE_DRILLING,2009-03-13,0.0,Unknown,,0.0,0.0,EVT_ROUTINE_DRILLING,none,none,real_volve,False,0.95
NO,NO_2009-03-14_EVT_ROUTINE_DRILLING,2009-03-14,5.0,Unknown,,0.0,0.0,EVT_ROUTINE_DRILLING,none,none,real_volve,False,0.95
NO,NO_2009-03-15_EVT_ROUTINE_DRILLING,2009-03-15,2929.0,Unknown,,0.0,0.0,EVT_ROUTINE_DRILLING,none,none,real_volve,False,0.95
NO,NO_2009-03-16_EVT_ROUTINE_DRILLING,2009-03-16,3030.0,Unknown,,0.0,0.0,EVT_ROUTINE_DRILLING,none,none,real_volve,False,0.95
NO,NO_2009-03-17_EVT_ROUTINE_DRILLING,2009-03-17,0.0,Unknown,,0.0,0.0,EVT_ROUTINE_DRILLING,none,none,real_volve,False,0.95
NO,NO_2010-09-20_EVT_ROUTINE_DRILLING,2010-09-20,0.0,Unknown,,0.0,0.0,EVT_ROUTINE_DRILLING,none,none,real_volve,False,0.95
NO,NO_2010-09-21_EVT_BOP_SHUTIN,2010-09-21,2929.0,Unknown,,0.0,0.0,EVT_BOP_SHUTIN,kick,critical,real_volve,False,0.85
NO,NO_2010-09-22_EVT_ROUTINE_DRILLING,2010-09-22,3080.0,Unknown,,0.0,0.0,EVT_ROUTINE_DRILLING,none,none,real_volve,False,0.95
NO,NO_2010-09-23_EVT_ROUTINE_DRILLING,2010-09-23,3210.0,Unknown,,0.0,0.0,EVT_ROUTINE_DRILLING,none,none,real_volve,False,0.95
NO,NO_2014-11-22_EVT_ROUTINE_DRILLING,2014-11-22,0.0,Unknown,,0.0,0.0,EVT_ROUTINE_DRILLING,none,none,real_volve,False,0.95
NO,NO_2014-11-23_EVT_ROUTINE_DRILLING,2014-11-23,0.0,Unknown,,0.0,0.0,EVT_ROUTINE_DRILLING,none,none,real_volve,False,0.95
NO,NO_2014-11-24_EVT_ROUTINE_DRILLING,2014-11-24,0.0,Unknown,,0.0,0.0,EVT_ROUTINE_DRILLING,none,none,real_volve,False,0.95
NO,NO_2014-11-25_EVT_ROUTINE_DRILLING,2014-11-25,1400.0,Unknown,,0.0,0.0,EVT_ROUTINE_DRILLING,none,none,real_volve,False,0.95
NO,NO_2014-11-26_EVT_ROUTINE_DRILLING,2014-11-26,3150.0,Unknown,,0.0,0.0,EVT_ROUTINE_DRILLING,none,none,real_volve,False,0.95
NO,NO_2014-11-27_EVT_ROUTINE_DRILLING,2014-11-27,0.0,Unknown,,0.0,0.0,EVT_ROUTINE_DRILLING,none,none,real_volve,False,0.95
NO,NO_2007-11-05_EVT_ROUTINE_DRILLING,2007-11-05,0.0,Unknown,,0.0,0.0,EVT_ROUTINE_DRILLING,none,none,real_volve,False,0.95
NO,NO_2007-11-06_EVT_ROUTINE_DRILLING,2007-11-06,143.0,Unknown,,0.0,0.0,EVT_ROUTINE_DRILLING,none,none,real_volve,False,0.95
NO,NO_2007-11-07_EVT_ROUTINE_DRILLING,2007-11-07,193.0,Unknown,40.0,0.0,0.0,EVT_ROUTINE_DRILLING,none,none,real_volve,False,0.95
NO,NO_2007-11-08_EVT_ROUTINE_DRILLING,2007-11-08,0.0,Unknown,,0.0,0.0,EVT_ROUTINE_DRILLING,none,none,real_volve,False,0.95
NO,NO_2007-11-09_EVT_ROUTINE_DRILLING,2007-11-09,0.0,Unknown,,0.0,0.0,EVT_ROUTINE_DRILLING,none,none,real_volve,False,0.95
NO,NO_2007-11-10_EVT_ROUTINE_DRILLING,2007-11-10,169.0,Unknown,,0.0,0.0,EVT_ROUTINE_DRILLING,none,none,real_volve,False,0.95
NO,NO_2007-11-11_EVT_ROUTINE_DRILLING,2007-11-11,169.0,Unknown,,0.0,0.0,EVT_ROUTINE_DRILLING,none,none,real_volve,False,0.95
NO,NO_2007-11-12_EVT_ROUTINE_DRILLING,2007-11-12,30.0,Unknown,7.0,0.0,0.0,EVT_ROUTINE_DRILLING,none,none,real_volve,False,0.95
NO,NO_2007-11-13_EVT_ROUTINE_DRILLING,2007-11-13,8.0,Unknown,52.0,0.0,0.0,EVT_ROUTINE_DRILLING,none,none,real_volve,False,0.95
NO,NO_2007-11-14_EVT_ROUTINE_DRILLING,2007-11-14,4.0,Unknown,56.0,0.0,0.0,EVT_ROUTINE_DRILLING,none,none,real_volve,False,0.95
NO,NO_2007-11-15_EVT_ROUTINE_DRILLING,2007-11-15,0.0,Unknown,,0.0,0.0,EVT_ROUTINE_DRILLING,none,none,real_volve,False,0.95
NO,NO_2007-12-03_EVT_ROUTINE_DRILLING,2007-12-03,0.0,Unknown,,0.0,0.0,EVT_ROUTINE_DRILLING,none,none,real_volve,False,0.95
NO,NO_2007-12-04_EVT_ROUTINE_DRILLING,2007-12-04,206.0,Unknown,,0.0,0.0,EVT_ROUTINE_DRILLING,none,none,real_volve,False,0.95
NO,NO_2007-12-05_EVT_ROUTINE_DRILLING,2007-12-05,206.0,Unknown,,0.0,0.0,EVT_ROUTINE_DRILLING,none,none,real_volve,False,0.95
NO,NO_2007-12-06_EVT_ROUTINE_DRILLING,2007-12-06,269.0,Unknown,,0.0,0.0,EVT_ROUTINE_DRILLING,none,none,real_volve,False,0.95
NO,NO_2007-12-07_EVT_ROUTINE_DRILLING,2007-12-07,636.0,Unknown,,0.0,0.0,EVT_ROUTINE_DRILLING,none,none,real_volve,False,0.95
NO,NO_2007-12-08_EVT_ROUTINE_DRILLING,2007-12-08,0.0,Unknown,40.0,0.0,0.0,EVT_ROUTINE_DRILLING,none,none,real_volve,False,0.95
NO,NO_2007-12-09_EVT_ROUTINE_DRILLING,2007-12-09,414.0,Unknown,,0.0,0.0,EVT_ROUTINE_DRILLING,none,none,real_volve,False,0.95
NO,NO_2007-12-10_EVT_ROUTINE_DRILLING,2007-12-10,923.0,Unknown,,0.0,0.0,EVT_ROUTINE_DRILLING,none,none,real_volve,False,0.95
NO,NO_2007-12-11_EVT_ROUTINE_DRILLING,2007-12-11,0.0,Unknown,,0.0,0.0,EVT_ROUTINE_DRILLING,none,none,real_volve,False,0.95
NO,NO_2008-04-26_EVT_ROUTINE_DRILLING,2008-04-26,0.0,Unknown,,0.0,0.0,EVT_ROUTINE_DRILLING,none,none,real_volve,False,0.95
NO,NO_2008-04-27_EVT_ROUTINE_DRILLING,2008-04-27,0.0,Unknown,,0.0,0.0,EVT_ROUTINE_DRILLING,none,none,real_volve,False,0.95
NO,NO_2008-04-28_EVT_ROUTINE_DRILLING,2008-04-28,0.0,Unknown,,0.0,0.0,EVT_ROUTINE_DRILLING,none,none,real_volve,False,0.95
NO,NO_2008-04-29_EVT_ROUTINE_DRILLING,2008-04-29,0.0,Unknown,,0.0,0.0,EVT_ROUTINE_DRILLING,none,none,real_volve,False,0.95
NO,NO_2008-04-30_EVT_ROUTINE_DRILLING,2008-04-30,0.0,Unknown,,0.0,0.0,EVT_ROUTINE_DRILLING,none,none,real_volve,False,0.95
NO,NO_2008-05-10_EVT_ROUTINE_DRILLING,2008-05-10,0.0,Unknown,,0.0,0.0,EVT_ROUTINE_DRILLING,none,none,real_volve,False,0.95
NO,NO_2008-05-11_EVT_LCM_APPLIED,2008-05-11,3.0,Unknown,20.0,0.0,0.0,EVT_LCM_APPLIED,mud_loss,low,real_volve,False,0.85
NO,NO_2008-05-12_EVT_ROUTINE_DRILLING,2008-05-12,1302.0,Unknown,,0.0,0.0,EVT_ROUTINE_DRILLING,none,none,real_volve,False,0.95
NO,NO_2008-05-13_EVT_ROUTINE_DRILLING,2008-05-13,1725.0,Unknown,,0.0,0.0,EVT_ROUTINE_DRILLING,none,none,real_volve,False,0.95
NO,NO_2008-05-14_EVT_LCM_APPLIED,2008-05-14,2209.0,Unknown,,0.0,0.0,EVT_LCM_APPLIED,mud_loss,low,real_volve,False,0.85
NO,NO_2008-05-15_EVT_ROUTINE_DRILLING,2008-05-15,0.0,Unknown,,0.0,0.0,EVT_ROUTINE_DRILLING,none,none,real_volve,False,0.95
NO,NO_2008-05-16_EVT_ROUTINE_DRILLING,2008-05-16,610.0,Unknown,,0.0,0.0,EVT_ROUTINE_DRILLING,none,none,real_volve,False,0.95
NO,NO_2008-05-17_EVT_ROUTINE_DRILLING,2008-05-17,610.0,Unknown,,0.0,0.0,EVT_ROUTINE_DRILLING,none,none,real_volve,False,0.95
NO,NO_2008-05-18_EVT_ROUTINE_DRILLING,2008-05-18,2276.0,Unknown,60.0,0.0,0.0,EVT_ROUTINE_DRILLING,none,none,real_volve,False,0.95
NO,NO_2008-05-19_EVT_TIGHT_HOLE,2008-05-19,0.0,Unknown,,0.0,0.0,EVT_TIGHT_HOLE,stuck_pipe,medium,real_volve,False,0.85
NO,NO_2008-05-20_EVT_ROUTINE_DRILLING,2008-05-20,526.0,Unknown,,0.0,0.0,EVT_ROUTINE_DRILLING,none,none,real_volve,False,0.95
NO,NO_2008-05-21_EVT_ROUTINE_DRILLING,2008-05-21,526.0,Unknown,,0.0,0.0,EVT_ROUTINE_DRILLING,none,none,real_volve,False,0.95
NO,NO_2008-05-22_EVT_ROUTINE_DRILLING,2008-05-22,2284.0,Unknown,,0.0,0.0,EVT_ROUTINE_DRILLING,none,none,real_volve,False,0.95
NO,NO_2008-05-23_EVT_ROUTINE_DRILLING,2008-05-23,2666.0,Unknown,,0.0,0.0,EVT_ROUTINE_DRILLING,none,none,real_volve,False,0.95
NO,NO_2008-05-24_EVT_ROUTINE_DRILLING,2008-05-24,88.0,Unknown,,0.0,0.0,EVT_ROUTINE_DRILLING,none,none,real_volve,False,0.95
NO,NO_2008-05-25_EVT_ROUTINE_DRILLING,2008-05-25,339.0,Unknown,,0.0,0.0,EVT_ROUTINE_DRILLING,none,none,real_volve,False,0.95
NO,NO_2008-05-26_EVT_ROUTINE_DRILLING,2008-05-26,2640.0,Unknown,,0.0,0.0,EVT_ROUTINE_DRILLING,none,none,real_volve,False,0.95
NO,NO_2008-05-27_EVT_ROUTINE_DRILLING,2008-05-27,5.0,Unknown,,0.0,0.0,EVT_ROUTINE_DRILLING,none,none,real_volve,False,0.95
NO,NO_2008-05-28_EVT_ROUTINE_DRILLING,2008-05-28,40.0,Unknown,,0.0,0.0,EVT_ROUTINE_DRILLING,none,none,real_volve,False,0.95
NO,NO_2008-05-29_EVT_ROUTINE_DRILLING,2008-05-29,0.0,Unknown,,0.0,0.0,EVT_ROUTINE_DRILLING,none,none,real_volve,False,0.95
NO,NO_2008-05-30_EVT_ROUTINE_DRILLING,2008-05-30,0.0,Unknown,,0.0,0.0,EVT_ROUTINE_DRILLING,none,none,real_volve,False,0.95
NO,NO_2008-05-31_EVT_ROUTINE_DRILLING,2008-05-31,0.0,Unknown,,0.0,0.0,EVT_ROUTINE_DRILLING,none,none,real_volve,False,0.95
NO,NO_2008-06-01_EVT_ROUTINE_DRILLING,2008-06-01,0.0,Unknown,,0.0,0.0,EVT_ROUTINE_DRILLING,none,none,real_volve,False,0.95
NO,NO_2008-06-02_EVT_ROUTINE_DRILLING,2008-06-02,0.0,Unknown,,0.0,0.0,EVT_ROUTINE_DRILLING,none,none,real_volve,False,0.95
NO,NO_2008-06-03_EVT_ROUTINE_DRILLING,2008-06-03,0.0,Unknown,,0.0,0.0,EVT_ROUTINE_DRILLING,none,none,real_volve,False,0.95
NO,NO_2008-06-04_EVT_ROUTINE_DRILLING,2008-06-04,0.0,Unknown,,0.0,0.0,EVT_ROUTINE_DRILLING,none,none,real_volve,False,0.95
NO,NO_2008-06-05_EVT_ROUTINE_DRILLING,2008-06-05,0.0,Unknown,,0.0,0.0,EVT_ROUTINE_DRILLING,none,none,real_volve,False,0.95
NO,NO_2008-06-06_EVT_ROUTINE_DRILLING,2008-06-06,0.0,Unknown,,0.0,0.0,EVT_ROUTINE_DRILLING,none,none,real_volve,False,0.95
NO,NO_2008-06-07_EVT_TIGHT_HOLE,2008-06-07,0.0,Unknown,,0.0,0.0,EVT_TIGHT_HOLE,stuck_pipe,medium,real_volve,False,0.85
NO,NO_2008-06-08_EVT_ROUTINE_DRILLING,2008-06-08,10.0,Unknown,,0.0,0.0,EVT_ROUTINE_DRILLING,none,none,real_volve,False,0.95
NO,NO_2008-06-09_EVT_ROUTINE_DRILLING,2008-06-09,349.0,Unknown,30.0,0.0,0.0,EVT_ROUTINE_DRILLING,none,none,real_volve,False,0.95
NO,NO_2008-06-10_EVT_ROUTINE_DRILLING,2008-06-10,2754.0,Unknown,56.0,0.0,0.0,EVT_ROUTINE_DRILLING,none,none,real_volve,False,0.95
NO,NO_2008-06-11_EVT_ROUTINE_DRILLING,2008-06-11,2850.0,Unknown,30.0,0.0,0.0,EVT_ROUTINE_DRILLING,none,none,real_volve,False,0.95
NO,NO_2008-06-12_EVT_ROUTINE_DRILLING,2008-06-12,3070.0,Unknown,,0.0,0.0,EVT_ROUTINE_DRILLING,none,none,real_volve,False,0.95
NO,NO_2008-06-13_EVT_ROUTINE_DRILLING,2008-06-13,3335.0,Unknown,,0.0,0.0,EVT_ROUTINE_DRILLING,none,none,real_volve,False,0.95
NO,NO_2008-06-14_EVT_ROUTINE_DRILLING,2008-06-14,3617.0,Unknown,,0.0,0.0,EVT_ROUTINE_DRILLING,none,none,real_volve,False,0.95
NO,NO_2008-06-15_EVT_ROUTINE_DRILLING,2008-06-15,1919.0,Unknown,,0.0,0.0,EVT_ROUTINE_DRILLING,none,none,real_volve,False,0.95
NO,NO_2008-06-16_EVT_ROUTINE_DRILLING,2008-06-16,600.0,Unknown,,0.0,0.0,EVT_ROUTINE_DRILLING,none,none,real_volve,False,0.95
NO,NO_2008-06-17_EVT_ROUTINE_DRILLING,2008-06-17,0.0,Unknown,,0.0,0.0,EVT_ROUTINE_DRILLING,none,none,real_volve,False,0.95
NO,NO_2008-06-18_EVT_ROUTINE_DRILLING,2008-06-18,630.0,Unknown,36.0,0.0,0.0,EVT_ROUTINE_DRILLING,none,none,real_volve,False,0.95
NO,NO_2008-06-19_EVT_ROUTINE_DRILLING,2008-06-19,0.0,Unknown,,0.0,0.0,EVT_ROUTINE_DRILLING,none,none,real_volve,False,0.95
NO,NO_2008-06-20_EVT_ROUTINE_DRILLING,2008-06-20,0.0,Unknown,,0.0,0.0,EVT_ROUTINE_DRILLING,none,none,real_volve,False,0.95
NO,NO_2008-06-21_EVT_ROUTINE_DRILLING,2008-06-21,0.0,Unknown,,0.0,0.0,EVT_ROUTINE_DRILLING,none,none,real_volve,False,0.95
NO,NO_2008-06-22_EVT_ROUTINE_DRILLING,2008-06-22,240.0,Unknown,,0.0,0.0,EVT_ROUTINE_DRILLING,none,none,real_volve,False,0.95
NO,NO_2008-06-23_EVT_ROUTINE_DRILLING,2008-06-23,240.0,Unknown,,0.0,0.0,EVT_ROUTINE_DRILLING,none,none,real_volve,False,0.95
NO,NO_2008-06-24_EVT_ROUTINE_DRILLING,2008-06-24,1400.0,Unknown,,0.0,0.0,EVT_ROUTINE_DRILLING,none,none,real_volve,False,0.95
NO,NO_2008-06-25_EVT_ROUTINE_DRILLING,2008-06-25,2108.0,Unknown,,0.0,0.0,EVT_ROUTINE_DRILLING,none,none,real_volve,False,0.95
NO,NO_2008-06-26_EVT_ROUTINE_DRILLING,2008-06-26,2045.0,Unknown,,0.0,0.0,EVT_ROUTINE_DRILLING,none,none,real_volve,False,0.95
NO,NO_2008-06-27_EVT_ROUTINE_DRILLING,2008-06-27,0.0,Unknown,,0.0,0.0,EVT_ROUTINE_DRILLING,none,none,real_volve,False,0.95
NO,NO_2008-06-28_EVT_ROUTINE_DRILLING,2008-06-28,0.0,Unknown,,0.0,0.0,EVT_ROUTINE_DRILLING,none,none,real_volve,False,0.95
NO,NO_2008-06-29_EVT_ROUTINE_DRILLING,2008-06-29,0.0,Unknown,,0.0,0.0,EVT_ROUTINE_DRILLING,none,none,real_volve,False,0.95
NO,NO_2008-06-30_EVT_ROUTINE_DRILLING,2008-06-30,0.0,Unknown,,0.0,0.0,EVT_ROUTINE_DRILLING,none,none,real_volve,False,0.95
NO,NO_2008-07-01_EVT_ROUTINE_DRILLING,2008-07-01,0.0,Unknown,,0.0,0.0,EVT_ROUTINE_DRILLING,none,none,real_volve,False,0.95
NO,NO_2008-07-02_EVT_ROUTINE_DRILLING,2008-07-02,0.0,Unknown,,0.0,0.0,EVT_ROUTINE_DRILLING,none,none,real_volve,False,0.95
NO,NO_2008-07-03_EVT_ROUTINE_DRILLING,2008-07-03,3400.0,Unknown,,0.0,0.0,EVT_ROUTINE_DRILLING,none,none,real_volve,False,0.95
NO,NO_2008-07-04_EVT_ROUTINE_DRILLING,2008-07-04,0.0,Unknown,,0.0,0.0,EVT_ROUTINE_DRILLING,none,none,real_volve,False,0.95
NO,NO_2008-07-05_EVT_ROUTINE_DRILLING,2008-07-05,0.0,Unknown,,0.0,0.0,EVT_ROUTINE_DRILLING,none,none,real_volve,False,0.95
NO,NO_2008-07-06_EVT_ROUTINE_DRILLING,2008-07-06,2500.0,Unknown,,0.0,0.0,EVT_ROUTINE_DRILLING,none,none,real_volve,False,0.95
NO,NO_2008-07-07_EVT_ROUTINE_DRILLING,2008-07-07,0.0,Unknown,,0.0,0.0,EVT_ROUTINE_DRILLING,none,none,real_volve,False,0.95
NO,NO_2008-07-08_EVT_ROUTINE_DRILLING,2008-07-08,0.0,Unknown,,0.0,0.0,EVT_ROUTINE_DRILLING,none,none,real_volve,False,0.95
NO,NO_2008-07-09_EVT_ROUTINE_DRILLING,2008-07-09,0.0,Unknown,,0.0,0.0,EVT_ROUTINE_DRILLING,none,none,real_volve,False,0.95
NO,NO_2008-07-10_EVT_ROUTINE_DRILLING,2008-07-10,0.0,Unknown,,0.0,0.0,EVT_ROUTINE_DRILLING,none,none,real_volve,False,0.95
NO,NO_2009-03-06_EVT_ROUTINE_DRILLING,2009-03-06,0.0,Unknown,,0.0,0.0,EVT_ROUTINE_DRILLING,none,none,real_volve,False,0.95
NO,NO_2009-03-07_EVT_ROUTINE_DRILLING,2009-03-07,0.0,Unknown,,0.0,0.0,EVT_ROUTINE_DRILLING,none,none,real_volve,False,0.95
NO,NO_2009-03-08_EVT_ROUTINE_DRILLING,2009-03-08,0.0,Unknown,,0.0,0.0,EVT_ROUTINE_DRILLING,none,none,real_volve,False,0.95
NO,NO_2009-03-09_EVT_ROUTINE_DRILLING,2009-03-09,2543.0,Unknown,,0.0,0.0,EVT_ROUTINE_DRILLING,none,none,real_volve,False,0.95
NO,NO_2009-03-10_EVT_ROUTINE_DRILLING,2009-03-10,3395.0,Unknown,,0.0,0.0,EVT_ROUTINE_DRILLING,none,none,real_volve,False,0.95
NO,NO_2009-03-11_EVT_ROUTINE_DRILLING,2009-03-11,3395.0,Unknown,,0.0,0.0,EVT_ROUTINE_DRILLING,none,none,real_volve,False,0.95
NO,NO_2009-03-12_EVT_BOP_SHUTIN,2009-03-12,0.0,Unknown,,0.0,0.0,EVT_BOP_SHUTIN,kick,critical,real_volve,False,0.85
NO,NO_2009-03-13_EVT_ROUTINE_DRILLING,2009-03-13,0.0,Unknown,,0.0,0.0,EVT_ROUTINE_DRILLING,none,none,real_volve,False,0.95
NO,NO_2010-09-10_EVT_ROUTINE_DRILLING,2010-09-10,0.0,Unknown,,0.0,0.0,EVT_ROUTINE_DRILLING,none,none,real_volve,False,0.95
NO,NO_2010-09-11_EVT_ROUTINE_DRILLING,2010-09-11,0.0,Unknown,,0.0,0.0,EVT_ROUTINE_DRILLING,none,none,real_volve,False,0.95
NO,NO_2010-09-12_EVT_ROUTINE_DRILLING,2010-09-12,2900.0,Unknown,,0.0,0.0,EVT_ROUTINE_DRILLING,none,none,real_volve,False,0.95
NO,NO_2010-09-13_EVT_ROUTINE_DRILLING,2010-09-13,0.0,Unknown,,0.0,0.0,EVT_ROUTINE_DRILLING,none,none,real_volve,False,0.95
NO,NO_2010-09-14_EVT_ROUTINE_DRILLING,2010-09-14,2970.0,Unknown,,0.0,0.0,EVT_ROUTINE_DRILLING,none,none,real_volve,False,0.95
NO,NO_2010-09-15_EVT_ROUTINE_DRILLING,2010-09-15,5.0,Unknown,,0.0,0.0,EVT_ROUTINE_DRILLING,none,none,real_volve,False,0.95
NO,NO_2010-09-16_EVT_ROUTINE_DRILLING,2010-09-16,3101.0,Unknown,,0.0,0.0,EVT_ROUTINE_DRILLING,none,none,real_volve,False,0.95
NO,NO_2010-09-17_EVT_ROUTINE_DRILLING,2010-09-17,0.0,Unknown,,0.0,0.0,EVT_ROUTINE_DRILLING,none,none,real_volve,False,0.95
NO,NO_2010-09-18_EVT_ROUTINE_DRILLING,2010-09-18,0.0,Unknown,,0.0,0.0,EVT_ROUTINE_DRILLING,none,none,real_volve,False,0.95
NO,NO_2010-09-19_EVT_ROUTINE_DRILLING,2010-09-19,327425.0,Unknown,,0.0,0.0,EVT_ROUTINE_DRILLING,none,none,real_volve,False,0.95
NO,NO_2010-09-20_EVT_ROUTINE_DRILLING,2010-09-20,0.0,Unknown,,0.0,0.0,EVT_ROUTINE_DRILLING,none,none,real_volve,False,0.95
NO,NO_2012-01-27_EVT_ROUTINE_DRILLING,2012-01-27,0.0,Unknown,,0.0,0.0,EVT_ROUTINE_DRILLING,none,none,real_volve,False,0.95
NO,NO_2012-01-28_EVT_ROUTINE_DRILLING,2012-01-28,0.0,Unknown,,0.0,0.0,EVT_ROUTINE_DRILLING,none,none,real_volve,False,0.95
NO,NO_2012-01-29_EVT_ROUTINE_DRILLING,2012-01-29,0.0,Unknown,,0.0,0.0,EVT_ROUTINE_DRILLING,none,none,real_volve,False,0.95
NO,NO_2012-01-30_EVT_ROUTINE_DRILLING,2012-01-30,0.0,Unknown,,0.0,0.0,EVT_ROUTINE_DRILLING,none,none,real_volve,False,0.95
NO,NO_2012-01-31_EVT_ROUTINE_DRILLING,2012-01-31,0.0,Unknown,,0.0,0.0,EVT_ROUTINE_DRILLING,none,none,real_volve,False,0.95
NO,NO_2007-11-18_EVT_ROUTINE_DRILLING,2007-11-18,144.0,Unknown,,0.0,0.0,EVT_ROUTINE_DRILLING,none,none,real_volve,False,0.95
NO,NO_2007-11-19_EVT_ROUTINE_DRILLING,2007-11-19,226.0,Unknown,,0.0,0.0,EVT_ROUTINE_DRILLING,none,none,real_volve,False,0.95
NO,NO_2007-11-20_EVT_ROUTINE_DRILLING,2007-11-20,6.0,Unknown,,0.0,0.0,EVT_ROUTINE_DRILLING,none,none,real_volve,False,0.95
NO,NO_2007-11-21_EVT_ROUTINE_DRILLING,2007-11-21,0.0,Unknown,,0.0,0.0,EVT_ROUTINE_DRILLING,none,none,real_volve,False,0.95
NO,NO_2007-12-22_EVT_ROUTINE_DRILLING,2007-12-22,0.0,Unknown,,0.0,0.0,EVT_ROUTINE_DRILLING,none,none,real_volve,False,0.95
NO,NO_2007-12-23_EVT_ROUTINE_DRILLING,2007-12-23,226.0,Unknown,,0.0,0.0,EVT_ROUTINE_DRILLING,none,none,real_volve,False,0.95
NO,NO_2007-12-24_EVT_ROUTINE_DRILLING,2007-12-24,525.0,utsira,,0.0,0.0,EVT_ROUTINE_DRILLING,none,none,real_volve,False,0.95
NO,NO_2007-12-25_EVT_ROUTINE_DRILLING,2007-12-25,1095.0,Unknown,40.0,0.0,0.0,EVT_ROUTINE_DRILLING,none,none,real_volve,False,0.95
NO,NO_2007-12-26_EVT_ROUTINE_DRILLING,2007-12-26,1165.0,utsira,40.0,0.0,0.0,EVT_ROUTINE_DRILLING,none,none,real_volve,False,0.95
NO,NO_2007-12-27_EVT_ROUTINE_DRILLING,2007-12-27,30.0,Unknown,40.0,0.0,0.0,EVT_ROUTINE_DRILLING,none,none,real_volve,False,0.95
NO,NO_2007-12-28_EVT_ROUTINE_DRILLING,2007-12-28,1144.0,Unknown,,0.0,0.0,EVT_ROUTINE_DRILLING,none,none,real_volve,False,0.95
NO,NO_2007-12-29_EVT_ROUTINE_DRILLING,2007-12-29,1144.0,Unknown,52.0,0.0,0.0,EVT_ROUTINE_DRILLING,none,none,real_volve,False,0.95
NO,NO_2007-12-30_EVT_ROUTINE_DRILLING,2007-12-30,0.0,Unknown,,0.0,0.0,EVT_ROUTINE_DRILLING,none,none,real_volve,False,0.95
NO,NO_2008-09-06_EVT_ROUTINE_DRILLING,2008-09-06,0.0,Unknown,,0.0,0.0,EVT_ROUTINE_DRILLING,none,none,real_volve,False,0.95
NO,NO_2008-09-07_EVT_ROUTINE_DRILLING,2008-09-07,0.0,Unknown,,0.0,0.0,EVT_ROUTINE_DRILLING,none,none,real_volve,False,0.95
NO,NO_2008-09-08_EVT_ROUTINE_DRILLING,2008-09-08,0.0,Unknown,,0.0,0.0,EVT_ROUTINE_DRILLING,none,none,real_volve,False,0.95
NO,NO_2008-09-09_EVT_ROUTINE_DRILLING,2008-09-09,0.0,Unknown,,0.0,0.0,EVT_ROUTINE_DRILLING,none,none,real_volve,False,0.95
NO,NO_2008-09-10_EVT_ROUTINE_DRILLING,2008-09-10,695.0,Unknown,,0.0,0.0,EVT_ROUTINE_DRILLING,none,none,real_volve,False,0.95
NO,NO_2008-09-18_EVT_LCM_APPLIED,2008-09-18,1300.0,Unknown,,0.0,0.0,EVT_LCM_APPLIED,mud_loss,low,real_volve,False,0.85
NO,NO_2008-09-19_EVT_LCM_APPLIED,2008-09-19,1355.0,Unknown,,0.0,0.0,EVT_LCM_APPLIED,mud_loss,low,real_volve,False,0.85
NO,NO_2008-09-20_EVT_FISHING,2008-09-20,1357.0,Unknown,44.0,0.0,0.0,EVT_FISHING,stuck_pipe,high,real_volve,False,0.85
NO,NO_2008-09-21_EVT_ROUTINE_DRILLING,2008-09-21,0.0,Unknown,,0.0,0.0,EVT_ROUTINE_DRILLING,none,none,real_volve,False,0.95
NO,NO_2008-09-22_EVT_ROUTINE_DRILLING,2008-09-22,0.0,Unknown,,0.0,0.0,EVT_ROUTINE_DRILLING,none,none,real_volve,False,0.95
NO,NO_2008-09-23_EVT_ROUTINE_DRILLING,2008-09-23,0.0,Unknown,,0.0,0.0,EVT_ROUTINE_DRILLING,none,none,real_volve,False,0.95
NO,NO_2008-09-24_EVT_ROUTINE_DRILLING,2008-09-24,1374.0,Unknown,,0.0,0.0,EVT_ROUTINE_DRILLING,none,none,real_volve,False,0.95
NO,NO_2008-09-25_EVT_ROUTINE_DRILLING,2008-09-25,1368.0,Unknown,,0.0,0.0,EVT_ROUTINE_DRILLING,none,none,real_volve,False,0.95
NO,NO_2008-09-26_EVT_ROUTINE_DRILLING,2008-09-26,1723.0,Unknown,,0.0,0.0,EVT_ROUTINE_DRILLING,none,none,real_volve,False,0.95
NO,NO_2008-09-27_EVT_ROUTINE_DRILLING,2008-09-27,1998.0,Unknown,,0.0,0.0,EVT_ROUTINE_DRILLING,none,none,real_volve,False,0.95
NO,NO_2008-09-28_EVT_ROUTINE_DRILLING,2008-09-28,2320.0,Unknown,,0.0,0.0,EVT_ROUTINE_DRILLING,none,none,real_volve,False,0.95
NO,NO_2008-09-29_EVT_ROUTINE_DRILLING,2008-09-29,0.0,Unknown,,0.0,0.0,EVT_ROUTINE_DRILLING,none,none,real_volve,False,0.95
NO,NO_2008-09-30_EVT_ROUTINE_DRILLING,2008-09-30,40.0,Unknown,,0.0,0.0,EVT_ROUTINE_DRILLING,none,none,real_volve,False,0.95
NO,NO_2008-10-01_EVT_ROUTINE_DRILLING,2008-10-01,1790.0,Unknown,,0.0,0.0,EVT_ROUTINE_DRILLING,none,none,real_volve,False,0.95
NO,NO_2008-10-02_EVT_ROUTINE_DRILLING,2008-10-02,1790.0,Unknown,,0.0,0.0,EVT_ROUTINE_DRILLING,none,none,real_volve,False,0.95
NO,NO_2008-10-03_EVT_ROUTINE_DRILLING,2008-10-03,2024.0,Unknown,,0.0,0.0,EVT_ROUTINE_DRILLING,none,none,real_volve,False,0.95
NO,NO_2008-10-04_EVT_ROUTINE_DRILLING,2008-10-04,2520.0,Unknown,,0.0,0.0,EVT_ROUTINE_DRILLING,none,none,real_volve,False,0.95
NO,NO_2008-10-05_EVT_ROUTINE_DRILLING,2008-10-05,0.0,Unknown,,0.0,0.0,EVT_ROUTINE_DRILLING,none,none,real_volve,False,0.95
NO,NO_2008-11-10_EVT_ROUTINE_DRILLING,2008-11-10,0.0,Unknown,,0.0,0.0,EVT_ROUTINE_DRILLING,none,none,real_volve,False,0.95
NO,NO_2008-11-11_EVT_ROUTINE_DRILLING,2008-11-11,0.0,Unknown,,0.0,0.0,EVT_ROUTINE_DRILLING,none,none,real_volve,False,0.95
NO,NO_2008-11-12_EVT_ROUTINE_DRILLING,2008-11-12,0.0,Unknown,,0.0,0.0,EVT_ROUTINE_DRILLING,none,none,real_volve,False,0.95
NO,NO_2008-11-13_EVT_LCM_APPLIED,2008-11-13,1390.0,Unknown,44.0,0.0,0.0,EVT_LCM_APPLIED,mud_loss,low,real_volve,False,0.85
NO,NO_2008-11-14_EVT_LCM_APPLIED,2008-11-14,2591.0,Unknown,,0.0,0.0,EVT_LCM_APPLIED,mud_loss,low,real_volve,False,0.85
NO,NO_2008-11-15_EVT_LCM_APPLIED,2008-11-15,2670.0,Unknown,30.0,0.0,0.0,EVT_LCM_APPLIED,mud_loss,low,real_volve,False,0.85
NO,NO_2008-11-16_EVT_LCM_APPLIED,2008-11-16,2883.0,Unknown,,0.0,0.0,EVT_LCM_APPLIED,mud_loss,low,real_volve,False,0.85
NO,NO_2008-11-17_EVT_ROUTINE_DRILLING,2008-11-17,2932.0,Unknown,,0.0,0.0,EVT_ROUTINE_DRILLING,none,none,real_volve,False,0.95
NO,NO_2008-11-18_EVT_ROUTINE_DRILLING,2008-11-18,3081.0,Unknown,,0.0,0.0,EVT_ROUTINE_DRILLING,none,none,real_volve,False,0.95
NO,NO_2008-11-19_EVT_ROUTINE_DRILLING,2008-11-19,3272.0,Unknown,,0.0,0.0,EVT_ROUTINE_DRILLING,none,none,real_volve,False,0.95
NO,NO_2008-11-20_EVT_ROUTINE_DRILLING,2008-11-20,3569.0,Unknown,,0.0,0.0,EVT_ROUTINE_DRILLING,none,none,real_volve,False,0.95
NO,NO_2008-11-21_EVT_ROUTINE_DRILLING,2008-11-21,0.0,Unknown,,0.0,0.0,EVT_ROUTINE_DRILLING,none,none,real_volve,False,0.95
NO,NO_2008-11-22_EVT_ROUTINE_DRILLING,2008-11-22,0.0,Unknown,,0.0,0.0,EVT_ROUTINE_DRILLING,none,none,real_volve,False,0.95
NO,NO_2008-11-23_EVT_ROUTINE_DRILLING,2008-11-23,3581.0,Unknown,,0.0,0.0,EVT_ROUTINE_DRILLING,none,none,real_volve,False,0.95
NO,NO_2008-11-24_EVT_LCM_APPLIED,2008-11-24,2922.0,Unknown,35.0,0.0,0.0,EVT_LCM_APPLIED,mud_loss,low,real_volve,False,0.85
NO,NO_2008-11-25_EVT_LCM_APPLIED,2008-11-25,2649.0,Unknown,,0.0,0.0,EVT_LCM_APPLIED,mud_loss,low,real_volve,False,0.85
NO,NO_2008-11-26_EVT_ROUTINE_DRILLING,2008-11-26,5.0,Unknown,,0.0,0.0,EVT_ROUTINE_DRILLING,none,none,real_volve,False,0.95
NO,NO_2008-11-27_EVT_ROUTINE_DRILLING,2008-11-27,3889.0,Unknown,,0.0,0.0,EVT_ROUTINE_DRILLING,none,none,real_volve,False,0.95
NO,NO_2008-11-28_EVT_ROUTINE_DRILLING,2008-11-28,4087.0,Unknown,,0.0,0.0,EVT_ROUTINE_DRILLING,none,none,real_volve,False,0.95
NO,NO_2008-11-29_EVT_ROUTINE_DRILLING,2008-11-29,0.0,Unknown,,0.0,0.0,EVT_ROUTINE_DRILLING,none,none,real_volve,False,0.95
NO,NO_2008-11-30_EVT_ROUTINE_DRILLING,2008-11-30,0.0,Unknown,,0.0,0.0,EVT_ROUTINE_DRILLING,none,none,real_volve,False,0.95
NO,NO_2008-12-01_EVT_ROUTINE_DRILLING,2008-12-01,0.0,Unknown,,0.0,0.0,EVT_ROUTINE_DRILLING,none,none,real_volve,False,0.95
NO,NO_2008-12-02_EVT_ROUTINE_DRILLING,2008-12-02,2034.0,Unknown,,0.0,0.0,EVT_ROUTINE_DRILLING,none,none,real_volve,False,0.95
NO,NO_2008-12-03_EVT_ROUTINE_DRILLING,2008-12-03,0.0,Unknown,,0.0,0.0,EVT_ROUTINE_DRILLING,none,none,real_volve,False,0.95
NO,NO_2008-12-04_EVT_ROUTINE_DRILLING,2008-12-04,0.0,Unknown,,0.0,0.0,EVT_ROUTINE_DRILLING,none,none,real_volve,False,0.95
NO,NO_2008-12-05_EVT_ROUTINE_DRILLING,2008-12-05,0.0,Unknown,,0.0,0.0,EVT_ROUTINE_DRILLING,none,none,real_volve,False,0.95
NO,NO_2008-12-06_EVT_ROUTINE_DRILLING,2008-12-06,0.0,Unknown,,0.0,0.0,EVT_ROUTINE_DRILLING,none,none,real_volve,False,0.95
NO,NO_2008-12-07_EVT_ROUTINE_DRILLING,2008-12-07,0.0,Unknown,,0.0,0.0,EVT_ROUTINE_DRILLING,none,none,real_volve,False,0.95
NO,NO_2008-12-08_EVT_ROUTINE_DRILLING,2008-12-08,0.0,Unknown,,0.0,0.0,EVT_ROUTINE_DRILLING,none,none,real_volve,False,0.95
NO,NO_2008-12-09_EVT_ROUTINE_DRILLING,2008-12-09,0.0,Unknown,,0.0,0.0,EVT_ROUTINE_DRILLING,none,none,real_volve,False,0.95
NO,NO_2008-12-10_EVT_ROUTINE_DRILLING,2008-12-10,228.0,Unknown,,0.0,0.0,EVT_ROUTINE_DRILLING,none,none,real_volve,False,0.95
NO,NO_2008-12-11_EVT_KICK,2008-12-11,1318.0,Unknown,,0.0,0.0,EVT_KICK,kick,critical,real_volve,False,0.85
NO,NO_2018-01-24_EVT_ROUTINE_DRILLING,2018-01-24,0.0,Unknown,,0.0,0.0,EVT_ROUTINE_DRILLING,none,none,real_volve,False,0.95
NO,NO_2008-12-11_EVT_ROUTINE_DRILLING,2008-12-11,1381.0,Unknown,,0.0,0.0,EVT_ROUTINE_DRILLING,none,none,real_volve,False,0.95
NO,NO_2008-12-12_EVT_ROUTINE_DRILLING,2008-12-12,1525.0,Unknown,,0.0,0.0,EVT_ROUTINE_DRILLING,none,none,real_volve,False,0.95
NO,NO_2008-12-13_EVT_ROUTINE_DRILLING,2008-12-13,1833.0,Unknown,,0.0,0.0,EVT_ROUTINE_DRILLING,none,none,real_volve,False,0.95
NO,NO_2008-12-14_EVT_ROUTINE_DRILLING,2008-12-14,2134.0,Unknown,,0.0,0.0,EVT_ROUTINE_DRILLING,none,none,real_volve,False,0.95
NO,NO_2008-12-15_EVT_LCM_APPLIED,2008-12-15,2474.0,Unknown,,0.0,0.0,EVT_LCM_APPLIED,mud_loss,low,real_volve,False,0.85
NO,NO_2008-12-16_EVT_TIGHT_HOLE,2008-12-16,1385.0,Unknown,,0.0,0.0,EVT_TIGHT_HOLE,stuck_pipe,medium,real_volve,False,0.85
NO,NO_2008-12-17_EVT_ROUTINE_DRILLING,2008-12-17,40.0,Unknown,,0.0,0.0,EVT_ROUTINE_DRILLING,none,none,real_volve,False,0.95
NO,NO_2008-12-18_EVT_TIGHT_HOLE,2008-12-18,1359.0,Unknown,,0.0,0.0,EVT_TIGHT_HOLE,stuck_pipe,medium,real_volve,False,0.85
NO,NO_2008-12-19_EVT_ROUTINE_DRILLING,2008-12-19,1912.0,Unknown,,0.0,0.0,EVT_ROUTINE_DRILLING,none,none,real_volve,False,0.95
NO,NO_2008-12-20_EVT_ROUTINE_DRILLING,2008-12-20,2579.0,Unknown,,0.0,0.0,EVT_ROUTINE_DRILLING,none,none,real_volve,False,0.95
NO,NO_2008-12-21_EVT_ROUTINE_DRILLING,2008-12-21,0.0,Unknown,43.0,0.0,0.0,EVT_ROUTINE_DRILLING,none,none,real_volve,False,0.95
NO,NO_2008-12-22_EVT_ROUTINE_DRILLING,2008-12-22,274.0,Unknown,,0.0,0.0,EVT_ROUTINE_DRILLING,none,none,real_volve,False,0.95
NO,NO_2008-12-23_EVT_ROUTINE_DRILLING,2008-12-23,274.0,Unknown,25.0,0.0,0.0,EVT_ROUTINE_DRILLING,none,none,real_volve,False,0.95
NO,NO_2008-12-24_EVT_LCM_APPLIED,2008-12-24,2591.0,Unknown,56.0,0.0,0.0,EVT_LCM_APPLIED,mud_loss,low,real_volve,False,0.85
NO,NO_2008-12-25_EVT_ROUTINE_DRILLING,2008-12-25,189.0,Unknown,,0.0,0.0,EVT_ROUTINE_DRILLING,none,none,real_volve,False,0.95
NO,NO_2008-12-26_EVT_ROUTINE_DRILLING,2008-12-26,1050.0,Unknown,,0.0,0.0,EVT_ROUTINE_DRILLING,none,none,real_volve,False,0.95
NO,NO_2008-12-27_EVT_TORQUE_UP,2008-12-27,2596.0,Unknown,25.0,0.0,0.0,EVT_TORQUE_UP,torque_spike,medium,real_volve,False,0.85
NO,NO_2008-12-28_EVT_TIGHT_HOLE,2008-12-28,303.0,Unknown,25.0,0.0,0.0,EVT_TIGHT_HOLE,stuck_pipe,medium,real_volve,False,0.85
NO,NO_2008-12-29_EVT_TIGHT_HOLE,2008-12-29,2616.0,Unknown,25.0,0.0,0.0,EVT_TIGHT_HOLE,stuck_pipe,medium,real_volve,False,0.85
NO,NO_2008-12-30_EVT_ROUTINE_DRILLING,2008-12-30,2889.0,Unknown,,0.0,0.0,EVT_ROUTINE_DRILLING,none,none,real_volve,False,0.95
NO,NO_2008-12-31_EVT_ROUTINE_DRILLING,2008-12-31,3155.0,Unknown,,0.0,0.0,EVT_ROUTINE_DRILLING,none,none,real_volve,False,0.95
NO,NO_2009-01-01_EVT_ROUTINE_DRILLING,2009-01-01,1933.0,Unknown,,0.0,0.0,EVT_ROUTINE_DRILLING,none,none,real_volve,False,0.95
NO,NO_2009-01-02_EVT_ROUTINE_DRILLING,2009-01-02,3181.0,Unknown,,0.0,0.0,EVT_ROUTINE_DRILLING,none,none,real_volve,False,0.95
NO,NO_2009-01-03_EVT_ROUTINE_DRILLING,2009-01-03,3481.0,Unknown,,0.0,0.0,EVT_ROUTINE_DRILLING,none,none,real_volve,False,0.95
NO,NO_2009-01-04_EVT_ROUTINE_DRILLING,2009-01-04,3866.0,Unknown,,0.0,0.0,EVT_ROUTINE_DRILLING,none,none,real_volve,False,0.95
NO,NO_2009-01-05_EVT_ROUTINE_DRILLING,2009-01-05,3995.0,Unknown,,0.0,0.0,EVT_ROUTINE_DRILLING,none,none,real_volve,False,0.95
NO,NO_2009-01-06_EVT_ROUTINE_DRILLING,2009-01-06,2531.0,Unknown,,0.0,0.0,EVT_ROUTINE_DRILLING,none,none,real_volve,False,0.95
NO,NO_2009-01-07_EVT_ROUTINE_DRILLING,2009-01-07,0.0,Unknown,,0.0,0.0,EVT_ROUTINE_DRILLING,none,none,real_volve,False,0.95
NO,NO_2009-01-08_EVT_ROUTINE_DRILLING,2009-01-08,2656.0,Unknown,,0.0,0.0,EVT_ROUTINE_DRILLING,none,none,real_volve,False,0.95
NO,NO_2009-01-09_EVT_ROUTINE_DRILLING,2009-01-09,4097.0,Unknown,,0.0,0.0,EVT_ROUTINE_DRILLING,none,none,real_volve,False,0.95
NO,NO_2009-01-10_EVT_ROUTINE_DRILLING,2009-01-10,3330.0,Unknown,,0.0,0.0,EVT_ROUTINE_DRILLING,none,none,real_volve,False,0.95
NO,NO_2009-01-11_EVT_ROUTINE_DRILLING,2009-01-11,1240.0,Unknown,,0.0,0.0,EVT_ROUTINE_DRILLING,none,none,real_volve,False,0.95
NO,NO_2009-01-12_EVT_KICK,2009-01-12,1240.0,Unknown,,0.0,0.0,EVT_KICK,kick,critical,real_volve,False,0.85
NO,NO_2009-01-13_EVT_KICK,2009-01-13,3141.0,Unknown,,0.0,0.0,EVT_KICK,kick,critical,real_volve,False,0.85
NO,NO_2009-01-13_EVT_ROUTINE_DRILLING,2009-01-13,3210.0,Unknown,,0.0,0.0,EVT_ROUTINE_DRILLING,none,none,real_volve,False,0.95
NO,NO_2009-01-14_EVT_ROUTINE_DRILLING,2009-01-14,3498.0,Unknown,,0.0,0.0,EVT_ROUTINE_DRILLING,none,none,real_volve,False,0.95
NO,NO_2009-01-15_EVT_ROUTINE_DRILLING,2009-01-15,3498.0,Unknown,,0.0,0.0,EVT_ROUTINE_DRILLING,none,none,real_volve,False,0.95
NO,NO_2009-01-16_EVT_ROUTINE_DRILLING,2009-01-16,2892.0,Unknown,,0.0,0.0,EVT_ROUTINE_DRILLING,none,none,real_volve,False,0.95
NO,NO_2009-01-17_EVT_ROUTINE_DRILLING,2009-01-17,2103.0,Unknown,,0.0,0.0,EVT_ROUTINE_DRILLING,none,none,real_volve,False,0.95
NO,NO_2009-01-18_EVT_KICK,2009-01-18,2440.0,Unknown,35.0,0.0,0.0,EVT_KICK,kick,critical,real_volve,False,0.85
NO,NO_2009-01-18_EVT_ROUTINE_DRILLING,2009-01-18,0.0,Unknown,,0.0,0.0,EVT_ROUTINE_DRILLING,none,none,real_volve,False,0.95
NO,NO_2009-01-19_EVT_ROUTINE_DRILLING,2009-01-19,0.0,Unknown,,0.0,0.0,EVT_ROUTINE_DRILLING,none,none,real_volve,False,0.95
NO,NO_2009-01-20_EVT_ROUTINE_DRILLING,2009-01-20,1697.0,Unknown,,0.0,0.0,EVT_ROUTINE_DRILLING,none,none,real_volve,False,0.95
NO,NO_2009-01-21_EVT_ROUTINE_DRILLING,2009-01-21,2818.0,Unknown,,0.0,0.0,EVT_ROUTINE_DRILLING,none,none,real_volve,False,0.95
NO,NO_2009-01-22_EVT_ROUTINE_DRILLING,2009-01-22,0.0,Unknown,,0.0,0.0,EVT_ROUTINE_DRILLING,none,none,real_volve,False,0.95
NO,NO_2009-01-23_EVT_ROUTINE_DRILLING,2009-01-23,0.0,Unknown,,0.0,0.0,EVT_ROUTINE_DRILLING,none,none,real_volve,False,0.95
NO,NO_2009-01-24_EVT_ROUTINE_DRILLING,2009-01-24,300.0,Unknown,,0.0,0.0,EVT_ROUTINE_DRILLING,none,none,real_volve,False,0.95
NO,NO_2009-01-25_EVT_ROUTINE_DRILLING,2009-01-25,2001.0,Unknown,,0.0,0.0,EVT_ROUTINE_DRILLING,none,none,real_volve,False,0.95
NO,NO_2009-01-26_EVT_ROUTINE_DRILLING,2009-01-26,0.0,Unknown,,0.0,0.0,EVT_ROUTINE_DRILLING,none,none,real_volve,False,0.95
NO,NO_2009-01-27_EVT_ROUTINE_DRILLING,2009-01-27,0.0,Unknown,,0.0,0.0,EVT_ROUTINE_DRILLING,none,none,real_volve,False,0.95
NO,NO_2009-01-28_EVT_ROUTINE_DRILLING,2009-01-28,0.0,Unknown,,0.0,0.0,EVT_ROUTINE_DRILLING,none,none,real_volve,False,0.95
NO,NO_2009-01-29_EVT_ROUTINE_DRILLING,2009-01-29,0.0,Unknown,,0.0,0.0,EVT_ROUTINE_DRILLING,none,none,real_volve,False,0.95
NO,NO_2009-01-30_EVT_ROUTINE_DRILLING,2009-01-30,0.0,Unknown,,0.0,0.0,EVT_ROUTINE_DRILLING,none,none,real_volve,False,0.95
NO,NO_2009-01-31_EVT_ROUTINE_DRILLING,2009-01-31,0.0,Unknown,,0.0,0.0,EVT_ROUTINE_DRILLING,none,none,real_volve,False,0.95
NO,NO_2009-02-01_EVT_ROUTINE_DRILLING,2009-02-01,0.0,Unknown,,0.0,0.0,EVT_ROUTINE_DRILLING,none,none,real_volve,False,0.95
NO,NO_2009-02-02_EVT_ROUTINE_DRILLING,2009-02-02,0.0,Unknown,,0.0,0.0,EVT_ROUTINE_DRILLING,none,none,real_volve,False,0.95
NO,NO_2009-02-03_EVT_ROUTINE_DRILLING,2009-02-03,66.0,Unknown,,0.0,0.0,EVT_ROUTINE_DRILLING,none,none,real_volve,False,0.95
NO,NO_2009-02-04_EVT_ROUTINE_DRILLING,2009-02-04,66.0,Unknown,,0.0,0.0,EVT_ROUTINE_DRILLING,none,none,real_volve,False,0.95
NO,NO_2009-02-05_EVT_ROUTINE_DRILLING,2009-02-05,0.0,Unknown,,0.0,0.0,EVT_ROUTINE_DRILLING,none,none,real_volve,False,0.95
NO,NO_2009-02-06_EVT_ROUTINE_DRILLING,2009-02-06,0.0,Unknown,,0.0,0.0,EVT_ROUTINE_DRILLING,none,none,real_volve,False,0.95
NO,NO_2009-02-07_EVT_ROUTINE_DRILLING,2009-02-07,0.0,Unknown,,0.0,0.0,EVT_ROUTINE_DRILLING,none,none,real_volve,False,0.95
NO,NO_2009-02-08_EVT_ROUTINE_DRILLING,2009-02-08,0.0,Unknown,,0.0,0.0,EVT_ROUTINE_DRILLING,none,none,real_volve,False,0.95
NO,NO_2009-02-09_EVT_ROUTINE_DRILLING,2009-02-09,0.0,Unknown,,0.0,0.0,EVT_ROUTINE_DRILLING,none,none,real_volve,False,0.95
NO,NO_2009-02-10_EVT_ROUTINE_DRILLING,2009-02-10,0.0,Unknown,,0.0,0.0,EVT_ROUTINE_DRILLING,none,none,real_volve,False,0.95
NO,NO_2009-02-11_EVT_ROUTINE_DRILLING,2009-02-11,0.0,Unknown,,0.0,0.0,EVT_ROUTINE_DRILLING,none,none,real_volve,False,0.95
NO,NO_2009-02-12_EVT_ROUTINE_DRILLING,2009-02-12,2920.0,Unknown,32.0,0.0,0.0,EVT_ROUTINE_DRILLING,none,none,real_volve,False,0.95
NO,NO_2009-02-13_EVT_ROUTINE_DRILLING,2009-02-13,3163.0,Unknown,,0.0,0.0,EVT_ROUTINE_DRILLING,none,none,real_volve,False,0.95
NO,NO_2009-02-14_EVT_ROUTINE_DRILLING,2009-02-14,0.0,Unknown,,0.0,0.0,EVT_ROUTINE_DRILLING,none,none,real_volve,False,0.95
NO,NO_2009-02-15_EVT_ROUTINE_DRILLING,2009-02-15,0.0,Unknown,,0.0,0.0,EVT_ROUTINE_DRILLING,none,none,real_volve,False,0.95
NO,NO_2009-02-16_EVT_ROUTINE_DRILLING,2009-02-16,2131.0,Unknown,,0.0,0.0,EVT_ROUTINE_DRILLING,none,none,real_volve,False,0.95
NO,NO_2009-02-17_EVT_ROUTINE_DRILLING,2009-02-17,0.0,Unknown,,0.0,0.0,EVT_ROUTINE_DRILLING,none,none,real_volve,False,0.95
NO,NO_2009-02-18_EVT_ROUTINE_DRILLING,2009-02-18,0.0,Unknown,,0.0,0.0,EVT_ROUTINE_DRILLING,none,none,real_volve,False,0.95
NO,NO_2009-02-19_EVT_ROUTINE_DRILLING,2009-02-19,0.0,Unknown,,0.0,0.0,EVT_ROUTINE_DRILLING,none,none,real_volve,False,0.95
NO,NO_2009-02-20_EVT_ROUTINE_DRILLING,2009-02-20,322.0,Unknown,,0.0,0.0,EVT_ROUTINE_DRILLING,none,none,real_volve,False,0.95
NO,NO_2009-02-21_EVT_ROUTINE_DRILLING,2009-02-21,322.0,Unknown,,0.0,0.0,EVT_ROUTINE_DRILLING,none,none,real_volve,False,0.95
NO,NO_2009-02-22_EVT_ROUTINE_DRILLING,2009-02-22,1206.0,Unknown,,0.0,0.0,EVT_ROUTINE_DRILLING,none,none,real_volve,False,0.95
NO,NO_2009-02-23_EVT_ROUTINE_DRILLING,2009-02-23,1998.0,Unknown,,0.0,0.0,EVT_ROUTINE_DRILLING,none,none,real_volve,False,0.95
NO,NO_2009-02-24_EVT_ROUTINE_DRILLING,2009-02-24,0.0,Unknown,,0.0,0.0,EVT_ROUTINE_DRILLING,none,none,real_volve,False,0.95
NO,NO_2009-02-25_EVT_ROUTINE_DRILLING,2009-02-25,0.0,Unknown,,0.0,0.0,EVT_ROUTINE_DRILLING,none,none,real_volve,False,0.95
NO,NO_2009-02-26_EVT_ROUTINE_DRILLING,2009-02-26,0.0,Unknown,,0.0,0.0,EVT_ROUTINE_DRILLING,none,none,real_volve,False,0.95
NO,NO_2009-02-27_EVT_ROUTINE_DRILLING,2009-02-27,0.0,Unknown,,0.0,0.0,EVT_ROUTINE_DRILLING,none,none,real_volve,False,0.95
NO,NO_2009-02-28_EVT_ROUTINE_DRILLING,2009-02-28,0.0,Unknown,,0.0,0.0,EVT_ROUTINE_DRILLING,none,none,real_volve,False,0.95
NO,NO_2009-03-01_EVT_ROUTINE_DRILLING,2009-03-01,0.0,Unknown,,0.0,0.0,EVT_ROUTINE_DRILLING,none,none,real_volve,False,0.95
NO,NO_2009-03-02_EVT_ROUTINE_DRILLING,2009-03-02,0.0,Unknown,,0.0,0.0,EVT_ROUTINE_DRILLING,none,none,real_volve,False,0.95
NO,NO_2009-03-03_EVT_ROUTINE_DRILLING,2009-03-03,0.0,Unknown,,0.0,0.0,EVT_ROUTINE_DRILLING,none,none,real_volve,False,0.95
NO,NO_2009-03-04_EVT_ROUTINE_DRILLING,2009-03-04,0.0,Unknown,,0.0,0.0,EVT_ROUTINE_DRILLING,none,none,real_volve,False,0.95
NO,NO_2009-03-05_EVT_ROUTINE_DRILLING,2009-03-05,0.0,Unknown,,0.0,0.0,EVT_ROUTINE_DRILLING,none,none,real_volve,False,0.95
NO,NO_2009-03-06_EVT_ROUTINE_DRILLING,2009-03-06,0.0,Unknown,,0.0,0.0,EVT_ROUTINE_DRILLING,none,none,real_volve,False,0.95
NO,NO_2013-10-06_EVT_ROUTINE_DRILLING,2013-10-06,0.0,Unknown,,0.0,0.0,EVT_ROUTINE_DRILLING,none,none,real_volve,False,0.95
NO,NO_2013-10-07_EVT_STUCK_PIPE,2013-10-07,3070.0,Unknown,21.0,0.0,0.0,EVT_STUCK_PIPE,stuck_pipe,critical,real_volve,False,0.85
NO,NO_2013-10-08_EVT_ROUTINE_DRILLING,2013-10-08,3049.0,Unknown,,0.0,0.0,EVT_ROUTINE_DRILLING,none,none,real_volve,False,0.95
NO,NO_2013-10-09_EVT_ROUTINE_DRILLING,2013-10-09,2742.0,Unknown,,0.0,0.0,EVT_ROUTINE_DRILLING,none,none,real_volve,False,0.95
NO,NO_2013-10-10_EVT_JARRING,2013-10-10,2782.0,Unknown,21.0,0.0,0.0,EVT_JARRING,stuck_pipe,medium,real_volve,False,0.85
NO,NO_2013-10-11_EVT_FISHING,2013-10-11,35.0,Unknown,,0.0,0.0,EVT_FISHING,stuck_pipe,high,real_volve,False,0.85
NO,NO_2013-10-12_EVT_ROUTINE_DRILLING,2013-10-12,761.0,Unknown,,0.0,0.0,EVT_ROUTINE_DRILLING,none,none,real_volve,False,0.95
NO,NO_2013-10-13_EVT_ROUTINE_DRILLING,2013-10-13,761.0,Unknown,,0.0,0.0,EVT_ROUTINE_DRILLING,none,none,real_volve,False,0.95
NO,NO_2013-10-14_EVT_ROUTINE_DRILLING,2013-10-14,505.0,Unknown,,0.0,0.0,EVT_ROUTINE_DRILLING,none,none,real_volve,False,0.95
NO,NO_2013-10-15_EVT_TIGHT_HOLE,2013-10-15,761.0,Unknown,,0.0,0.0,EVT_TIGHT_HOLE,stuck_pipe,medium,real_volve,False,0.85
NO,NO_2013-10-16_EVT_ROUTINE_DRILLING,2013-10-16,2030.0,Unknown,,0.0,0.0,EVT_ROUTINE_DRILLING,none,none,real_volve,False,0.95
NO,NO_2013-10-17_EVT_ROUTINE_DRILLING,2013-10-17,0.0,Unknown,,0.0,0.0,EVT_ROUTINE_DRILLING,none,none,real_volve,False,0.95
NO,NO_2013-10-18_EVT_STUCK_PIPE,2013-10-18,0.0,Unknown,,0.0,0.0,EVT_STUCK_PIPE,stuck_pipe,critical,real_volve,False,0.85
NO,NO_2013-10-19_EVT_ROUTINE_DRILLING,2013-10-19,0.0,Unknown,,0.0,0.0,EVT_ROUTINE_DRILLING,none,none,real_volve,False,0.95
NO,NO_2013-10-20_EVT_ROUTINE_DRILLING,2013-10-20,0.0,Unknown,,0.0,0.0,EVT_ROUTINE_DRILLING,none,none,real_volve,False,0.95
NO,NO_2013-10-21_EVT_ROUTINE_DRILLING,2013-10-21,0.0,Unknown,,0.0,0.0,EVT_ROUTINE_DRILLING,none,none,real_volve,False,0.95
NO,NO_2013-10-22_EVT_ROUTINE_DRILLING,2013-10-22,1010.0,Unknown,21.0,0.0,0.0,EVT_ROUTINE_DRILLING,none,none,real_volve,False,0.95
NO,NO_2013-10-23_EVT_ROUTINE_DRILLING,2013-10-23,1010.0,Unknown,,0.0,0.0,EVT_ROUTINE_DRILLING,none,none,real_volve,False,0.95
NO,NO_2013-10-24_EVT_ROUTINE_DRILLING,2013-10-24,6.0,Unknown,,0.0,0.0,EVT_ROUTINE_DRILLING,none,none,real_volve,False,0.95
NO,NO_2013-10-25_EVT_ROUTINE_DRILLING,2013-10-25,2624.0,Unknown,,0.0,0.0,EVT_ROUTINE_DRILLING,none,none,real_volve,False,0.95
NO,NO_2013-10-26_EVT_ROUTINE_DRILLING,2013-10-26,0.0,Unknown,,0.0,0.0,EVT_ROUTINE_DRILLING,none,none,real_volve,False,0.95
NO,NO_2013-10-27_EVT_ROUTINE_DRILLING,2013-10-27,1829.0,Unknown,,0.0,0.0,EVT_ROUTINE_DRILLING,none,none,real_volve,False,0.95
NO,NO_2013-10-28_EVT_ROUTINE_DRILLING,2013-10-28,0.0,Unknown,,0.0,0.0,EVT_ROUTINE_DRILLING,none,none,real_volve,False,0.95
NO,NO_2013-10-29_EVT_ROUTINE_DRILLING,2013-10-29,0.0,Unknown,,0.0,0.0,EVT_ROUTINE_DRILLING,none,none,real_volve,False,0.95
NO,NO_2013-10-30_EVT_ROUTINE_DRILLING,2013-10-30,0.0,Unknown,,0.0,0.0,EVT_ROUTINE_DRILLING,none,none,real_volve,False,0.95
NO,NO_2013-10-31_EVT_ROUTINE_DRILLING,2013-10-31,0.0,Unknown,,0.0,0.0,EVT_ROUTINE_DRILLING,none,none,real_volve,False,0.95
NO,NO_2013-11-01_EVT_ROUTINE_DRILLING,2013-11-01,0.0,Unknown,,0.0,0.0,EVT_ROUTINE_DRILLING,none,none,real_volve,False,0.95
NO,NO_2013-11-02_EVT_TIGHT_HOLE,2013-11-02,0.0,Unknown,,0.0,0.0,EVT_TIGHT_HOLE,stuck_pipe,medium,real_volve,False,0.85
NO,NO_2013-11-03_EVT_ROUTINE_DRILLING,2013-11-03,0.0,Unknown,,0.0,0.0,EVT_ROUTINE_DRILLING,none,none,real_volve,False,0.95
NO,NO_2013-11-04_EVT_ROUTINE_DRILLING,2013-11-04,0.0,Unknown,,0.0,0.0,EVT_ROUTINE_DRILLING,none,none,real_volve,False,0.95
NO,NO_2013-11-05_EVT_ROUTINE_DRILLING,2013-11-05,0.0,Unknown,,0.0,0.0,EVT_ROUTINE_DRILLING,none,none,real_volve,False,0.95
NO,NO_2013-11-06_EVT_ROUTINE_DRILLING,2013-11-06,0.0,Unknown,40.0,0.0,0.0,EVT_ROUTINE_DRILLING,none,none,real_volve,False,0.95
NO,NO_2013-11-07_EVT_ROUTINE_DRILLING,2013-11-07,0.0,Unknown,,0.0,0.0,EVT_ROUTINE_DRILLING,none,none,real_volve,False,0.95
NO,NO_2013-11-08_EVT_KICK,2013-11-08,0.0,Unknown,,0.0,0.0,EVT_KICK,kick,critical,real_volve,False,0.85
NO,NO_2013-11-09_EVT_KICK,2013-11-09,0.0,Unknown,,0.0,0.0,EVT_KICK,kick,critical,real_volve,False,0.85
NO,NO_2013-11-10_EVT_ROUTINE_DRILLING,2013-11-10,0.0,Unknown,,0.0,0.0,EVT_ROUTINE_DRILLING,none,none,real_volve,False,0.95
NO,NO_2013-11-10_EVT_KICK,2013-11-10,0.0,Unknown,,0.0,0.0,EVT_KICK,kick,critical,real_volve,False,0.85
NO,NO_2013-11-11_EVT_ROUTINE_DRILLING,2013-11-11,1484.0,Unknown,,0.0,0.0,EVT_ROUTINE_DRILLING,none,none,real_volve,False,0.95
NO,NO_2013-11-12_EVT_ROUTINE_DRILLING,2013-11-12,1670.0,Unknown,,0.0,0.0,EVT_ROUTINE_DRILLING,none,none,real_volve,False,0.95
NO,NO_2013-11-13_EVT_ROUTINE_DRILLING,2013-11-13,1929.0,Unknown,,0.0,0.0,EVT_ROUTINE_DRILLING,none,none,real_volve,False,0.95
NO,NO_2013-11-14_EVT_ROUTINE_DRILLING,2013-11-14,1362.0,Unknown,,0.0,0.0,EVT_ROUTINE_DRILLING,none,none,real_volve,False,0.95
NO,NO_2013-11-15_EVT_ROUTINE_DRILLING,2013-11-15,2190.0,balder,,0.0,0.0,EVT_ROUTINE_DRILLING,none,none,real_volve,False,0.95
NO,NO_2013-11-16_EVT_ROUTINE_DRILLING,2013-11-16,2355.0,Unknown,,0.0,0.0,EVT_ROUTINE_DRILLING,none,none,real_volve,False,0.95
NO,NO_2013-11-17_EVT_ROUTINE_DRILLING,2013-11-17,2618.0,Unknown,,0.0,0.0,EVT_ROUTINE_DRILLING,none,none,real_volve,False,0.95
NO,NO_2013-11-18_EVT_ROUTINE_DRILLING,2013-11-18,1362.0,Unknown,,0.0,0.0,EVT_ROUTINE_DRILLING,none,none,real_volve,False,0.95
NO,NO_2013-11-19_EVT_ROUTINE_DRILLING,2013-11-19,0.0,Unknown,,0.0,0.0,EVT_ROUTINE_DRILLING,none,none,real_volve,False,0.95
NO,NO_2013-11-20_EVT_ROUTINE_DRILLING,2013-11-20,0.0,Unknown,,0.0,0.0,EVT_ROUTINE_DRILLING,none,none,real_volve,False,0.95
NO,NO_2013-11-21_EVT_ROUTINE_DRILLING,2013-11-21,1848.0,Unknown,40.0,0.0,0.0,EVT_ROUTINE_DRILLING,none,none,real_volve,False,0.95
NO,NO_2013-11-22_EVT_LCM_APPLIED,2013-11-22,2623.0,shetland,55.0,0.0,0.0,EVT_LCM_APPLIED,mud_loss,low,real_volve,False,0.85
NO,NO_2013-11-23_EVT_ROUTINE_DRILLING,2013-11-23,2961.0,Unknown,,0.0,0.0,EVT_ROUTINE_DRILLING,none,none,real_volve,False,0.95
NO,NO_2013-11-24_EVT_ROUTINE_DRILLING,2013-11-24,3299.0,Unknown,,0.0,0.0,EVT_ROUTINE_DRILLING,none,none,real_volve,False,0.95
NO,NO_2013-11-25_EVT_ROUTINE_DRILLING,2013-11-25,74.0,Unknown,,0.0,0.0,EVT_ROUTINE_DRILLING,none,none,real_volve,False,0.95
NO,NO_2013-11-26_EVT_WOC,2013-11-26,0.0,Unknown,9.0,0.0,0.0,EVT_WOC,cementing,none,real_volve,False,0.85
NO,NO_2013-11-27_EVT_ROUTINE_DRILLING,2013-11-27,140.0,Unknown,28.0,0.0,0.0,EVT_ROUTINE_DRILLING,none,none,real_volve,False,0.95
NO,NO_2013-11-28_EVT_ROUTINE_DRILLING,2013-11-28,1000.0,Unknown,,0.0,0.0,EVT_ROUTINE_DRILLING,none,none,real_volve,False,0.95
NO,NO_2013-11-29_EVT_ROUTINE_DRILLING,2013-11-29,3410.0,Unknown,,0.0,0.0,EVT_ROUTINE_DRILLING,none,none,real_volve,False,0.95
NO,NO_2013-11-30_EVT_ROUTINE_DRILLING,2013-11-30,3912.0,Unknown,,0.0,0.0,EVT_ROUTINE_DRILLING,none,none,real_volve,False,0.95
NO,NO_2013-12-01_EVT_ROUTINE_DRILLING,2013-12-01,4434.0,Unknown,,0.0,0.0,EVT_ROUTINE_DRILLING,none,none,real_volve,False,0.95
NO,NO_2013-12-02_EVT_ROUTINE_DRILLING,2013-12-02,4336.0,Unknown,,0.0,0.0,EVT_ROUTINE_DRILLING,none,none,real_volve,False,0.95
NO,NO_2013-12-03_EVT_ROUTINE_DRILLING,2013-12-03,60.0,Unknown,,0.0,0.0,EVT_ROUTINE_DRILLING,none,none,real_volve,False,0.95
NO,NO_2013-12-04_EVT_ROUTINE_DRILLING,2013-12-04,884.0,Unknown,,0.0,0.0,EVT_ROUTINE_DRILLING,none,none,real_volve,False,0.95
NO,NO_2013-12-05_EVT_ROUTINE_DRILLING,2013-12-05,2889.0,Unknown,,0.0,0.0,EVT_ROUTINE_DRILLING,none,none,real_volve,False,0.95
NO,NO_2013-12-06_EVT_ROUTINE_DRILLING,2013-12-06,3560.0,Unknown,,0.0,0.0,EVT_ROUTINE_DRILLING,none,none,real_volve,False,0.95
NO,NO_2013-12-07_EVT_ROUTINE_DRILLING,2013-12-07,4683.0,Unknown,,0.0,0.0,EVT_ROUTINE_DRILLING,none,none,real_volve,False,0.95
NO,NO_2013-12-08_EVT_ROUTINE_DRILLING,2013-12-08,645.0,Unknown,,0.0,0.0,EVT_ROUTINE_DRILLING,none,none,real_volve,False,0.95
NO,NO_2013-12-09_EVT_ROUTINE_DRILLING,2013-12-09,0.0,Unknown,,0.0,0.0,EVT_ROUTINE_DRILLING,none,none,real_volve,False,0.95
NO,NO_2013-12-10_EVT_ROUTINE_DRILLING,2013-12-10,140.0,Unknown,,0.0,0.0,EVT_ROUTINE_DRILLING,none,none,real_volve,False,0.95
NO,NO_2013-12-11_EVT_ROUTINE_DRILLING,2013-12-11,21.0,Unknown,,0.0,0.0,EVT_ROUTINE_DRILLING,none,none,real_volve,False,0.95
NO,NO_2013-12-12_EVT_ROUTINE_DRILLING,2013-12-12,0.0,Unknown,,0.0,0.0,EVT_ROUTINE_DRILLING,none,none,real_volve,False,0.95
NO,NO_2013-12-13_EVT_ROUTINE_DRILLING,2013-12-13,0.0,Unknown,,0.0,0.0,EVT_ROUTINE_DRILLING,none,none,real_volve,False,0.95
NO,NO_2013-12-14_EVT_ROUTINE_DRILLING,2013-12-14,0.0,Unknown,3.0,0.0,0.0,EVT_ROUTINE_DRILLING,none,none,real_volve,False,0.95
NO,NO_2013-12-15_EVT_ROUTINE_DRILLING,2013-12-15,0.0,Unknown,,0.0,0.0,EVT_ROUTINE_DRILLING,none,none,real_volve,False,0.95
NO,NO_2013-12-16_EVT_ROUTINE_DRILLING,2013-12-16,0.0,Unknown,,0.0,0.0,EVT_ROUTINE_DRILLING,none,none,real_volve,False,0.95
NO,NO_2013-12-17_EVT_ROUTINE_DRILLING,2013-12-17,0.0,Unknown,,0.0,0.0,EVT_ROUTINE_DRILLING,none,none,real_volve,False,0.95
NO,NO_2013-12-18_EVT_ROUTINE_DRILLING,2013-12-18,2421.0,Unknown,,0.0,0.0,EVT_ROUTINE_DRILLING,none,none,real_volve,False,0.95
NO,NO_2013-12-19_EVT_ROUTINE_DRILLING,2013-12-19,4620.0,Unknown,,0.0,0.0,EVT_ROUTINE_DRILLING,none,none,real_volve,False,0.95
NO,NO_2013-12-20_EVT_ROUTINE_DRILLING,2013-12-20,0.0,Unknown,,0.0,0.0,EVT_ROUTINE_DRILLING,none,none,real_volve,False,0.95
NO,NO_2013-12-26_EVT_ROUTINE_DRILLING,2013-12-26,0.0,Unknown,,0.0,0.0,EVT_ROUTINE_DRILLING,none,none,real_volve,False,0.95
NO,NO_2013-12-27_EVT_ROUTINE_DRILLING,2013-12-27,1430.0,Unknown,,0.0,0.0,EVT_ROUTINE_DRILLING,none,none,real_volve,False,0.95
NO,NO_2013-12-28_EVT_ROUTINE_DRILLING,2013-12-28,0.0,Unknown,,0.0,0.0,EVT_ROUTINE_DRILLING,none,none,real_volve,False,0.95
NO,NO_2013-12-29_EVT_ROUTINE_DRILLING,2013-12-29,0.0,Unknown,3.0,0.0,0.0,EVT_ROUTINE_DRILLING,none,none,real_volve,False,0.95
NO,NO_2013-12-30_EVT_ROUTINE_DRILLING,2013-12-30,0.0,Unknown,,0.0,0.0,EVT_ROUTINE_DRILLING,none,none,real_volve,False,0.95
NO,NO_2013-12-31_EVT_ROUTINE_DRILLING,2013-12-31,107.0,Unknown,,0.0,0.0,EVT_ROUTINE_DRILLING,none,none,real_volve,False,0.95
NO,NO_2014-01-01_EVT_ROUTINE_DRILLING,2014-01-01,107.0,Unknown,,0.0,0.0,EVT_ROUTINE_DRILLING,none,none,real_volve,False,0.95
NO,NO_2014-01-02_EVT_ROUTINE_DRILLING,2014-01-02,1445.0,Unknown,,0.0,0.0,EVT_ROUTINE_DRILLING,none,none,real_volve,False,0.95
NO,NO_2014-01-03_EVT_ROUTINE_DRILLING,2014-01-03,0.0,Unknown,,0.0,0.0,EVT_ROUTINE_DRILLING,none,none,real_volve,False,0.95
NO,NO_2014-01-04_EVT_ROUTINE_DRILLING,2014-01-04,0.0,Unknown,,0.0,0.0,EVT_ROUTINE_DRILLING,none,none,real_volve,False,0.95
NO,NO_2014-01-05_EVT_ROUTINE_DRILLING,2014-01-05,0.0,Unknown,,0.0,0.0,EVT_ROUTINE_DRILLING,none,none,real_volve,False,0.95
NO,NO_2014-01-06_EVT_ROUTINE_DRILLING,2014-01-06,0.0,Unknown,,0.0,0.0,EVT_ROUTINE_DRILLING,none,none,real_volve,False,0.95
NO,NO_2014-01-07_EVT_BOP_SHUTIN,2014-01-07,3500.0,Unknown,,0.0,0.0,EVT_BOP_SHUTIN,kick,critical,real_volve,False,0.85
NO,NO_2014-01-08_EVT_ROUTINE_DRILLING,2014-01-08,4400.0,Unknown,,0.0,0.0,EVT_ROUTINE_DRILLING,none,none,real_volve,False,0.95
NO,NO_2014-01-09_EVT_ROUTINE_DRILLING,2014-01-09,4582.0,Unknown,,0.0,0.0,EVT_ROUTINE_DRILLING,none,none,real_volve,False,0.95
NO,NO_2014-01-10_EVT_ROUTINE_DRILLING,2014-01-10,4524.0,Unknown,,0.0,0.0,EVT_ROUTINE_DRILLING,none,none,real_volve,False,0.95
NO,NO_2014-01-11_EVT_ROUTINE_DRILLING,2014-01-11,4100.0,Unknown,,0.0,0.0,EVT_ROUTINE_DRILLING,none,none,real_volve,False,0.95
NO,NO_2014-01-12_EVT_ROUTINE_DRILLING,2014-01-12,4100.0,Unknown,,0.0,0.0,EVT_ROUTINE_DRILLING,none,none,real_volve,False,0.95
NO,NO_2014-01-13_EVT_ROUTINE_DRILLING,2014-01-13,3859.0,Unknown,,0.0,0.0,EVT_ROUTINE_DRILLING,none,none,real_volve,False,0.95
NO,NO_2014-01-14_EVT_ROUTINE_DRILLING,2014-01-14,3620.0,Unknown,,0.0,0.0,EVT_ROUTINE_DRILLING,none,none,real_volve,False,0.95
NO,NO_2014-01-15_EVT_ROUTINE_DRILLING,2014-01-15,0.0,Unknown,,0.0,0.0,EVT_ROUTINE_DRILLING,none,none,real_volve,False,0.95
NO,NO_2015-08-05_EVT_ROUTINE_DRILLING,2015-08-05,0.0,Unknown,,0.0,0.0,EVT_ROUTINE_DRILLING,none,none,real_volve,False,0.95
NO,NO_2015-08-06_EVT_ROUTINE_DRILLING,2015-08-06,0.0,Unknown,,0.0,0.0,EVT_ROUTINE_DRILLING,none,none,real_volve,False,0.95
NO,NO_2015-08-07_EVT_ROUTINE_DRILLING,2015-08-07,0.0,Unknown,,0.0,0.0,EVT_ROUTINE_DRILLING,none,none,real_volve,False,0.95
NO,NO_2015-08-08_EVT_ROUTINE_DRILLING,2015-08-08,3900.0,Unknown,,0.0,0.0,EVT_ROUTINE_DRILLING,none,none,real_volve,False,0.95
NO,NO_2015-08-09_EVT_ROUTINE_DRILLING,2015-08-09,0.0,Unknown,,0.0,0.0,EVT_ROUTINE_DRILLING,none,none,real_volve,False,0.95
NO,NO_2015-08-10_EVT_ROUTINE_DRILLING,2015-08-10,0.0,Unknown,,0.0,0.0,EVT_ROUTINE_DRILLING,none,none,real_volve,False,0.95
NO,NO_2015-08-11_EVT_ROUTINE_DRILLING,2015-08-11,0.0,Unknown,,0.0,0.0,EVT_ROUTINE_DRILLING,none,none,real_volve,False,0.95
NO,NO_2015-08-12_EVT_ROUTINE_DRILLING,2015-08-12,3748.0,Unknown,,0.0,0.0,EVT_ROUTINE_DRILLING,none,none,real_volve,False,0.95
NO,NO_2015-08-13_EVT_ROUTINE_DRILLING,2015-08-13,3540.0,Unknown,,0.0,0.0,EVT_ROUTINE_DRILLING,none,none,real_volve,False,0.95
NO,NO_2015-08-14_EVT_ROUTINE_DRILLING,2015-08-14,3508.0,Unknown,,0.0,0.0,EVT_ROUTINE_DRILLING,none,none,real_volve,False,0.95
NO,NO_2015-08-15_EVT_ROUTINE_DRILLING,2015-08-15,0.0,Unknown,,0.0,0.0,EVT_ROUTINE_DRILLING,none,none,real_volve,False,0.95
NO,NO_2015-08-16_EVT_ROUTINE_DRILLING,2015-08-16,0.0,Unknown,,0.0,0.0,EVT_ROUTINE_DRILLING,none,none,real_volve,False,0.95
NO,NO_2007-12-01_EVT_ROUTINE_DRILLING,2007-12-01,226.0,Unknown,40.0,0.0,0.0,EVT_ROUTINE_DRILLING,none,none,real_volve,False,0.95
NO,NO_2007-12-02_EVT_ROUTINE_DRILLING,2007-12-02,0.0,Unknown,,0.0,0.0,EVT_ROUTINE_DRILLING,none,none,real_volve,False,0.95
NO,NO_2007-12-03_EVT_WOC,2007-12-03,0.0,Unknown,,0.0,0.0,EVT_WOC,cementing,none,real_volve,False,0.85
NO,NO_2007-12-04_EVT_ROUTINE_DRILLING,2007-12-04,0.0,Unknown,,0.0,0.0,EVT_ROUTINE_DRILLING,none,none,real_volve,False,0.95
NO,NO_2013-07-21_EVT_ROUTINE_DRILLING,2013-07-21,1.0,Unknown,,0.0,0.0,EVT_ROUTINE_DRILLING,none,none,real_volve,False,0.95
NO,NO_2013-07-22_EVT_ROUTINE_DRILLING,2013-07-22,0.0,Unknown,,0.0,0.0,EVT_ROUTINE_DRILLING,none,none,real_volve,False,0.95
NO,NO_2013-07-23_EVT_ROUTINE_DRILLING,2013-07-23,226.0,Unknown,,0.0,0.0,EVT_ROUTINE_DRILLING,none,none,real_volve,False,0.95
NO,NO_2013-07-24_EVT_ROUTINE_DRILLING,2013-07-24,333.0,Unknown,,0.0,0.0,EVT_ROUTINE_DRILLING,none,none,real_volve,False,0.95
NO,NO_2013-07-25_EVT_ROUTINE_DRILLING,2013-07-25,655.0,Unknown,,0.0,0.0,EVT_ROUTINE_DRILLING,none,none,real_volve,False,0.95
NO,NO_2013-07-26_EVT_ROUTINE_DRILLING,2013-07-26,1034.0,Unknown,35.0,0.0,0.0,EVT_ROUTINE_DRILLING,none,none,real_volve,False,0.95
NO,NO_2013-07-27_EVT_ROUTINE_DRILLING,2013-07-27,1355.0,Unknown,,0.0,0.0,EVT_ROUTINE_DRILLING,none,none,real_volve,False,0.95
NO,NO_2013-07-28_EVT_ROUTINE_DRILLING,2013-07-28,250.0,Unknown,,0.0,0.0,EVT_ROUTINE_DRILLING,none,none,real_volve,False,0.95
NO,NO_2013-07-29_EVT_ROUTINE_DRILLING,2013-07-29,515.0,Unknown,,0.0,0.0,EVT_ROUTINE_DRILLING,none,none,real_volve,False,0.95
NO,NO_2013-07-30_EVT_ROUTINE_DRILLING,2013-07-30,515.0,Unknown,,0.0,0.0,EVT_ROUTINE_DRILLING,none,none,real_volve,False,0.95
NO,NO_2013-07-31_EVT_ROUTINE_DRILLING,2013-07-31,45.0,Unknown,,0.0,0.0,EVT_ROUTINE_DRILLING,none,none,real_volve,False,0.95
NO,NO_2013-08-01_EVT_ROUTINE_DRILLING,2013-08-01,136.0,Unknown,,0.0,0.0,EVT_ROUTINE_DRILLING,none,none,real_volve,False,0.95
NO,NO_2013-08-02_EVT_ROUTINE_DRILLING,2013-08-02,0.0,Unknown,,0.0,0.0,EVT_ROUTINE_DRILLING,none,none,real_volve,False,0.95
NO,NO_2013-08-03_EVT_ROUTINE_DRILLING,2013-08-03,50.0,Unknown,,0.0,0.0,EVT_ROUTINE_DRILLING,none,none,real_volve,False,0.95
NO,NO_2013-08-04_EVT_ROUTINE_DRILLING,2013-08-04,50.0,Unknown,40.0,0.0,0.0,EVT_ROUTINE_DRILLING,none,none,real_volve,False,0.95
NO,NO_2013-08-05_EVT_ROUTINE_DRILLING,2013-08-05,1517.0,Unknown,,0.0,0.0,EVT_ROUTINE_DRILLING,none,none,real_volve,False,0.95
NO,NO_2013-08-06_EVT_ROUTINE_DRILLING,2013-08-06,1623.0,Unknown,,0.0,0.0,EVT_ROUTINE_DRILLING,none,none,real_volve,False,0.95
NO,NO_2013-08-07_EVT_ROUTINE_DRILLING,2013-08-07,2127.0,Unknown,,0.0,0.0,EVT_ROUTINE_DRILLING,none,none,real_volve,False,0.95
NO,NO_2013-08-08_EVT_ROUTINE_DRILLING,2013-08-08,2438.0,Unknown,,0.0,0.0,EVT_ROUTINE_DRILLING,none,none,real_volve,False,0.95
NO,NO_2013-08-09_EVT_ROUTINE_DRILLING,2013-08-09,0.0,Unknown,,0.0,0.0,EVT_ROUTINE_DRILLING,none,none,real_volve,False,0.95
NO,NO_2013-08-10_EVT_ROUTINE_DRILLING,2013-08-10,2228.0,Unknown,,0.0,0.0,EVT_ROUTINE_DRILLING,none,none,real_volve,False,0.95
NO,NO_2013-08-11_EVT_ROUTINE_DRILLING,2013-08-11,2228.0,Unknown,90.0,0.0,0.0,EVT_ROUTINE_DRILLING,none,none,real_volve,False,0.95
NO,NO_2013-08-12_EVT_ROUTINE_DRILLING,2013-08-12,0.0,Unknown,,0.0,0.0,EVT_ROUTINE_DRILLING,none,none,real_volve,False,0.95
NO,NO_2013-08-13_EVT_ROUTINE_DRILLING,2013-08-13,0.0,Unknown,55.0,0.0,0.0,EVT_ROUTINE_DRILLING,none,none,real_volve,False,0.95
NO,NO_2013-08-14_EVT_ROUTINE_DRILLING,2013-08-14,2905.0,Unknown,,0.0,0.0,EVT_ROUTINE_DRILLING,none,none,real_volve,False,0.95
NO,NO_2013-08-15_EVT_ROUTINE_DRILLING,2013-08-15,3145.0,Unknown,,0.0,0.0,EVT_ROUTINE_DRILLING,none,none,real_volve,False,0.95
NO,NO_2013-08-16_EVT_ROUTINE_DRILLING,2013-08-16,3364.0,Unknown,,0.0,0.0,EVT_ROUTINE_DRILLING,none,none,real_volve,False,0.95
NO,NO_2013-08-17_EVT_ROUTINE_DRILLING,2013-08-17,3496.0,Unknown,,0.0,0.0,EVT_ROUTINE_DRILLING,none,none,real_volve,False,0.95
NO,NO_2013-08-18_EVT_TIGHT_HOLE,2013-08-18,0.0,Unknown,,0.0,0.0,EVT_TIGHT_HOLE,stuck_pipe,medium,real_volve,False,0.85
NO,NO_2013-08-19_EVT_ROUTINE_DRILLING,2013-08-19,0.0,Unknown,,0.0,0.0,EVT_ROUTINE_DRILLING,none,none,real_volve,False,0.95
NO,NO_2013-08-20_EVT_ROUTINE_DRILLING,2013-08-20,3632.0,Unknown,,0.0,0.0,EVT_ROUTINE_DRILLING,none,none,real_volve,False,0.95
NO,NO_2013-08-21_EVT_ROUTINE_DRILLING,2013-08-21,3070.0,Unknown,,0.0,0.0,EVT_ROUTINE_DRILLING,none,none,real_volve,False,0.95
NO,NO_2013-08-22_EVT_STUCK_PIPE,2013-08-22,0.0,Unknown,32.0,0.0,0.0,EVT_STUCK_PIPE,stuck_pipe,critical,real_volve,False,0.85
NO,NO_2013-08-23_EVT_KICK,2013-08-23,0.0,Unknown,,0.0,0.0,EVT_KICK,kick,critical,real_volve,False,0.85
NO,NO_2013-08-23_EVT_KICK,2013-08-23,3004.0,Unknown,,0.0,0.0,EVT_KICK,kick,critical,real_volve,False,0.85
NO,NO_2013-08-24_EVT_ROUTINE_DRILLING,2013-08-24,3004.0,Unknown,,0.0,0.0,EVT_ROUTINE_DRILLING,none,none,real_volve,False,0.95
NO,NO_2013-08-25_EVT_ROUTINE_DRILLING,2013-08-25,3682.0,Unknown,,0.0,0.0,EVT_ROUTINE_DRILLING,none,none,real_volve,False,0.95
NO,NO_2013-08-26_EVT_ROUTINE_DRILLING,2013-08-26,0.0,Unknown,,0.0,0.0,EVT_ROUTINE_DRILLING,none,none,real_volve,False,0.95
NO,NO_2013-08-27_EVT_ROUTINE_DRILLING,2013-08-27,0.0,Unknown,,0.0,0.0,EVT_ROUTINE_DRILLING,none,none,real_volve,False,0.95
NO,NO_2013-08-28_EVT_ROUTINE_DRILLING,2013-08-28,0.0,Unknown,,0.0,0.0,EVT_ROUTINE_DRILLING,none,none,real_volve,False,0.95
NO,NO_2013-08-29_EVT_KICK,2013-08-29,0.0,Unknown,,0.0,0.0,EVT_KICK,kick,critical,real_volve,False,0.85
NO,NO_2013-08-29_EVT_KICK,2013-08-29,2763.0,Unknown,,0.0,0.0,EVT_KICK,kick,critical,real_volve,False,0.85
NO,NO_2013-08-30_EVT_ROUTINE_DRILLING,2013-08-30,3097.0,Unknown,,0.0,0.0,EVT_ROUTINE_DRILLING,none,none,real_volve,False,0.95
NO,NO_2013-08-31_EVT_ROUTINE_DRILLING,2013-08-31,0.0,Unknown,,0.0,0.0,EVT_ROUTINE_DRILLING,none,none,real_volve,False,0.95
NO,NO_2013-09-01_EVT_ROUTINE_DRILLING,2013-09-01,0.0,Unknown,,0.0,0.0,EVT_ROUTINE_DRILLING,none,none,real_volve,False,0.95
NO,NO_2013-09-02_EVT_ROUTINE_DRILLING,2013-09-02,0.0,Unknown,,0.0,0.0,EVT_ROUTINE_DRILLING,none,none,real_volve,False,0.95
NO,NO_2013-09-04_EVT_ROUTINE_DRILLING,2013-09-04,2981.0,Unknown,,0.0,0.0,EVT_ROUTINE_DRILLING,none,none,real_volve,False,0.95
NO,NO_2013-09-05_EVT_ROUTINE_DRILLING,2013-09-05,3097.0,Unknown,60.0,0.0,0.0,EVT_ROUTINE_DRILLING,none,none,real_volve,False,0.95
NO,NO_2013-09-06_EVT_ROUTINE_DRILLING,2013-09-06,3306.0,Unknown,,0.0,0.0,EVT_ROUTINE_DRILLING,none,none,real_volve,False,0.95
NO,NO_2013-09-07_EVT_ROUTINE_DRILLING,2013-09-07,1926.0,Unknown,,0.0,0.0,EVT_ROUTINE_DRILLING,none,none,real_volve,False,0.95
NO,NO_2013-09-08_EVT_ROUTINE_DRILLING,2013-09-08,474.0,Unknown,,0.0,0.0,EVT_ROUTINE_DRILLING,none,none,real_volve,False,0.95
NO,NO_2013-09-09_EVT_ROUTINE_DRILLING,2013-09-09,2163.0,Unknown,,0.0,0.0,EVT_ROUTINE_DRILLING,none,none,real_volve,False,0.95
NO,NO_2013-09-10_EVT_ROUTINE_DRILLING,2013-09-10,2163.0,Unknown,3.0,0.0,0.0,EVT_ROUTINE_DRILLING,none,none,real_volve,False,0.95
NO,NO_2013-09-11_EVT_ROUTINE_DRILLING,2013-09-11,3402.0,Unknown,3.0,0.0,0.0,EVT_ROUTINE_DRILLING,none,none,real_volve,False,0.95
NO,NO_2013-09-12_EVT_ROUTINE_DRILLING,2013-09-12,607.0,Unknown,,0.0,0.0,EVT_ROUTINE_DRILLING,none,none,real_volve,False,0.95
NO,NO_2013-09-13_EVT_ROUTINE_DRILLING,2013-09-13,0.0,Unknown,,0.0,0.0,EVT_ROUTINE_DRILLING,none,none,real_volve,False,0.95
NO,NO_2013-09-14_EVT_ROUTINE_DRILLING,2013-09-14,0.0,Unknown,,0.0,0.0,EVT_ROUTINE_DRILLING,none,none,real_volve,False,0.95
NO,NO_2013-09-15_EVT_ROUTINE_DRILLING,2013-09-15,0.0,Unknown,,0.0,0.0,EVT_ROUTINE_DRILLING,none,none,real_volve,False,0.95
NO,NO_2013-09-16_EVT_ROUTINE_DRILLING,2013-09-16,0.0,Unknown,,0.0,0.0,EVT_ROUTINE_DRILLING,none,none,real_volve,False,0.95
NO,NO_2013-09-17_EVT_ROUTINE_DRILLING,2013-09-17,0.0,Unknown,,0.0,0.0,EVT_ROUTINE_DRILLING,none,none,real_volve,False,0.95
NO,NO_2013-09-18_EVT_ROUTINE_DRILLING,2013-09-18,0.0,Unknown,,0.0,0.0,EVT_ROUTINE_DRILLING,none,none,real_volve,False,0.95
NO,NO_2013-09-19_EVT_ROUTINE_DRILLING,2013-09-19,0.0,Unknown,,0.0,0.0,EVT_ROUTINE_DRILLING,none,none,real_volve,False,0.95
NO,NO_2013-09-20_EVT_ROUTINE_DRILLING,2013-09-20,0.0,Unknown,,0.0,0.0,EVT_ROUTINE_DRILLING,none,none,real_volve,False,0.95
NO,NO_2013-09-21_EVT_ROUTINE_DRILLING,2013-09-21,0.0,Unknown,,0.0,0.0,EVT_ROUTINE_DRILLING,none,none,real_volve,False,0.95
NO,NO_2013-09-22_EVT_ROUTINE_DRILLING,2013-09-22,0.0,Unknown,,0.0,0.0,EVT_ROUTINE_DRILLING,none,none,real_volve,False,0.95
NO,NO_2013-09-23_EVT_ROUTINE_DRILLING,2013-09-23,0.0,Unknown,,0.0,0.0,EVT_ROUTINE_DRILLING,none,none,real_volve,False,0.95
NO,NO_2013-09-24_EVT_ROUTINE_DRILLING,2013-09-24,1096.0,Unknown,,0.0,0.0,EVT_ROUTINE_DRILLING,none,none,real_volve,False,0.95
NO,NO_2013-09-25_EVT_ROUTINE_DRILLING,2013-09-25,1096.0,Unknown,,0.0,0.0,EVT_ROUTINE_DRILLING,none,none,real_volve,False,0.95
NO,NO_2013-09-26_EVT_ROUTINE_DRILLING,2013-09-26,0.0,Unknown,,0.0,0.0,EVT_ROUTINE_DRILLING,none,none,real_volve,False,0.95
NO,NO_2013-09-27_EVT_ROUTINE_DRILLING,2013-09-27,0.0,Unknown,,0.0,0.0,EVT_ROUTINE_DRILLING,none,none,real_volve,False,0.95
NO,NO_2013-09-28_EVT_ROUTINE_DRILLING,2013-09-28,0.0,Unknown,,0.0,0.0,EVT_ROUTINE_DRILLING,none,none,real_volve,False,0.95
NO,NO_2013-09-29_EVT_ROUTINE_DRILLING,2013-09-29,0.0,Unknown,,0.0,0.0,EVT_ROUTINE_DRILLING,none,none,real_volve,False,0.95
NO,NO_2013-09-30_EVT_ROUTINE_DRILLING,2013-09-30,0.0,Unknown,,0.0,0.0,EVT_ROUTINE_DRILLING,none,none,real_volve,False,0.95
NO,NO_2013-10-01_EVT_ROUTINE_DRILLING,2013-10-01,0.0,Unknown,,0.0,0.0,EVT_ROUTINE_DRILLING,none,none,real_volve,False,0.95
NO,NO_2013-10-02_EVT_ROUTINE_DRILLING,2013-10-02,3262.0,Unknown,,0.0,0.0,EVT_ROUTINE_DRILLING,none,none,real_volve,False,0.95
NO,NO_2013-10-03_EVT_ROUTINE_DRILLING,2013-10-03,0.0,Unknown,,0.0,0.0,EVT_ROUTINE_DRILLING,none,none,real_volve,False,0.95
NO,NO_2013-10-04_EVT_ROUTINE_DRILLING,2013-10-04,0.0,Unknown,,0.0,0.0,EVT_ROUTINE_DRILLING,none,none,real_volve,False,0.95
NO,NO_2013-10-05_EVT_ROUTINE_DRILLING,2013-10-05,32745.0,Unknown,,0.0,0.0,EVT_ROUTINE_DRILLING,none,none,real_volve,False,0.95
NO,NO_2013-10-06_EVT_ROUTINE_DRILLING,2013-10-06,0.0,Unknown,,0.0,0.0,EVT_ROUTINE_DRILLING,none,none,real_volve,False,0.95
NO,NO_2013-12-20_EVT_ROUTINE_DRILLING,2013-12-20,633.0,Unknown,,0.0,0.0,EVT_ROUTINE_DRILLING,none,none,real_volve,False,0.95
NO,NO_2013-12-21_EVT_ROUTINE_DRILLING,2013-12-21,0.0,Unknown,,0.0,0.0,EVT_ROUTINE_DRILLING,none,none,real_volve,False,0.95
NO,NO_2013-12-22_EVT_ROUTINE_DRILLING,2013-12-22,3302.0,Unknown,,0.0,0.0,EVT_ROUTINE_DRILLING,none,none,real_volve,False,0.95
NO,NO_2013-12-23_EVT_ROUTINE_DRILLING,2013-12-23,3300.0,Unknown,,0.0,0.0,EVT_ROUTINE_DRILLING,none,none,real_volve,False,0.95
NO,NO_2013-12-24_EVT_ROUTINE_DRILLING,2013-12-24,3298.0,Unknown,,0.0,0.0,EVT_ROUTINE_DRILLING,none,none,real_volve,False,0.95
NO,NO_2013-12-25_EVT_ROUTINE_DRILLING,2013-12-25,0.0,Unknown,,0.0,0.0,EVT_ROUTINE_DRILLING,none,none,real_volve,False,0.95
NO,NO_2013-12-26_EVT_ROUTINE_DRILLING,2013-12-26,0.0,Unknown,,0.0,0.0,EVT_ROUTINE_DRILLING,none,none,real_volve,False,0.95
NO,NO_2014-01-25_EVT_ROUTINE_DRILLING,2014-01-25,0.0,Unknown,,0.0,0.0,EVT_ROUTINE_DRILLING,none,none,real_volve,False,0.95
NO,NO_2014-01-26_EVT_ROUTINE_DRILLING,2014-01-26,3147.0,Unknown,,0.0,0.0,EVT_ROUTINE_DRILLING,none,none,real_volve,False,0.95
NO,NO_2014-01-27_EVT_ROUTINE_DRILLING,2014-01-27,0.0,Unknown,,0.0,0.0,EVT_ROUTINE_DRILLING,none,none,real_volve,False,0.95
NO,NO_2014-01-28_EVT_ROUTINE_DRILLING,2014-01-28,0.0,Unknown,,0.0,0.0,EVT_ROUTINE_DRILLING,none,none,real_volve,False,0.95
NO,NO_2014-01-29_EVT_ROUTINE_DRILLING,2014-01-29,29485.0,Unknown,,0.0,0.0,EVT_ROUTINE_DRILLING,none,none,real_volve,False,0.95
NO,NO_2014-01-30_EVT_ROUTINE_DRILLING,2014-01-30,0.0,Unknown,,0.0,0.0,EVT_ROUTINE_DRILLING,none,none,real_volve,False,0.95
NO,NO_2014-01-31_EVT_ROUTINE_DRILLING,2014-01-31,0.0,Unknown,,0.0,0.0,EVT_ROUTINE_DRILLING,none,none,real_volve,False,0.95
NO,NO_2014-02-01_EVT_ROUTINE_DRILLING,2014-02-01,21.0,Unknown,,0.0,0.0,EVT_ROUTINE_DRILLING,none,none,real_volve,False,0.95
NO,NO_2014-02-02_EVT_ROUTINE_DRILLING,2014-02-02,2926.0,Unknown,,0.0,0.0,EVT_ROUTINE_DRILLING,none,none,real_volve,False,0.95
NO,NO_2014-02-03_EVT_ROUTINE_DRILLING,2014-02-03,1860.0,Unknown,,0.0,0.0,EVT_ROUTINE_DRILLING,none,none,real_volve,False,0.95
NO,NO_2014-02-04_EVT_TORQUE_UP,2014-02-04,587.0,Unknown,,0.0,0.0,EVT_TORQUE_UP,torque_spike,medium,real_volve,False,0.85
NO,NO_2014-02-05_EVT_STUCK_PIPE,2014-02-05,619.0,Unknown,,0.0,0.0,EVT_STUCK_PIPE,stuck_pipe,critical,real_volve,False,0.85
NO,NO_2014-02-06_EVT_ROUTINE_DRILLING,2014-02-06,0.0,Unknown,,0.0,0.0,EVT_ROUTINE_DRILLING,none,none,real_volve,False,0.95
NO,NO_2014-02-07_EVT_ROUTINE_DRILLING,2014-02-07,0.0,Unknown,,0.0,0.0,EVT_ROUTINE_DRILLING,none,none,real_volve,False,0.95
NO,NO_2014-02-08_EVT_ROUTINE_DRILLING,2014-02-08,0.0,Unknown,,0.0,0.0,EVT_ROUTINE_DRILLING,none,none,real_volve,False,0.95
NO,NO_2014-02-09_EVT_ROUTINE_DRILLING,2014-02-09,0.0,Unknown,,0.0,0.0,EVT_ROUTINE_DRILLING,none,none,real_volve,False,0.95
NO,NO_2014-02-10_EVT_ROUTINE_DRILLING,2014-02-10,0.0,Unknown,,0.0,0.0,EVT_ROUTINE_DRILLING,none,none,real_volve,False,0.95
NO,NO_2014-02-11_EVT_ROUTINE_DRILLING,2014-02-11,0.0,Unknown,,0.0,0.0,EVT_ROUTINE_DRILLING,none,none,real_volve,False,0.95
NO,NO_2014-02-12_EVT_ROUTINE_DRILLING,2014-02-12,170.0,Unknown,,0.0,0.0,EVT_ROUTINE_DRILLING,none,none,real_volve,False,0.95
NO,NO_2014-02-13_EVT_ROUTINE_DRILLING,2014-02-13,3097.0,Unknown,,0.0,0.0,EVT_ROUTINE_DRILLING,none,none,real_volve,False,0.95
NO,NO_2014-02-14_EVT_ROUTINE_DRILLING,2014-02-14,2712.0,Unknown,28.0,0.0,0.0,EVT_ROUTINE_DRILLING,none,none,real_volve,False,0.95
NO,NO_2014-02-15_EVT_ROUTINE_DRILLING,2014-02-15,1457.0,Unknown,,0.0,0.0,EVT_ROUTINE_DRILLING,none,none,real_volve,False,0.95
NO,NO_2014-02-16_EVT_ROUTINE_DRILLING,2014-02-16,144.0,Unknown,40.0,0.0,0.0,EVT_ROUTINE_DRILLING,none,none,real_volve,False,0.95
NO,NO_2014-02-17_EVT_ROUTINE_DRILLING,2014-02-17,1399.0,Unknown,,0.0,0.0,EVT_ROUTINE_DRILLING,none,none,real_volve,False,0.95
NO,NO_2014-02-18_EVT_ROUTINE_DRILLING,2014-02-18,132.0,Unknown,,0.0,0.0,EVT_ROUTINE_DRILLING,none,none,real_volve,False,0.95
NO,NO_2014-02-19_EVT_WOC,2014-02-19,1457.0,Unknown,,0.0,0.0,EVT_WOC,cementing,none,real_volve,False,0.85
NO,NO_2014-02-20_EVT_WOC,2014-02-20,1200.0,Unknown,,0.0,0.0,EVT_WOC,cementing,none,real_volve,False,0.85
NO,NO_2014-02-21_EVT_ROUTINE_DRILLING,2014-02-21,1355.0,Unknown,,0.0,0.0,EVT_ROUTINE_DRILLING,none,none,real_volve,False,0.95
NO,NO_2014-02-21_EVT_ROUTINE_DRILLING,2014-02-21,1364.0,Unknown,,0.0,0.0,EVT_ROUTINE_DRILLING,none,none,real_volve,False,0.95
NO,NO_2014-02-22_EVT_ROUTINE_DRILLING,2014-02-22,1502.0,Unknown,,0.0,0.0,EVT_ROUTINE_DRILLING,none,none,real_volve,False,0.95
NO,NO_2014-02-23_EVT_ROUTINE_DRILLING,2014-02-23,1660.0,Unknown,,0.0,0.0,EVT_ROUTINE_DRILLING,none,none,real_volve,False,0.95
NO,NO_2014-02-24_EVT_ROUTINE_DRILLING,2014-02-24,1585.0,Unknown,,0.0,0.0,EVT_ROUTINE_DRILLING,none,none,real_volve,False,0.95
NO,NO_2014-02-25_EVT_ROUTINE_DRILLING,2014-02-25,1684.0,Unknown,,0.0,0.0,EVT_ROUTINE_DRILLING,none,none,real_volve,False,0.95
NO,NO_2014-02-26_EVT_ROUTINE_DRILLING,2014-02-26,2088.0,Unknown,,0.0,0.0,EVT_ROUTINE_DRILLING,none,none,real_volve,False,0.95
NO,NO_2014-02-27_EVT_ROUTINE_DRILLING,2014-02-27,2514.0,Unknown,,0.0,0.0,EVT_ROUTINE_DRILLING,none,none,real_volve,False,0.95
NO,NO_2014-02-28_EVT_ROUTINE_DRILLING,2014-02-28,1848.0,Unknown,,0.0,0.0,EVT_ROUTINE_DRILLING,none,none,real_volve,False,0.95
NO,NO_2014-03-01_EVT_ROUTINE_DRILLING,2014-03-01,2362.0,Unknown,,0.0,0.0,EVT_ROUTINE_DRILLING,none,none,real_volve,False,0.95
NO,NO_2014-03-02_EVT_ROUTINE_DRILLING,2014-03-02,51.0,Unknown,,0.0,0.0,EVT_ROUTINE_DRILLING,none,none,real_volve,False,0.95
NO,NO_2014-03-03_EVT_ROUTINE_DRILLING,2014-03-03,2475.0,Unknown,28.0,0.0,0.0,EVT_ROUTINE_DRILLING,none,none,real_volve,False,0.95
NO,NO_2014-03-04_EVT_ROUTINE_DRILLING,2014-03-04,2646.0,Unknown,,0.0,0.0,EVT_ROUTINE_DRILLING,none,none,real_volve,False,0.95
NO,NO_2014-03-05_EVT_ROUTINE_DRILLING,2014-03-05,3056.0,Unknown,,0.0,0.0,EVT_ROUTINE_DRILLING,none,none,real_volve,False,0.95
NO,NO_2014-03-06_EVT_ROUTINE_DRILLING,2014-03-06,936.0,Unknown,,0.0,0.0,EVT_ROUTINE_DRILLING,none,none,real_volve,False,0.95
NO,NO_2014-03-07_EVT_ROUTINE_DRILLING,2014-03-07,2337.0,Unknown,,0.0,0.0,EVT_ROUTINE_DRILLING,none,none,real_volve,False,0.95
NO,NO_2014-03-08_EVT_WOC,2014-03-08,0.0,Unknown,10.0,0.0,0.0,EVT_WOC,cementing,none,real_volve,False,0.85
NO,NO_2014-03-09_EVT_ROUTINE_DRILLING,2014-03-09,0.0,Unknown,,0.0,0.0,EVT_ROUTINE_DRILLING,none,none,real_volve,False,0.95
NO,NO_2014-03-10_EVT_ROUTINE_DRILLING,2014-03-10,1045.0,Unknown,,0.0,0.0,EVT_ROUTINE_DRILLING,none,none,real_volve,False,0.95
NO,NO_2014-03-11_EVT_ROUTINE_DRILLING,2014-03-11,140.0,Unknown,60.0,0.0,0.0,EVT_ROUTINE_DRILLING,none,none,real_volve,False,0.95
NO,NO_2014-03-12_EVT_ROUTINE_DRILLING,2014-03-12,140.0,Unknown,,0.0,0.0,EVT_ROUTINE_DRILLING,none,none,real_volve,False,0.95
NO,NO_2014-03-13_EVT_ROUTINE_DRILLING,2014-03-13,3290.0,Unknown,,0.0,0.0,EVT_ROUTINE_DRILLING,none,none,real_volve,False,0.95
NO,NO_2014-03-14_EVT_ROUTINE_DRILLING,2014-03-14,3806.0,Unknown,,0.0,0.0,EVT_ROUTINE_DRILLING,none,none,real_volve,False,0.95
NO,NO_2014-03-15_EVT_ROUTINE_DRILLING,2014-03-15,110.0,Unknown,,0.0,0.0,EVT_ROUTINE_DRILLING,none,none,real_volve,False,0.95
NO,NO_2014-03-16_EVT_ROUTINE_DRILLING,2014-03-16,110.0,Unknown,,0.0,0.0,EVT_ROUTINE_DRILLING,none,none,real_volve,False,0.95
NO,NO_2014-03-17_EVT_ROUTINE_DRILLING,2014-03-17,4036.0,Unknown,,0.0,0.0,EVT_ROUTINE_DRILLING,none,none,real_volve,False,0.95
NO,NO_2014-03-18_EVT_ROUTINE_DRILLING,2014-03-18,681.0,Unknown,,0.0,0.0,EVT_ROUTINE_DRILLING,none,none,real_volve,False,0.95
NO,NO_2014-03-19_EVT_ROUTINE_DRILLING,2014-03-19,1090.0,Unknown,,0.0,0.0,EVT_ROUTINE_DRILLING,none,none,real_volve,False,0.95
NO,NO_2014-03-20_EVT_ROUTINE_DRILLING,2014-03-20,2521.0,Unknown,3.0,0.0,0.0,EVT_ROUTINE_DRILLING,none,none,real_volve,False,0.95
NO,NO_2014-03-21_EVT_ROUTINE_DRILLING,2014-03-21,2521.0,Unknown,,0.0,0.0,EVT_ROUTINE_DRILLING,none,none,real_volve,False,0.95
NO,NO_2014-03-22_EVT_ROUTINE_DRILLING,2014-03-22,641.0,Unknown,,0.0,0.0,EVT_ROUTINE_DRILLING,none,none,real_volve,False,0.95
NO,NO_2014-03-23_EVT_ROUTINE_DRILLING,2014-03-23,0.0,Unknown,,0.0,0.0,EVT_ROUTINE_DRILLING,none,none,real_volve,False,0.95
NO,NO_2014-03-24_EVT_ROUTINE_DRILLING,2014-03-24,35.0,Unknown,,0.0,0.0,EVT_ROUTINE_DRILLING,none,none,real_volve,False,0.95
NO,NO_2014-03-25_EVT_ROUTINE_DRILLING,2014-03-25,12.0,Unknown,,0.0,0.0,EVT_ROUTINE_DRILLING,none,none,real_volve,False,0.95
NO,NO_2014-03-26_EVT_ROUTINE_DRILLING,2014-03-26,0.0,Unknown,,0.0,0.0,EVT_ROUTINE_DRILLING,none,none,real_volve,False,0.95
NO,NO_2014-03-27_EVT_ROUTINE_DRILLING,2014-03-27,95.0,Unknown,,0.0,0.0,EVT_ROUTINE_DRILLING,none,none,real_volve,False,0.95
NO,NO_2014-03-28_EVT_ROUTINE_DRILLING,2014-03-28,102.0,Unknown,,0.0,0.0,EVT_ROUTINE_DRILLING,none,none,real_volve,False,0.95
NO,NO_2014-03-29_EVT_ROUTINE_DRILLING,2014-03-29,0.0,Unknown,,0.0,0.0,EVT_ROUTINE_DRILLING,none,none,real_volve,False,0.95
NO,NO_2014-03-30_EVT_STUCK_PIPE,2014-03-30,0.0,Unknown,,0.0,0.0,EVT_STUCK_PIPE,stuck_pipe,critical,real_volve,False,0.85
NO,NO_2014-03-31_EVT_ROUTINE_DRILLING,2014-03-31,139.0,Unknown,,0.0,0.0,EVT_ROUTINE_DRILLING,none,none,real_volve,False,0.95
NO,NO_2014-04-01_EVT_ROUTINE_DRILLING,2014-04-01,160.0,Unknown,,0.0,0.0,EVT_ROUTINE_DRILLING,none,none,real_volve,False,0.95
NO,NO_2014-04-02_EVT_ROUTINE_DRILLING,2014-04-02,160.0,Unknown,,0.0,0.0,EVT_ROUTINE_DRILLING,none,none,real_volve,False,0.95
NO,NO_2014-04-03_EVT_ROUTINE_DRILLING,2014-04-03,636.0,Unknown,,0.0,0.0,EVT_ROUTINE_DRILLING,none,none,real_volve,False,0.95
NO,NO_2014-04-04_EVT_ROUTINE_DRILLING,2014-04-04,2440.0,Unknown,,0.0,0.0,EVT_ROUTINE_DRILLING,none,none,real_volve,False,0.95
NO,NO_2014-04-05_EVT_ROUTINE_DRILLING,2014-04-05,2920.0,Unknown,,0.0,0.0,EVT_ROUTINE_DRILLING,none,none,real_volve,False,0.95
NO,NO_2014-04-06_EVT_ROUTINE_DRILLING,2014-04-06,0.0,Unknown,,0.0,0.0,EVT_ROUTINE_DRILLING,none,none,real_volve,False,0.95
NO,NO_2014-04-07_EVT_ROUTINE_DRILLING,2014-04-07,0.0,Unknown,,0.0,0.0,EVT_ROUTINE_DRILLING,none,none,real_volve,False,0.95
NO,NO_2014-04-08_EVT_ROUTINE_DRILLING,2014-04-08,0.0,Unknown,,0.0,0.0,EVT_ROUTINE_DRILLING,none,none,real_volve,False,0.95
NO,NO_2014-04-09_EVT_ROUTINE_DRILLING,2014-04-09,4010.0,Unknown,,0.0,0.0,EVT_ROUTINE_DRILLING,none,none,real_volve,False,0.95
NO,NO_2014-04-10_EVT_ROUTINE_DRILLING,2014-04-10,3973.0,Unknown,,0.0,0.0,EVT_ROUTINE_DRILLING,none,none,real_volve,False,0.95
NO,NO_2014-04-11_EVT_ROUTINE_DRILLING,2014-04-11,3918.0,Unknown,,0.0,0.0,EVT_ROUTINE_DRILLING,none,none,real_volve,False,0.95
NO,NO_2014-04-12_EVT_ROUTINE_DRILLING,2014-04-12,3888.0,Unknown,,0.0,0.0,EVT_ROUTINE_DRILLING,none,none,real_volve,False,0.95
NO,NO_2014-04-13_EVT_ROUTINE_DRILLING,2014-04-13,30.0,Unknown,,0.0,0.0,EVT_ROUTINE_DRILLING,none,none,real_volve,False,0.95
NO,NO_2014-04-14_EVT_ROUTINE_DRILLING,2014-04-14,3250.0,Unknown,,0.0,0.0,EVT_ROUTINE_DRILLING,none,none,real_volve,False,0.95
NO,NO_2014-04-15_EVT_ROUTINE_DRILLING,2014-04-15,3845.0,Unknown,,0.0,0.0,EVT_ROUTINE_DRILLING,none,none,real_volve,False,0.95
NO,NO_2014-04-16_EVT_ROUTINE_DRILLING,2014-04-16,3804.0,Unknown,,0.0,0.0,EVT_ROUTINE_DRILLING,none,none,real_volve,False,0.95
NO,NO_2014-04-17_EVT_ROUTINE_DRILLING,2014-04-17,3658.0,Unknown,,0.0,0.0,EVT_ROUTINE_DRILLING,none,none,real_volve,False,0.95
NO,NO_2014-04-18_EVT_ROUTINE_DRILLING,2014-04-18,3609.0,Unknown,,0.0,0.0,EVT_ROUTINE_DRILLING,none,none,real_volve,False,0.95
NO,NO_2014-04-19_EVT_ROUTINE_DRILLING,2014-04-19,3588.0,Unknown,,0.0,0.0,EVT_ROUTINE_DRILLING,none,none,real_volve,False,0.95
NO,NO_2014-04-20_EVT_ROUTINE_DRILLING,2014-04-20,0.0,Unknown,,0.0,0.0,EVT_ROUTINE_DRILLING,none,none,real_volve,False,0.95
NO,NO_2014-04-21_EVT_ROUTINE_DRILLING,2014-04-21,0.0,Unknown,,0.0,0.0,EVT_ROUTINE_DRILLING,none,none,real_volve,False,0.95
NO,NO_2014-11-27_EVT_ROUTINE_DRILLING,2014-11-27,0.0,Unknown,,0.0,0.0,EVT_ROUTINE_DRILLING,none,none,real_volve,False,0.95
NO,NO_2014-11-28_EVT_ROUTINE_DRILLING,2014-11-28,3480.0,Unknown,,0.0,0.0,EVT_ROUTINE_DRILLING,none,none,real_volve,False,0.95
NO,NO_2014-11-29_EVT_BOP_SHUTIN,2014-11-29,0.0,Unknown,,0.0,0.0,EVT_BOP_SHUTIN,kick,critical,real_volve,False,0.85
NO,NO_2014-11-30_EVT_BOP_SHUTIN,2014-11-30,0.0,Unknown,,0.0,0.0,EVT_BOP_SHUTIN,kick,critical,real_volve,False,0.85
NO,NO_2014-12-01_EVT_ROUTINE_DRILLING,2014-12-01,0.0,Unknown,,0.0,0.0,EVT_ROUTINE_DRILLING,none,none,real_volve,False,0.95
NO,NO_2014-12-02_EVT_ROUTINE_DRILLING,2014-12-02,0.0,Unknown,,0.0,0.0,EVT_ROUTINE_DRILLING,none,none,real_volve,False,0.95
NO,NO_2014-12-03_EVT_ROUTINE_DRILLING,2014-12-03,37426.0,Unknown,,0.0,0.0,EVT_ROUTINE_DRILLING,none,none,real_volve,False,0.95
NO,NO_2014-12-04_EVT_ROUTINE_DRILLING,2014-12-04,0.0,Unknown,,0.0,0.0,EVT_ROUTINE_DRILLING,none,none,real_volve,False,0.95
NO,NO_2014-12-05_EVT_ROUTINE_DRILLING,2014-12-05,0.0,Unknown,,0.0,0.0,EVT_ROUTINE_DRILLING,none,none,real_volve,False,0.95
NO,NO_2014-12-06_EVT_ROUTINE_DRILLING,2014-12-06,0.0,Unknown,,0.0,0.0,EVT_ROUTINE_DRILLING,none,none,real_volve,False,0.95
NO,NO_2007-06-09_EVT_ROUTINE_DRILLING,2007-06-09,192.0,Unknown,,0.0,0.0,EVT_ROUTINE_DRILLING,none,none,real_volve,False,0.95
NO,NO_2007-06-10_EVT_ROUTINE_DRILLING,2007-06-10,2565.0,Unknown,35.0,0.0,0.0,EVT_ROUTINE_DRILLING,none,none,real_volve,False,0.95
NO,NO_2007-06-11_EVT_ROUTINE_DRILLING,2007-06-11,200.0,Unknown,,0.0,0.0,EVT_ROUTINE_DRILLING,none,none,real_volve,False,0.95
NO,NO_2007-06-12_EVT_ROUTINE_DRILLING,2007-06-12,0.0,Unknown,,0.0,0.0,EVT_ROUTINE_DRILLING,none,none,real_volve,False,0.95
NO,NO_2007-06-13_EVT_ROUTINE_DRILLING,2007-06-13,0.0,Unknown,,0.0,0.0,EVT_ROUTINE_DRILLING,none,none,real_volve,False,0.95
NO,NO_2007-10-12_EVT_ROUTINE_DRILLING,2007-10-12,247.0,Unknown,,0.0,0.0,EVT_ROUTINE_DRILLING,none,none,real_volve,False,0.95
NO,NO_2007-10-13_EVT_ROUTINE_DRILLING,2007-10-13,265.0,Unknown,,0.0,0.0,EVT_ROUTINE_DRILLING,none,none,real_volve,False,0.95
NO,NO_2007-10-14_EVT_ROUTINE_DRILLING,2007-10-14,560.0,Unknown,,0.0,0.0,EVT_ROUTINE_DRILLING,none,none,real_volve,False,0.95
NO,NO_2007-10-15_EVT_ROUTINE_DRILLING,2007-10-15,1202.0,Unknown,40.0,0.0,0.0,EVT_ROUTINE_DRILLING,none,none,real_volve,False,0.95
NO,NO_2007-10-16_EVT_ROUTINE_DRILLING,2007-10-16,800.0,Unknown,,0.0,0.0,EVT_ROUTINE_DRILLING,none,none,real_volve,False,0.95
NO,NO_2007-10-17_EVT_ROUTINE_DRILLING,2007-10-17,0.0,Unknown,,0.0,0.0,EVT_ROUTINE_DRILLING,none,none,real_volve,False,0.95
NO,NO_2007-10-18_EVT_ROUTINE_DRILLING,2007-10-18,110.0,Unknown,,0.0,0.0,EVT_ROUTINE_DRILLING,none,none,real_volve,False,0.95
NO,NO_2007-10-19_EVT_ROUTINE_DRILLING,2007-10-19,0.0,Unknown,,0.0,0.0,EVT_ROUTINE_DRILLING,none,none,real_volve,False,0.95
NO,NO_2007-10-20_EVT_ROUTINE_DRILLING,2007-10-20,0.0,Unknown,,0.0,0.0,EVT_ROUTINE_DRILLING,none,none,real_volve,False,0.95
NO,NO_2007-10-21_EVT_ROUTINE_DRILLING,2007-10-21,600.0,Unknown,,0.0,0.0,EVT_ROUTINE_DRILLING,none,none,real_volve,False,0.95
NO,NO_2007-10-22_EVT_ROUTINE_DRILLING,2007-10-22,600.0,Unknown,53.0,0.0,0.0,EVT_ROUTINE_DRILLING,none,none,real_volve,False,0.95
NO,NO_2007-10-23_EVT_ROUTINE_DRILLING,2007-10-23,1363.0,Unknown,53.0,0.0,0.0,EVT_ROUTINE_DRILLING,none,none,real_volve,False,0.95
NO,NO_2007-10-24_EVT_ROUTINE_DRILLING,2007-10-24,1585.0,Unknown,,0.0,0.0,EVT_ROUTINE_DRILLING,none,none,real_volve,False,0.95
NO,NO_2007-10-25_EVT_ROUTINE_DRILLING,2007-10-25,1706.0,Unknown,,0.0,0.0,EVT_ROUTINE_DRILLING,none,none,real_volve,False,0.95
NO,NO_2007-10-26_EVT_ROUTINE_DRILLING,2007-10-26,1787.0,Unknown,,0.0,0.0,EVT_ROUTINE_DRILLING,none,none,real_volve,False,0.95
NO,NO_2007-10-27_EVT_ROUTINE_DRILLING,2007-10-27,2275.0,Unknown,,0.0,0.0,EVT_ROUTINE_DRILLING,none,none,real_volve,False,0.95
NO,NO_2007-10-28_EVT_ROUTINE_DRILLING,2007-10-28,2626.0,Unknown,,0.0,0.0,EVT_ROUTINE_DRILLING,none,none,real_volve,False,0.95
NO,NO_2007-10-29_EVT_ROUTINE_DRILLING,2007-10-29,2525.0,Unknown,,0.0,0.0,EVT_ROUTINE_DRILLING,none,none,real_volve,False,0.95
NO,NO_2007-10-30_EVT_ROUTINE_DRILLING,2007-10-30,587.0,Unknown,,0.0,0.0,EVT_ROUTINE_DRILLING,none,none,real_volve,False,0.95
NO,NO_2007-10-31_EVT_ROUTINE_DRILLING,2007-10-31,1858.0,Unknown,,0.0,0.0,EVT_ROUTINE_DRILLING,none,none,real_volve,False,0.95
NO,NO_2007-11-01_EVT_ROUTINE_DRILLING,2007-11-01,2617.0,Unknown,,0.0,0.0,EVT_ROUTINE_DRILLING,none,none,real_volve,False,0.95
NO,NO_2007-11-02_EVT_ROUTINE_DRILLING,2007-11-02,139.0,Unknown,,0.0,0.0,EVT_ROUTINE_DRILLING,none,none,real_volve,False,0.95
NO,NO_2007-11-03_EVT_ROUTINE_DRILLING,2007-11-03,0.0,Unknown,,0.0,0.0,EVT_ROUTINE_DRILLING,none,none,real_volve,False,0.95
NO,NO_2007-11-04_EVT_ROUTINE_DRILLING,2007-11-04,0.0,Unknown,,0.0,0.0,EVT_ROUTINE_DRILLING,none,none,real_volve,False,0.95
NO,NO_2007-11-05_EVT_ROUTINE_DRILLING,2007-11-05,0.0,Unknown,,0.0,0.0,EVT_ROUTINE_DRILLING,none,none,real_volve,False,0.95
NO,NO_2008-02-04_EVT_ROUTINE_DRILLING,2008-02-04,0.0,Unknown,,0.0,0.0,EVT_ROUTINE_DRILLING,none,none,real_volve,False,0.95
NO,NO_2008-02-05_EVT_ROUTINE_DRILLING,2008-02-05,0.0,Unknown,,0.0,0.0,EVT_ROUTINE_DRILLING,none,none,real_volve,False,0.95
NO,NO_2008-02-06_EVT_ROUTINE_DRILLING,2008-02-06,0.0,Unknown,,0.0,0.0,EVT_ROUTINE_DRILLING,none,none,real_volve,False,0.95
NO,NO_2008-02-07_EVT_ROUTINE_DRILLING,2008-02-07,280.0,Unknown,,0.0,0.0,EVT_ROUTINE_DRILLING,none,none,real_volve,False,0.95
NO,NO_2008-02-08_EVT_ROUTINE_DRILLING,2008-02-08,2734.0,Unknown,,0.0,0.0,EVT_ROUTINE_DRILLING,none,none,real_volve,False,0.95
NO,NO_2008-02-09_EVT_ROUTINE_DRILLING,2008-02-09,2774.0,Unknown,65.0,0.0,0.0,EVT_ROUTINE_DRILLING,none,none,real_volve,False,0.95
NO,NO_2008-02-10_EVT_ROUTINE_DRILLING,2008-02-10,0.0,Unknown,,0.0,0.0,EVT_ROUTINE_DRILLING,none,none,real_volve,False,0.95
NO,NO_2008-02-13_EVT_ROUTINE_DRILLING,2008-02-13,2993.0,Unknown,59.0,0.0,0.0,EVT_ROUTINE_DRILLING,none,none,real_volve,False,0.95
NO,NO_2008-02-14_EVT_ROUTINE_DRILLING,2008-02-14,3064.0,Unknown,,0.0,0.0,EVT_ROUTINE_DRILLING,none,none,real_volve,False,0.95
NO,NO_2008-02-15_EVT_ROUTINE_DRILLING,2008-02-15,3346.0,Unknown,,0.0,0.0,EVT_ROUTINE_DRILLING,none,none,real_volve,False,0.95
NO,NO_2008-02-16_EVT_ROUTINE_DRILLING,2008-02-16,0.0,Unknown,,0.0,0.0,EVT_ROUTINE_DRILLING,none,none,real_volve,False,0.95
NO,NO_2008-02-17_EVT_ROUTINE_DRILLING,2008-02-17,0.0,Unknown,,0.0,0.0,EVT_ROUTINE_DRILLING,none,none,real_volve,False,0.95
NO,NO_2008-02-18_EVT_STUCK_PIPE,2008-02-18,3245.0,Unknown,,0.0,0.0,EVT_STUCK_PIPE,stuck_pipe,critical,real_volve,False,0.85
NO,NO_2008-02-19_EVT_FISHING,2008-02-19,268.0,Unknown,,0.0,0.0,EVT_FISHING,stuck_pipe,high,real_volve,False,0.85
NO,NO_2008-02-20_EVT_ROUTINE_DRILLING,2008-02-20,268.0,Unknown,,0.0,0.0,EVT_ROUTINE_DRILLING,none,none,real_volve,False,0.95
NO,NO_2008-02-21_EVT_ROUTINE_DRILLING,2008-02-21,1438.0,Unknown,,0.0,0.0,EVT_ROUTINE_DRILLING,none,none,real_volve,False,0.95
NO,NO_2008-02-22_EVT_ROUTINE_DRILLING,2008-02-22,2704.0,Unknown,,0.0,0.0,EVT_ROUTINE_DRILLING,none,none,real_volve,False,0.95
NO,NO_2008-02-23_EVT_ROUTINE_DRILLING,2008-02-23,3221.0,Unknown,,0.0,0.0,EVT_ROUTINE_DRILLING,none,none,real_volve,False,0.95
NO,NO_2008-02-24_EVT_ROUTINE_DRILLING,2008-02-24,3750.0,Unknown,,0.0,0.0,EVT_ROUTINE_DRILLING,none,none,real_volve,False,0.95
NO,NO_2008-02-25_EVT_ROUTINE_DRILLING,2008-02-25,2750.0,Unknown,,0.0,0.0,EVT_ROUTINE_DRILLING,none,none,real_volve,False,0.95
NO,NO_2008-02-26_EVT_ROUTINE_DRILLING,2008-02-26,2759.0,Unknown,,0.0,0.0,EVT_ROUTINE_DRILLING,none,none,real_volve,False,0.95
NO,NO_2008-02-27_EVT_ROUTINE_DRILLING,2008-02-27,2750.0,Unknown,,0.0,0.0,EVT_ROUTINE_DRILLING,none,none,real_volve,False,0.95
NO,NO_2008-02-28_EVT_ROUTINE_DRILLING,2008-02-28,844.0,Unknown,,0.0,0.0,EVT_ROUTINE_DRILLING,none,none,real_volve,False,0.95
NO,NO_2008-02-29_EVT_TIGHT_HOLE,2008-02-29,860.0,Unknown,,0.0,0.0,EVT_TIGHT_HOLE,stuck_pipe,medium,real_volve,False,0.85
NO,NO_2008-03-01_EVT_FISHING,2008-03-01,3340.0,Unknown,,0.0,0.0,EVT_FISHING,stuck_pipe,high,real_volve,False,0.85
NO,NO_2008-03-02_EVT_FISHING,2008-03-02,11.0,Unknown,,0.0,0.0,EVT_FISHING,stuck_pipe,high,real_volve,False,0.85
NO,NO_2008-03-03_EVT_ROUTINE_DRILLING,2008-03-03,693.0,Unknown,,0.0,0.0,EVT_ROUTINE_DRILLING,none,none,real_volve,False,0.95
NO,NO_2008-03-04_EVT_ROUTINE_DRILLING,2008-03-04,2716.0,Unknown,,0.0,0.0,EVT_ROUTINE_DRILLING,none,none,real_volve,False,0.95
NO,NO_2008-03-05_EVT_ROUTINE_DRILLING,2008-03-05,2751.0,Unknown,,0.0,0.0,EVT_ROUTINE_DRILLING,none,none,real_volve,False,0.95
NO,NO_2008-03-06_EVT_TIGHT_HOLE,2008-03-06,3320.0,Unknown,,0.0,0.0,EVT_TIGHT_HOLE,stuck_pipe,medium,real_volve,False,0.85
NO,NO_2008-03-07_EVT_ROUTINE_DRILLING,2008-03-07,928.0,Unknown,,0.0,0.0,EVT_ROUTINE_DRILLING,none,none,real_volve,False,0.95
NO,NO_2008-03-08_EVT_ROUTINE_DRILLING,2008-03-08,812.0,Unknown,,0.0,0.0,EVT_ROUTINE_DRILLING,none,none,real_volve,False,0.95
NO,NO_2008-03-09_EVT_FISHING,2008-03-09,738.0,Unknown,,0.0,0.0,EVT_FISHING,stuck_pipe,high,real_volve,False,0.85
NO,NO_2008-03-10_EVT_ROUTINE_DRILLING,2008-03-10,671.0,Unknown,,0.0,0.0,EVT_ROUTINE_DRILLING,none,none,real_volve,False,0.95
NO,NO_2008-03-11_EVT_ROUTINE_DRILLING,2008-03-11,1977.0,Unknown,,0.0,0.0,EVT_ROUTINE_DRILLING,none,none,real_volve,False,0.95
NO,NO_2008-03-12_EVT_ROUTINE_DRILLING,2008-03-12,1977.0,Unknown,,0.0,0.0,EVT_ROUTINE_DRILLING,none,none,real_volve,False,0.95
NO,NO_2008-03-13_EVT_ROUTINE_DRILLING,2008-03-13,3448.0,Unknown,45.0,0.0,0.0,EVT_ROUTINE_DRILLING,none,none,real_volve,False,0.95
NO,NO_2008-03-14_EVT_ROUTINE_DRILLING,2008-03-14,3380.0,Unknown,,0.0,0.0,EVT_ROUTINE_DRILLING,none,none,real_volve,False,0.95
NO,NO_2008-03-15_EVT_ROUTINE_DRILLING,2008-03-15,0.0,Unknown,3.0,0.0,0.0,EVT_ROUTINE_DRILLING,none,none,real_volve,False,0.95
NO,NO_2008-03-16_EVT_ROUTINE_DRILLING,2008-03-16,0.0,Unknown,,0.0,0.0,EVT_ROUTINE_DRILLING,none,none,real_volve,False,0.95
NO,NO_2008-03-17_EVT_ROUTINE_DRILLING,2008-03-17,5.0,Unknown,,0.0,0.0,EVT_ROUTINE_DRILLING,none,none,real_volve,False,0.95
NO,NO_2008-03-18_EVT_ROUTINE_DRILLING,2008-03-18,0.0,Unknown,,0.0,0.0,EVT_ROUTINE_DRILLING,none,none,real_volve,False,0.95
NO,NO_2008-03-19_EVT_ROUTINE_DRILLING,2008-03-19,0.0,Unknown,,0.0,0.0,EVT_ROUTINE_DRILLING,none,none,real_volve,False,0.95
NO,NO_2008-03-20_EVT_ROUTINE_DRILLING,2008-03-20,0.0,Unknown,,0.0,0.0,EVT_ROUTINE_DRILLING,none,none,real_volve,False,0.95
NO,NO_2008-03-21_EVT_ROUTINE_DRILLING,2008-03-21,0.0,Unknown,,0.0,0.0,EVT_ROUTINE_DRILLING,none,none,real_volve,False,0.95
NO,NO_2008-03-22_EVT_ROUTINE_DRILLING,2008-03-22,0.0,Unknown,,0.0,0.0,EVT_ROUTINE_DRILLING,none,none,real_volve,False,0.95
NO,NO_2008-03-23_EVT_ROUTINE_DRILLING,2008-03-23,0.0,Unknown,,0.0,0.0,EVT_ROUTINE_DRILLING,none,none,real_volve,False,0.95
NO,NO_2008-03-24_EVT_ROUTINE_DRILLING,2008-03-24,0.0,Unknown,,0.0,0.0,EVT_ROUTINE_DRILLING,none,none,real_volve,False,0.95
NO,NO_2008-03-25_EVT_ROUTINE_DRILLING,2008-03-25,0.0,Unknown,,0.0,0.0,EVT_ROUTINE_DRILLING,none,none,real_volve,False,0.95
NO,NO_2008-03-26_EVT_BOP_SHUTIN,2008-03-26,0.0,Unknown,,0.0,0.0,EVT_BOP_SHUTIN,kick,critical,real_volve,False,0.85
NO,NO_2008-03-27_EVT_ROUTINE_DRILLING,2008-03-27,140.0,Unknown,,0.0,0.0,EVT_ROUTINE_DRILLING,none,none,real_volve,False,0.95
NO,NO_2008-03-28_EVT_ROUTINE_DRILLING,2008-03-28,0.0,Unknown,,0.0,0.0,EVT_ROUTINE_DRILLING,none,none,real_volve,False,0.95
NO,NO_2008-03-29_EVT_ROUTINE_DRILLING,2008-03-29,0.0,Unknown,,0.0,0.0,EVT_ROUTINE_DRILLING,none,none,real_volve,False,0.95
NO,NO_2008-03-30_EVT_ROUTINE_DRILLING,2008-03-30,0.0,Unknown,,0.0,0.0,EVT_ROUTINE_DRILLING,none,none,real_volve,False,0.95
NO,NO_2008-03-31_EVT_TIGHT_HOLE,2008-03-31,0.0,Unknown,,0.0,0.0,EVT_TIGHT_HOLE,stuck_pipe,medium,real_volve,False,0.85
NO,NO_2008-04-01_EVT_ROUTINE_DRILLING,2008-04-01,0.0,Unknown,,0.0,0.0,EVT_ROUTINE_DRILLING,none,none,real_volve,False,0.95
NO,NO_2008-04-02_EVT_ROUTINE_DRILLING,2008-04-02,0.0,Unknown,3.0,0.0,0.0,EVT_ROUTINE_DRILLING,none,none,real_volve,False,0.95
NO,NO_2008-04-03_EVT_TORQUE_UP,2008-04-03,0.0,Unknown,,0.0,0.0,EVT_TORQUE_UP,torque_spike,medium,real_volve,False,0.85
NO,NO_2008-04-04_EVT_ROUTINE_DRILLING,2008-04-04,0.0,Unknown,,0.0,0.0,EVT_ROUTINE_DRILLING,none,none,real_volve,False,0.95
NO,NO_2008-04-05_EVT_ROUTINE_DRILLING,2008-04-05,0.0,Unknown,,0.0,0.0,EVT_ROUTINE_DRILLING,none,none,real_volve,False,0.95
NO,NO_2008-04-06_EVT_ROUTINE_DRILLING,2008-04-06,580.0,Unknown,,0.0,0.0,EVT_ROUTINE_DRILLING,none,none,real_volve,False,0.95
NO,NO_2008-04-07_EVT_ROUTINE_DRILLING,2008-04-07,615.0,Unknown,,0.0,0.0,EVT_ROUTINE_DRILLING,none,none,real_volve,False,0.95
NO,NO_2008-04-08_EVT_TORQUE_UP,2008-04-08,750.0,Unknown,,0.0,0.0,EVT_TORQUE_UP,torque_spike,medium,real_volve,False,0.85
NO,NO_2008-04-09_EVT_ROUTINE_DRILLING,2008-04-09,750.0,Unknown,,0.0,0.0,EVT_ROUTINE_DRILLING,none,none,real_volve,False,0.95
NO,NO_2008-04-10_EVT_ROUTINE_DRILLING,2008-04-10,2164.0,Unknown,,0.0,0.0,EVT_ROUTINE_DRILLING,none,none,real_volve,False,0.95
NO,NO_2008-04-11_EVT_ROUTINE_DRILLING,2008-04-11,0.0,Unknown,,0.0,0.0,EVT_ROUTINE_DRILLING,none,none,real_volve,False,0.95
NO,NO_2008-04-12_EVT_ROUTINE_DRILLING,2008-04-12,0.0,Unknown,,0.0,0.0,EVT_ROUTINE_DRILLING,none,none,real_volve,False,0.95
NO,NO_2008-04-13_EVT_ROUTINE_DRILLING,2008-04-13,0.0,Unknown,,0.0,0.0,EVT_ROUTINE_DRILLING,none,none,real_volve,False,0.95
NO,NO_2008-04-14_EVT_ROUTINE_DRILLING,2008-04-14,0.0,Unknown,,0.0,0.0,EVT_ROUTINE_DRILLING,none,none,real_volve,False,0.95
NO,NO_2008-04-15_EVT_ROUTINE_DRILLING,2008-04-15,0.0,Unknown,,0.0,0.0,EVT_ROUTINE_DRILLING,none,none,real_volve,False,0.95
NO,NO_2008-04-16_EVT_ROUTINE_DRILLING,2008-04-16,0.0,Unknown,,0.0,0.0,EVT_ROUTINE_DRILLING,none,none,real_volve,False,0.95
NO,NO_2008-04-17_EVT_ROUTINE_DRILLING,2008-04-17,0.0,Unknown,,0.0,0.0,EVT_ROUTINE_DRILLING,none,none,real_volve,False,0.95
NO,NO_2008-04-18_EVT_ROUTINE_DRILLING,2008-04-18,7.0,Unknown,,0.0,0.0,EVT_ROUTINE_DRILLING,none,none,real_volve,False,0.95
NO,NO_2008-04-19_EVT_ROUTINE_DRILLING,2008-04-19,0.0,Unknown,,0.0,0.0,EVT_ROUTINE_DRILLING,none,none,real_volve,False,0.95
NO,NO_2008-04-20_EVT_ROUTINE_DRILLING,2008-04-20,3390.0,Unknown,,0.0,0.0,EVT_ROUTINE_DRILLING,none,none,real_volve,False,0.95
NO,NO_2008-04-21_EVT_ROUTINE_DRILLING,2008-04-21,1800.0,Unknown,,0.0,0.0,EVT_ROUTINE_DRILLING,none,none,real_volve,False,0.95
NO,NO_2008-04-22_EVT_ROUTINE_DRILLING,2008-04-22,0.0,Unknown,,0.0,0.0,EVT_ROUTINE_DRILLING,none,none,real_volve,False,0.95
NO,NO_2010-09-23_EVT_ROUTINE_DRILLING,2010-09-23,0.0,Unknown,,0.0,0.0,EVT_ROUTINE_DRILLING,none,none,real_volve,False,0.95
NO,NO_2010-09-24_EVT_ROUTINE_DRILLING,2010-09-24,3400.0,Unknown,,0.0,0.0,EVT_ROUTINE_DRILLING,none,none,real_volve,False,0.95
NO,NO_2010-09-25_EVT_ROUTINE_DRILLING,2010-09-25,3230.0,Unknown,,0.0,0.0,EVT_ROUTINE_DRILLING,none,none,real_volve,False,0.95
NO,NO_2010-09-26_EVT_ROUTINE_DRILLING,2010-09-26,0.0,Unknown,,0.0,0.0,EVT_ROUTINE_DRILLING,none,none,real_volve,False,0.95
NO,NO_2012-09-11_EVT_ROUTINE_DRILLING,2012-09-11,0.0,Unknown,,0.0,0.0,EVT_ROUTINE_DRILLING,none,none,real_volve,False,0.95
NO,NO_2012-09-12_EVT_ROUTINE_DRILLING,2012-09-12,0.0,Unknown,,0.0,0.0,EVT_ROUTINE_DRILLING,none,none,real_volve,False,0.95
NO,NO_2012-09-13_EVT_ROUTINE_DRILLING,2012-09-13,0.0,Unknown,,0.0,0.0,EVT_ROUTINE_DRILLING,none,none,real_volve,False,0.95
NO,NO_2012-09-14_EVT_ROUTINE_DRILLING,2012-09-14,0.0,Unknown,,0.0,0.0,EVT_ROUTINE_DRILLING,none,none,real_volve,False,0.95
NO,NO_2012-09-15_EVT_ROUTINE_DRILLING,2012-09-15,0.0,Unknown,,0.0,0.0,EVT_ROUTINE_DRILLING,none,none,real_volve,False,0.95
NO,NO_2007-11-14_EVT_ROUTINE_DRILLING,2007-11-14,0.0,Unknown,,0.0,0.0,EVT_ROUTINE_DRILLING,none,none,real_volve,False,0.95
NO,NO_2007-11-15_EVT_ROUTINE_DRILLING,2007-11-15,144.0,Unknown,,0.0,0.0,EVT_ROUTINE_DRILLING,none,none,real_volve,False,0.95
NO,NO_2007-11-16_EVT_TIGHT_HOLE,2007-11-16,164.0,Unknown,,0.0,0.0,EVT_TIGHT_HOLE,stuck_pipe,medium,real_volve,False,0.85
NO,NO_2007-11-17_EVT_ROUTINE_DRILLING,2007-11-17,8.0,Unknown,,0.0,0.0,EVT_ROUTINE_DRILLING,none,none,real_volve,False,0.95
NO,NO_2007-11-18_EVT_ROUTINE_DRILLING,2007-11-18,0.0,Unknown,,0.0,0.0,EVT_ROUTINE_DRILLING,none,none,real_volve,False,0.95
NO,NO_2007-12-17_EVT_ROUTINE_DRILLING,2007-12-17,233.0,Unknown,,0.0,0.0,EVT_ROUTINE_DRILLING,none,none,real_volve,False,0.95
NO,NO_2007-12-18_EVT_ROUTINE_DRILLING,2007-12-18,233.0,Unknown,,0.0,0.0,EVT_ROUTINE_DRILLING,none,none,real_volve,False,0.95
NO,NO_2007-12-19_EVT_ROUTINE_DRILLING,2007-12-19,475.0,Unknown,,0.0,0.0,EVT_ROUTINE_DRILLING,none,none,real_volve,False,0.95
NO,NO_2007-12-20_EVT_TIGHT_HOLE,2007-12-20,1101.0,Unknown,40.0,0.0,0.0,EVT_TIGHT_HOLE,stuck_pipe,medium,real_volve,False,0.85
NO,NO_2007-12-21_EVT_ROUTINE_DRILLING,2007-12-21,1250.0,Unknown,,0.0,0.0,EVT_ROUTINE_DRILLING,none,none,real_volve,False,0.95
NO,NO_2007-12-22_EVT_ROUTINE_DRILLING,2007-12-22,14047.0,Unknown,,0.0,0.0,EVT_ROUTINE_DRILLING,none,none,real_volve,False,0.95
NO,NO_2008-07-10_EVT_ROUTINE_DRILLING,2008-07-10,0.0,Unknown,,0.0,0.0,EVT_ROUTINE_DRILLING,none,none,real_volve,False,0.95
NO,NO_2008-07-11_EVT_ROUTINE_DRILLING,2008-07-11,0.0,Unknown,,0.0,0.0,EVT_ROUTINE_DRILLING,none,none,real_volve,False,0.95
NO,NO_2008-07-12_EVT_TIGHT_HOLE,2008-07-12,0.0,Unknown,,0.0,0.0,EVT_TIGHT_HOLE,stuck_pipe,medium,real_volve,False,0.85
NO,NO_2008-07-13_EVT_ROUTINE_DRILLING,2008-07-13,92.0,Unknown,,0.0,0.0,EVT_ROUTINE_DRILLING,none,none,real_volve,False,0.95
NO,NO_2008-07-14_EVT_ROUTINE_DRILLING,2008-07-14,92.0,Unknown,35.0,0.0,0.0,EVT_ROUTINE_DRILLING,none,none,real_volve,False,0.95
NO,NO_2008-07-15_EVT_ROUTINE_DRILLING,2008-07-15,3.0,Unknown,,0.0,0.0,EVT_ROUTINE_DRILLING,none,none,real_volve,False,0.95
NO,NO_2008-07-16_EVT_ROUTINE_DRILLING,2008-07-16,1653.0,Unknown,,0.0,0.0,EVT_ROUTINE_DRILLING,none,none,real_volve,False,0.95
NO,NO_2008-07-17_EVT_ROUTINE_DRILLING,2008-07-17,1895.0,Unknown,,0.0,0.0,EVT_ROUTINE_DRILLING,none,none,real_volve,False,0.95
NO,NO_2008-07-18_EVT_TORQUE_UP,2008-07-18,2405.0,Unknown,,0.0,0.0,EVT_TORQUE_UP,torque_spike,medium,real_volve,False,0.85
NO,NO_2008-07-19_EVT_ROUTINE_DRILLING,2008-07-19,2641.0,Unknown,,0.0,0.0,EVT_ROUTINE_DRILLING,none,none,real_volve,False,0.95
NO,NO_2008-07-20_EVT_ROUTINE_DRILLING,2008-07-20,2818.0,Unknown,,0.0,0.0,EVT_ROUTINE_DRILLING,none,none,real_volve,False,0.95
NO,NO_2008-07-21_EVT_ROUTINE_DRILLING,2008-07-21,0.0,Unknown,,0.0,0.0,EVT_ROUTINE_DRILLING,none,none,real_volve,False,0.95
NO,NO_2008-07-22_EVT_ROUTINE_DRILLING,2008-07-22,2778.0,Unknown,,0.0,0.0,EVT_ROUTINE_DRILLING,none,none,real_volve,False,0.95
NO,NO_2008-07-23_EVT_ROUTINE_DRILLING,2008-07-23,2921.0,Unknown,,0.0,0.0,EVT_ROUTINE_DRILLING,none,none,real_volve,False,0.95
NO,NO_2008-07-24_EVT_ROUTINE_DRILLING,2008-07-24,2551.0,Unknown,,0.0,0.0,EVT_ROUTINE_DRILLING,none,none,real_volve,False,0.95
NO,NO_2008-07-25_EVT_ROUTINE_DRILLING,2008-07-25,2892.0,Unknown,65.0,0.0,0.0,EVT_ROUTINE_DRILLING,none,none,real_volve,False,0.95
NO,NO_2008-07-26_EVT_ROUTINE_DRILLING,2008-07-26,3000.0,Unknown,,0.0,0.0,EVT_ROUTINE_DRILLING,none,none,real_volve,False,0.95
NO,NO_2008-07-27_EVT_ROUTINE_DRILLING,2008-07-27,1844.0,Unknown,,0.0,0.0,EVT_ROUTINE_DRILLING,none,none,real_volve,False,0.95
NO,NO_2008-07-28_EVT_ROUTINE_DRILLING,2008-07-28,3292.0,Unknown,,0.0,0.0,EVT_ROUTINE_DRILLING,none,none,real_volve,False,0.95
NO,NO_2008-07-29_EVT_ROUTINE_DRILLING,2008-07-29,3792.0,Unknown,,0.0,0.0,EVT_ROUTINE_DRILLING,none,none,real_volve,False,0.95
NO,NO_2008-07-30_EVT_ROUTINE_DRILLING,2008-07-30,969.0,Unknown,,0.0,0.0,EVT_ROUTINE_DRILLING,none,none,real_volve,False,0.95
NO,NO_2008-07-31_EVT_ROUTINE_DRILLING,2008-07-31,3793.0,Unknown,,0.0,0.0,EVT_ROUTINE_DRILLING,none,none,real_volve,False,0.95
NO,NO_2008-08-01_EVT_ROUTINE_DRILLING,2008-08-01,2820.0,Unknown,,0.0,0.0,EVT_ROUTINE_DRILLING,none,none,real_volve,False,0.95
NO,NO_2008-08-02_EVT_ROUTINE_DRILLING,2008-08-02,3654.0,Unknown,,0.0,0.0,EVT_ROUTINE_DRILLING,none,none,real_volve,False,0.95
NO,NO_2008-08-03_EVT_ROUTINE_DRILLING,2008-08-03,3735.0,Unknown,,0.0,0.0,EVT_ROUTINE_DRILLING,none,none,real_volve,False,0.95
NO,NO_2008-08-04_EVT_ROUTINE_DRILLING,2008-08-04,920.0,Unknown,,0.0,0.0,EVT_ROUTINE_DRILLING,none,none,real_volve,False,0.95
NO,NO_2008-08-05_EVT_ROUTINE_DRILLING,2008-08-05,0.0,Unknown,,0.0,0.0,EVT_ROUTINE_DRILLING,none,none,real_volve,False,0.95
NO,NO_2008-08-06_EVT_ROUTINE_DRILLING,2008-08-06,24.0,Unknown,,0.0,0.0,EVT_ROUTINE_DRILLING,none,none,real_volve,False,0.95
NO,NO_2008-08-07_EVT_ROUTINE_DRILLING,2008-08-07,0.0,Unknown,,0.0,0.0,EVT_ROUTINE_DRILLING,none,none,real_volve,False,0.95
NO,NO_2008-08-08_EVT_ROUTINE_DRILLING,2008-08-08,0.0,Unknown,,0.0,0.0,EVT_ROUTINE_DRILLING,none,none,real_volve,False,0.95
NO,NO_2008-08-09_EVT_ROUTINE_DRILLING,2008-08-09,0.0,Unknown,,0.0,0.0,EVT_ROUTINE_DRILLING,none,none,real_volve,False,0.95
NO,NO_2008-08-10_EVT_ROUTINE_DRILLING,2008-08-10,0.0,Unknown,,0.0,0.0,EVT_ROUTINE_DRILLING,none,none,real_volve,False,0.95
NO,NO_2008-08-11_EVT_ROUTINE_DRILLING,2008-08-11,1388.0,Unknown,,0.0,0.0,EVT_ROUTINE_DRILLING,none,none,real_volve,False,0.95
NO,NO_2008-08-12_EVT_STUCK_PIPE,2008-08-12,0.0,Unknown,,0.0,0.0,EVT_STUCK_PIPE,stuck_pipe,critical,real_volve,False,0.85
NO,NO_2008-08-13_EVT_ROUTINE_DRILLING,2008-08-13,0.0,Unknown,,0.0,0.0,EVT_ROUTINE_DRILLING,none,none,real_volve,False,0.95
NO,NO_2008-08-14_EVT_ROUTINE_DRILLING,2008-08-14,0.0,Unknown,,0.0,0.0,EVT_ROUTINE_DRILLING,none,none,real_volve,False,0.95
NO,NO_2008-08-15_EVT_ROUTINE_DRILLING,2008-08-15,1330.0,Unknown,,0.0,0.0,EVT_ROUTINE_DRILLING,none,none,real_volve,False,0.95
NO,NO_2008-08-16_EVT_ROUTINE_DRILLING,2008-08-16,2306.0,Unknown,,0.0,0.0,EVT_ROUTINE_DRILLING,none,none,real_volve,False,0.95
NO,NO_2008-08-17_EVT_ROUTINE_DRILLING,2008-08-17,0.0,Unknown,,0.0,0.0,EVT_ROUTINE_DRILLING,none,none,real_volve,False,0.95
NO,NO_2008-08-18_EVT_ROUTINE_DRILLING,2008-08-18,0.0,Unknown,,0.0,0.0,EVT_ROUTINE_DRILLING,none,none,real_volve,False,0.95
NO,NO_2008-08-19_EVT_ROUTINE_DRILLING,2008-08-19,0.0,Unknown,,0.0,0.0,EVT_ROUTINE_DRILLING,none,none,real_volve,False,0.95
NO,NO_2008-08-21_EVT_ROUTINE_DRILLING,2008-08-21,0.0,Unknown,,0.0,0.0,EVT_ROUTINE_DRILLING,none,none,real_volve,False,0.95
NO,NO_2008-08-22_EVT_ROUTINE_DRILLING,2008-08-22,0.0,Unknown,,0.0,0.0,EVT_ROUTINE_DRILLING,none,none,real_volve,False,0.95
NO,NO_2008-08-23_EVT_ROUTINE_DRILLING,2008-08-23,0.0,Unknown,,0.0,0.0,EVT_ROUTINE_DRILLING,none,none,real_volve,False,0.95
NO,NO_2008-08-24_EVT_ROUTINE_DRILLING,2008-08-24,0.0,Unknown,,0.0,0.0,EVT_ROUTINE_DRILLING,none,none,real_volve,False,0.95
NO,NO_2008-08-25_EVT_ROUTINE_DRILLING,2008-08-25,0.0,Unknown,,0.0,0.0,EVT_ROUTINE_DRILLING,none,none,real_volve,False,0.95
NO,NO_2008-08-26_EVT_ROUTINE_DRILLING,2008-08-26,0.0,Unknown,,0.0,0.0,EVT_ROUTINE_DRILLING,none,none,real_volve,False,0.95
NO,NO_2008-10-05_EVT_ROUTINE_DRILLING,2008-10-05,0.0,Unknown,,0.0,0.0,EVT_ROUTINE_DRILLING,none,none,real_volve,False,0.95
NO,NO_2008-10-06_EVT_ROUTINE_DRILLING,2008-10-06,0.0,Unknown,,0.0,0.0,EVT_ROUTINE_DRILLING,none,none,real_volve,False,0.95
NO,NO_2008-10-07_EVT_ROUTINE_DRILLING,2008-10-07,0.0,Unknown,,0.0,0.0,EVT_ROUTINE_DRILLING,none,none,real_volve,False,0.95
NO,NO_2008-10-08_EVT_ROUTINE_DRILLING,2008-10-08,0.0,Unknown,,0.0,0.0,EVT_ROUTINE_DRILLING,none,none,real_volve,False,0.95
NO,NO_2008-10-09_EVT_ROUTINE_DRILLING,2008-10-09,0.0,utsira,20.0,0.0,0.0,EVT_ROUTINE_DRILLING,none,none,real_volve,False,0.95
NO,NO_2008-10-10_EVT_ROUTINE_DRILLING,2008-10-10,380.0,Unknown,9.0,0.0,0.0,EVT_ROUTINE_DRILLING,none,none,real_volve,False,0.95
NO,NO_2008-10-11_EVT_ROUTINE_DRILLING,2008-10-11,409.0,Unknown,10.0,0.0,0.0,EVT_ROUTINE_DRILLING,none,none,real_volve,False,0.95
NO,NO_2008-10-12_EVT_ROUTINE_DRILLING,2008-10-12,0.0,Unknown,,0.0,0.0,EVT_ROUTINE_DRILLING,none,none,real_volve,False,0.95
NO,NO_2008-10-13_EVT_ROUTINE_DRILLING,2008-10-13,0.0,Unknown,,0.0,0.0,EVT_ROUTINE_DRILLING,none,none,real_volve,False,0.95
NO,NO_2008-10-14_EVT_ROUTINE_DRILLING,2008-10-14,0.0,Unknown,,0.0,0.0,EVT_ROUTINE_DRILLING,none,none,real_volve,False,0.95
NO,NO_2008-10-15_EVT_ROUTINE_DRILLING,2008-10-15,3420.0,Unknown,,0.0,0.0,EVT_ROUTINE_DRILLING,none,none,real_volve,False,0.95
NO,NO_2008-10-16_EVT_ROUTINE_DRILLING,2008-10-16,3619.0,Unknown,,0.0,0.0,EVT_ROUTINE_DRILLING,none,none,real_volve,False,0.95
NO,NO_2008-10-17_EVT_ROUTINE_DRILLING,2008-10-17,0.0,Unknown,,0.0,0.0,EVT_ROUTINE_DRILLING,none,none,real_volve,False,0.95
NO,NO_2008-10-18_EVT_ROUTINE_DRILLING,2008-10-18,0.0,Unknown,,0.0,0.0,EVT_ROUTINE_DRILLING,none,none,real_volve,False,0.95
NO,NO_2008-10-19_EVT_ROUTINE_DRILLING,2008-10-19,0.0,Unknown,,0.0,0.0,EVT_ROUTINE_DRILLING,none,none,real_volve,False,0.95
NO,NO_2012-09-15_EVT_ROUTINE_DRILLING,2012-09-15,0.0,Unknown,,0.0,0.0,EVT_ROUTINE_DRILLING,none,none,real_volve,False,0.95
NO,NO_2012-09-16_EVT_ROUTINE_DRILLING,2012-09-16,0.0,Unknown,,0.0,0.0,EVT_ROUTINE_DRILLING,none,none,real_volve,False,0.95
NO,NO_2012-09-17_EVT_ROUTINE_DRILLING,2012-09-17,0.0,Unknown,,0.0,0.0,EVT_ROUTINE_DRILLING,none,none,real_volve,False,0.95
NO,NO_2012-09-18_EVT_ROUTINE_DRILLING,2012-09-18,0.0,Unknown,,0.0,0.0,EVT_ROUTINE_DRILLING,none,none,real_volve,False,0.95
NO,NO_2015-11-02_EVT_ROUTINE_DRILLING,2015-11-02,0.0,Unknown,,0.0,0.0,EVT_ROUTINE_DRILLING,none,none,real_volve,False,0.95
NO,NO_2015-11-03_EVT_ROUTINE_DRILLING,2015-11-03,3450.0,Unknown,,0.0,0.0,EVT_ROUTINE_DRILLING,none,none,real_volve,False,0.95
NO,NO_2015-11-04_EVT_ROUTINE_DRILLING,2015-11-04,3470.0,Unknown,,0.0,0.0,EVT_ROUTINE_DRILLING,none,none,real_volve,False,0.95
NO,NO_2015-11-05_EVT_ROUTINE_DRILLING,2015-11-05,0.0,Unknown,,0.0,0.0,EVT_ROUTINE_DRILLING,none,none,real_volve,False,0.95
NO,NO_2007-09-14_EVT_ROUTINE_DRILLING,2007-09-14,0.0,Unknown,,0.0,0.0,EVT_ROUTINE_DRILLING,none,none,real_volve,False,0.95
NO,NO_2007-09-15_EVT_ROUTINE_DRILLING,2007-09-15,145.0,Unknown,,0.0,0.0,EVT_ROUTINE_DRILLING,none,none,real_volve,False,0.95
NO,NO_2007-09-16_EVT_ROUTINE_DRILLING,2007-09-16,145.0,Unknown,,0.0,0.0,EVT_ROUTINE_DRILLING,none,none,real_volve,False,0.95
NO,NO_2007-09-17_EVT_ROUTINE_DRILLING,2007-09-17,149.0,Unknown,40.0,0.0,0.0,EVT_ROUTINE_DRILLING,none,none,real_volve,False,0.95
NO,NO_2007-09-18_EVT_ROUTINE_DRILLING,2007-09-18,25.0,Unknown,,0.0,0.0,EVT_ROUTINE_DRILLING,none,none,real_volve,False,0.95
NO,NO_2007-09-19_EVT_ROUTINE_DRILLING,2007-09-19,0.0,Unknown,,0.0,0.0,EVT_ROUTINE_DRILLING,none,none,real_volve,False,0.95
NO,NO_2007-09-20_EVT_ROUTINE_DRILLING,2007-09-20,144.0,Unknown,,0.0,0.0,EVT_ROUTINE_DRILLING,none,none,real_volve,False,0.95
NO,NO_2007-09-21_EVT_ROUTINE_DRILLING,2007-09-21,144.0,Unknown,40.0,0.0,0.0,EVT_ROUTINE_DRILLING,none,none,real_volve,False,0.95
NO,NO_2007-09-22_EVT_ROUTINE_DRILLING,2007-09-22,215.0,Unknown,,0.0,0.0,EVT_ROUTINE_DRILLING,none,none,real_volve,False,0.95
NO,NO_2007-09-23_EVT_ROUTINE_DRILLING,2007-09-23,280.0,Unknown,,0.0,0.0,EVT_ROUTINE_DRILLING,none,none,real_volve,False,0.95
NO,NO_2007-09-24_EVT_ROUTINE_DRILLING,2007-09-24,308.0,Unknown,,0.0,0.0,EVT_ROUTINE_DRILLING,none,none,real_volve,False,0.95
NO,NO_2007-09-25_EVT_ROUTINE_DRILLING,2007-09-25,353.0,Unknown,,0.0,0.0,EVT_ROUTINE_DRILLING,none,none,real_volve,False,0.95
NO,NO_2007-09-26_EVT_ROUTINE_DRILLING,2007-09-26,759.0,Unknown,40.0,0.0,0.0,EVT_ROUTINE_DRILLING,none,none,real_volve,False,0.95
NO,NO_2007-09-27_EVT_ROUTINE_DRILLING,2007-09-27,773.0,Unknown,,0.0,0.0,EVT_ROUTINE_DRILLING,none,none,real_volve,False,0.95
NO,NO_2007-09-28_EVT_ROUTINE_DRILLING,2007-09-28,0.0,Unknown,,0.0,0.0,EVT_ROUTINE_DRILLING,none,none,real_volve,False,0.95
NO,NO_2007-09-29_EVT_ROUTINE_DRILLING,2007-09-29,0.0,Unknown,,0.0,0.0,EVT_ROUTINE_DRILLING,none,none,real_volve,False,0.95
NO,NO_2007-09-30_EVT_ROUTINE_DRILLING,2007-09-30,0.0,Unknown,,0.0,0.0,EVT_ROUTINE_DRILLING,none,none,real_volve,False,0.95
NO,NO_2007-10-01_EVT_ROUTINE_DRILLING,2007-10-01,880.0,Unknown,,0.0,0.0,EVT_ROUTINE_DRILLING,none,none,real_volve,False,0.95
NO,NO_2007-10-02_EVT_ROUTINE_DRILLING,2007-10-02,881.0,Unknown,26.0,0.0,0.0,EVT_ROUTINE_DRILLING,none,none,real_volve,False,0.95
NO,NO_2007-10-03_EVT_TIGHT_HOLE,2007-10-03,978.0,Unknown,,0.0,0.0,EVT_TIGHT_HOLE,stuck_pipe,medium,real_volve,False,0.85
NO,NO_2007-10-04_EVT_ROUTINE_DRILLING,2007-10-04,87.0,Unknown,,0.0,0.0,EVT_ROUTINE_DRILLING,none,none,real_volve,False,0.95
NO,NO_2007-10-05_EVT_ROUTINE_DRILLING,2007-10-05,825.0,Unknown,3.0,0.0,0.0,EVT_ROUTINE_DRILLING,none,none,real_volve,False,0.95
NO,NO_2007-10-06_EVT_ROUTINE_DRILLING,2007-10-06,810.0,Unknown,,0.0,0.0,EVT_ROUTINE_DRILLING,none,none,real_volve,False,0.95
NO,NO_2007-10-07_EVT_ROUTINE_DRILLING,2007-10-07,145.0,Unknown,3.0,0.0,0.0,EVT_ROUTINE_DRILLING,none,none,real_volve,False,0.95
NO,NO_2007-10-08_EVT_ROUTINE_DRILLING,2007-10-08,530.0,Unknown,,0.0,0.0,EVT_ROUTINE_DRILLING,none,none,real_volve,False,0.95
NO,NO_2007-10-09_EVT_ROUTINE_DRILLING,2007-10-09,760.0,Unknown,,0.0,0.0,EVT_ROUTINE_DRILLING,none,none,real_volve,False,0.95
NO,NO_2007-10-10_EVT_ROUTINE_DRILLING,2007-10-10,760.0,Unknown,,0.0,0.0,EVT_ROUTINE_DRILLING,none,none,real_volve,False,0.95
NO,NO_2007-10-11_EVT_ROUTINE_DRILLING,2007-10-11,0.0,Unknown,,0.0,0.0,EVT_ROUTINE_DRILLING,none,none,real_volve,False,0.95
NO,NO_2015-02-04_EVT_ROUTINE_DRILLING,2015-02-04,0.0,Unknown,,0.0,0.0,EVT_ROUTINE_DRILLING,none,none,real_volve,False,0.95
NO,NO_2015-02-05_EVT_ROUTINE_DRILLING,2015-02-05,141.0,Unknown,,0.0,0.0,EVT_ROUTINE_DRILLING,none,none,real_volve,False,0.95
NO,NO_2015-02-06_EVT_ROUTINE_DRILLING,2015-02-06,0.0,Unknown,,0.0,0.0,EVT_ROUTINE_DRILLING,none,none,real_volve,False,0.95
NO,NO_2015-02-07_EVT_ROUTINE_DRILLING,2015-02-07,323.0,Unknown,,0.0,0.0,EVT_ROUTINE_DRILLING,none,none,real_volve,False,0.95
NO,NO_2015-02-08_EVT_ROUTINE_DRILLING,2015-02-08,0.0,Unknown,,0.0,0.0,EVT_ROUTINE_DRILLING,none,none,real_volve,False,0.95
NO,NO_2015-02-09_EVT_ROUTINE_DRILLING,2015-02-09,0.0,Unknown,,0.0,0.0,EVT_ROUTINE_DRILLING,none,none,real_volve,False,0.95
NO,NO_2007-11-28_EVT_ROUTINE_DRILLING,2007-11-28,144.0,Unknown,40.0,0.0,0.0,EVT_ROUTINE_DRILLING,none,none,real_volve,False,0.95
NO,NO_2007-11-29_EVT_ROUTINE_DRILLING,2007-11-29,0.0,Unknown,,0.0,0.0,EVT_ROUTINE_DRILLING,none,none,real_volve,False,0.95
NO,NO_2007-11-30_EVT_WOC,2007-11-30,0.0,Unknown,,0.0,0.0,EVT_WOC,cementing,none,real_volve,False,0.85
NO,NO_2007-12-01_EVT_ROUTINE_DRILLING,2007-12-01,0.0,Unknown,,0.0,0.0,EVT_ROUTINE_DRILLING,none,none,real_volve,False,0.95
NO,NO_2007-12-12_EVT_ROUTINE_DRILLING,2007-12-12,0.0,Unknown,,0.0,0.0,EVT_ROUTINE_DRILLING,none,none,real_volve,False,0.95
NO,NO_2007-12-13_EVT_ROUTINE_DRILLING,2007-12-13,229.0,Unknown,,0.0,0.0,EVT_ROUTINE_DRILLING,none,none,real_volve,False,0.95
NO,NO_2007-12-14_EVT_ROUTINE_DRILLING,2007-12-14,784.0,Unknown,40.0,0.0,0.0,EVT_ROUTINE_DRILLING,none,none,real_volve,False,0.95
NO,NO_2007-12-15_EVT_ROUTINE_DRILLING,2007-12-15,754.0,Unknown,,0.0,0.0,EVT_ROUTINE_DRILLING,none,none,real_volve,False,0.95
NO,NO_2007-12-16_EVT_ROUTINE_DRILLING,2007-12-16,0.0,Unknown,,0.0,0.0,EVT_ROUTINE_DRILLING,none,none,real_volve,False,0.95
NO,NO_2007-12-17_EVT_ROUTINE_DRILLING,2007-12-17,0.0,Unknown,,0.0,0.0,EVT_ROUTINE_DRILLING,none,none,real_volve,False,0.95
NO,NO_2008-08-26_EVT_ROUTINE_DRILLING,2008-08-26,0.0,Unknown,,0.0,0.0,EVT_ROUTINE_DRILLING,none,none,real_volve,False,0.95
NO,NO_2008-08-27_EVT_ROUTINE_DRILLING,2008-08-27,0.0,Unknown,,0.0,0.0,EVT_ROUTINE_DRILLING,none,none,real_volve,False,0.95
NO,NO_2008-08-28_EVT_ROUTINE_DRILLING,2008-08-28,0.0,Unknown,,0.0,0.0,EVT_ROUTINE_DRILLING,none,none,real_volve,False,0.95
NO,NO_2008-08-29_EVT_ROUTINE_DRILLING,2008-08-29,879.0,Unknown,,0.0,0.0,EVT_ROUTINE_DRILLING,none,none,real_volve,False,0.95
NO,NO_2008-08-30_EVT_ROUTINE_DRILLING,2008-08-30,919.0,Unknown,,0.0,0.0,EVT_ROUTINE_DRILLING,none,none,real_volve,False,0.95
NO,NO_2008-08-31_EVT_ROUTINE_DRILLING,2008-08-31,547.0,Unknown,20.0,0.0,0.0,EVT_ROUTINE_DRILLING,none,none,real_volve,False,0.95
NO,NO_2008-09-01_EVT_ROUTINE_DRILLING,2008-09-01,0.0,Unknown,,0.0,0.0,EVT_ROUTINE_DRILLING,none,none,real_volve,False,0.95
NO,NO_2008-09-02_EVT_MUD_LOSS_TOTAL,2008-09-02,93.0,Unknown,,0.0,0.0,EVT_MUD_LOSS_TOTAL,mud_loss,critical,real_volve,False,0.85
NO,NO_2008-09-03_EVT_ROUTINE_DRILLING,2008-09-03,20.0,Unknown,3.0,0.0,0.0,EVT_ROUTINE_DRILLING,none,none,real_volve,False,0.95
NO,NO_2008-09-04_EVT_ROUTINE_DRILLING,2008-09-04,699.0,Unknown,,0.0,0.0,EVT_ROUTINE_DRILLING,none,none,real_volve,False,0.95
NO,NO_2008-09-05_EVT_ROUTINE_DRILLING,2008-09-05,699.0,Unknown,,0.0,0.0,EVT_ROUTINE_DRILLING,none,none,real_volve,False,0.95
NO,NO_2008-09-06_EVT_ROUTINE_DRILLING,2008-09-06,0.0,Unknown,,0.0,0.0,EVT_ROUTINE_DRILLING,none,none,real_volve,False,0.95
NO,NO_2009-06-24_EVT_ROUTINE_DRILLING,2009-06-24,834.0,Unknown,,0.0,0.0,EVT_ROUTINE_DRILLING,none,none,real_volve,False,0.95
NO,NO_2009-06-25_EVT_ROUTINE_DRILLING,2009-06-25,746.0,Unknown,,0.0,0.0,EVT_ROUTINE_DRILLING,none,none,real_volve,False,0.95
NO,NO_2009-06-26_EVT_ROUTINE_DRILLING,2009-06-26,8501.0,Unknown,,0.0,0.0,EVT_ROUTINE_DRILLING,none,none,real_volve,False,0.95
NO,NO_2009-06-27_EVT_ROUTINE_DRILLING,2009-06-27,878.0,Unknown,9.0,0.0,0.0,EVT_ROUTINE_DRILLING,none,none,real_volve,False,0.95
NO,NO_2009-06-28_EVT_ROUTINE_DRILLING,2009-06-28,480.0,Unknown,90.0,0.0,0.0,EVT_ROUTINE_DRILLING,none,none,real_volve,False,0.95
NO,NO_2009-06-29_EVT_TORQUE_UP,2009-06-29,432.0,Unknown,,0.0,0.0,EVT_TORQUE_UP,torque_spike,medium,real_volve,False,0.85
NO,NO_2009-06-30_EVT_FISHING,2009-06-30,4238.0,Unknown,,0.0,0.0,EVT_FISHING,stuck_pipe,high,real_volve,False,0.85
NO,NO_2009-07-01_EVT_ROUTINE_DRILLING,2009-07-01,4243.0,Unknown,20.0,0.0,0.0,EVT_ROUTINE_DRILLING,none,none,real_volve,False,0.95
NO,NO_2009-07-02_EVT_ROUTINE_DRILLING,2009-07-02,200.0,Unknown,,0.0,0.0,EVT_ROUTINE_DRILLING,none,none,real_volve,False,0.95
NO,NO_2009-07-03_EVT_ROUTINE_DRILLING,2009-07-03,0.0,Unknown,,0.0,0.0,EVT_ROUTINE_DRILLING,none,none,real_volve,False,0.95
NO,NO_2009-07-03_EVT_ROUTINE_DRILLING,2009-07-03,459.0,utsira,,0.0,0.0,EVT_ROUTINE_DRILLING,none,none,real_volve,False,0.95
NO,NO_2009-07-04_EVT_LCM_APPLIED,2009-07-04,940.0,utsira,40.0,0.0,0.0,EVT_LCM_APPLIED,mud_loss,low,real_volve,False,0.85
NO,NO_2009-07-05_EVT_ROUTINE_DRILLING,2009-07-05,330.0,Unknown,,0.0,0.0,EVT_ROUTINE_DRILLING,none,none,real_volve,False,0.95
NO,NO_2009-07-06_EVT_ROUTINE_DRILLING,2009-07-06,370.0,Unknown,,0.0,0.0,EVT_ROUTINE_DRILLING,none,none,real_volve,False,0.95
NO,NO_2009-07-07_EVT_ROUTINE_DRILLING,2009-07-07,997.0,Unknown,26.0,0.0,0.0,EVT_ROUTINE_DRILLING,none,none,real_volve,False,0.95
NO,NO_2009-07-08_EVT_ROUTINE_DRILLING,2009-07-08,1205.0,Unknown,20.0,0.0,0.0,EVT_ROUTINE_DRILLING,none,none,real_volve,False,0.95
NO,NO_2009-07-09_EVT_ROUTINE_DRILLING,2009-07-09,743.0,Unknown,3.0,0.0,0.0,EVT_ROUTINE_DRILLING,none,none,real_volve,False,0.95
NO,NO_2009-07-10_EVT_ROUTINE_DRILLING,2009-07-10,0.0,Unknown,,0.0,0.0,EVT_ROUTINE_DRILLING,none,none,real_volve,False,0.95
NO,NO_2009-07-11_EVT_ROUTINE_DRILLING,2009-07-11,930.0,Unknown,3.0,0.0,0.0,EVT_ROUTINE_DRILLING,none,none,real_volve,False,0.95
NO,NO_2009-07-12_EVT_ROUTINE_DRILLING,2009-07-12,357.0,Unknown,,0.0,0.0,EVT_ROUTINE_DRILLING,none,none,real_volve,False,0.95
NO,NO_2009-07-13_EVT_ROUTINE_DRILLING,2009-07-13,2092.0,Unknown,,0.0,0.0,EVT_ROUTINE_DRILLING,none,none,real_volve,False,0.95
NO,NO_2009-07-14_EVT_TIGHT_HOLE,2009-07-14,0.0,Unknown,,0.0,0.0,EVT_TIGHT_HOLE,stuck_pipe,medium,real_volve,False,0.85
NO,NO_2015-01-26_EVT_ROUTINE_DRILLING,2015-01-26,0.0,Unknown,,0.0,0.0,EVT_ROUTINE_DRILLING,none,none,real_volve,False,0.95
NO,NO_2015-01-27_EVT_ROUTINE_DRILLING,2015-01-27,0.0,Unknown,,0.0,0.0,EVT_ROUTINE_DRILLING,none,none,real_volve,False,0.95
NO,NO_2015-01-28_EVT_ROUTINE_DRILLING,2015-01-28,0.0,Unknown,,0.0,0.0,EVT_ROUTINE_DRILLING,none,none,real_volve,False,0.95
NO,NO_2015-01-29_EVT_ROUTINE_DRILLING,2015-01-29,0.0,Unknown,,0.0,0.0,EVT_ROUTINE_DRILLING,none,none,real_volve,False,0.95
NO,NO_2015-01-30_EVT_ROUTINE_DRILLING,2015-01-30,168.0,Unknown,,0.0,0.0,EVT_ROUTINE_DRILLING,none,none,real_volve,False,0.95
NO,NO_2015-01-31_EVT_ROUTINE_DRILLING,2015-01-31,0.0,Unknown,,0.0,0.0,EVT_ROUTINE_DRILLING,none,none,real_volve,False,0.95
NO,NO_2015-02-01_EVT_ROUTINE_DRILLING,2015-02-01,0.0,Unknown,,0.0,0.0,EVT_ROUTINE_DRILLING,none,none,real_volve,False,0.95
NO,NO_2015-02-02_EVT_ROUTINE_DRILLING,2015-02-02,0.0,Unknown,,0.0,0.0,EVT_ROUTINE_DRILLING,none,none,real_volve,False,0.95
NO,NO_2015-02-03_EVT_ROUTINE_DRILLING,2015-02-03,0.0,Unknown,,0.0,0.0,EVT_ROUTINE_DRILLING,none,none,real_volve,False,0.95
NO,NO_2015-02-04_EVT_ROUTINE_DRILLING,2015-02-04,0.0,Unknown,,0.0,0.0,EVT_ROUTINE_DRILLING,none,none,real_volve,False,0.95
NO,NO_2016-04-14_EVT_ROUTINE_DRILLING,2016-04-14,0.0,Unknown,,0.0,0.0,EVT_ROUTINE_DRILLING,none,none,real_volve,False,0.95
NO,NO_2016-04-15_EVT_ROUTINE_DRILLING,2016-04-15,0.0,Unknown,,0.0,0.0,EVT_ROUTINE_DRILLING,none,none,real_volve,False,0.95
NO,NO_2016-04-16_EVT_ROUTINE_DRILLING,2016-04-16,0.0,Unknown,,0.0,0.0,EVT_ROUTINE_DRILLING,none,none,real_volve,False,0.95
NO,NO_2016-04-17_EVT_ROUTINE_DRILLING,2016-04-17,0.0,Unknown,,0.0,0.0,EVT_ROUTINE_DRILLING,none,none,real_volve,False,0.95
NO,NO_2016-04-18_EVT_ROUTINE_DRILLING,2016-04-18,0.0,Unknown,,0.0,0.0,EVT_ROUTINE_DRILLING,none,none,real_volve,False,0.95
NO,NO_2016-04-20_EVT_ROUTINE_DRILLING,2016-04-20,0.0,Unknown,,0.0,0.0,EVT_ROUTINE_DRILLING,none,none,real_volve,False,0.95
NO,NO_2016-04-21_EVT_ROUTINE_DRILLING,2016-04-21,0.0,Unknown,,0.0,0.0,EVT_ROUTINE_DRILLING,none,none,real_volve,False,0.95
NO,NO_2016-04-22_EVT_ROUTINE_DRILLING,2016-04-22,2830.0,Unknown,,0.0,0.0,EVT_ROUTINE_DRILLING,none,none,real_volve,False,0.95
NO,NO_2016-04-23_EVT_ROUTINE_DRILLING,2016-04-23,0.0,Unknown,,0.0,0.0,EVT_ROUTINE_DRILLING,none,none,real_volve,False,0.95
NO,NO_2016-04-24_EVT_ROUTINE_DRILLING,2016-04-24,0.0,Unknown,,0.0,0.0,EVT_ROUTINE_DRILLING,none,none,real_volve,False,0.95
NO,NO_2016-09-18_EVT_ROUTINE_DRILLING,2016-09-18,0.0,Unknown,,0.0,0.0,EVT_ROUTINE_DRILLING,none,none,real_volve,False,0.95
NO,NO_2016-09-19_EVT_ROUTINE_DRILLING,2016-09-19,0.0,Unknown,,0.0,0.0,EVT_ROUTINE_DRILLING,none,none,real_volve,False,0.95
NO,NO_2016-09-20_EVT_ROUTINE_DRILLING,2016-09-20,0.0,Unknown,,0.0,0.0,EVT_ROUTINE_DRILLING,none,none,real_volve,False,0.95
NO,NO_2016-09-21_EVT_ROUTINE_DRILLING,2016-09-21,0.0,Unknown,,0.0,0.0,EVT_ROUTINE_DRILLING,none,none,real_volve,False,0.95
NO,NO_2016-09-22_EVT_ROUTINE_DRILLING,2016-09-22,500.0,Unknown,,0.0,0.0,EVT_ROUTINE_DRILLING,none,none,real_volve,False,0.95
NO,NO_2016-09-23_EVT_ROUTINE_DRILLING,2016-09-23,600.0,Unknown,,0.0,0.0,EVT_ROUTINE_DRILLING,none,none,real_volve,False,0.95
NO,NO_2016-09-24_EVT_ROUTINE_DRILLING,2016-09-24,0.0,Unknown,,0.0,0.0,EVT_ROUTINE_DRILLING,none,none,real_volve,False,0.95
NO,NO_2016-09-25_EVT_ROUTINE_DRILLING,2016-09-25,0.0,Unknown,,0.0,0.0,EVT_ROUTINE_DRILLING,none,none,real_volve,False,0.95
NO,NO_2016-09-26_EVT_ROUTINE_DRILLING,2016-09-26,0.0,Unknown,,0.0,0.0,EVT_ROUTINE_DRILLING,none,none,real_volve,False,0.95
NO,NO_2016-09-27_EVT_WOC,2016-09-27,0.0,Unknown,,0.0,0.0,EVT_WOC,cementing,none,real_volve,False,0.85
NO,NO_2016-09-28_EVT_ROUTINE_DRILLING,2016-09-28,0.0,Unknown,,0.0,0.0,EVT_ROUTINE_DRILLING,none,none,real_volve,False,0.95
NO,NO_2016-10-20_EVT_ROUTINE_DRILLING,2016-10-20,0.0,Unknown,,0.0,0.0,EVT_ROUTINE_DRILLING,none,none,real_volve,False,0.95
NO,NO_2016-10-21_EVT_ROUTINE_DRILLING,2016-10-21,0.0,Unknown,,0.0,0.0,EVT_ROUTINE_DRILLING,none,none,real_volve,False,0.95
NO,NO_2016-08-14_EVT_ROUTINE_DRILLING,2016-08-14,0.0,Unknown,,0.0,0.0,EVT_ROUTINE_DRILLING,none,none,real_volve,False,0.95
NO,NO_2016-08-15_EVT_BOP_SHUTIN,2016-08-15,0.0,Unknown,,0.0,0.0,EVT_BOP_SHUTIN,kick,critical,real_volve,False,0.85
NO,NO_2016-08-16_EVT_ROUTINE_DRILLING,2016-08-16,0.0,Unknown,,0.0,0.0,EVT_ROUTINE_DRILLING,none,none,real_volve,False,0.95
NO,NO_2016-08-17_EVT_ROUTINE_DRILLING,2016-08-17,0.0,Unknown,,0.0,0.0,EVT_ROUTINE_DRILLING,none,none,real_volve,False,0.95
NO,NO_2016-08-18_EVT_ROUTINE_DRILLING,2016-08-18,500.0,Unknown,,0.0,0.0,EVT_ROUTINE_DRILLING,none,none,real_volve,False,0.95
NO,NO_2016-08-19_EVT_ROUTINE_DRILLING,2016-08-19,600.0,Unknown,,0.0,0.0,EVT_ROUTINE_DRILLING,none,none,real_volve,False,0.95
NO,NO_2016-08-20_EVT_ROUTINE_DRILLING,2016-08-20,0.0,Unknown,,0.0,0.0,EVT_ROUTINE_DRILLING,none,none,real_volve,False,0.95
NO,NO_2016-08-21_EVT_ROUTINE_DRILLING,2016-08-21,0.0,Unknown,,0.0,0.0,EVT_ROUTINE_DRILLING,none,none,real_volve,False,0.95
NO,NO_2016-08-22_EVT_ROUTINE_DRILLING,2016-08-22,887.0,Unknown,,0.0,0.0,EVT_ROUTINE_DRILLING,none,none,real_volve,False,0.95
NO,NO_2016-08-23_EVT_ROUTINE_DRILLING,2016-08-23,0.0,Unknown,,0.0,0.0,EVT_ROUTINE_DRILLING,none,none,real_volve,False,0.95
NO,NO_2016-08-24_EVT_ROUTINE_DRILLING,2016-08-24,0.0,Unknown,,0.0,0.0,EVT_ROUTINE_DRILLING,none,none,real_volve,False,0.95
NO,NO_2016-08-25_EVT_ROUTINE_DRILLING,2016-08-25,750.0,Unknown,,0.0,0.0,EVT_ROUTINE_DRILLING,none,none,real_volve,False,0.95
NO,NO_2016-08-26_EVT_WOC,2016-08-26,854.0,Unknown,,0.0,0.0,EVT_WOC,cementing,none,real_volve,False,0.85
NO,NO_2016-08-27_EVT_WOC,2016-08-27,0.0,Unknown,,0.0,0.0,EVT_WOC,cementing,none,real_volve,False,0.85
NO,NO_2016-08-28_EVT_ROUTINE_DRILLING,2016-08-28,0.0,Unknown,,0.0,0.0,EVT_ROUTINE_DRILLING,none,none,real_volve,False,0.95
NO,NO_2016-10-19_EVT_ROUTINE_DRILLING,2016-10-19,1349.0,Unknown,,0.0,0.0,EVT_ROUTINE_DRILLING,none,none,real_volve,False,0.95
NO,NO_2016-10-20_EVT_ROUTINE_DRILLING,2016-10-20,0.0,Unknown,,0.0,0.0,EVT_ROUTINE_DRILLING,none,none,real_volve,False,0.95
NO,NO_2016-07-30_EVT_WOC,2016-07-30,0.0,Unknown,,0.0,0.0,EVT_WOC,cementing,none,real_volve,False,0.85
NO,NO_2016-07-31_EVT_WOC,2016-07-31,0.0,Unknown,,0.0,0.0,EVT_WOC,cementing,none,real_volve,False,0.85
NO,NO_2016-08-01_EVT_ROUTINE_DRILLING,2016-08-01,0.0,Unknown,,0.0,0.0,EVT_ROUTINE_DRILLING,none,none,real_volve,False,0.95
NO,NO_2016-08-02_EVT_ROUTINE_DRILLING,2016-08-02,0.0,Unknown,,0.0,0.0,EVT_ROUTINE_DRILLING,none,none,real_volve,False,0.95
NO,NO_2016-08-03_EVT_ROUTINE_DRILLING,2016-08-03,5056.0,Unknown,,0.0,0.0,EVT_ROUTINE_DRILLING,none,none,real_volve,False,0.95
NO,NO_2016-08-04_EVT_ROUTINE_DRILLING,2016-08-04,7543.0,Unknown,,0.0,0.0,EVT_ROUTINE_DRILLING,none,none,real_volve,False,0.95
NO,NO_2016-08-05_EVT_ROUTINE_DRILLING,2016-08-05,250.0,Unknown,,0.0,0.0,EVT_ROUTINE_DRILLING,none,none,real_volve,False,0.95
NO,NO_2016-08-06_EVT_ROUTINE_DRILLING,2016-08-06,450.0,Unknown,,0.0,0.0,EVT_ROUTINE_DRILLING,none,none,real_volve,False,0.95
NO,NO_2016-08-07_EVT_ROUTINE_DRILLING,2016-08-07,0.0,Unknown,,0.0,0.0,EVT_ROUTINE_DRILLING,none,none,real_volve,False,0.95
NO,NO_2016-08-08_EVT_ROUTINE_DRILLING,2016-08-08,0.0,Unknown,,0.0,0.0,EVT_ROUTINE_DRILLING,none,none,real_volve,False,0.95
NO,NO_2016-08-09_EVT_ROUTINE_DRILLING,2016-08-09,0.0,Unknown,,0.0,0.0,EVT_ROUTINE_DRILLING,none,none,real_volve,False,0.95
NO,NO_2016-08-10_EVT_ROUTINE_DRILLING,2016-08-10,915.0,Unknown,,0.0,0.0,EVT_ROUTINE_DRILLING,none,none,real_volve,False,0.95
NO,NO_2016-08-11_EVT_ROUTINE_DRILLING,2016-08-11,0.0,Unknown,,0.0,0.0,EVT_ROUTINE_DRILLING,none,none,real_volve,False,0.95
NO,NO_2016-08-12_EVT_ROUTINE_DRILLING,2016-08-12,0.0,Unknown,,0.0,0.0,EVT_ROUTINE_DRILLING,none,none,real_volve,False,0.95
NO,NO_2016-08-13_EVT_LCM_APPLIED,2016-08-13,0.0,Unknown,,0.0,0.0,EVT_LCM_APPLIED,mud_loss,low,real_volve,False,0.85
NO,NO_2016-08-14_EVT_ROUTINE_DRILLING,2016-08-14,0.0,Unknown,,0.0,0.0,EVT_ROUTINE_DRILLING,none,none,real_volve,False,0.95
NO,NO_2016-09-11_EVT_ROUTINE_DRILLING,2016-09-11,0.0,Unknown,,0.0,0.0,EVT_ROUTINE_DRILLING,none,none,real_volve,False,0.95
NO,NO_2016-09-12_EVT_WOC,2016-09-12,142.0,Unknown,,0.0,0.0,EVT_WOC,cementing,none,real_volve,False,0.85
NO,NO_2016-09-13_EVT_WOC,2016-09-13,878.0,Unknown,,0.0,0.0,EVT_WOC,cementing,none,real_volve,False,0.85
NO,NO_2016-09-14_EVT_ROUTINE_DRILLING,2016-09-14,878.0,Unknown,,0.0,0.0,EVT_ROUTINE_DRILLING,none,none,real_volve,False,0.95
NO,NO_2016-09-15_EVT_ROUTINE_DRILLING,2016-09-15,0.0,Unknown,,0.0,0.0,EVT_ROUTINE_DRILLING,none,none,real_volve,False,0.95
NO,NO_2016-10-18_EVT_ROUTINE_DRILLING,2016-10-18,1349.0,Unknown,,0.0,0.0,EVT_ROUTINE_DRILLING,none,none,real_volve,False,0.95
NO,NO_2016-10-19_EVT_ROUTINE_DRILLING,2016-10-19,0.0,Unknown,,0.0,0.0,EVT_ROUTINE_DRILLING,none,none,real_volve,False,0.95
NO,NO_2016-07-08_EVT_ROUTINE_DRILLING,2016-07-08,0.0,Unknown,,0.0,0.0,EVT_ROUTINE_DRILLING,none,none,real_volve,False,0.95
NO,NO_2016-07-09_EVT_ROUTINE_DRILLING,2016-07-09,0.0,Unknown,,0.0,0.0,EVT_ROUTINE_DRILLING,none,none,real_volve,False,0.95
NO,NO_2016-07-10_EVT_WOC,2016-07-10,0.0,Unknown,,0.0,0.0,EVT_WOC,cementing,none,real_volve,False,0.85
NO,NO_2016-07-11_EVT_ROUTINE_DRILLING,2016-07-11,0.0,Unknown,,0.0,0.0,EVT_ROUTINE_DRILLING,none,none,real_volve,False,0.95
NO,NO_2016-07-12_EVT_ROUTINE_DRILLING,2016-07-12,0.0,Unknown,,0.0,0.0,EVT_ROUTINE_DRILLING,none,none,real_volve,False,0.95
NO,NO_2016-07-13_EVT_ROUTINE_DRILLING,2016-07-13,0.0,Unknown,,0.0,0.0,EVT_ROUTINE_DRILLING,none,none,real_volve,False,0.95
NO,NO_2016-07-14_EVT_ROUTINE_DRILLING,2016-07-14,480.0,Unknown,,0.0,0.0,EVT_ROUTINE_DRILLING,none,none,real_volve,False,0.95
NO,NO_2016-07-15_EVT_ROUTINE_DRILLING,2016-07-15,2570.0,Unknown,,0.0,0.0,EVT_ROUTINE_DRILLING,none,none,real_volve,False,0.95
NO,NO_2016-07-16_EVT_ROUTINE_DRILLING,2016-07-16,126.0,Unknown,,0.0,0.0,EVT_ROUTINE_DRILLING,none,none,real_volve,False,0.95
NO,NO_2016-07-17_EVT_TORQUE_UP,2016-07-17,0.0,Unknown,,0.0,0.0,EVT_TORQUE_UP,torque_spike,medium,real_volve,False,0.85
NO,NO_2016-07-18_EVT_ROUTINE_DRILLING,2016-07-18,0.0,Unknown,,0.0,0.0,EVT_ROUTINE_DRILLING,none,none,real_volve,False,0.95
NO,NO_2016-07-19_EVT_ROUTINE_DRILLING,2016-07-19,0.0,Unknown,,0.0,0.0,EVT_ROUTINE_DRILLING,none,none,real_volve,False,0.95
NO,NO_2016-07-20_EVT_BOP_SHUTIN,2016-07-20,850.0,Unknown,,0.0,0.0,EVT_BOP_SHUTIN,kick,critical,real_volve,False,0.85
NO,NO_2016-07-21_EVT_ROUTINE_DRILLING,2016-07-21,839.0,Unknown,,0.0,0.0,EVT_ROUTINE_DRILLING,none,none,real_volve,False,0.95
NO,NO_2016-07-22_EVT_ROUTINE_DRILLING,2016-07-22,827.0,Unknown,,0.0,0.0,EVT_ROUTINE_DRILLING,none,none,real_volve,False,0.95
NO,NO_2016-07-23_EVT_ROUTINE_DRILLING,2016-07-23,820.0,Unknown,,0.0,0.0,EVT_ROUTINE_DRILLING,none,none,real_volve,False,0.95
NO,NO_2016-07-24_EVT_ROUTINE_DRILLING,2016-07-24,161.0,Unknown,,0.0,0.0,EVT_ROUTINE_DRILLING,none,none,real_volve,False,0.95
NO,NO_2016-07-25_EVT_ROUTINE_DRILLING,2016-07-25,1463.0,Unknown,,0.0,0.0,EVT_ROUTINE_DRILLING,none,none,real_volve,False,0.95
NO,NO_2016-07-26_EVT_WOC,2016-07-26,400.0,Unknown,,0.0,0.0,EVT_WOC,cementing,none,real_volve,False,0.85
NO,NO_2016-07-27_EVT_WOC,2016-07-27,1417.0,Unknown,,0.0,0.0,EVT_WOC,cementing,none,real_volve,False,0.85
NO,NO_2016-07-28_EVT_ROUTINE_DRILLING,2016-07-28,0.0,Unknown,,0.0,0.0,EVT_ROUTINE_DRILLING,none,none,real_volve,False,0.95
NO,NO_2016-09-15_EVT_ROUTINE_DRILLING,2016-09-15,700.0,Unknown,,0.0,0.0,EVT_ROUTINE_DRILLING,none,none,real_volve,False,0.95
NO,NO_2016-09-16_EVT_ROUTINE_DRILLING,2016-09-16,0.0,Unknown,,0.0,0.0,EVT_ROUTINE_DRILLING,none,none,real_volve,False,0.95
NO,NO_2016-10-17_EVT_ROUTINE_DRILLING,2016-10-17,0.0,Unknown,,0.0,0.0,EVT_ROUTINE_DRILLING,none,none,real_volve,False,0.95
NO,NO_2016-10-18_EVT_ROUTINE_DRILLING,2016-10-18,0.0,Unknown,,0.0,0.0,EVT_ROUTINE_DRILLING,none,none,real_volve,False,0.95
NO,NO_2016-06-15_EVT_ROUTINE_DRILLING,2016-06-15,0.0,Unknown,,0.0,0.0,EVT_ROUTINE_DRILLING,none,none,real_volve,False,0.95
NO,NO_2016-06-16_EVT_WOC,2016-06-16,0.0,Unknown,,0.0,0.0,EVT_WOC,cementing,none,real_volve,False,0.85
NO,NO_2016-06-17_EVT_WOC,2016-06-17,0.0,Unknown,,0.0,0.0,EVT_WOC,cementing,none,real_volve,False,0.85
NO,NO_2016-06-18_EVT_ROUTINE_DRILLING,2016-06-18,2400.0,Unknown,,0.0,0.0,EVT_ROUTINE_DRILLING,none,none,real_volve,False,0.95
NO,NO_2016-06-19_EVT_ROUTINE_DRILLING,2016-06-19,2400.0,Unknown,,0.0,0.0,EVT_ROUTINE_DRILLING,none,none,real_volve,False,0.95
NO,NO_2016-06-20_EVT_ROUTINE_DRILLING,2016-06-20,0.0,Unknown,,0.0,0.0,EVT_ROUTINE_DRILLING,none,none,real_volve,False,0.95
NO,NO_2016-06-21_EVT_ROUTINE_DRILLING,2016-06-21,0.0,Unknown,,0.0,0.0,EVT_ROUTINE_DRILLING,none,none,real_volve,False,0.95
NO,NO_2016-06-22_EVT_ROUTINE_DRILLING,2016-06-22,0.0,Unknown,,0.0,0.0,EVT_ROUTINE_DRILLING,none,none,real_volve,False,0.95
NO,NO_2016-06-23_EVT_ROUTINE_DRILLING,2016-06-23,2400.0,Unknown,,0.0,0.0,EVT_ROUTINE_DRILLING,none,none,real_volve,False,0.95
NO,NO_2016-06-24_EVT_ROUTINE_DRILLING,2016-06-24,811.0,Unknown,,0.0,0.0,EVT_ROUTINE_DRILLING,none,none,real_volve,False,0.95
NO,NO_2016-06-25_EVT_ROUTINE_DRILLING,2016-06-25,2390.0,Unknown,,0.0,0.0,EVT_ROUTINE_DRILLING,none,none,real_volve,False,0.95
NO,NO_2016-06-26_EVT_ROUTINE_DRILLING,2016-06-26,0.0,Unknown,,0.0,0.0,EVT_ROUTINE_DRILLING,none,none,real_volve,False,0.95
NO,NO_2016-06-27_EVT_ROUTINE_DRILLING,2016-06-27,0.0,Unknown,,0.0,0.0,EVT_ROUTINE_DRILLING,none,none,real_volve,False,0.95
NO,NO_2016-06-28_EVT_ROUTINE_DRILLING,2016-06-28,0.0,Unknown,,0.0,0.0,EVT_ROUTINE_DRILLING,none,none,real_volve,False,0.95
NO,NO_2016-06-29_EVT_STUCK_PIPE,2016-06-29,2361.0,Unknown,,0.0,0.0,EVT_STUCK_PIPE,stuck_pipe,critical,real_volve,False,0.85
NO,NO_2016-06-30_EVT_FISHING,2016-06-30,0.0,Unknown,,0.0,0.0,EVT_FISHING,stuck_pipe,high,real_volve,False,0.85
NO,NO_2016-07-01_EVT_ROUTINE_DRILLING,2016-07-01,0.0,Unknown,,0.0,0.0,EVT_ROUTINE_DRILLING,none,none,real_volve,False,0.95
NO,NO_2016-07-02_EVT_ROUTINE_DRILLING,2016-07-02,550.0,Unknown,,0.0,0.0,EVT_ROUTINE_DRILLING,none,none,real_volve,False,0.95
NO,NO_2016-07-03_EVT_ROUTINE_DRILLING,2016-07-03,0.0,Unknown,,0.0,0.0,EVT_ROUTINE_DRILLING,none,none,real_volve,False,0.95
NO,NO_2016-07-04_EVT_ROUTINE_DRILLING,2016-07-04,0.0,Unknown,,0.0,0.0,EVT_ROUTINE_DRILLING,none,none,real_volve,False,0.95
NO,NO_2016-07-05_EVT_ROUTINE_DRILLING,2016-07-05,850.0,Unknown,,0.0,0.0,EVT_ROUTINE_DRILLING,none,none,real_volve,False,0.95
NO,NO_2016-07-06_EVT_WOC,2016-07-06,0.0,Unknown,,0.0,0.0,EVT_WOC,cementing,none,real_volve,False,0.85
NO,NO_2016-07-07_EVT_WOC,2016-07-07,0.0,Unknown,,0.0,0.0,EVT_WOC,cementing,none,real_volve,False,0.85
NO,NO_2016-07-08_EVT_ROUTINE_DRILLING,2016-07-08,0.0,Unknown,,0.0,0.0,EVT_ROUTINE_DRILLING,none,none,real_volve,False,0.95
NO,NO_2016-09-16_EVT_ROUTINE_DRILLING,2016-09-16,0.0,Unknown,,0.0,0.0,EVT_ROUTINE_DRILLING,none,none,real_volve,False,0.95
NO,NO_2016-09-17_EVT_ROUTINE_DRILLING,2016-09-17,0.0,Unknown,,0.0,0.0,EVT_ROUTINE_DRILLING,none,none,real_volve,False,0.95
NO,NO_2016-09-18_EVT_ROUTINE_DRILLING,2016-09-18,0.0,Unknown,,0.0,0.0,EVT_ROUTINE_DRILLING,none,none,real_volve,False,0.95
NO,NO_2016-10-21_EVT_ROUTINE_DRILLING,2016-10-21,1349.0,Unknown,,0.0,0.0,EVT_ROUTINE_DRILLING,none,none,real_volve,False,0.95
NO,NO_2016-09-30_EVT_ROUTINE_DRILLING,2016-09-30,0.0,Unknown,,0.0,0.0,EVT_ROUTINE_DRILLING,none,none,real_volve,False,0.95
NO,NO_2016-10-01_EVT_ROUTINE_DRILLING,2016-10-01,0.0,Unknown,,0.0,0.0,EVT_ROUTINE_DRILLING,none,none,real_volve,False,0.95
NO,NO_2016-10-02_EVT_WOC,2016-10-02,0.0,Unknown,,0.0,0.0,EVT_WOC,cementing,none,real_volve,False,0.85
NO,NO_2016-10-03_EVT_ROUTINE_DRILLING,2016-10-03,0.0,Unknown,,0.0,0.0,EVT_ROUTINE_DRILLING,none,none,real_volve,False,0.95
NO,NO_2016-10-04_EVT_ROUTINE_DRILLING,2016-10-04,2109.0,Unknown,,0.0,0.0,EVT_ROUTINE_DRILLING,none,none,real_volve,False,0.95
NO,NO_2016-10-05_EVT_WOC,2016-10-05,300.0,Unknown,,0.0,0.0,EVT_WOC,cementing,none,real_volve,False,0.85
NO,NO_2016-10-06_EVT_ROUTINE_DRILLING,2016-10-06,0.0,Unknown,,0.0,0.0,EVT_ROUTINE_DRILLING,none,none,real_volve,False,0.95
NO,NO_2016-10-07_EVT_ROUTINE_DRILLING,2016-10-07,312.0,Unknown,,0.0,0.0,EVT_ROUTINE_DRILLING,none,none,real_volve,False,0.95
NO,NO_2016-10-08_EVT_TORQUE_UP,2016-10-08,306.0,Unknown,,0.0,0.0,EVT_TORQUE_UP,torque_spike,medium,real_volve,False,0.85
NO,NO_2016-10-09_EVT_TORQUE_UP,2016-10-09,0.0,Unknown,,0.0,0.0,EVT_TORQUE_UP,torque_spike,medium,real_volve,False,0.85
NO,NO_2016-10-10_EVT_ROUTINE_DRILLING,2016-10-10,0.0,Unknown,,0.0,0.0,EVT_ROUTINE_DRILLING,none,none,real_volve,False,0.95
NO,NO_2016-10-11_EVT_ROUTINE_DRILLING,2016-10-11,0.0,Unknown,,0.0,0.0,EVT_ROUTINE_DRILLING,none,none,real_volve,False,0.95
NO,NO_2016-10-12_EVT_ROUTINE_DRILLING,2016-10-12,1349.0,Unknown,,0.0,0.0,EVT_ROUTINE_DRILLING,none,none,real_volve,False,0.95
NO,NO_2016-10-13_EVT_ROUTINE_DRILLING,2016-10-13,0.0,Unknown,,0.0,0.0,EVT_ROUTINE_DRILLING,none,none,real_volve,False,0.95
NO,NO_2016-04-18_EVT_ROUTINE_DRILLING,2016-04-18,3592.0,Unknown,,0.0,0.0,EVT_ROUTINE_DRILLING,none,none,real_volve,False,0.95
NO,NO_2016-04-19_EVT_ROUTINE_DRILLING,2016-04-19,0.0,Unknown,,0.0,0.0,EVT_ROUTINE_DRILLING,none,none,real_volve,False,0.95
NO,NO_2016-04-20_EVT_ROUTINE_DRILLING,2016-04-20,0.0,Unknown,,0.0,0.0,EVT_ROUTINE_DRILLING,none,none,real_volve,False,0.95
NO,NO_2016-08-28_EVT_ROUTINE_DRILLING,2016-08-28,0.0,Unknown,,0.0,0.0,EVT_ROUTINE_DRILLING,none,none,real_volve,False,0.95
NO,NO_2016-08-29_EVT_WOC,2016-08-29,0.0,Unknown,,0.0,0.0,EVT_WOC,cementing,none,real_volve,False,0.85
NO,NO_2016-08-30_EVT_WOC,2016-08-30,0.0,Unknown,,0.0,0.0,EVT_WOC,cementing,none,real_volve,False,0.85
NO,NO_2016-08-31_EVT_ROUTINE_DRILLING,2016-08-31,0.0,Unknown,,0.0,0.0,EVT_ROUTINE_DRILLING,none,none,real_volve,False,0.95
NO,NO_2016-09-01_EVT_ROUTINE_DRILLING,2016-09-01,2774.0,Unknown,,0.0,0.0,EVT_ROUTINE_DRILLING,none,none,real_volve,False,0.95
NO,NO_2016-09-02_EVT_ROUTINE_DRILLING,2016-09-02,0.0,Unknown,,0.0,0.0,EVT_ROUTINE_DRILLING,none,none,real_volve,False,0.95
NO,NO_2016-09-03_EVT_ROUTINE_DRILLING,2016-09-03,0.0,Unknown,,0.0,0.0,EVT_ROUTINE_DRILLING,none,none,real_volve,False,0.95
NO,NO_2016-09-04_EVT_ROUTINE_DRILLING,2016-09-04,0.0,Unknown,,0.0,0.0,EVT_ROUTINE_DRILLING,none,none,real_volve,False,0.95
NO,NO_2016-09-05_EVT_ROUTINE_DRILLING,2016-09-05,0.0,Unknown,19.0,0.0,0.0,EVT_ROUTINE_DRILLING,none,none,real_volve,False,0.95
NO,NO_2016-09-06_EVT_ROUTINE_DRILLING,2016-09-06,0.0,Unknown,,0.0,0.0,EVT_ROUTINE_DRILLING,none,none,real_volve,False,0.95
NO,NO_2016-09-07_EVT_WOC,2016-09-07,2774.0,Unknown,,0.0,0.0,EVT_WOC,cementing,none,real_volve,False,0.85
NO,NO_2016-09-08_EVT_WOC,2016-09-08,0.0,Unknown,,0.0,0.0,EVT_WOC,cementing,none,real_volve,False,0.85
NO,NO_2016-09-09_EVT_ROUTINE_DRILLING,2016-09-09,317.0,Unknown,,0.0,0.0,EVT_ROUTINE_DRILLING,none,none,real_volve,False,0.95
NO,NO_2016-09-10_EVT_ROUTINE_DRILLING,2016-09-10,303.0,Unknown,,0.0,0.0,EVT_ROUTINE_DRILLING,none,none,real_volve,False,0.95
NO,NO_2016-09-11_EVT_ROUTINE_DRILLING,2016-09-11,0.0,Unknown,,0.0,0.0,EVT_ROUTINE_DRILLING,none,none,real_volve,False,0.95
NO,NO_2016-10-13_EVT_ROUTINE_DRILLING,2016-10-13,1349.0,Unknown,,0.0,0.0,EVT_ROUTINE_DRILLING,none,none,real_volve,False,0.95
NO,NO_2016-10-14_EVT_ROUTINE_DRILLING,2016-10-14,0.0,Unknown,,0.0,0.0,EVT_ROUTINE_DRILLING,none,none,real_volve,False,0.95
NO,NO_2016-10-15_EVT_ROUTINE_DRILLING,2016-10-15,0.0,Unknown,,0.0,0.0,EVT_ROUTINE_DRILLING,none,none,real_volve,False,0.95
NO,NO_2016-10-16_EVT_ROUTINE_DRILLING,2016-10-16,0.0,Unknown,,0.0,0.0,EVT_ROUTINE_DRILLING,none,none,real_volve,False,0.95
NO,NO_2016-07-28_EVT_ROUTINE_DRILLING,2016-07-28,0.0,Unknown,,0.0,0.0,EVT_ROUTINE_DRILLING,none,none,real_volve,False,0.95
NO,NO_2016-07-29_EVT_ROUTINE_DRILLING,2016-07-29,290.0,Unknown,,0.0,0.0,EVT_ROUTINE_DRILLING,none,none,real_volve,False,0.95
NO,NO_2016-07-30_EVT_ROUTINE_DRILLING,2016-07-30,0.0,Unknown,,0.0,0.0,EVT_ROUTINE_DRILLING,none,none,real_volve,False,0.95
NO,NO_2016-10-22_EVT_ROUTINE_DRILLING,2016-10-22,1345.0,Unknown,,0.0,0.0,EVT_ROUTINE_DRILLING,none,none,real_volve,False,0.95
NO,NO_2016-10-23_EVT_ROUTINE_DRILLING,2016-10-23,0.0,Unknown,,0.0,0.0,EVT_ROUTINE_DRILLING,none,none,real_volve,False,0.95
NO,NO_2016-09-28_EVT_ROUTINE_DRILLING,2016-09-28,0.0,Unknown,,0.0,0.0,EVT_ROUTINE_DRILLING,none,none,real_volve,False,0.95
NO,NO_2016-09-29_EVT_ROUTINE_DRILLING,2016-09-29,0.0,Unknown,,0.0,0.0,EVT_ROUTINE_DRILLING,none,none,real_volve,False,0.95
NO,NO_2016-09-30_EVT_ROUTINE_DRILLING,2016-09-30,50.0,Unknown,,0.0,0.0,EVT_ROUTINE_DRILLING,none,none,real_volve,False,0.95
NO,NO_2016-10-16_EVT_ROUTINE_DRILLING,2016-10-16,152.0,Unknown,,0.0,0.0,EVT_ROUTINE_DRILLING,none,none,real_volve,False,0.95
NO,NO_2016-10-17_EVT_ROUTINE_DRILLING,2016-10-17,0.0,Unknown,,0.0,0.0,EVT_ROUTINE_DRILLING,none,none,real_volve,False,0.95
NO,NO_2016-10-23_EVT_ROUTINE_DRILLING,2016-10-23,1345.0,Unknown,,0.0,0.0,EVT_ROUTINE_DRILLING,none,none,real_volve,False,0.95
SYNTH-W01,SYNTH-W01_2010-01-01_STUCK_PIPE,2010-01-01,4368.1,Skagerrak,14.16,5.7,0.0,EVT_DIFF_STICKING,stuck_pipe,high,synthetic,True,0.99
SYNTH-W02,SYNTH-W02_2010-01-04_NONE,2010-01-04,1149.0,Heimdal,11.66,6.7,0.0,EVT_ROUTINE_DRILLING,none,none,synthetic,True,0.99
SYNTH-W03,SYNTH-W03_2010-01-07_KICK,2010-01-07,3999.2,Hordaland,11.66,5.7,235.4,EVT_GAS_INFLUX,kick,high,synthetic,True,0.99
SYNTH-W04,SYNTH-W04_2010-01-10_NONE,2010-01-10,2907.8,Balder,13.33,9.8,0.0,EVT_ROUTINE_DRILLING,none,none,synthetic,True,0.99
SYNTH-W05,SYNTH-W05_2010-01-13_KICK,2010-01-13,3063.2,Heimdal,13.33,7.9,28.0,EVT_GAS_INFLUX,kick,high,synthetic,True,0.99
SYNTH-W06,SYNTH-W06_2010-01-16_KICK,2010-01-16,4296.7,Rogaland,12.5,11.2,216.0,EVT_GAS_INFLUX,kick,high,synthetic,True,0.99
SYNTH-W07,SYNTH-W07_2010-01-19_MUD_LOSS,2010-01-19,3799.8,Statfjord,14.16,4.8,196.6,EVT_MUD_LOSS_PARTIAL,mud_loss,medium,synthetic,True,0.99
SYNTH-W08,SYNTH-W08_2010-01-22_MUD_LOSS,2010-01-22,2414.7,Skagerrak,11.66,2.4,142.3,EVT_MUD_LOSS_PARTIAL,mud_loss,medium,synthetic,True,0.99
SYNTH-W09,SYNTH-W09_2010-01-25_STUCK_PIPE,2010-01-25,2302.5,Hordaland,10.83,8.8,0.0,EVT_DIFF_STICKING,stuck_pipe,high,synthetic,True,0.99
SYNTH-W10,SYNTH-W10_2010-01-28_MUD_LOSS,2010-01-28,1519.4,Rogaland,12.5,12.6,185.9,EVT_MUD_LOSS_PARTIAL,mud_loss,medium,synthetic,True,0.99
SYNTH-W11,SYNTH-W11_2010-01-31_TORQUE_SPIKE,2010-01-31,2556.3,Statfjord,14.99,6.7,0.0,EVT_TORQUE_UP,torque_spike,medium,synthetic,True,0.99
SYNTH-W12,SYNTH-W12_2010-02-03_CEMENTING,2010-02-03,4288.1,Statfjord,14.99,4.6,0.0,EVT_ROUTINE_DRILLING,cementing,none,synthetic,True,0.99
SYNTH-W13,SYNTH-W13_2010-02-06_KICK,2010-02-06,3616.5,Lista,14.16,2.3,77.8,EVT_GAS_INFLUX,kick,high,synthetic,True,0.99
SYNTH-W14,SYNTH-W14_2010-02-09_STUCK_PIPE,2010-02-09,2941.1,Statfjord,11.66,3.8,0.0,EVT_STUCK_PIPE,stuck_pipe,critical,synthetic,True,0.99
SYNTH-W15,SYNTH-W15_2010-02-12_TORQUE_SPIKE,2010-02-12,3790.3,Skagerrak,12.5,10.0,0.0,EVT_TORQUE_UP,torque_spike,medium,synthetic,True,0.99
SYNTH-W16,SYNTH-W16_2010-02-15_CEMENTING,2010-02-15,2458.2,Hordaland,10.83,4.1,0.0,EVT_ROUTINE_DRILLING,cementing,none,synthetic,True,0.99
SYNTH-W17,SYNTH-W17_2010-02-18_MUD_LOSS,2010-02-18,2135.3,Statfjord,14.16,7.8,104.0,EVT_MUD_LOSS_PARTIAL,mud_loss,medium,synthetic,True,0.99
SYNTH-W18,SYNTH-W18_2010-02-21_TORQUE_SPIKE,2010-02-21,3005.7,Balder,14.16,3.7,0.0,EVT_TORQUE_UP,torque_spike,medium,synthetic,True,0.99
SYNTH-W19,SYNTH-W19_2010-02-24_MUD_LOSS,2010-02-24,3727.6,Balder,11.66,0.3,191.2,EVT_MUD_LOSS_PARTIAL,mud_loss,medium,synthetic,True,0.99
SYNTH-W20,SYNTH-W20_2010-02-27_MUD_LOSS,2010-02-27,3839.3,Balder,14.16,12.2,115.5,EVT_MUD_LOSS_PARTIAL,mud_loss,medium,synthetic,True,0.99
SYNTH-W21,SYNTH-W21_2010-03-02_TORQUE_SPIKE,2010-03-02,1000.6,Skagerrak,13.33,13.7,0.0,EVT_TORQUE_UP,torque_spike,medium,synthetic,True,0.99
SYNTH-W22,SYNTH-W22_2010-03-05_MUD_LOSS,2010-03-05,1701.8,Skagerrak,11.66,4.5,118.2,EVT_MUD_LOSS_PARTIAL,mud_loss,medium,synthetic,True,0.99
SYNTH-W23,SYNTH-W23_2010-03-08_MUD_LOSS,2010-03-08,4179.7,Lista,15.83,12.2,9.0,EVT_MUD_LOSS_PARTIAL,mud_loss,medium,synthetic,True,0.99
SYNTH-W24,SYNTH-W24_2010-03-11_KICK,2010-03-11,1053.2,Heimdal,15.83,9.3,224.7,EVT_GAS_INFLUX,kick,high,synthetic,True,0.99
SYNTH-W25,SYNTH-W25_2010-03-14_NONE,2010-03-14,2521.4,Statfjord,10.0,11.2,0.0,EVT_ROUTINE_DRILLING,none,none,synthetic,True,0.99
SYNTH-W26,SYNTH-W26_2010-03-17_TORQUE_SPIKE,2010-03-17,3046.1,Smith Bank,13.33,4.1,0.0,EVT_TORQUE_UP,torque_spike,medium,synthetic,True,0.99
SYNTH-W27,SYNTH-W27_2010-03-20_MUD_LOSS,2010-03-20,4020.5,Shetland,15.83,11.5,227.3,EVT_MUD_LOSS_PARTIAL,mud_loss,medium,synthetic,True,0.99
SYNTH-W28,SYNTH-W28_2010-03-23_KICK,2010-03-23,1918.1,Lista,10.0,13.7,89.7,EVT_GAS_INFLUX,kick,high,synthetic,True,0.99
SYNTH-W29,SYNTH-W29_2010-03-26_MUD_LOSS,2010-03-26,2273.1,Utsira,15.83,0.2,197.5,EVT_LCM_APPLIED,mud_loss,low,synthetic,True,0.99
SYNTH-W30,SYNTH-W30_2010-03-29_NONE,2010-03-29,1680.3,Smith Bank,10.0,1.8,0.0,EVT_ROUTINE_DRILLING,none,none,synthetic,True,0.99
SYNTH-W31,SYNTH-W31_2010-04-01_MUD_LOSS,2010-04-01,3110.0,Balder,11.66,11.4,139.1,EVT_LCM_APPLIED,mud_loss,low,synthetic,True,0.99
SYNTH-W32,SYNTH-W32_2010-04-04_KICK,2010-04-04,2969.9,Skagerrak,13.33,9.2,173.4,EVT_GAS_INFLUX,kick,high,synthetic,True,0.99
SYNTH-W33,SYNTH-W33_2010-04-07_MUD_LOSS,2010-04-07,907.1,Statfjord,14.99,3.0,128.1,EVT_LCM_APPLIED,mud_loss,low,synthetic,True,0.99
SYNTH-W34,SYNTH-W34_2010-04-10_MUD_LOSS,2010-04-10,2077.1,Shetland,13.33,8.1,143.3,EVT_LCM_APPLIED,mud_loss,low,synthetic,True,0.99
SYNTH-W35,SYNTH-W35_2010-04-13_TORQUE_SPIKE,2010-04-13,3425.1,Lista,10.0,3.6,0.0,EVT_TORQUE_UP,torque_spike,medium,synthetic,True,0.99
SYNTH-W36,SYNTH-W36_2010-04-16_STUCK_PIPE,2010-04-16,1441.9,Draupne,10.0,7.1,0.0,EVT_DIFF_STICKING,stuck_pipe,high,synthetic,True,0.99
SYNTH-W37,SYNTH-W37_2010-04-19_STUCK_PIPE,2010-04-19,2512.0,Skagerrak,12.5,5.4,0.0,EVT_STUCK_PIPE,stuck_pipe,critical,synthetic,True,0.99
SYNTH-W38,SYNTH-W38_2010-04-22_NONE,2010-04-22,1732.4,Heimdal,11.66,2.2,0.0,EVT_ROUTINE_DRILLING,none,none,synthetic,True,0.99
SYNTH-W39,SYNTH-W39_2010-04-25_MUD_LOSS,2010-04-25,1894.4,Shetland,13.33,5.9,40.5,EVT_MUD_LOSS_PARTIAL,mud_loss,medium,synthetic,True,0.99
SYNTH-W40,SYNTH-W40_2010-04-28_CEMENTING,2010-04-28,1538.9,Balder,14.99,10.0,0.0,EVT_WOC,cementing,none,synthetic,True,0.99
SYNTH-W01,SYNTH-W01_2010-05-01_CEMENTING,2010-05-01,2040.6,Draupne,9.16,6.0,0.0,EVT_ROUTINE_DRILLING,cementing,none,synthetic,True,0.99
SYNTH-W02,SYNTH-W02_2010-05-04_STUCK_PIPE,2010-05-04,3074.8,Utsira,10.0,6.5,0.0,EVT_STUCK_PIPE,stuck_pipe,critical,synthetic,True,0.99
SYNTH-W03,SYNTH-W03_2010-05-07_MUD_LOSS,2010-05-07,3372.9,Heimdal,14.16,9.7,91.8,EVT_MUD_LOSS_PARTIAL,mud_loss,medium,synthetic,True,0.99
SYNTH-W04,SYNTH-W04_2010-05-10_TORQUE_SPIKE,2010-05-10,3750.0,Statfjord,14.16,10.9,0.0,EVT_TORQUE_UP,torque_spike,medium,synthetic,True,0.99
SYNTH-W05,SYNTH-W05_2010-05-13_TORQUE_SPIKE,2010-05-13,928.8,Shetland,14.16,1.9,0.0,EVT_TORQUE_UP,torque_spike,medium,synthetic,True,0.99
SYNTH-W06,SYNTH-W06_2010-05-16_STUCK_PIPE,2010-05-16,1074.0,Draupne,15.83,7.4,0.0,EVT_DIFF_STICKING,stuck_pipe,high,synthetic,True,0.99
SYNTH-W07,SYNTH-W07_2010-05-19_KICK,2010-05-19,3645.9,Balder,10.0,4.2,133.4,EVT_GAS_INFLUX,kick,high,synthetic,True,0.99
SYNTH-W08,SYNTH-W08_2010-05-22_KICK,2010-05-22,2659.5,Draupne,10.0,10.1,183.5,EVT_GAS_INFLUX,kick,high,synthetic,True,0.99
SYNTH-W09,SYNTH-W09_2010-05-25_STUCK_PIPE,2010-05-25,3984.9,Lista,14.16,0.7,0.0,EVT_STUCK_PIPE,stuck_pipe,critical,synthetic,True,0.99
SYNTH-W10,SYNTH-W10_2010-05-28_KICK,2010-05-28,1841.0,Balder,10.83,5.6,10.1,EVT_GAS_INFLUX,kick,high,synthetic,True,0.99
SYNTH-W11,SYNTH-W11_2010-05-31_KICK,2010-05-31,944.0,Rogaland,14.16,11.0,194.0,EVT_GAS_INFLUX,kick,high,synthetic,True,0.99
SYNTH-W12,SYNTH-W12_2010-06-03_STUCK_PIPE,2010-06-03,2937.2,Rogaland,13.33,7.5,0.0,EVT_STUCK_PIPE,stuck_pipe,critical,synthetic,True,0.99
SYNTH-W13,SYNTH-W13_2010-06-06_KICK,2010-06-06,2821.2,Heimdal,13.33,3.6,119.8,EVT_GAS_INFLUX,kick,high,synthetic,True,0.99
SYNTH-W14,SYNTH-W14_2010-06-09_TORQUE_SPIKE,2010-06-09,1547.7,Skagerrak,14.99,7.5,0.0,EVT_TORQUE_UP,torque_spike,medium,synthetic,True,0.99
SYNTH-W15,SYNTH-W15_2010-06-12_MUD_LOSS,2010-06-12,3475.5,Hordaland,11.66,10.3,197.7,EVT_MUD_LOSS_PARTIAL,mud_loss,medium,synthetic,True,0.99
SYNTH-W16,SYNTH-W16_2010-06-15_MUD_LOSS,2010-06-15,2900.8,Utsira,13.33,1.6,229.0,EVT_LCM_APPLIED,mud_loss,low,synthetic,True,0.99
SYNTH-W17,SYNTH-W17_2010-06-18_TORQUE_SPIKE,2010-06-18,1891.6,Balder,10.83,9.5,0.0,EVT_TORQUE_UP,torque_spike,medium,synthetic,True,0.99
SYNTH-W18,SYNTH-W18_2010-06-21_NONE,2010-06-21,3452.6,Lyr,14.99,5.2,0.0,EVT_ROUTINE_DRILLING,none,none,synthetic,True,0.99
SYNTH-W19,SYNTH-W19_2010-06-24_MUD_LOSS,2010-06-24,4097.9,Lyr,11.66,3.4,16.8,EVT_MUD_LOSS_PARTIAL,mud_loss,medium,synthetic,True,0.99
SYNTH-W20,SYNTH-W20_2010-06-27_STUCK_PIPE,2010-06-27,2997.6,Lyr,10.83,0.7,0.0,EVT_STUCK_PIPE,stuck_pipe,critical,synthetic,True,0.99
SYNTH-W21,SYNTH-W21_2010-06-30_KICK,2010-06-30,2074.3,Heimdal,14.16,8.4,218.4,EVT_GAS_INFLUX,kick,high,synthetic,True,0.99
SYNTH-W22,SYNTH-W22_2010-07-03_MUD_LOSS,2010-07-03,1496.2,Balder,12.5,5.2,103.5,EVT_LCM_APPLIED,mud_loss,low,synthetic,True,0.99
SYNTH-W23,SYNTH-W23_2010-07-06_TORQUE_SPIKE,2010-07-06,2881.3,Utsira,9.16,9.4,0.0,EVT_TORQUE_UP,torque_spike,medium,synthetic,True,0.99
SYNTH-W24,SYNTH-W24_2010-07-09_CEMENTING,2010-07-09,3628.1,Lista,14.99,7.4,0.0,EVT_WOC,cementing,none,synthetic,True,0.99
SYNTH-W25,SYNTH-W25_2010-07-12_TORQUE_SPIKE,2010-07-12,3816.3,Statfjord,10.0,6.7,0.0,EVT_TORQUE_UP,torque_spike,medium,synthetic,True,0.99
SYNTH-W26,SYNTH-W26_2010-07-15_STUCK_PIPE,2010-07-15,972.3,Shetland,14.99,5.6,0.0,EVT_STUCK_PIPE,stuck_pipe,critical,synthetic,True,0.99
SYNTH-W27,SYNTH-W27_2010-07-18_KICK,2010-07-18,3662.2,Hordaland,14.16,7.2,25.8,EVT_GAS_INFLUX,kick,high,synthetic,True,0.99
SYNTH-W28,SYNTH-W28_2010-07-21_MUD_LOSS,2010-07-21,1131.6,Skagerrak,13.33,4.3,237.2,EVT_LCM_APPLIED,mud_loss,low,synthetic,True,0.99
SYNTH-W29,SYNTH-W29_2010-07-24_MUD_LOSS,2010-07-24,2029.2,Balder,14.16,7.7,238.3,EVT_LCM_APPLIED,mud_loss,low,synthetic,True,0.99
SYNTH-W30,SYNTH-W30_2010-07-27_CEMENTING,2010-07-27,2508.0,Rogaland,12.5,9.2,0.0,EVT_ROUTINE_DRILLING,cementing,none,synthetic,True,0.99
SYNTH-W31,SYNTH-W31_2010-07-30_TORQUE_SPIKE,2010-07-30,2113.5,Heimdal,13.33,2.9,0.0,EVT_TORQUE_UP,torque_spike,medium,synthetic,True,0.99
SYNTH-W32,SYNTH-W32_2010-08-02_CEMENTING,2010-08-02,2586.8,Lyr,12.5,3.0,0.0,EVT_ROUTINE_DRILLING,cementing,none,synthetic,True,0.99
SYNTH-W33,SYNTH-W33_2010-08-05_STUCK_PIPE,2010-08-05,1829.9,Rogaland,13.33,1.9,0.0,EVT_STUCK_PIPE,stuck_pipe,critical,synthetic,True,0.99
SYNTH-W34,SYNTH-W34_2010-08-08_STUCK_PIPE,2010-08-08,2219.7,Draupne,13.33,7.9,0.0,EVT_STUCK_PIPE,stuck_pipe,critical,synthetic,True,0.99
SYNTH-W35,SYNTH-W35_2010-08-11_CEMENTING,2010-08-11,3658.4,Lyr,13.33,6.0,0.0,EVT_ROUTINE_DRILLING,cementing,none,synthetic,True,0.99
SYNTH-W36,SYNTH-W36_2010-08-14_MUD_LOSS,2010-08-14,3079.8,Utsira,14.16,5.8,113.0,EVT_LCM_APPLIED,mud_loss,low,synthetic,True,0.99
SYNTH-W37,SYNTH-W37_2010-08-17_KICK,2010-08-17,3144.4,Shetland,12.5,0.7,24.9,EVT_GAS_INFLUX,kick,high,synthetic,True,0.99
SYNTH-W38,SYNTH-W38_2010-08-20_STUCK_PIPE,2010-08-20,3700.4,Lyr,10.0,7.3,0.0,EVT_STUCK_PIPE,stuck_pipe,critical,synthetic,True,0.99
SYNTH-W39,SYNTH-W39_2010-08-23_STUCK_PIPE,2010-08-23,2446.7,Hordaland,14.99,1.4,0.0,EVT_DIFF_STICKING,stuck_pipe,high,synthetic,True,0.99
SYNTH-W40,SYNTH-W40_2010-08-26_NONE,2010-08-26,3584.0,Balder,11.66,0.2,0.0,EVT_ROUTINE_DRILLING,none,none,synthetic,True,0.99
SYNTH-W01,SYNTH-W01_2010-08-29_STUCK_PIPE,2010-08-29,2136.1,Smith Bank,11.66,4.6,0.0,EVT_DIFF_STICKING,stuck_pipe,high,synthetic,True,0.99
SYNTH-W02,SYNTH-W02_2010-09-01_KICK,2010-09-01,2969.8,Heimdal,10.83,3.8,16.0,EVT_GAS_INFLUX,kick,high,synthetic,True,0.99
SYNTH-W03,SYNTH-W03_2010-09-04_KICK,2010-09-04,3435.6,Balder,12.5,1.1,93.2,EVT_GAS_INFLUX,kick,high,synthetic,True,0.99
SYNTH-W04,SYNTH-W04_2010-09-07_TORQUE_SPIKE,2010-09-07,2657.6,Hordaland,10.83,9.7,0.0,EVT_TORQUE_UP,torque_spike,medium,synthetic,True,0.99
SYNTH-W05,SYNTH-W05_2010-09-10_TORQUE_SPIKE,2010-09-10,835.5,Smith Bank,14.16,4.1,0.0,EVT_TORQUE_UP,torque_spike,medium,synthetic,True,0.99
SYNTH-W06,SYNTH-W06_2010-09-13_MUD_LOSS,2010-09-13,3948.4,Lista,11.66,7.2,169.3,EVT_LCM_APPLIED,mud_loss,low,synthetic,True,0.99
SYNTH-W07,SYNTH-W07_2010-09-16_MUD_LOSS,2010-09-16,1762.6,Draupne,15.83,0.6,115.2,EVT_LCM_APPLIED,mud_loss,low,synthetic,True,0.99
SYNTH-W08,SYNTH-W08_2010-09-19_TORQUE_SPIKE,2010-09-19,1421.6,Balder,14.99,5.0,0.0,EVT_TORQUE_UP,torque_spike,medium,synthetic,True,0.99
SYNTH-W09,SYNTH-W09_2010-09-22_KICK,2010-09-22,2814.7,Lyr,14.99,3.3,79.5,EVT_GAS_INFLUX,kick,high,synthetic,True,0.99
SYNTH-W10,SYNTH-W10_2010-09-25_CEMENTING,2010-09-25,3531.0,Smith Bank,14.16,1.6,0.0,EVT_ROUTINE_DRILLING,cementing,none,synthetic,True,0.99
SYNTH-W11,SYNTH-W11_2010-09-28_STUCK_PIPE,2010-09-28,2747.3,Smith Bank,11.66,13.5,0.0,EVT_DIFF_STICKING,stuck_pipe,high,synthetic,True,0.99
SYNTH-W12,SYNTH-W12_2010-10-01_STUCK_PIPE,2010-10-01,919.8,Balder,14.99,5.3,0.0,EVT_STUCK_PIPE,stuck_pipe,critical,synthetic,True,0.99
SYNTH-W13,SYNTH-W13_2010-10-04_TORQUE_SPIKE,2010-10-04,2820.3,Shetland,14.16,7.8,0.0,EVT_TORQUE_UP,torque_spike,medium,synthetic,True,0.99
SYNTH-W14,SYNTH-W14_2010-10-07_KICK,2010-10-07,4224.6,Skagerrak,13.33,2.6,11.2,EVT_GAS_INFLUX,kick,high,synthetic,True,0.99
SYNTH-W15,SYNTH-W15_2010-10-10_TORQUE_SPIKE,2010-10-10,2427.0,Statfjord,14.99,1.7,0.0,EVT_TORQUE_UP,torque_spike,medium,synthetic,True,0.99
SYNTH-W16,SYNTH-W16_2010-10-13_STUCK_PIPE,2010-10-13,3601.6,Draupne,15.83,13.2,0.0,EVT_STUCK_PIPE,stuck_pipe,critical,synthetic,True,0.99
SYNTH-W17,SYNTH-W17_2010-10-16_MUD_LOSS,2010-10-16,4222.2,Balder,14.16,1.9,243.6,EVT_LCM_APPLIED,mud_loss,low,synthetic,True,0.99
SYNTH-W18,SYNTH-W18_2010-10-19_CEMENTING,2010-10-19,2439.5,Smith Bank,14.16,8.9,0.0,EVT_WOC,cementing,none,synthetic,True,0.99
SYNTH-W19,SYNTH-W19_2010-10-22_KICK,2010-10-22,1258.3,Hordaland,11.66,11.2,55.9,EVT_GAS_INFLUX,kick,high,synthetic,True,0.99
SYNTH-W20,SYNTH-W20_2010-10-25_STUCK_PIPE,2010-10-25,3050.9,Statfjord,11.66,10.7,0.0,EVT_DIFF_STICKING,stuck_pipe,high,synthetic,True,0.99
SYNTH-W21,SYNTH-W21_2010-10-28_CEMENTING,2010-10-28,4128.8,Balder,13.33,7.8,0.0,EVT_WOC,cementing,none,synthetic,True,0.99
SYNTH-W22,SYNTH-W22_2010-10-31_MUD_LOSS,2010-10-31,4176.7,Heimdal,13.33,13.8,35.8,EVT_MUD_LOSS_PARTIAL,mud_loss,medium,synthetic,True,0.99
SYNTH-W23,SYNTH-W23_2010-11-03_MUD_LOSS,2010-11-03,3990.9,Draupne,12.5,12.3,78.0,EVT_MUD_LOSS_PARTIAL,mud_loss,medium,synthetic,True,0.99
SYNTH-W24,SYNTH-W24_2010-11-06_CEMENTING,2010-11-06,1180.0,Skagerrak,10.0,10.8,0.0,EVT_WOC,cementing,none,synthetic,True,0.99
SYNTH-W25,SYNTH-W25_2010-11-09_STUCK_PIPE,2010-11-09,3105.6,Balder,13.33,2.8,0.0,EVT_STUCK_PIPE,stuck_pipe,critical,synthetic,True,0.99
SYNTH-W26,SYNTH-W26_2010-11-12_STUCK_PIPE,2010-11-12,3402.7,Statfjord,9.16,1.6,0.0,EVT_DIFF_STICKING,stuck_pipe,high,synthetic,True,0.99
SYNTH-W27,SYNTH-W27_2010-11-15_TORQUE_SPIKE,2010-11-15,3949.6,Hordaland,14.99,2.5,0.0,EVT_TORQUE_UP,torque_spike,medium,synthetic,True,0.99
SYNTH-W28,SYNTH-W28_2010-11-18_KICK,2010-11-18,2205.1,Smith Bank,14.99,13.8,13.6,EVT_GAS_INFLUX,kick,high,synthetic,True,0.99
SYNTH-W29,SYNTH-W29_2010-11-21_NONE,2010-11-21,3180.6,Draupne,14.99,7.1,0.0,EVT_ROUTINE_DRILLING,none,none,synthetic,True,0.99
SYNTH-W30,SYNTH-W30_2010-11-24_TORQUE_SPIKE,2010-11-24,1565.3,Heimdal,15.83,2.6,0.0,EVT_TORQUE_UP,torque_spike,medium,synthetic,True,0.99
SYNTH-W31,SYNTH-W31_2010-11-27_CEMENTING,2010-11-27,4241.8,Lista,12.5,8.5,0.0,EVT_WOC,cementing,none,synthetic,True,0.99
SYNTH-W32,SYNTH-W32_2010-11-30_KICK,2010-11-30,1990.8,Lista,15.83,9.9,190.2,EVT_GAS_INFLUX,kick,high,synthetic,True,0.99
SYNTH-W33,SYNTH-W33_2010-12-03_MUD_LOSS,2010-12-03,2880.4,Balder,13.33,11.0,199.7,EVT_LCM_APPLIED,mud_loss,low,synthetic,True,0.99
SYNTH-W34,SYNTH-W34_2010-12-06_MUD_LOSS,2010-12-06,1864.3,Heimdal,14.99,5.3,107.1,EVT_LCM_APPLIED,mud_loss,low,synthetic,True,0.99
SYNTH-W35,SYNTH-W35_2010-12-09_CEMENTING,2010-12-09,2859.4,Draupne,13.33,5.1,0.0,EVT_ROUTINE_DRILLING,cementing,none,synthetic,True,0.99
SYNTH-W36,SYNTH-W36_2010-12-12_TORQUE_SPIKE,2010-12-12,1608.2,Balder,15.83,13.4,0.0,EVT_TORQUE_UP,torque_spike,medium,synthetic,True,0.99
SYNTH-W37,SYNTH-W37_2010-12-15_TORQUE_SPIKE,2010-12-15,2790.5,Hordaland,10.83,1.7,0.0,EVT_TORQUE_UP,torque_spike,medium,synthetic,True,0.99
SYNTH-W38,SYNTH-W38_2010-12-18_TORQUE_SPIKE,2010-12-18,821.8,Rogaland,14.16,0.2,0.0,EVT_TORQUE_UP,torque_spike,medium,synthetic,True,0.99
SYNTH-W39,SYNTH-W39_2010-12-21_KICK,2010-12-21,4036.6,Draupne,9.16,1.8,163.9,EVT_GAS_INFLUX,kick,high,synthetic,True,0.99
SYNTH-W40,SYNTH-W40_2010-12-24_MUD_LOSS,2010-12-24,1170.2,Balder,14.99,12.0,35.0,EVT_LCM_APPLIED,mud_loss,low,synthetic,True,0.99
SYNTH-W01,SYNTH-W01_2010-12-27_STUCK_PIPE,2010-12-27,2792.9,Statfjord,14.16,2.3,0.0,EVT_STUCK_PIPE,stuck_pipe,critical,synthetic,True,0.99
SYNTH-W02,SYNTH-W02_2010-12-30_STUCK_PIPE,2010-12-30,2702.3,Lyr,10.0,12.6,0.0,EVT_STUCK_PIPE,stuck_pipe,critical,synthetic,True,0.99
SYNTH-W03,SYNTH-W03_2011-01-02_MUD_LOSS,2011-01-02,1088.0,Statfjord,15.83,3.4,32.0,EVT_MUD_LOSS_PARTIAL,mud_loss,medium,synthetic,True,0.99
SYNTH-W04,SYNTH-W04_2011-01-05_STUCK_PIPE,2011-01-05,2991.7,Draupne,14.99,8.4,0.0,EVT_STUCK_PIPE,stuck_pipe,critical,synthetic,True,0.99
SYNTH-W05,SYNTH-W05_2011-01-08_TORQUE_SPIKE,2011-01-08,1054.7,Lista,10.0,8.2,0.0,EVT_TORQUE_UP,torque_spike,medium,synthetic,True,0.99
SYNTH-W06,SYNTH-W06_2011-01-11_KICK,2011-01-11,3543.2,Rogaland,11.66,2.9,138.0,EVT_GAS_INFLUX,kick,high,synthetic,True,0.99
SYNTH-W07,SYNTH-W07_2011-01-14_STUCK_PIPE,2011-01-14,2863.0,Draupne,12.5,3.1,0.0,EVT_DIFF_STICKING,stuck_pipe,high,synthetic,True,0.99
SYNTH-W08,SYNTH-W08_2011-01-17_STUCK_PIPE,2011-01-17,1096.1,Hordaland,14.99,5.7,0.0,EVT_DIFF_STICKING,stuck_pipe,high,synthetic,True,0.99
SYNTH-W09,SYNTH-W09_2011-01-20_STUCK_PIPE,2011-01-20,1541.1,Hordaland,14.99,10.6,0.0,EVT_DIFF_STICKING,stuck_pipe,high,synthetic,True,0.99
SYNTH-W10,SYNTH-W10_2011-01-23_STUCK_PIPE,2011-01-23,4356.6,Lyr,14.99,7.0,0.0,EVT_STUCK_PIPE,stuck_pipe,critical,synthetic,True,0.99
SYNTH-W11,SYNTH-W11_2011-01-26_STUCK_PIPE,2011-01-26,1538.8,Rogaland,14.99,11.2,0.0,EVT_STUCK_PIPE,stuck_pipe,critical,synthetic,True,0.99
SYNTH-W12,SYNTH-W12_2011-01-29_MUD_LOSS,2011-01-29,2569.8,Skagerrak,12.5,1.8,144.0,EVT_LCM_APPLIED,mud_loss,low,synthetic,True,0.99
SYNTH-W13,SYNTH-W13_2011-02-01_STUCK_PIPE,2011-02-01,1645.7,Shetland,14.16,7.8,0.0,EVT_DIFF_STICKING,stuck_pipe,high,synthetic,True,0.99
SYNTH-W14,SYNTH-W14_2011-02-04_KICK,2011-02-04,4247.8,Statfjord,9.16,4.4,163.3,EVT_GAS_INFLUX,kick,high,synthetic,True,0.99
SYNTH-W15,SYNTH-W15_2011-02-07_NONE,2011-02-07,3428.6,Balder,10.83,12.4,0.0,EVT_ROUTINE_DRILLING,none,none,synthetic,True,0.99
SYNTH-W16,SYNTH-W16_2011-02-10_TORQUE_SPIKE,2011-02-10,1944.7,Utsira,12.5,5.8,0.0,EVT_TORQUE_UP,torque_spike,medium,synthetic,True,0.99
SYNTH-W17,SYNTH-W17_2011-02-13_MUD_LOSS,2011-02-13,1376.2,Hordaland,12.5,3.8,162.1,EVT_MUD_LOSS_PARTIAL,mud_loss,medium,synthetic,True,0.99
SYNTH-W18,SYNTH-W18_2011-02-16_CEMENTING,2011-02-16,2768.2,Statfjord,10.83,1.1,0.0,EVT_WOC,cementing,none,synthetic,True,0.99
SYNTH-W19,SYNTH-W19_2011-02-19_TORQUE_SPIKE,2011-02-19,3577.1,Draupne,10.83,3.5,0.0,EVT_TORQUE_UP,torque_spike,medium,synthetic,True,0.99
SYNTH-W20,SYNTH-W20_2011-02-22_STUCK_PIPE,2011-02-22,3162.5,Utsira,14.99,6.8,0.0,EVT_STUCK_PIPE,stuck_pipe,critical,synthetic,True,0.99
SYNTH-W21,SYNTH-W21_2011-02-25_STUCK_PIPE,2011-02-25,1971.9,Skagerrak,14.16,10.3,0.0,EVT_DIFF_STICKING,stuck_pipe,high,synthetic,True,0.99
SYNTH-W22,SYNTH-W22_2011-02-28_TORQUE_SPIKE,2011-02-28,4066.8,Balder,14.16,3.6,0.0,EVT_TORQUE_UP,torque_spike,medium,synthetic,True,0.99
SYNTH-W23,SYNTH-W23_2011-03-03_MUD_LOSS,2011-03-03,2155.5,Balder,9.16,2.5,187.3,EVT_MUD_LOSS_PARTIAL,mud_loss,medium,synthetic,True,0.99
SYNTH-W24,SYNTH-W24_2011-03-06_MUD_LOSS,2011-03-06,2336.2,Shetland,13.33,0.0,8.7,EVT_LCM_APPLIED,mud_loss,low,synthetic,True,0.99
SYNTH-W25,SYNTH-W25_2011-03-09_STUCK_PIPE,2011-03-09,1852.6,Hordaland,15.83,2.4,0.0,EVT_DIFF_STICKING,stuck_pipe,high,synthetic,True,0.99
SYNTH-W26,SYNTH-W26_2011-03-12_STUCK_PIPE,2011-03-12,3855.1,Rogaland,13.33,5.5,0.0,EVT_DIFF_STICKING,stuck_pipe,high,synthetic,True,0.99
SYNTH-W27,SYNTH-W27_2011-03-15_TORQUE_SPIKE,2011-03-15,2448.8,Balder,10.83,4.9,0.0,EVT_TORQUE_UP,torque_spike,medium,synthetic,True,0.99
SYNTH-W28,SYNTH-W28_2011-03-18_MUD_LOSS,2011-03-18,1986.7,Balder,14.16,7.3,64.7,EVT_MUD_LOSS_PARTIAL,mud_loss,medium,synthetic,True,0.99
SYNTH-W29,SYNTH-W29_2011-03-21_STUCK_PIPE,2011-03-21,2587.2,Rogaland,14.16,7.4,0.0,EVT_STUCK_PIPE,stuck_pipe,critical,synthetic,True,0.99
SYNTH-W30,SYNTH-W30_2011-03-24_MUD_LOSS,2011-03-24,1489.7,Skagerrak,12.5,9.5,218.2,EVT_MUD_LOSS_PARTIAL,mud_loss,medium,synthetic,True,0.99
SYNTH-W31,SYNTH-W31_2011-03-27_TORQUE_SPIKE,2011-03-27,3340.1,Lista,13.33,10.7,0.0,EVT_TORQUE_UP,torque_spike,medium,synthetic,True,0.99
SYNTH-W32,SYNTH-W32_2011-03-30_KICK,2011-03-30,4056.5,Lista,10.83,13.3,55.6,EVT_GAS_INFLUX,kick,high,synthetic,True,0.99
SYNTH-W33,SYNTH-W33_2011-04-02_MUD_LOSS,2011-04-02,3284.0,Utsira,10.0,5.4,191.3,EVT_LCM_APPLIED,mud_loss,low,synthetic,True,0.99
SYNTH-W34,SYNTH-W34_2011-04-05_STUCK_PIPE,2011-04-05,4361.6,Utsira,12.5,12.7,0.0,EVT_DIFF_STICKING,stuck_pipe,high,synthetic,True,0.99
SYNTH-W35,SYNTH-W35_2011-04-08_STUCK_PIPE,2011-04-08,3747.0,Rogaland,10.0,8.7,0.0,EVT_DIFF_STICKING,stuck_pipe,high,synthetic,True,0.99
SYNTH-W36,SYNTH-W36_2011-04-11_STUCK_PIPE,2011-04-11,1736.5,Lyr,14.99,9.4,0.0,EVT_STUCK_PIPE,stuck_pipe,critical,synthetic,True,0.99
SYNTH-W37,SYNTH-W37_2011-04-14_MUD_LOSS,2011-04-14,3061.0,Rogaland,15.83,6.0,211.9,EVT_LCM_APPLIED,mud_loss,low,synthetic,True,0.99
SYNTH-W38,SYNTH-W38_2011-04-17_STUCK_PIPE,2011-04-17,1760.7,Balder,14.99,10.7,0.0,EVT_DIFF_STICKING,stuck_pipe,high,synthetic,True,0.99
SYNTH-W39,SYNTH-W39_2011-04-20_CEMENTING,2011-04-20,1221.2,Smith Bank,11.66,5.0,0.0,EVT_WOC,cementing,none,synthetic,True,0.99
SYNTH-W40,SYNTH-W40_2011-04-23_NONE,2011-04-23,4387.6,Statfjord,11.66,2.2,0.0,EVT_ROUTINE_DRILLING,none,none,synthetic,True,0.99
SYNTH-W01,SYNTH-W01_2011-04-26_STUCK_PIPE,2011-04-26,2058.4,Lyr,14.16,3.9,0.0,EVT_STUCK_PIPE,stuck_pipe,critical,synthetic,True,0.99
SYNTH-W02,SYNTH-W02_2011-04-29_CEMENTING,2011-04-29,1980.9,Lyr,10.83,9.7,0.0,EVT_WOC,cementing,none,synthetic,True,0.99
SYNTH-W03,SYNTH-W03_2011-05-02_MUD_LOSS,2011-05-02,2449.6,Smith Bank,11.66,0.9,28.2,EVT_MUD_LOSS_PARTIAL,mud_loss,medium,synthetic,True,0.99
SYNTH-W04,SYNTH-W04_2011-05-05_CEMENTING,2011-05-05,2571.0,Draupne,14.16,8.0,0.0,EVT_WOC,cementing,none,synthetic,True,0.99
SYNTH-W05,SYNTH-W05_2011-05-08_STUCK_PIPE,2011-05-08,2600.5,Balder,11.66,11.1,0.0,EVT_STUCK_PIPE,stuck_pipe,critical,synthetic,True,0.99
SYNTH-W06,SYNTH-W06_2011-05-11_NONE,2011-05-11,3314.4,Lista,15.83,5.8,0.0,EVT_ROUTINE_DRILLING,none,none,synthetic,True,0.99
SYNTH-W07,SYNTH-W07_2011-05-14_MUD_LOSS,2011-05-14,1867.3,Heimdal,10.0,7.6,91.7,EVT_MUD_LOSS_PARTIAL,mud_loss,medium,synthetic,True,0.99
SYNTH-W08,SYNTH-W08_2011-05-17_MUD_LOSS,2011-05-17,4419.5,Balder,14.16,10.3,105.3,EVT_MUD_LOSS_PARTIAL,mud_loss,medium,synthetic,True,0.99
SYNTH-W09,SYNTH-W09_2011-05-20_STUCK_PIPE,2011-05-20,4354.2,Statfjord,10.0,9.8,0.0,EVT_DIFF_STICKING,stuck_pipe,high,synthetic,True,0.99
SYNTH-W10,SYNTH-W10_2011-05-23_TORQUE_SPIKE,2011-05-23,2594.2,Skagerrak,11.66,2.0,0.0,EVT_TORQUE_UP,torque_spike,medium,synthetic,True,0.99
SYNTH-W11,SYNTH-W11_2011-05-26_KICK,2011-05-26,4020.0,Hordaland,14.99,11.6,3.0,EVT_GAS_INFLUX,kick,high,synthetic,True,0.99
SYNTH-W12,SYNTH-W12_2011-05-29_STUCK_PIPE,2011-05-29,1161.5,Shetland,11.66,6.0,0.0,EVT_DIFF_STICKING,stuck_pipe,high,synthetic,True,0.99
SYNTH-W13,SYNTH-W13_2011-06-01_KICK,2011-06-01,4142.5,Smith Bank,10.0,2.1,160.1,EVT_GAS_INFLUX,kick,high,synthetic,True,0.99
SYNTH-W14,SYNTH-W14_2011-06-04_NONE,2011-06-04,4251.7,Heimdal,10.83,11.8,0.0,EVT_ROUTINE_DRILLING,none,none,synthetic,True,0.99
SYNTH-W15,SYNTH-W15_2011-06-07_CEMENTING,2011-06-07,3613.7,Statfjord,10.0,5.7,0.0,EVT_WOC,cementing,none,synthetic,True,0.99
SYNTH-W16,SYNTH-W16_2011-06-10_STUCK_PIPE,2011-06-10,1583.2,Heimdal,15.83,11.7,0.0,EVT_STUCK_PIPE,stuck_pipe,critical,synthetic,True,0.99
SYNTH-W17,SYNTH-W17_2011-06-13_TORQUE_SPIKE,2011-06-13,3530.3,Lista,10.0,5.8,0.0,EVT_TORQUE_UP,torque_spike,medium,synthetic,True,0.99
SYNTH-W18,SYNTH-W18_2011-06-16_NONE,2011-06-16,3787.4,Lyr,10.83,2.1,0.0,EVT_ROUTINE_DRILLING,none,none,synthetic,True,0.99
SYNTH-W19,SYNTH-W19_2011-06-19_TORQUE_SPIKE,2011-06-19,3922.0,Lyr,10.0,12.2,0.0,EVT_TORQUE_UP,torque_spike,medium,synthetic,True,0.99
SYNTH-W20,SYNTH-W20_2011-06-22_KICK,2011-06-22,2189.5,Utsira,12.5,13.6,213.8,EVT_GAS_INFLUX,kick,high,synthetic,True,0.99
SYNTH-W21,SYNTH-W21_2011-06-25_STUCK_PIPE,2011-06-25,1120.0,Skagerrak,14.99,0.2,0.0,EVT_STUCK_PIPE,stuck_pipe,critical,synthetic,True,0.99
SYNTH-W22,SYNTH-W22_2011-06-28_STUCK_PIPE,2011-06-28,3507.6,Utsira,11.66,2.9,0.0,EVT_STUCK_PIPE,stuck_pipe,critical,synthetic,True,0.99
SYNTH-W23,SYNTH-W23_2011-07-01_MUD_LOSS,2011-07-01,3333.3,Balder,14.16,0.8,93.2,EVT_MUD_LOSS_PARTIAL,mud_loss,medium,synthetic,True,0.99
SYNTH-W24,SYNTH-W24_2011-07-04_MUD_LOSS,2011-07-04,2473.9,Skagerrak,12.5,6.2,161.2,EVT_LCM_APPLIED,mud_loss,low,synthetic,True,0.99
SYNTH-W25,SYNTH-W25_2011-07-07_MUD_LOSS,2011-07-07,1878.6,Shetland,14.99,4.0,243.3,EVT_MUD_LOSS_PARTIAL,mud_loss,medium,synthetic,True,0.99
SYNTH-W26,SYNTH-W26_2011-07-10_KICK,2011-07-10,3905.5,Rogaland,10.0,12.5,242.4,EVT_GAS_INFLUX,kick,high,synthetic,True,0.99
SYNTH-W27,SYNTH-W27_2011-07-13_TORQUE_SPIKE,2011-07-13,3590.4,Balder,14.16,8.5,0.0,EVT_TORQUE_UP,torque_spike,medium,synthetic,True,0.99
SYNTH-W28,SYNTH-W28_2011-07-16_MUD_LOSS,2011-07-16,4290.6,Heimdal,11.66,8.3,93.9,EVT_LCM_APPLIED,mud_loss,low,synthetic,True,0.99
SYNTH-W29,SYNTH-W29_2011-07-19_TORQUE_SPIKE,2011-07-19,824.5,Heimdal,11.66,6.9,0.0,EVT_TORQUE_UP,torque_spike,medium,synthetic,True,0.99
SYNTH-W30,SYNTH-W30_2011-07-22_CEMENTING,2011-07-22,4391.3,Balder,13.33,2.3,0.0,EVT_ROUTINE_DRILLING,cementing,none,synthetic,True,0.99
SYNTH-W31,SYNTH-W31_2011-07-25_MUD_LOSS,2011-07-25,1993.6,Smith Bank,10.83,0.2,87.1,EVT_LCM_APPLIED,mud_loss,low,synthetic,True,0.99
SYNTH-W32,SYNTH-W32_2011-07-28_NONE,2011-07-28,3356.9,Draupne,14.99,10.6,0.0,EVT_ROUTINE_DRILLING,none,none,synthetic,True,0.99
SYNTH-W33,SYNTH-W33_2011-07-31_MUD_LOSS,2011-07-31,3694.8,Balder,13.33,6.6,174.5,EVT_MUD_LOSS_PARTIAL,mud_loss,medium,synthetic,True,0.99
SYNTH-W34,SYNTH-W34_2011-08-03_STUCK_PIPE,2011-08-03,1485.0,Heimdal,10.0,11.2,0.0,EVT_DIFF_STICKING,stuck_pipe,high,synthetic,True,0.99
SYNTH-W35,SYNTH-W35_2011-08-06_STUCK_PIPE,2011-08-06,4274.6,Smith Bank,9.16,5.6,0.0,EVT_DIFF_STICKING,stuck_pipe,high,synthetic,True,0.99
SYNTH-W36,SYNTH-W36_2011-08-09_STUCK_PIPE,2011-08-09,2560.6,Balder,15.83,11.3,0.0,EVT_DIFF_STICKING,stuck_pipe,high,synthetic,True,0.99
SYNTH-W37,SYNTH-W37_2011-08-12_NONE,2011-08-12,2800.0,Hordaland,15.83,4.9,0.0,EVT_ROUTINE_DRILLING,none,none,synthetic,True,0.99
SYNTH-W38,SYNTH-W38_2011-08-15_MUD_LOSS,2011-08-15,4417.8,Smith Bank,9.16,0.3,117.4,EVT_MUD_LOSS_PARTIAL,mud_loss,medium,synthetic,True,0.99
SYNTH-W39,SYNTH-W39_2011-08-18_MUD_LOSS,2011-08-18,882.3,Smith Bank,13.33,8.3,68.3,EVT_LCM_APPLIED,mud_loss,low,synthetic,True,0.99
SYNTH-W40,SYNTH-W40_2011-08-21_TORQUE_SPIKE,2011-08-21,2895.8,Skagerrak,11.66,13.1,0.0,EVT_TORQUE_UP,torque_spike,medium,synthetic,True,0.99
